dataset,sample.num,p1,p2,p3,p4,p5,nsig
2010-2012,1,0.35398230088495575,0.09734513274336283,0.21238938053097345,0.15044247787610618,0.18584070796460178,113
2010-2012,2,0.35398230088495575,0.11504424778761062,0.20353982300884954,0.11504424778761062,0.21238938053097345,113
2010-2012,3,0.3805309734513274,0.09734513274336283,0.18584070796460178,0.13274336283185842,0.20353982300884954,113
2010-2012,4,0.37168141592920356,0.11504424778761062,0.19469026548672566,0.15044247787610618,0.168141592920354,113
2010-2012,5,0.37168141592920356,0.08849557522123894,0.25663716814159293,0.10619469026548672,0.17699115044247787,113
2010-2012,6,0.3893805309734513,0.09734513274336283,0.19469026548672566,0.1415929203539823,0.17699115044247787,113
2010-2012,7,0.36283185840707965,0.10619469026548672,0.20353982300884954,0.1415929203539823,0.18584070796460178,113
2010-2012,8,0.37168141592920356,0.11504424778761062,0.19469026548672566,0.1415929203539823,0.17699115044247787,113
2010-2012,9,0.3893805309734513,0.10619469026548672,0.168141592920354,0.15044247787610618,0.18584070796460178,113
2010-2012,10,0.3805309734513274,0.07964601769911504,0.20353982300884954,0.1415929203539823,0.19469026548672566,113
2010-2012,11,0.35398230088495575,0.09734513274336283,0.1592920353982301,0.1415929203539823,0.24778761061946902,113
2010-2012,12,0.39823008849557523,0.10619469026548672,0.17699115044247787,0.11504424778761062,0.20353982300884954,113
2010-2012,13,0.35398230088495575,0.12389380530973451,0.21238938053097345,0.1592920353982301,0.15044247787610618,113
2010-2012,14,0.4070796460176991,0.10619469026548672,0.168141592920354,0.13274336283185842,0.18584070796460178,113
2010-2012,15,0.3451327433628319,0.10619469026548672,0.20353982300884954,0.13274336283185842,0.21238938053097345,113
2010-2012,16,0.39823008849557523,0.09734513274336283,0.18584070796460178,0.1415929203539823,0.17699115044247787,113
2010-2012,17,0.3893805309734513,0.12389380530973451,0.17699115044247787,0.13274336283185842,0.17699115044247787,113
2010-2012,18,0.3893805309734513,0.11504424778761062,0.18584070796460178,0.1415929203539823,0.168141592920354,113
2010-2012,19,0.35398230088495575,0.12389380530973451,0.17699115044247787,0.1415929203539823,0.20353982300884954,113
2010-2012,20,0.30088495575221236,0.12389380530973451,0.21238938053097345,0.168141592920354,0.19469026548672566,113
2010-2012,21,0.336283185840708,0.13274336283185842,0.18584070796460178,0.13274336283185842,0.21238938053097345,113
2010-2012,22,0.3893805309734513,0.10619469026548672,0.18584070796460178,0.15044247787610618,0.168141592920354,113
2010-2012,23,0.36283185840707965,0.11504424778761062,0.17699115044247787,0.10619469026548672,0.23893805309734514,113
2010-2012,24,0.3274336283185841,0.12389380530973451,0.21238938053097345,0.15044247787610618,0.18584070796460178,113
2010-2012,25,0.336283185840708,0.13274336283185842,0.18584070796460178,0.15044247787610618,0.19469026548672566,113
2010-2012,26,0.36283185840707965,0.09734513274336283,0.19469026548672566,0.1415929203539823,0.20353982300884954,113
2010-2012,27,0.3451327433628319,0.11504424778761062,0.22123893805309736,0.12389380530973451,0.19469026548672566,113
2010-2012,28,0.36283185840707965,0.10619469026548672,0.18584070796460178,0.15044247787610618,0.19469026548672566,113
2010-2012,29,0.3274336283185841,0.13274336283185842,0.20353982300884954,0.1415929203539823,0.19469026548672566,113
2010-2012,30,0.415929203539823,0.09734513274336283,0.19469026548672566,0.11504424778761062,0.17699115044247787,113
2010-2012,31,0.35398230088495575,0.13274336283185842,0.19469026548672566,0.1592920353982301,0.1592920353982301,113
2010-2012,32,0.36283185840707965,0.08849557522123894,0.20353982300884954,0.13274336283185842,0.21238938053097345,113
2010-2012,33,0.3274336283185841,0.10619469026548672,0.19469026548672566,0.15044247787610618,0.22123893805309736,113
2010-2012,34,0.3805309734513274,0.10619469026548672,0.19469026548672566,0.1415929203539823,0.17699115044247787,113
2010-2012,35,0.35398230088495575,0.12389380530973451,0.20353982300884954,0.12389380530973451,0.19469026548672566,113
2010-2012,36,0.3805309734513274,0.10619469026548672,0.18584070796460178,0.12389380530973451,0.20353982300884954,113
2010-2012,37,0.3805309734513274,0.1415929203539823,0.168141592920354,0.12389380530973451,0.18584070796460178,113
2010-2012,38,0.336283185840708,0.09734513274336283,0.22123893805309736,0.12389380530973451,0.22123893805309736,113
2010-2012,39,0.35398230088495575,0.1415929203539823,0.17699115044247787,0.1592920353982301,0.168141592920354,113
2010-2012,40,0.37168141592920356,0.08849557522123894,0.20353982300884954,0.1415929203539823,0.19469026548672566,113
2010-2012,41,0.3805309734513274,0.10619469026548672,0.168141592920354,0.11504424778761062,0.23008849557522124,113
2010-2012,42,0.3805309734513274,0.08849557522123894,0.25663716814159293,0.12389380530973451,0.15044247787610618,113
2010-2012,43,0.3451327433628319,0.12389380530973451,0.17699115044247787,0.1592920353982301,0.19469026548672566,113
2010-2012,44,0.35398230088495575,0.13274336283185842,0.15044247787610618,0.15044247787610618,0.21238938053097345,113
2010-2012,45,0.3451327433628319,0.10619469026548672,0.19469026548672566,0.12389380530973451,0.23008849557522124,113
2010-2012,46,0.36283185840707965,0.11504424778761062,0.18584070796460178,0.15044247787610618,0.18584070796460178,113
2010-2012,47,0.37168141592920356,0.10619469026548672,0.17699115044247787,0.1415929203539823,0.20353982300884954,113
2010-2012,48,0.35398230088495575,0.10619469026548672,0.19469026548672566,0.13274336283185842,0.21238938053097345,113
2010-2012,49,0.36283185840707965,0.09734513274336283,0.21238938053097345,0.12389380530973451,0.20353982300884954,113
2010-2012,50,0.3805309734513274,0.11504424778761062,0.168141592920354,0.15044247787610618,0.18584070796460178,113
2010-2012,51,0.36283185840707965,0.10619469026548672,0.168141592920354,0.168141592920354,0.19469026548672566,113
2010-2012,52,0.3451327433628319,0.11504424778761062,0.19469026548672566,0.15044247787610618,0.19469026548672566,113
2010-2012,53,0.3451327433628319,0.10619469026548672,0.23008849557522124,0.15044247787610618,0.168141592920354,113
2010-2012,54,0.3805309734513274,0.09734513274336283,0.1592920353982301,0.12389380530973451,0.23893805309734514,113
2010-2012,55,0.3274336283185841,0.12389380530973451,0.18584070796460178,0.17699115044247787,0.18584070796460178,113
2010-2012,56,0.3451327433628319,0.09734513274336283,0.22123893805309736,0.13274336283185842,0.20353982300884954,113
2010-2012,57,0.336283185840708,0.08849557522123894,0.23008849557522124,0.10619469026548672,0.23893805309734514,113
2010-2012,58,0.36283185840707965,0.15044247787610618,0.22123893805309736,0.13274336283185842,0.13274336283185842,113
2010-2012,59,0.35398230088495575,0.09734513274336283,0.19469026548672566,0.12389380530973451,0.23008849557522124,113
2010-2012,60,0.36283185840707965,0.07079646017699115,0.20353982300884954,0.15044247787610618,0.21238938053097345,113
2010-2012,61,0.3893805309734513,0.13274336283185842,0.18584070796460178,0.08849557522123894,0.20353982300884954,113
2010-2012,62,0.3805309734513274,0.11504424778761062,0.168141592920354,0.1415929203539823,0.19469026548672566,113
2010-2012,63,0.35398230088495575,0.13274336283185842,0.18584070796460178,0.1415929203539823,0.18584070796460178,113
2010-2012,64,0.3893805309734513,0.13274336283185842,0.168141592920354,0.12389380530973451,0.18584070796460178,113
2010-2012,65,0.3805309734513274,0.11504424778761062,0.1592920353982301,0.17699115044247787,0.168141592920354,113
2010-2012,66,0.35398230088495575,0.09734513274336283,0.19469026548672566,0.1592920353982301,0.19469026548672566,113
2010-2012,67,0.35398230088495575,0.11504424778761062,0.19469026548672566,0.15044247787610618,0.18584070796460178,113
2010-2012,68,0.3805309734513274,0.11504424778761062,0.19469026548672566,0.13274336283185842,0.17699115044247787,113
2010-2012,69,0.37168141592920356,0.10619469026548672,0.20353982300884954,0.12389380530973451,0.19469026548672566,113
2010-2012,70,0.3097345132743363,0.11504424778761062,0.23008849557522124,0.13274336283185842,0.21238938053097345,113
2010-2012,71,0.3893805309734513,0.12389380530973451,0.15044247787610618,0.168141592920354,0.168141592920354,113
2010-2012,72,0.3274336283185841,0.12389380530973451,0.19469026548672566,0.15044247787610618,0.20353982300884954,113
2010-2012,73,0.35398230088495575,0.11504424778761062,0.18584070796460178,0.1415929203539823,0.20353982300884954,113
2010-2012,74,0.39823008849557523,0.10619469026548672,0.17699115044247787,0.13274336283185842,0.18584070796460178,113
2010-2012,75,0.35398230088495575,0.11504424778761062,0.18584070796460178,0.12389380530973451,0.22123893805309736,113
2010-2012,76,0.3805309734513274,0.08849557522123894,0.18584070796460178,0.12389380530973451,0.22123893805309736,113
2010-2012,77,0.39823008849557523,0.11504424778761062,0.168141592920354,0.12389380530973451,0.19469026548672566,113
2010-2012,78,0.336283185840708,0.15044247787610618,0.18584070796460178,0.15044247787610618,0.17699115044247787,113
2010-2012,79,0.37168141592920356,0.10619469026548672,0.21238938053097345,0.13274336283185842,0.17699115044247787,113
2010-2012,80,0.336283185840708,0.09734513274336283,0.20353982300884954,0.1592920353982301,0.20353982300884954,113
2010-2012,81,0.36283185840707965,0.12389380530973451,0.168141592920354,0.15044247787610618,0.19469026548672566,113
2010-2012,82,0.35398230088495575,0.10619469026548672,0.18584070796460178,0.08849557522123894,0.26548672566371684,113
2010-2012,83,0.37168141592920356,0.11504424778761062,0.168141592920354,0.1415929203539823,0.20353982300884954,113
2010-2012,84,0.36283185840707965,0.08849557522123894,0.20353982300884954,0.1592920353982301,0.18584070796460178,113
2010-2012,85,0.37168141592920356,0.11504424778761062,0.21238938053097345,0.10619469026548672,0.19469026548672566,113
2010-2012,86,0.35398230088495575,0.09734513274336283,0.21238938053097345,0.09734513274336283,0.23893805309734514,113
2010-2012,87,0.336283185840708,0.13274336283185842,0.17699115044247787,0.1592920353982301,0.19469026548672566,113
2010-2012,88,0.35398230088495575,0.11504424778761062,0.20353982300884954,0.12389380530973451,0.20353982300884954,113
2010-2012,89,0.3451327433628319,0.11504424778761062,0.19469026548672566,0.12389380530973451,0.22123893805309736,113
2010-2012,90,0.3805309734513274,0.13274336283185842,0.1592920353982301,0.13274336283185842,0.19469026548672566,113
2010-2012,91,0.35398230088495575,0.12389380530973451,0.18584070796460178,0.15044247787610618,0.18584070796460178,113
2010-2012,92,0.3893805309734513,0.12389380530973451,0.1592920353982301,0.15044247787610618,0.17699115044247787,113
2010-2012,93,0.3893805309734513,0.09734513274336283,0.19469026548672566,0.12389380530973451,0.19469026548672566,113
2010-2012,94,0.37168141592920356,0.11504424778761062,0.168141592920354,0.15044247787610618,0.19469026548672566,113
2010-2012,95,0.3451327433628319,0.12389380530973451,0.19469026548672566,0.15044247787610618,0.18584070796460178,113
2010-2012,96,0.3893805309734513,0.11504424778761062,0.19469026548672566,0.10619469026548672,0.19469026548672566,113
2010-2012,97,0.39823008849557523,0.08849557522123894,0.21238938053097345,0.11504424778761062,0.18584070796460178,113
2010-2012,98,0.3097345132743363,0.11504424778761062,0.23893805309734514,0.11504424778761062,0.22123893805309736,113
2010-2012,99,0.35398230088495575,0.10619469026548672,0.19469026548672566,0.15044247787610618,0.19469026548672566,113
2010-2012,100,0.37168141592920356,0.08849557522123894,0.20353982300884954,0.13274336283185842,0.20353982300884954,113
2010-2012,101,0.3451327433628319,0.12389380530973451,0.20353982300884954,0.15044247787610618,0.17699115044247787,113
2010-2012,102,0.36283185840707965,0.13274336283185842,0.18584070796460178,0.13274336283185842,0.18584070796460178,113
2010-2012,103,0.4070796460176991,0.10619469026548672,0.18584070796460178,0.10619469026548672,0.19469026548672566,113
2010-2012,104,0.36283185840707965,0.10619469026548672,0.1592920353982301,0.168141592920354,0.20353982300884954,113
2010-2012,105,0.3805309734513274,0.08849557522123894,0.19469026548672566,0.15044247787610618,0.18584070796460178,113
2010-2012,106,0.30088495575221236,0.1415929203539823,0.22123893805309736,0.15044247787610618,0.18584070796460178,113
2010-2012,107,0.36283185840707965,0.10619469026548672,0.19469026548672566,0.13274336283185842,0.20353982300884954,113
2010-2012,108,0.3097345132743363,0.11504424778761062,0.19469026548672566,0.168141592920354,0.21238938053097345,113
2010-2012,109,0.3893805309734513,0.11504424778761062,0.21238938053097345,0.1415929203539823,0.1415929203539823,113
2010-2012,110,0.3185840707964602,0.15044247787610618,0.18584070796460178,0.12389380530973451,0.22123893805309736,113
2010-2012,111,0.35398230088495575,0.12389380530973451,0.168141592920354,0.1592920353982301,0.19469026548672566,113
2010-2012,112,0.3274336283185841,0.12389380530973451,0.22123893805309736,0.12389380530973451,0.20353982300884954,113
2010-2012,113,0.39823008849557523,0.08849557522123894,0.20353982300884954,0.09734513274336283,0.21238938053097345,113
2010-2012,114,0.36283185840707965,0.09734513274336283,0.20353982300884954,0.12389380530973451,0.21238938053097345,113
2010-2012,115,0.35398230088495575,0.11504424778761062,0.17699115044247787,0.12389380530973451,0.23008849557522124,113
2010-2012,116,0.37168141592920356,0.1415929203539823,0.18584070796460178,0.13274336283185842,0.168141592920354,113
2010-2012,117,0.37168141592920356,0.12389380530973451,0.17699115044247787,0.1415929203539823,0.18584070796460178,113
2010-2012,118,0.36283185840707965,0.11504424778761062,0.168141592920354,0.168141592920354,0.18584070796460178,113
2010-2012,119,0.3451327433628319,0.10619469026548672,0.168141592920354,0.13274336283185842,0.24778761061946902,113
2010-2012,120,0.35398230088495575,0.11504424778761062,0.18584070796460178,0.15044247787610618,0.19469026548672566,113
2010-2012,121,0.37168141592920356,0.09734513274336283,0.20353982300884954,0.13274336283185842,0.19469026548672566,113
2010-2012,122,0.3805309734513274,0.10619469026548672,0.18584070796460178,0.13274336283185842,0.19469026548672566,113
2010-2012,123,0.35398230088495575,0.09734513274336283,0.19469026548672566,0.168141592920354,0.18584070796460178,113
2010-2012,124,0.36283185840707965,0.12389380530973451,0.19469026548672566,0.13274336283185842,0.18584070796460178,113
2010-2012,125,0.3893805309734513,0.09734513274336283,0.17699115044247787,0.1415929203539823,0.19469026548672566,113
2010-2012,126,0.35398230088495575,0.11504424778761062,0.23008849557522124,0.1415929203539823,0.1592920353982301,113
2010-2012,127,0.39823008849557523,0.09734513274336283,0.19469026548672566,0.13274336283185842,0.17699115044247787,113
2010-2012,128,0.35398230088495575,0.10619469026548672,0.21238938053097345,0.12389380530973451,0.20353982300884954,113
2010-2012,129,0.3805309734513274,0.12389380530973451,0.17699115044247787,0.1592920353982301,0.1592920353982301,113
2010-2012,130,0.3451327433628319,0.12389380530973451,0.21238938053097345,0.13274336283185842,0.18584070796460178,113
2010-2012,131,0.35398230088495575,0.15044247787610618,0.20353982300884954,0.11504424778761062,0.17699115044247787,113
2010-2012,132,0.35398230088495575,0.12389380530973451,0.23893805309734514,0.11504424778761062,0.168141592920354,113
2010-2012,133,0.36283185840707965,0.09734513274336283,0.22123893805309736,0.10619469026548672,0.21238938053097345,113
2010-2012,134,0.35398230088495575,0.09734513274336283,0.17699115044247787,0.13274336283185842,0.23893805309734514,113
2010-2012,135,0.336283185840708,0.09734513274336283,0.24778761061946902,0.13274336283185842,0.18584070796460178,113
2010-2012,136,0.37168141592920356,0.07964601769911504,0.23893805309734514,0.11504424778761062,0.19469026548672566,113
2010-2012,137,0.35398230088495575,0.09734513274336283,0.20353982300884954,0.13274336283185842,0.21238938053097345,113
2010-2012,138,0.36283185840707965,0.09734513274336283,0.20353982300884954,0.13274336283185842,0.20353982300884954,113
2010-2012,139,0.35398230088495575,0.11504424778761062,0.19469026548672566,0.15044247787610618,0.18584070796460178,113
2010-2012,140,0.336283185840708,0.12389380530973451,0.21238938053097345,0.168141592920354,0.1592920353982301,113
2010-2012,141,0.35398230088495575,0.08849557522123894,0.20353982300884954,0.1592920353982301,0.19469026548672566,113
2010-2012,142,0.35398230088495575,0.11504424778761062,0.21238938053097345,0.12389380530973451,0.19469026548672566,113
2010-2012,143,0.36283185840707965,0.08849557522123894,0.23008849557522124,0.15044247787610618,0.168141592920354,113
2010-2012,144,0.36283185840707965,0.07964601769911504,0.23008849557522124,0.10619469026548672,0.22123893805309736,113
2010-2012,145,0.336283185840708,0.15044247787610618,0.19469026548672566,0.13274336283185842,0.18584070796460178,113
2010-2012,146,0.35398230088495575,0.09734513274336283,0.23008849557522124,0.1415929203539823,0.17699115044247787,113
2010-2012,147,0.3097345132743363,0.1415929203539823,0.21238938053097345,0.13274336283185842,0.20353982300884954,113
2010-2012,148,0.3805309734513274,0.10619469026548672,0.23893805309734514,0.11504424778761062,0.1592920353982301,113
2010-2012,149,0.3451327433628319,0.12389380530973451,0.18584070796460178,0.1592920353982301,0.18584070796460178,113
2010-2012,150,0.3451327433628319,0.13274336283185842,0.19469026548672566,0.1592920353982301,0.168141592920354,113
2010-2012,151,0.4070796460176991,0.10619469026548672,0.18584070796460178,0.12389380530973451,0.17699115044247787,113
2010-2012,152,0.336283185840708,0.08849557522123894,0.18584070796460178,0.15044247787610618,0.23893805309734514,113
2010-2012,153,0.3274336283185841,0.12389380530973451,0.22123893805309736,0.1592920353982301,0.168141592920354,113
2010-2012,154,0.3185840707964602,0.12389380530973451,0.20353982300884954,0.15044247787610618,0.20353982300884954,113
2010-2012,155,0.35398230088495575,0.10619469026548672,0.1592920353982301,0.15044247787610618,0.23008849557522124,113
2010-2012,156,0.3893805309734513,0.10619469026548672,0.19469026548672566,0.12389380530973451,0.18584070796460178,113
2010-2012,157,0.336283185840708,0.10619469026548672,0.21238938053097345,0.15044247787610618,0.19469026548672566,113
2010-2012,158,0.3893805309734513,0.11504424778761062,0.17699115044247787,0.12389380530973451,0.19469026548672566,113
2010-2012,159,0.37168141592920356,0.10619469026548672,0.20353982300884954,0.11504424778761062,0.20353982300884954,113
2010-2012,160,0.3451327433628319,0.13274336283185842,0.21238938053097345,0.13274336283185842,0.17699115044247787,113
2010-2012,161,0.36283185840707965,0.11504424778761062,0.19469026548672566,0.11504424778761062,0.21238938053097345,113
2010-2012,162,0.3451327433628319,0.11504424778761062,0.23008849557522124,0.1592920353982301,0.15044247787610618,113
2010-2012,163,0.3893805309734513,0.07079646017699115,0.21238938053097345,0.10619469026548672,0.22123893805309736,113
2010-2012,164,0.35398230088495575,0.11504424778761062,0.168141592920354,0.13274336283185842,0.23008849557522124,113
2010-2012,165,0.336283185840708,0.10619469026548672,0.20353982300884954,0.168141592920354,0.18584070796460178,113
2010-2012,166,0.30088495575221236,0.1415929203539823,0.21238938053097345,0.13274336283185842,0.21238938053097345,113
2010-2012,167,0.37168141592920356,0.09734513274336283,0.19469026548672566,0.11504424778761062,0.22123893805309736,113
2010-2012,168,0.3274336283185841,0.11504424778761062,0.20353982300884954,0.168141592920354,0.18584070796460178,113
2010-2012,169,0.37168141592920356,0.13274336283185842,0.19469026548672566,0.12389380530973451,0.17699115044247787,113
2010-2012,170,0.3185840707964602,0.1592920353982301,0.18584070796460178,0.1415929203539823,0.19469026548672566,113
2010-2012,171,0.4070796460176991,0.11504424778761062,0.168141592920354,0.13274336283185842,0.17699115044247787,113
2010-2012,172,0.3805309734513274,0.08849557522123894,0.23893805309734514,0.13274336283185842,0.1592920353982301,113
2010-2012,173,0.3805309734513274,0.09734513274336283,0.168141592920354,0.17699115044247787,0.17699115044247787,113
2010-2012,174,0.336283185840708,0.11504424778761062,0.23008849557522124,0.12389380530973451,0.19469026548672566,113
2010-2012,175,0.35398230088495575,0.11504424778761062,0.23893805309734514,0.11504424778761062,0.17699115044247787,113
2010-2012,176,0.39823008849557523,0.12389380530973451,0.19469026548672566,0.10619469026548672,0.17699115044247787,113
2010-2012,177,0.35398230088495575,0.10619469026548672,0.19469026548672566,0.1592920353982301,0.18584070796460178,113
2010-2012,178,0.39823008849557523,0.07964601769911504,0.168141592920354,0.1415929203539823,0.21238938053097345,113
2010-2012,179,0.37168141592920356,0.10619469026548672,0.17699115044247787,0.1592920353982301,0.18584070796460178,113
2010-2012,180,0.3451327433628319,0.12389380530973451,0.19469026548672566,0.1592920353982301,0.17699115044247787,113
2010-2012,181,0.4070796460176991,0.08849557522123894,0.18584070796460178,0.1415929203539823,0.17699115044247787,113
2010-2012,182,0.4070796460176991,0.12389380530973451,0.17699115044247787,0.13274336283185842,0.1592920353982301,113
2010-2012,183,0.36283185840707965,0.07964601769911504,0.19469026548672566,0.1592920353982301,0.20353982300884954,113
2010-2012,184,0.3805309734513274,0.10619469026548672,0.1592920353982301,0.1415929203539823,0.21238938053097345,113
2010-2012,185,0.3893805309734513,0.11504424778761062,0.17699115044247787,0.1415929203539823,0.17699115044247787,113
2010-2012,186,0.35398230088495575,0.08849557522123894,0.22123893805309736,0.1415929203539823,0.19469026548672566,113
2010-2012,187,0.3451327433628319,0.10619469026548672,0.19469026548672566,0.15044247787610618,0.20353982300884954,113
2010-2012,188,0.3451327433628319,0.10619469026548672,0.21238938053097345,0.15044247787610618,0.18584070796460178,113
2010-2012,189,0.336283185840708,0.12389380530973451,0.168141592920354,0.17699115044247787,0.19469026548672566,113
2010-2012,190,0.3274336283185841,0.15044247787610618,0.1415929203539823,0.15044247787610618,0.23008849557522124,113
2010-2012,191,0.35398230088495575,0.12389380530973451,0.21238938053097345,0.1415929203539823,0.168141592920354,113
2010-2012,192,0.3451327433628319,0.1415929203539823,0.23893805309734514,0.13274336283185842,0.1415929203539823,113
2010-2012,193,0.37168141592920356,0.10619469026548672,0.168141592920354,0.12389380530973451,0.23008849557522124,113
2010-2012,194,0.35398230088495575,0.11504424778761062,0.19469026548672566,0.13274336283185842,0.20353982300884954,113
2010-2012,195,0.4070796460176991,0.09734513274336283,0.17699115044247787,0.13274336283185842,0.18584070796460178,113
2010-2012,196,0.336283185840708,0.11504424778761062,0.18584070796460178,0.1415929203539823,0.22123893805309736,113
2010-2012,197,0.3805309734513274,0.07964601769911504,0.19469026548672566,0.13274336283185842,0.21238938053097345,113
2010-2012,198,0.37168141592920356,0.11504424778761062,0.19469026548672566,0.10619469026548672,0.21238938053097345,113
2010-2012,199,0.3097345132743363,0.15044247787610618,0.20353982300884954,0.1415929203539823,0.19469026548672566,113
2010-2012,200,0.3274336283185841,0.11504424778761062,0.20353982300884954,0.13274336283185842,0.22123893805309736,113
2010-2012,201,0.3805309734513274,0.11504424778761062,0.17699115044247787,0.1592920353982301,0.168141592920354,113
2010-2012,202,0.3805309734513274,0.1592920353982301,0.13274336283185842,0.1592920353982301,0.168141592920354,113
2010-2012,203,0.37168141592920356,0.12389380530973451,0.168141592920354,0.1415929203539823,0.19469026548672566,113
2010-2012,204,0.3274336283185841,0.1415929203539823,0.17699115044247787,0.15044247787610618,0.20353982300884954,113
2010-2012,205,0.39823008849557523,0.1415929203539823,0.17699115044247787,0.11504424778761062,0.168141592920354,113
2010-2012,206,0.3274336283185841,0.13274336283185842,0.15044247787610618,0.1592920353982301,0.23008849557522124,113
2010-2012,207,0.3893805309734513,0.07964601769911504,0.18584070796460178,0.11504424778761062,0.23008849557522124,113
2010-2012,208,0.37168141592920356,0.09734513274336283,0.17699115044247787,0.168141592920354,0.18584070796460178,113
2010-2012,209,0.37168141592920356,0.11504424778761062,0.17699115044247787,0.168141592920354,0.168141592920354,113
2010-2012,210,0.3893805309734513,0.12389380530973451,0.19469026548672566,0.12389380530973451,0.168141592920354,113
2010-2012,211,0.3451327433628319,0.11504424778761062,0.21238938053097345,0.1415929203539823,0.18584070796460178,113
2010-2012,212,0.36283185840707965,0.1415929203539823,0.18584070796460178,0.15044247787610618,0.1592920353982301,113
2010-2012,213,0.36283185840707965,0.1415929203539823,0.18584070796460178,0.15044247787610618,0.1592920353982301,113
2010-2012,214,0.3185840707964602,0.17699115044247787,0.1592920353982301,0.17699115044247787,0.168141592920354,113
2010-2012,215,0.35398230088495575,0.1415929203539823,0.17699115044247787,0.1415929203539823,0.18584070796460178,113
2010-2012,216,0.3893805309734513,0.11504424778761062,0.168141592920354,0.11504424778761062,0.21238938053097345,113
2010-2012,217,0.35398230088495575,0.12389380530973451,0.18584070796460178,0.12389380530973451,0.21238938053097345,113
2010-2012,218,0.3893805309734513,0.11504424778761062,0.19469026548672566,0.09734513274336283,0.20353982300884954,113
2010-2012,219,0.336283185840708,0.12389380530973451,0.21238938053097345,0.15044247787610618,0.17699115044247787,113
2010-2012,220,0.336283185840708,0.13274336283185842,0.168141592920354,0.15044247787610618,0.21238938053097345,113
2010-2012,221,0.35398230088495575,0.08849557522123894,0.19469026548672566,0.168141592920354,0.19469026548672566,113
2010-2012,222,0.3097345132743363,0.12389380530973451,0.22123893805309736,0.11504424778761062,0.23008849557522124,113
2010-2012,223,0.3451327433628319,0.09734513274336283,0.19469026548672566,0.15044247787610618,0.21238938053097345,113
2010-2012,224,0.3274336283185841,0.09734513274336283,0.17699115044247787,0.18584070796460178,0.21238938053097345,113
2010-2012,225,0.36283185840707965,0.10619469026548672,0.168141592920354,0.1592920353982301,0.20353982300884954,113
2010-2012,226,0.3274336283185841,0.10619469026548672,0.18584070796460178,0.17699115044247787,0.20353982300884954,113
2010-2012,227,0.37168141592920356,0.09734513274336283,0.19469026548672566,0.11504424778761062,0.22123893805309736,113
2010-2012,228,0.35398230088495575,0.12389380530973451,0.20353982300884954,0.13274336283185842,0.18584070796460178,113
2010-2012,229,0.35398230088495575,0.13274336283185842,0.18584070796460178,0.10619469026548672,0.22123893805309736,113
2010-2012,230,0.3274336283185841,0.11504424778761062,0.22123893805309736,0.1415929203539823,0.19469026548672566,113
2010-2012,231,0.3805309734513274,0.10619469026548672,0.19469026548672566,0.1415929203539823,0.17699115044247787,113
2010-2012,232,0.3274336283185841,0.09734513274336283,0.22123893805309736,0.168141592920354,0.18584070796460178,113
2010-2012,233,0.39823008849557523,0.12389380530973451,0.168141592920354,0.12389380530973451,0.18584070796460178,113
2010-2012,234,0.36283185840707965,0.09734513274336283,0.20353982300884954,0.11504424778761062,0.22123893805309736,113
2010-2012,235,0.36283185840707965,0.1592920353982301,0.17699115044247787,0.13274336283185842,0.168141592920354,113
2010-2012,236,0.3451327433628319,0.10619469026548672,0.24778761061946902,0.11504424778761062,0.18584070796460178,113
2010-2012,237,0.3893805309734513,0.11504424778761062,0.168141592920354,0.12389380530973451,0.20353982300884954,113
2010-2012,238,0.336283185840708,0.10619469026548672,0.21238938053097345,0.15044247787610618,0.19469026548672566,113
2010-2012,239,0.3893805309734513,0.10619469026548672,0.17699115044247787,0.15044247787610618,0.17699115044247787,113
2010-2012,240,0.35398230088495575,0.11504424778761062,0.21238938053097345,0.1415929203539823,0.17699115044247787,113
2010-2012,241,0.36283185840707965,0.13274336283185842,0.20353982300884954,0.11504424778761062,0.18584070796460178,113
2010-2012,242,0.336283185840708,0.1415929203539823,0.20353982300884954,0.1415929203539823,0.17699115044247787,113
2010-2012,243,0.3805309734513274,0.12389380530973451,0.12389380530973451,0.15044247787610618,0.22123893805309736,113
2010-2012,244,0.336283185840708,0.10619469026548672,0.24778761061946902,0.1415929203539823,0.168141592920354,113
2010-2012,245,0.336283185840708,0.12389380530973451,0.1592920353982301,0.18584070796460178,0.19469026548672566,113
2010-2012,246,0.37168141592920356,0.11504424778761062,0.18584070796460178,0.1415929203539823,0.18584070796460178,113
2010-2012,247,0.3097345132743363,0.15044247787610618,0.18584070796460178,0.18584070796460178,0.168141592920354,113
2010-2012,248,0.3893805309734513,0.07964601769911504,0.21238938053097345,0.12389380530973451,0.19469026548672566,113
2010-2012,249,0.35398230088495575,0.13274336283185842,0.19469026548672566,0.15044247787610618,0.168141592920354,113
2010-2012,250,0.36283185840707965,0.12389380530973451,0.168141592920354,0.1415929203539823,0.20353982300884954,113
2010-2012,251,0.3805309734513274,0.07079646017699115,0.22123893805309736,0.13274336283185842,0.19469026548672566,113
2010-2012,252,0.35398230088495575,0.09734513274336283,0.23008849557522124,0.12389380530973451,0.19469026548672566,113
2010-2012,253,0.36283185840707965,0.08849557522123894,0.18584070796460178,0.1592920353982301,0.20353982300884954,113
2010-2012,254,0.3451327433628319,0.11504424778761062,0.19469026548672566,0.1592920353982301,0.18584070796460178,113
2010-2012,255,0.3451327433628319,0.12389380530973451,0.20353982300884954,0.13274336283185842,0.19469026548672566,113
2010-2012,256,0.36283185840707965,0.08849557522123894,0.23008849557522124,0.11504424778761062,0.20353982300884954,113
2010-2012,257,0.4070796460176991,0.08849557522123894,0.22123893805309736,0.11504424778761062,0.168141592920354,113
2010-2012,258,0.336283185840708,0.09734513274336283,0.23008849557522124,0.13274336283185842,0.20353982300884954,113
2010-2012,259,0.3893805309734513,0.11504424778761062,0.17699115044247787,0.11504424778761062,0.20353982300884954,113
2010-2012,260,0.3451327433628319,0.10619469026548672,0.19469026548672566,0.13274336283185842,0.22123893805309736,113
2010-2012,261,0.336283185840708,0.12389380530973451,0.20353982300884954,0.1415929203539823,0.19469026548672566,113
2010-2012,262,0.30088495575221236,0.10619469026548672,0.20353982300884954,0.168141592920354,0.22123893805309736,113
2010-2012,263,0.39823008849557523,0.07964601769911504,0.20353982300884954,0.1592920353982301,0.1592920353982301,113
2010-2012,264,0.3451327433628319,0.13274336283185842,0.22123893805309736,0.11504424778761062,0.18584070796460178,113
2010-2012,265,0.3185840707964602,0.09734513274336283,0.20353982300884954,0.13274336283185842,0.24778761061946902,113
2010-2012,266,0.35398230088495575,0.12389380530973451,0.17699115044247787,0.15044247787610618,0.19469026548672566,113
2010-2012,267,0.3893805309734513,0.08849557522123894,0.1592920353982301,0.15044247787610618,0.21238938053097345,113
2010-2012,268,0.3805309734513274,0.13274336283185842,0.18584070796460178,0.15044247787610618,0.15044247787610618,113
2010-2012,269,0.3805309734513274,0.09734513274336283,0.18584070796460178,0.13274336283185842,0.20353982300884954,113
2010-2012,270,0.3451327433628319,0.12389380530973451,0.20353982300884954,0.09734513274336283,0.23008849557522124,113
2010-2012,271,0.37168141592920356,0.08849557522123894,0.18584070796460178,0.1415929203539823,0.21238938053097345,113
2010-2012,272,0.37168141592920356,0.11504424778761062,0.18584070796460178,0.1415929203539823,0.18584070796460178,113
2010-2012,273,0.3893805309734513,0.13274336283185842,0.18584070796460178,0.11504424778761062,0.17699115044247787,113
2010-2012,274,0.3893805309734513,0.12389380530973451,0.1592920353982301,0.1592920353982301,0.168141592920354,113
2010-2012,275,0.3451327433628319,0.11504424778761062,0.23893805309734514,0.1592920353982301,0.1415929203539823,113
2010-2012,276,0.37168141592920356,0.12389380530973451,0.19469026548672566,0.13274336283185842,0.17699115044247787,113
2010-2012,277,0.35398230088495575,0.11504424778761062,0.17699115044247787,0.13274336283185842,0.22123893805309736,113
2010-2012,278,0.3451327433628319,0.10619469026548672,0.168141592920354,0.1592920353982301,0.22123893805309736,113
2010-2012,279,0.3805309734513274,0.12389380530973451,0.18584070796460178,0.1415929203539823,0.168141592920354,113
2010-2012,280,0.37168141592920356,0.11504424778761062,0.18584070796460178,0.11504424778761062,0.21238938053097345,113
2010-2012,281,0.3274336283185841,0.11504424778761062,0.19469026548672566,0.17699115044247787,0.18584070796460178,113
2010-2012,282,0.37168141592920356,0.10619469026548672,0.23893805309734514,0.11504424778761062,0.168141592920354,113
2010-2012,283,0.3185840707964602,0.10619469026548672,0.18584070796460178,0.19469026548672566,0.19469026548672566,113
2010-2012,284,0.37168141592920356,0.10619469026548672,0.1592920353982301,0.13274336283185842,0.23008849557522124,113
2010-2012,285,0.37168141592920356,0.09734513274336283,0.20353982300884954,0.11504424778761062,0.21238938053097345,113
2010-2012,286,0.3893805309734513,0.10619469026548672,0.18584070796460178,0.12389380530973451,0.19469026548672566,113
2010-2012,287,0.2920353982300885,0.13274336283185842,0.20353982300884954,0.1592920353982301,0.21238938053097345,113
2010-2012,288,0.37168141592920356,0.11504424778761062,0.1592920353982301,0.168141592920354,0.18584070796460178,113
2010-2012,289,0.39823008849557523,0.12389380530973451,0.19469026548672566,0.13274336283185842,0.15044247787610618,113
2010-2012,290,0.3893805309734513,0.11504424778761062,0.1592920353982301,0.11504424778761062,0.22123893805309736,113
2010-2012,291,0.3893805309734513,0.12389380530973451,0.1592920353982301,0.1415929203539823,0.18584070796460178,113
2010-2012,292,0.37168141592920356,0.1415929203539823,0.168141592920354,0.1592920353982301,0.1592920353982301,113
2010-2012,293,0.415929203539823,0.11504424778761062,0.1592920353982301,0.11504424778761062,0.19469026548672566,113
2010-2012,294,0.336283185840708,0.10619469026548672,0.168141592920354,0.1592920353982301,0.23008849557522124,113
2010-2012,295,0.3274336283185841,0.11504424778761062,0.24778761061946902,0.11504424778761062,0.19469026548672566,113
2010-2012,296,0.3274336283185841,0.1415929203539823,0.18584070796460178,0.13274336283185842,0.21238938053097345,113
2010-2012,297,0.35398230088495575,0.13274336283185842,0.20353982300884954,0.15044247787610618,0.1592920353982301,113
2010-2012,298,0.37168141592920356,0.12389380530973451,0.22123893805309736,0.1415929203539823,0.1415929203539823,113
2010-2012,299,0.36283185840707965,0.11504424778761062,0.19469026548672566,0.1415929203539823,0.18584070796460178,113
2010-2012,300,0.30088495575221236,0.13274336283185842,0.20353982300884954,0.1415929203539823,0.22123893805309736,113
2010-2012,301,0.3274336283185841,0.13274336283185842,0.168141592920354,0.1415929203539823,0.23008849557522124,113
2010-2012,302,0.3097345132743363,0.09734513274336283,0.19469026548672566,0.1592920353982301,0.23893805309734514,113
2010-2012,303,0.37168141592920356,0.12389380530973451,0.20353982300884954,0.1415929203539823,0.1592920353982301,113
2010-2012,304,0.3805309734513274,0.11504424778761062,0.17699115044247787,0.13274336283185842,0.19469026548672566,113
2010-2012,305,0.415929203539823,0.08849557522123894,0.19469026548672566,0.08849557522123894,0.21238938053097345,113
2010-2012,306,0.336283185840708,0.13274336283185842,0.19469026548672566,0.12389380530973451,0.21238938053097345,113
2010-2012,307,0.3805309734513274,0.11504424778761062,0.168141592920354,0.1415929203539823,0.19469026548672566,113
2010-2012,308,0.39823008849557523,0.10619469026548672,0.168141592920354,0.1415929203539823,0.18584070796460178,113
2010-2012,309,0.3097345132743363,0.10619469026548672,0.21238938053097345,0.17699115044247787,0.19469026548672566,113
2010-2012,310,0.37168141592920356,0.10619469026548672,0.20353982300884954,0.11504424778761062,0.20353982300884954,113
2010-2012,311,0.3893805309734513,0.10619469026548672,0.18584070796460178,0.12389380530973451,0.19469026548672566,113
2010-2012,312,0.39823008849557523,0.11504424778761062,0.168141592920354,0.1415929203539823,0.17699115044247787,113
2010-2012,313,0.35398230088495575,0.11504424778761062,0.22123893805309736,0.11504424778761062,0.19469026548672566,113
2010-2012,314,0.3451327433628319,0.10619469026548672,0.20353982300884954,0.10619469026548672,0.23893805309734514,113
2010-2012,315,0.36283185840707965,0.12389380530973451,0.17699115044247787,0.13274336283185842,0.20353982300884954,113
2010-2012,316,0.36283185840707965,0.15044247787610618,0.17699115044247787,0.13274336283185842,0.17699115044247787,113
2010-2012,317,0.37168141592920356,0.10619469026548672,0.20353982300884954,0.12389380530973451,0.19469026548672566,113
2010-2012,318,0.3185840707964602,0.1415929203539823,0.23008849557522124,0.12389380530973451,0.18584070796460178,113
2010-2012,319,0.35398230088495575,0.11504424778761062,0.20353982300884954,0.12389380530973451,0.20353982300884954,113
2010-2012,320,0.3893805309734513,0.08849557522123894,0.22123893805309736,0.13274336283185842,0.168141592920354,113
2010-2012,321,0.3451327433628319,0.13274336283185842,0.19469026548672566,0.1415929203539823,0.18584070796460178,113
2010-2012,322,0.36283185840707965,0.10619469026548672,0.17699115044247787,0.1592920353982301,0.19469026548672566,113
2010-2012,323,0.3805309734513274,0.08849557522123894,0.19469026548672566,0.1415929203539823,0.19469026548672566,113
2010-2012,324,0.3451327433628319,0.08849557522123894,0.23008849557522124,0.15044247787610618,0.18584070796460178,113
2010-2012,325,0.3274336283185841,0.11504424778761062,0.23008849557522124,0.1415929203539823,0.18584070796460178,113
2010-2012,326,0.37168141592920356,0.13274336283185842,0.15044247787610618,0.13274336283185842,0.21238938053097345,113
2010-2012,327,0.3274336283185841,0.10619469026548672,0.21238938053097345,0.13274336283185842,0.22123893805309736,113
2010-2012,328,0.35398230088495575,0.12389380530973451,0.22123893805309736,0.12389380530973451,0.17699115044247787,113
2010-2012,329,0.3451327433628319,0.12389380530973451,0.20353982300884954,0.11504424778761062,0.21238938053097345,113
2010-2012,330,0.35398230088495575,0.11504424778761062,0.18584070796460178,0.1415929203539823,0.20353982300884954,113
2010-2012,331,0.35398230088495575,0.10619469026548672,0.19469026548672566,0.168141592920354,0.17699115044247787,113
2010-2012,332,0.3805309734513274,0.11504424778761062,0.21238938053097345,0.12389380530973451,0.168141592920354,113
2010-2012,333,0.35398230088495575,0.10619469026548672,0.19469026548672566,0.12389380530973451,0.22123893805309736,113
2010-2012,334,0.37168141592920356,0.09734513274336283,0.23008849557522124,0.12389380530973451,0.17699115044247787,113
2010-2012,335,0.3185840707964602,0.12389380530973451,0.21238938053097345,0.13274336283185842,0.21238938053097345,113
2010-2012,336,0.3451327433628319,0.12389380530973451,0.19469026548672566,0.15044247787610618,0.18584070796460178,113
2010-2012,337,0.3451327433628319,0.12389380530973451,0.20353982300884954,0.1415929203539823,0.18584070796460178,113
2010-2012,338,0.3451327433628319,0.09734513274336283,0.18584070796460178,0.1592920353982301,0.21238938053097345,113
2010-2012,339,0.3893805309734513,0.09734513274336283,0.18584070796460178,0.12389380530973451,0.20353982300884954,113
2010-2012,340,0.35398230088495575,0.12389380530973451,0.19469026548672566,0.13274336283185842,0.19469026548672566,113
2010-2012,341,0.37168141592920356,0.10619469026548672,0.20353982300884954,0.12389380530973451,0.19469026548672566,113
2010-2012,342,0.3451327433628319,0.11504424778761062,0.23008849557522124,0.10619469026548672,0.20353982300884954,113
2010-2012,343,0.35398230088495575,0.13274336283185842,0.168141592920354,0.1415929203539823,0.20353982300884954,113
2010-2012,344,0.37168141592920356,0.13274336283185842,0.1592920353982301,0.15044247787610618,0.18584070796460178,113
2010-2012,345,0.3451327433628319,0.10619469026548672,0.22123893805309736,0.13274336283185842,0.19469026548672566,113
2010-2012,346,0.37168141592920356,0.12389380530973451,0.17699115044247787,0.15044247787610618,0.17699115044247787,113
2010-2012,347,0.37168141592920356,0.08849557522123894,0.18584070796460178,0.13274336283185842,0.22123893805309736,113
2010-2012,348,0.36283185840707965,0.09734513274336283,0.19469026548672566,0.13274336283185842,0.21238938053097345,113
2010-2012,349,0.36283185840707965,0.10619469026548672,0.1415929203539823,0.168141592920354,0.22123893805309736,113
2010-2012,350,0.35398230088495575,0.1415929203539823,0.18584070796460178,0.13274336283185842,0.18584070796460178,113
2010-2012,351,0.3274336283185841,0.10619469026548672,0.21238938053097345,0.168141592920354,0.18584070796460178,113
2010-2012,352,0.35398230088495575,0.11504424778761062,0.17699115044247787,0.15044247787610618,0.20353982300884954,113
2010-2012,353,0.35398230088495575,0.11504424778761062,0.20353982300884954,0.15044247787610618,0.17699115044247787,113
2010-2012,354,0.37168141592920356,0.10619469026548672,0.168141592920354,0.168141592920354,0.18584070796460178,113
2010-2012,355,0.36283185840707965,0.09734513274336283,0.23893805309734514,0.10619469026548672,0.19469026548672566,113
2010-2012,356,0.36283185840707965,0.10619469026548672,0.19469026548672566,0.10619469026548672,0.23008849557522124,113
2010-2012,357,0.3185840707964602,0.10619469026548672,0.20353982300884954,0.12389380530973451,0.24778761061946902,113
2010-2012,358,0.35398230088495575,0.12389380530973451,0.21238938053097345,0.15044247787610618,0.1592920353982301,113
2010-2012,359,0.35398230088495575,0.08849557522123894,0.17699115044247787,0.1415929203539823,0.23893805309734514,113
2010-2012,360,0.3805309734513274,0.11504424778761062,0.17699115044247787,0.10619469026548672,0.22123893805309736,113
2010-2012,361,0.3274336283185841,0.13274336283185842,0.19469026548672566,0.1592920353982301,0.18584070796460178,113
2010-2012,362,0.39823008849557523,0.08849557522123894,0.20353982300884954,0.15044247787610618,0.1592920353982301,113
2010-2012,363,0.3274336283185841,0.08849557522123894,0.22123893805309736,0.13274336283185842,0.23008849557522124,113
2010-2012,364,0.4070796460176991,0.07079646017699115,0.20353982300884954,0.11504424778761062,0.20353982300884954,113
2010-2012,365,0.35398230088495575,0.11504424778761062,0.18584070796460178,0.15044247787610618,0.19469026548672566,113
2010-2012,366,0.36283185840707965,0.10619469026548672,0.17699115044247787,0.12389380530973451,0.23008849557522124,113
2010-2012,367,0.336283185840708,0.09734513274336283,0.15044247787610618,0.17699115044247787,0.23893805309734514,113
2010-2012,368,0.37168141592920356,0.11504424778761062,0.12389380530973451,0.1415929203539823,0.24778761061946902,113
2010-2012,369,0.415929203539823,0.10619469026548672,0.15044247787610618,0.12389380530973451,0.20353982300884954,113
2010-2012,370,0.3274336283185841,0.12389380530973451,0.168141592920354,0.1592920353982301,0.22123893805309736,113
2010-2012,371,0.36283185840707965,0.1415929203539823,0.15044247787610618,0.1592920353982301,0.18584070796460178,113
2010-2012,372,0.3805309734513274,0.11504424778761062,0.168141592920354,0.1415929203539823,0.19469026548672566,113
2010-2012,373,0.35398230088495575,0.09734513274336283,0.22123893805309736,0.168141592920354,0.1592920353982301,113
2010-2012,374,0.3185840707964602,0.09734513274336283,0.21238938053097345,0.15044247787610618,0.22123893805309736,113
2010-2012,375,0.35398230088495575,0.1415929203539823,0.19469026548672566,0.11504424778761062,0.19469026548672566,113
2010-2012,376,0.4070796460176991,0.12389380530973451,0.18584070796460178,0.15044247787610618,0.13274336283185842,113
2010-2012,377,0.36283185840707965,0.1415929203539823,0.17699115044247787,0.12389380530973451,0.19469026548672566,113
2010-2012,378,0.37168141592920356,0.07964601769911504,0.22123893805309736,0.1415929203539823,0.18584070796460178,113
2010-2012,379,0.336283185840708,0.13274336283185842,0.15044247787610618,0.17699115044247787,0.20353982300884954,113
2010-2012,380,0.3805309734513274,0.09734513274336283,0.20353982300884954,0.11504424778761062,0.20353982300884954,113
2010-2012,381,0.35398230088495575,0.10619469026548672,0.19469026548672566,0.13274336283185842,0.21238938053097345,113
2010-2012,382,0.37168141592920356,0.12389380530973451,0.20353982300884954,0.13274336283185842,0.168141592920354,113
2010-2012,383,0.336283185840708,0.13274336283185842,0.19469026548672566,0.12389380530973451,0.21238938053097345,113
2010-2012,384,0.35398230088495575,0.11504424778761062,0.20353982300884954,0.13274336283185842,0.19469026548672566,113
2010-2012,385,0.3893805309734513,0.11504424778761062,0.18584070796460178,0.12389380530973451,0.18584070796460178,113
2010-2012,386,0.35398230088495575,0.13274336283185842,0.19469026548672566,0.11504424778761062,0.20353982300884954,113
2010-2012,387,0.4070796460176991,0.09734513274336283,0.168141592920354,0.12389380530973451,0.20353982300884954,113
2010-2012,388,0.3893805309734513,0.08849557522123894,0.18584070796460178,0.10619469026548672,0.23008849557522124,113
2010-2012,389,0.36283185840707965,0.09734513274336283,0.21238938053097345,0.1592920353982301,0.168141592920354,113
2010-2012,390,0.35398230088495575,0.13274336283185842,0.168141592920354,0.1592920353982301,0.18584070796460178,113
2010-2012,391,0.39823008849557523,0.12389380530973451,0.1415929203539823,0.1415929203539823,0.19469026548672566,113
2010-2012,392,0.336283185840708,0.10619469026548672,0.20353982300884954,0.1415929203539823,0.21238938053097345,113
2010-2012,393,0.3097345132743363,0.12389380530973451,0.19469026548672566,0.15044247787610618,0.22123893805309736,113
2010-2012,394,0.3805309734513274,0.08849557522123894,0.21238938053097345,0.1415929203539823,0.17699115044247787,113
2010-2012,395,0.35398230088495575,0.13274336283185842,0.20353982300884954,0.11504424778761062,0.19469026548672566,113
2010-2012,396,0.3274336283185841,0.1415929203539823,0.19469026548672566,0.13274336283185842,0.20353982300884954,113
2010-2012,397,0.4070796460176991,0.11504424778761062,0.17699115044247787,0.1415929203539823,0.1592920353982301,113
2010-2012,398,0.4070796460176991,0.09734513274336283,0.19469026548672566,0.1592920353982301,0.1415929203539823,113
2010-2012,399,0.35398230088495575,0.12389380530973451,0.19469026548672566,0.15044247787610618,0.17699115044247787,113
2010-2012,400,0.36283185840707965,0.1415929203539823,0.19469026548672566,0.11504424778761062,0.18584070796460178,113
2010-2012,401,0.37168141592920356,0.08849557522123894,0.19469026548672566,0.1592920353982301,0.18584070796460178,113
2010-2012,402,0.3805309734513274,0.11504424778761062,0.15044247787610618,0.12389380530973451,0.23008849557522124,113
2010-2012,403,0.3451327433628319,0.13274336283185842,0.17699115044247787,0.15044247787610618,0.19469026548672566,113
2010-2012,404,0.35398230088495575,0.13274336283185842,0.1592920353982301,0.1415929203539823,0.21238938053097345,113
2010-2012,405,0.3805309734513274,0.13274336283185842,0.20353982300884954,0.1415929203539823,0.1415929203539823,113
2010-2012,406,0.3893805309734513,0.09734513274336283,0.18584070796460178,0.10619469026548672,0.22123893805309736,113
2010-2012,407,0.39823008849557523,0.11504424778761062,0.13274336283185842,0.20353982300884954,0.15044247787610618,113
2010-2012,408,0.336283185840708,0.09734513274336283,0.25663716814159293,0.1415929203539823,0.168141592920354,113
2010-2012,409,0.3893805309734513,0.09734513274336283,0.18584070796460178,0.1415929203539823,0.18584070796460178,113
2010-2012,410,0.35398230088495575,0.09734513274336283,0.19469026548672566,0.13274336283185842,0.22123893805309736,113
2010-2012,411,0.3893805309734513,0.10619469026548672,0.22123893805309736,0.13274336283185842,0.15044247787610618,113
2010-2012,412,0.3805309734513274,0.08849557522123894,0.20353982300884954,0.12389380530973451,0.20353982300884954,113
2010-2012,413,0.3274336283185841,0.10619469026548672,0.17699115044247787,0.12389380530973451,0.26548672566371684,113
2010-2012,414,0.3451327433628319,0.1592920353982301,0.18584070796460178,0.11504424778761062,0.19469026548672566,113
2010-2012,415,0.3274336283185841,0.09734513274336283,0.23008849557522124,0.1415929203539823,0.20353982300884954,113
2010-2012,416,0.415929203539823,0.10619469026548672,0.168141592920354,0.10619469026548672,0.20353982300884954,113
2010-2012,417,0.336283185840708,0.1592920353982301,0.21238938053097345,0.10619469026548672,0.18584070796460178,113
2010-2012,418,0.37168141592920356,0.12389380530973451,0.19469026548672566,0.1415929203539823,0.168141592920354,113
2010-2012,419,0.39823008849557523,0.09734513274336283,0.1592920353982301,0.1415929203539823,0.20353982300884954,113
2010-2012,420,0.3805309734513274,0.09734513274336283,0.20353982300884954,0.12389380530973451,0.19469026548672566,113
2010-2012,421,0.36283185840707965,0.12389380530973451,0.22123893805309736,0.09734513274336283,0.19469026548672566,113
2010-2012,422,0.37168141592920356,0.12389380530973451,0.18584070796460178,0.11504424778761062,0.20353982300884954,113
2010-2012,423,0.3893805309734513,0.09734513274336283,0.17699115044247787,0.13274336283185842,0.20353982300884954,113
2010-2012,424,0.3451327433628319,0.08849557522123894,0.168141592920354,0.1592920353982301,0.23893805309734514,113
2010-2012,425,0.35398230088495575,0.10619469026548672,0.18584070796460178,0.1592920353982301,0.19469026548672566,113
2010-2012,426,0.3185840707964602,0.12389380530973451,0.21238938053097345,0.1592920353982301,0.18584070796460178,113
2010-2012,427,0.3451327433628319,0.12389380530973451,0.18584070796460178,0.11504424778761062,0.23008849557522124,113
2010-2012,428,0.3451327433628319,0.09734513274336283,0.19469026548672566,0.1592920353982301,0.20353982300884954,113
2010-2012,429,0.3451327433628319,0.10619469026548672,0.20353982300884954,0.15044247787610618,0.19469026548672566,113
2010-2012,430,0.37168141592920356,0.12389380530973451,0.1592920353982301,0.168141592920354,0.17699115044247787,113
2010-2012,431,0.3274336283185841,0.1415929203539823,0.20353982300884954,0.1592920353982301,0.168141592920354,113
2010-2012,432,0.415929203539823,0.11504424778761062,0.1592920353982301,0.1592920353982301,0.15044247787610618,113
2010-2012,433,0.3451327433628319,0.10619469026548672,0.168141592920354,0.1592920353982301,0.22123893805309736,113
2010-2012,434,0.3185840707964602,0.08849557522123894,0.23893805309734514,0.12389380530973451,0.23008849557522124,113
2010-2012,435,0.3451327433628319,0.13274336283185842,0.17699115044247787,0.1415929203539823,0.20353982300884954,113
2010-2012,436,0.3451327433628319,0.09734513274336283,0.20353982300884954,0.12389380530973451,0.23008849557522124,113
2010-2012,437,0.4247787610619469,0.11504424778761062,0.18584070796460178,0.13274336283185842,0.1415929203539823,113
2010-2012,438,0.35398230088495575,0.09734513274336283,0.1592920353982301,0.18584070796460178,0.20353982300884954,113
2010-2012,439,0.39823008849557523,0.11504424778761062,0.168141592920354,0.11504424778761062,0.20353982300884954,113
2010-2012,440,0.336283185840708,0.08849557522123894,0.23893805309734514,0.1415929203539823,0.19469026548672566,113
2010-2012,441,0.3893805309734513,0.11504424778761062,0.19469026548672566,0.10619469026548672,0.19469026548672566,113
2010-2012,442,0.37168141592920356,0.08849557522123894,0.20353982300884954,0.1592920353982301,0.17699115044247787,113
2010-2012,443,0.35398230088495575,0.11504424778761062,0.20353982300884954,0.15044247787610618,0.17699115044247787,113
2010-2012,444,0.3805309734513274,0.10619469026548672,0.17699115044247787,0.15044247787610618,0.18584070796460178,113
2010-2012,445,0.4070796460176991,0.07964601769911504,0.19469026548672566,0.12389380530973451,0.19469026548672566,113
2010-2012,446,0.36283185840707965,0.12389380530973451,0.18584070796460178,0.15044247787610618,0.17699115044247787,113
2010-2012,447,0.3451327433628319,0.09734513274336283,0.168141592920354,0.15044247787610618,0.23893805309734514,113
2010-2012,448,0.36283185840707965,0.11504424778761062,0.18584070796460178,0.17699115044247787,0.1592920353982301,113
2010-2012,449,0.336283185840708,0.08849557522123894,0.22123893805309736,0.13274336283185842,0.22123893805309736,113
2010-2012,450,0.3274336283185841,0.10619469026548672,0.21238938053097345,0.15044247787610618,0.20353982300884954,113
2010-2012,451,0.3097345132743363,0.1415929203539823,0.21238938053097345,0.15044247787610618,0.18584070796460178,113
2010-2012,452,0.35398230088495575,0.11504424778761062,0.18584070796460178,0.15044247787610618,0.19469026548672566,113
2010-2012,453,0.37168141592920356,0.09734513274336283,0.23893805309734514,0.11504424778761062,0.17699115044247787,113
2010-2012,454,0.3893805309734513,0.13274336283185842,0.18584070796460178,0.13274336283185842,0.1592920353982301,113
2010-2012,455,0.3893805309734513,0.10619469026548672,0.17699115044247787,0.1415929203539823,0.18584070796460178,113
2010-2012,456,0.3451327433628319,0.15044247787610618,0.19469026548672566,0.1415929203539823,0.168141592920354,113
2010-2012,457,0.336283185840708,0.11504424778761062,0.23893805309734514,0.1415929203539823,0.168141592920354,113
2010-2012,458,0.39823008849557523,0.10619469026548672,0.20353982300884954,0.13274336283185842,0.1592920353982301,113
2010-2012,459,0.36283185840707965,0.09734513274336283,0.20353982300884954,0.1415929203539823,0.19469026548672566,113
2010-2012,460,0.3805309734513274,0.08849557522123894,0.21238938053097345,0.12389380530973451,0.19469026548672566,113
2010-2012,461,0.37168141592920356,0.12389380530973451,0.19469026548672566,0.13274336283185842,0.17699115044247787,113
2010-2012,462,0.336283185840708,0.12389380530973451,0.19469026548672566,0.13274336283185842,0.21238938053097345,113
2010-2012,463,0.37168141592920356,0.13274336283185842,0.17699115044247787,0.11504424778761062,0.20353982300884954,113
2010-2012,464,0.336283185840708,0.15044247787610618,0.17699115044247787,0.13274336283185842,0.20353982300884954,113
2010-2012,465,0.37168141592920356,0.12389380530973451,0.168141592920354,0.15044247787610618,0.18584070796460178,113
2010-2012,466,0.36283185840707965,0.09734513274336283,0.17699115044247787,0.1592920353982301,0.20353982300884954,113
2010-2012,467,0.37168141592920356,0.11504424778761062,0.18584070796460178,0.12389380530973451,0.20353982300884954,113
2010-2012,468,0.336283185840708,0.12389380530973451,0.18584070796460178,0.1592920353982301,0.19469026548672566,113
2010-2012,469,0.39823008849557523,0.09734513274336283,0.18584070796460178,0.11504424778761062,0.20353982300884954,113
2010-2012,470,0.3805309734513274,0.10619469026548672,0.22123893805309736,0.10619469026548672,0.18584070796460178,113
2010-2012,471,0.336283185840708,0.1415929203539823,0.19469026548672566,0.17699115044247787,0.15044247787610618,113
2010-2012,472,0.3451327433628319,0.11504424778761062,0.23008849557522124,0.11504424778761062,0.19469026548672566,113
2010-2012,473,0.35398230088495575,0.1415929203539823,0.17699115044247787,0.12389380530973451,0.20353982300884954,113
2010-2012,474,0.4070796460176991,0.08849557522123894,0.19469026548672566,0.12389380530973451,0.18584070796460178,113
2010-2012,475,0.36283185840707965,0.11504424778761062,0.1592920353982301,0.15044247787610618,0.21238938053097345,113
2010-2012,476,0.3805309734513274,0.08849557522123894,0.21238938053097345,0.11504424778761062,0.20353982300884954,113
2010-2012,477,0.3274336283185841,0.10619469026548672,0.18584070796460178,0.1592920353982301,0.22123893805309736,113
2010-2012,478,0.3805309734513274,0.08849557522123894,0.20353982300884954,0.10619469026548672,0.22123893805309736,113
2010-2012,479,0.30088495575221236,0.13274336283185842,0.18584070796460178,0.168141592920354,0.21238938053097345,113
2010-2012,480,0.3805309734513274,0.09734513274336283,0.17699115044247787,0.1592920353982301,0.18584070796460178,113
2010-2012,481,0.3451327433628319,0.1415929203539823,0.18584070796460178,0.1592920353982301,0.168141592920354,113
2010-2012,482,0.37168141592920356,0.10619469026548672,0.22123893805309736,0.13274336283185842,0.168141592920354,113
2010-2012,483,0.3805309734513274,0.09734513274336283,0.22123893805309736,0.10619469026548672,0.19469026548672566,113
2010-2012,484,0.35398230088495575,0.11504424778761062,0.22123893805309736,0.13274336283185842,0.17699115044247787,113
2010-2012,485,0.3451327433628319,0.12389380530973451,0.18584070796460178,0.12389380530973451,0.22123893805309736,113
2010-2012,486,0.35398230088495575,0.10619469026548672,0.18584070796460178,0.13274336283185842,0.22123893805309736,113
2010-2012,487,0.3274336283185841,0.12389380530973451,0.20353982300884954,0.1415929203539823,0.20353982300884954,113
2010-2012,488,0.336283185840708,0.1415929203539823,0.21238938053097345,0.10619469026548672,0.20353982300884954,113
2010-2012,489,0.3451327433628319,0.11504424778761062,0.22123893805309736,0.15044247787610618,0.168141592920354,113
2010-2012,490,0.36283185840707965,0.1415929203539823,0.17699115044247787,0.15044247787610618,0.168141592920354,113
2010-2012,491,0.36283185840707965,0.10619469026548672,0.22123893805309736,0.15044247787610618,0.1592920353982301,113
2010-2012,492,0.3805309734513274,0.12389380530973451,0.1592920353982301,0.15044247787610618,0.18584070796460178,113
2010-2012,493,0.37168141592920356,0.10619469026548672,0.22123893805309736,0.09734513274336283,0.20353982300884954,113
2010-2012,494,0.37168141592920356,0.11504424778761062,0.168141592920354,0.17699115044247787,0.168141592920354,113
2010-2012,495,0.35398230088495575,0.09734513274336283,0.21238938053097345,0.1592920353982301,0.17699115044247787,113
2010-2012,496,0.3451327433628319,0.10619469026548672,0.22123893805309736,0.168141592920354,0.1592920353982301,113
2010-2012,497,0.3451327433628319,0.12389380530973451,0.22123893805309736,0.12389380530973451,0.18584070796460178,113
2010-2012,498,0.3274336283185841,0.13274336283185842,0.168141592920354,0.1592920353982301,0.21238938053097345,113
2010-2012,499,0.36283185840707965,0.10619469026548672,0.168141592920354,0.168141592920354,0.19469026548672566,113
2010-2012,500,0.3274336283185841,0.08849557522123894,0.22123893805309736,0.15044247787610618,0.21238938053097345,113
2016-2019,1,0.5748031496062992,0.1653543307086614,0.09448818897637795,0.10236220472440945,0.06299212598425197,127
2016-2019,2,0.6062992125984252,0.14173228346456693,0.07874015748031496,0.10236220472440945,0.07086614173228346,127
2016-2019,3,0.5669291338582677,0.14960629921259844,0.11811023622047244,0.11023622047244094,0.05511811023622047,127
2016-2019,4,0.6220472440944882,0.13385826771653542,0.11023622047244094,0.07086614173228346,0.06299212598425197,127
2016-2019,5,0.5748031496062992,0.12598425196850394,0.11023622047244094,0.10236220472440945,0.08661417322834647,127
2016-2019,6,0.5826771653543308,0.1653543307086614,0.09448818897637795,0.07874015748031496,0.07874015748031496,127
2016-2019,7,0.6062992125984252,0.13385826771653542,0.07874015748031496,0.11023622047244094,0.07086614173228346,127
2016-2019,8,0.5669291338582677,0.14960629921259844,0.11811023622047244,0.09448818897637795,0.07086614173228346,127
2016-2019,9,0.5748031496062992,0.14960629921259844,0.10236220472440945,0.08661417322834647,0.08661417322834647,127
2016-2019,10,0.5433070866141733,0.13385826771653542,0.10236220472440945,0.14173228346456693,0.07874015748031496,127
2016-2019,11,0.6141732283464567,0.10236220472440945,0.10236220472440945,0.11023622047244094,0.07086614173228346,127
2016-2019,12,0.6062992125984252,0.14960629921259844,0.08661417322834647,0.08661417322834647,0.07086614173228346,127
2016-2019,13,0.5984251968503937,0.12598425196850394,0.10236220472440945,0.10236220472440945,0.07086614173228346,127
2016-2019,14,0.5905511811023623,0.15748031496062992,0.10236220472440945,0.07086614173228346,0.07874015748031496,127
2016-2019,15,0.5826771653543308,0.14173228346456693,0.11023622047244094,0.11023622047244094,0.05511811023622047,127
2016-2019,16,0.5826771653543308,0.11811023622047244,0.11811023622047244,0.10236220472440945,0.07874015748031496,127
2016-2019,17,0.6220472440944882,0.13385826771653542,0.08661417322834647,0.10236220472440945,0.05511811023622047,127
2016-2019,18,0.5826771653543308,0.14960629921259844,0.10236220472440945,0.11811023622047244,0.047244094488188976,127
2016-2019,19,0.5590551181102362,0.14960629921259844,0.13385826771653542,0.07874015748031496,0.07874015748031496,127
2016-2019,20,0.5905511811023623,0.12598425196850394,0.11023622047244094,0.10236220472440945,0.07086614173228346,127
2016-2019,21,0.6141732283464567,0.14960629921259844,0.07874015748031496,0.11023622047244094,0.047244094488188976,127
2016-2019,22,0.5984251968503937,0.11811023622047244,0.10236220472440945,0.09448818897637795,0.08661417322834647,127
2016-2019,23,0.6141732283464567,0.12598425196850394,0.09448818897637795,0.10236220472440945,0.06299212598425197,127
2016-2019,24,0.6220472440944882,0.11023622047244094,0.08661417322834647,0.10236220472440945,0.07874015748031496,127
2016-2019,25,0.5748031496062992,0.15748031496062992,0.11023622047244094,0.07874015748031496,0.07874015748031496,127
2016-2019,26,0.6062992125984252,0.14960629921259844,0.10236220472440945,0.07874015748031496,0.06299212598425197,127
2016-2019,27,0.5826771653543308,0.14960629921259844,0.09448818897637795,0.10236220472440945,0.07086614173228346,127
2016-2019,28,0.5748031496062992,0.1889763779527559,0.11023622047244094,0.07874015748031496,0.047244094488188976,127
2016-2019,29,0.6141732283464567,0.11023622047244094,0.10236220472440945,0.11811023622047244,0.05511811023622047,127
2016-2019,30,0.5826771653543308,0.14173228346456693,0.08661417322834647,0.10236220472440945,0.08661417322834647,127
2016-2019,31,0.6299212598425197,0.12598425196850394,0.09448818897637795,0.11023622047244094,0.03937007874015748,127
2016-2019,32,0.5826771653543308,0.14173228346456693,0.11023622047244094,0.10236220472440945,0.06299212598425197,127
2016-2019,33,0.6141732283464567,0.13385826771653542,0.10236220472440945,0.09448818897637795,0.05511811023622047,127
2016-2019,34,0.5905511811023623,0.14960629921259844,0.10236220472440945,0.09448818897637795,0.06299212598425197,127
2016-2019,35,0.5984251968503937,0.14960629921259844,0.10236220472440945,0.06299212598425197,0.08661417322834647,127
2016-2019,36,0.6220472440944882,0.14173228346456693,0.09448818897637795,0.07874015748031496,0.06299212598425197,127
2016-2019,37,0.5984251968503937,0.14173228346456693,0.10236220472440945,0.10236220472440945,0.05511811023622047,127
2016-2019,38,0.5905511811023623,0.13385826771653542,0.10236220472440945,0.11023622047244094,0.06299212598425197,127
2016-2019,39,0.6141732283464567,0.14173228346456693,0.11811023622047244,0.07874015748031496,0.047244094488188976,127
2016-2019,40,0.5826771653543308,0.14173228346456693,0.08661417322834647,0.10236220472440945,0.08661417322834647,127
2016-2019,41,0.5748031496062992,0.13385826771653542,0.11023622047244094,0.08661417322834647,0.09448818897637795,127
2016-2019,42,0.5748031496062992,0.15748031496062992,0.10236220472440945,0.10236220472440945,0.06299212598425197,127
2016-2019,43,0.5984251968503937,0.13385826771653542,0.12598425196850394,0.09448818897637795,0.047244094488188976,127
2016-2019,44,0.5826771653543308,0.14960629921259844,0.09448818897637795,0.07874015748031496,0.09448818897637795,127
2016-2019,45,0.6141732283464567,0.15748031496062992,0.08661417322834647,0.11023622047244094,0.031496062992125984,127
2016-2019,46,0.6377952755905512,0.10236220472440945,0.08661417322834647,0.10236220472440945,0.07086614173228346,127
2016-2019,47,0.6062992125984252,0.14960629921259844,0.08661417322834647,0.07874015748031496,0.07874015748031496,127
2016-2019,48,0.6377952755905512,0.14960629921259844,0.08661417322834647,0.07874015748031496,0.047244094488188976,127
2016-2019,49,0.6062992125984252,0.13385826771653542,0.11023622047244094,0.08661417322834647,0.06299212598425197,127
2016-2019,50,0.5984251968503937,0.14173228346456693,0.10236220472440945,0.10236220472440945,0.05511811023622047,127
2016-2019,51,0.6141732283464567,0.11023622047244094,0.10236220472440945,0.12598425196850394,0.047244094488188976,127
2016-2019,52,0.6220472440944882,0.12598425196850394,0.07874015748031496,0.11023622047244094,0.06299212598425197,127
2016-2019,53,0.5905511811023623,0.14173228346456693,0.08661417322834647,0.10236220472440945,0.07874015748031496,127
2016-2019,54,0.5826771653543308,0.13385826771653542,0.09448818897637795,0.07086614173228346,0.11811023622047244,127
2016-2019,55,0.5826771653543308,0.14960629921259844,0.11811023622047244,0.09448818897637795,0.05511811023622047,127
2016-2019,56,0.5748031496062992,0.11811023622047244,0.11023622047244094,0.09448818897637795,0.10236220472440945,127
2016-2019,57,0.6062992125984252,0.15748031496062992,0.08661417322834647,0.09448818897637795,0.05511811023622047,127
2016-2019,58,0.6062992125984252,0.15748031496062992,0.08661417322834647,0.07874015748031496,0.07086614173228346,127
2016-2019,59,0.5748031496062992,0.17322834645669294,0.08661417322834647,0.10236220472440945,0.06299212598425197,127
2016-2019,60,0.6299212598425197,0.13385826771653542,0.07874015748031496,0.09448818897637795,0.06299212598425197,127
2016-2019,61,0.6062992125984252,0.15748031496062992,0.10236220472440945,0.07086614173228346,0.06299212598425197,127
2016-2019,62,0.5590551181102362,0.12598425196850394,0.11023622047244094,0.12598425196850394,0.07874015748031496,127
2016-2019,63,0.5669291338582677,0.14960629921259844,0.11023622047244094,0.10236220472440945,0.07086614173228346,127
2016-2019,64,0.6456692913385826,0.11811023622047244,0.11811023622047244,0.06299212598425197,0.05511811023622047,127
2016-2019,65,0.5748031496062992,0.13385826771653542,0.12598425196850394,0.10236220472440945,0.06299212598425197,127
2016-2019,66,0.5826771653543308,0.14960629921259844,0.10236220472440945,0.09448818897637795,0.07086614173228346,127
2016-2019,67,0.5905511811023623,0.14173228346456693,0.09448818897637795,0.11023622047244094,0.06299212598425197,127
2016-2019,68,0.6220472440944882,0.14173228346456693,0.09448818897637795,0.08661417322834647,0.05511811023622047,127
2016-2019,69,0.5748031496062992,0.13385826771653542,0.07874015748031496,0.08661417322834647,0.12598425196850394,127
2016-2019,70,0.5669291338582677,0.14960629921259844,0.10236220472440945,0.10236220472440945,0.07874015748031496,127
2016-2019,71,0.5984251968503937,0.11811023622047244,0.11023622047244094,0.09448818897637795,0.07874015748031496,127
2016-2019,72,0.5984251968503937,0.13385826771653542,0.10236220472440945,0.10236220472440945,0.06299212598425197,127
2016-2019,73,0.5984251968503937,0.13385826771653542,0.08661417322834647,0.11811023622047244,0.06299212598425197,127
2016-2019,74,0.6141732283464567,0.12598425196850394,0.08661417322834647,0.08661417322834647,0.08661417322834647,127
2016-2019,75,0.6062992125984252,0.15748031496062992,0.07874015748031496,0.09448818897637795,0.06299212598425197,127
2016-2019,76,0.5826771653543308,0.14173228346456693,0.09448818897637795,0.07874015748031496,0.10236220472440945,127
2016-2019,77,0.5905511811023623,0.12598425196850394,0.11811023622047244,0.09448818897637795,0.07086614173228346,127
2016-2019,78,0.6220472440944882,0.11811023622047244,0.11811023622047244,0.10236220472440945,0.03937007874015748,127
2016-2019,79,0.5905511811023623,0.15748031496062992,0.08661417322834647,0.10236220472440945,0.06299212598425197,127
2016-2019,80,0.5669291338582677,0.11811023622047244,0.10236220472440945,0.11811023622047244,0.09448818897637795,127
2016-2019,81,0.5984251968503937,0.15748031496062992,0.11811023622047244,0.06299212598425197,0.06299212598425197,127
2016-2019,82,0.6141732283464567,0.17322834645669294,0.07874015748031496,0.10236220472440945,0.031496062992125984,127
2016-2019,83,0.5905511811023623,0.17322834645669294,0.09448818897637795,0.09448818897637795,0.047244094488188976,127
2016-2019,84,0.5984251968503937,0.13385826771653542,0.09448818897637795,0.08661417322834647,0.08661417322834647,127
2016-2019,85,0.5905511811023623,0.15748031496062992,0.08661417322834647,0.07874015748031496,0.08661417322834647,127
2016-2019,86,0.5905511811023623,0.1653543307086614,0.09448818897637795,0.07874015748031496,0.07086614173228346,127
2016-2019,87,0.5826771653543308,0.13385826771653542,0.10236220472440945,0.09448818897637795,0.08661417322834647,127
2016-2019,88,0.5826771653543308,0.15748031496062992,0.11023622047244094,0.09448818897637795,0.05511811023622047,127
2016-2019,89,0.5748031496062992,0.14173228346456693,0.10236220472440945,0.10236220472440945,0.07874015748031496,127
2016-2019,90,0.6220472440944882,0.14173228346456693,0.10236220472440945,0.06299212598425197,0.07086614173228346,127
2016-2019,91,0.5826771653543308,0.14960629921259844,0.11023622047244094,0.09448818897637795,0.06299212598425197,127
2016-2019,92,0.5748031496062992,0.12598425196850394,0.09448818897637795,0.11023622047244094,0.09448818897637795,127
2016-2019,93,0.5826771653543308,0.14173228346456693,0.11811023622047244,0.08661417322834647,0.07086614173228346,127
2016-2019,94,0.6062992125984252,0.15748031496062992,0.09448818897637795,0.11023622047244094,0.031496062992125984,127
2016-2019,95,0.5826771653543308,0.14960629921259844,0.09448818897637795,0.11023622047244094,0.06299212598425197,127
2016-2019,96,0.5905511811023623,0.14173228346456693,0.07874015748031496,0.09448818897637795,0.09448818897637795,127
2016-2019,97,0.5748031496062992,0.12598425196850394,0.11811023622047244,0.11023622047244094,0.07086614173228346,127
2016-2019,98,0.6141732283464567,0.11811023622047244,0.10236220472440945,0.09448818897637795,0.07086614173228346,127
2016-2019,99,0.5669291338582677,0.13385826771653542,0.11023622047244094,0.11023622047244094,0.07874015748031496,127
2016-2019,100,0.5590551181102362,0.1653543307086614,0.08661417322834647,0.09448818897637795,0.09448818897637795,127
2016-2019,101,0.5748031496062992,0.12598425196850394,0.11811023622047244,0.10236220472440945,0.07874015748031496,127
2016-2019,102,0.6141732283464567,0.14173228346456693,0.07874015748031496,0.08661417322834647,0.07874015748031496,127
2016-2019,103,0.5984251968503937,0.14960629921259844,0.09448818897637795,0.10236220472440945,0.05511811023622047,127
2016-2019,104,0.5748031496062992,0.14173228346456693,0.11811023622047244,0.07874015748031496,0.08661417322834647,127
2016-2019,105,0.6377952755905512,0.14173228346456693,0.09448818897637795,0.07086614173228346,0.05511811023622047,127
2016-2019,106,0.5748031496062992,0.15748031496062992,0.10236220472440945,0.08661417322834647,0.07874015748031496,127
2016-2019,107,0.5511811023622047,0.14173228346456693,0.11811023622047244,0.11811023622047244,0.07086614173228346,127
2016-2019,108,0.5905511811023623,0.1653543307086614,0.09448818897637795,0.08661417322834647,0.06299212598425197,127
2016-2019,109,0.5826771653543308,0.12598425196850394,0.10236220472440945,0.10236220472440945,0.08661417322834647,127
2016-2019,110,0.6141732283464567,0.12598425196850394,0.07874015748031496,0.10236220472440945,0.07874015748031496,127
2016-2019,111,0.6141732283464567,0.13385826771653542,0.08661417322834647,0.08661417322834647,0.07874015748031496,127
2016-2019,112,0.5984251968503937,0.14960629921259844,0.10236220472440945,0.08661417322834647,0.06299212598425197,127
2016-2019,113,0.5826771653543308,0.14960629921259844,0.08661417322834647,0.11023622047244094,0.07086614173228346,127
2016-2019,114,0.6141732283464567,0.12598425196850394,0.10236220472440945,0.07874015748031496,0.07874015748031496,127
2016-2019,115,0.5826771653543308,0.13385826771653542,0.07874015748031496,0.11811023622047244,0.08661417322834647,127
2016-2019,116,0.6141732283464567,0.12598425196850394,0.09448818897637795,0.08661417322834647,0.07874015748031496,127
2016-2019,117,0.5905511811023623,0.13385826771653542,0.11811023622047244,0.09448818897637795,0.06299212598425197,127
2016-2019,118,0.5826771653543308,0.14960629921259844,0.07874015748031496,0.07874015748031496,0.11023622047244094,127
2016-2019,119,0.5590551181102362,0.14960629921259844,0.09448818897637795,0.09448818897637795,0.10236220472440945,127
2016-2019,120,0.5748031496062992,0.14960629921259844,0.11811023622047244,0.09448818897637795,0.06299212598425197,127
2016-2019,121,0.6377952755905512,0.11023622047244094,0.09448818897637795,0.11023622047244094,0.047244094488188976,127
2016-2019,122,0.5905511811023623,0.11023622047244094,0.11023622047244094,0.12598425196850394,0.06299212598425197,127
2016-2019,123,0.5826771653543308,0.13385826771653542,0.11023622047244094,0.08661417322834647,0.08661417322834647,127
2016-2019,124,0.5590551181102362,0.15748031496062992,0.10236220472440945,0.09448818897637795,0.08661417322834647,127
2016-2019,125,0.5354330708661417,0.15748031496062992,0.10236220472440945,0.09448818897637795,0.11023622047244094,127
2016-2019,126,0.6062992125984252,0.12598425196850394,0.11023622047244094,0.07874015748031496,0.07874015748031496,127
2016-2019,127,0.5748031496062992,0.11023622047244094,0.12598425196850394,0.11023622047244094,0.07874015748031496,127
2016-2019,128,0.5590551181102362,0.15748031496062992,0.10236220472440945,0.09448818897637795,0.08661417322834647,127
2016-2019,129,0.5905511811023623,0.11811023622047244,0.08661417322834647,0.12598425196850394,0.07874015748031496,127
2016-2019,130,0.5669291338582677,0.15748031496062992,0.11811023622047244,0.09448818897637795,0.06299212598425197,127
2016-2019,131,0.6299212598425197,0.17322834645669294,0.08661417322834647,0.06299212598425197,0.047244094488188976,127
2016-2019,132,0.6299212598425197,0.12598425196850394,0.10236220472440945,0.07874015748031496,0.06299212598425197,127
2016-2019,133,0.5669291338582677,0.15748031496062992,0.11811023622047244,0.10236220472440945,0.05511811023622047,127
2016-2019,134,0.5748031496062992,0.14960629921259844,0.13385826771653542,0.08661417322834647,0.05511811023622047,127
2016-2019,135,0.6062992125984252,0.14173228346456693,0.08661417322834647,0.10236220472440945,0.06299212598425197,127
2016-2019,136,0.5984251968503937,0.14960629921259844,0.09448818897637795,0.09448818897637795,0.06299212598425197,127
2016-2019,137,0.5826771653543308,0.12598425196850394,0.09448818897637795,0.11023622047244094,0.08661417322834647,127
2016-2019,138,0.5511811023622047,0.18110236220472442,0.10236220472440945,0.07874015748031496,0.08661417322834647,127
2016-2019,139,0.6535433070866142,0.11811023622047244,0.07874015748031496,0.11023622047244094,0.03937007874015748,127
2016-2019,140,0.6062992125984252,0.11023622047244094,0.09448818897637795,0.11811023622047244,0.07086614173228346,127
2016-2019,141,0.5511811023622047,0.14960629921259844,0.11023622047244094,0.09448818897637795,0.09448818897637795,127
2016-2019,142,0.6062992125984252,0.11023622047244094,0.10236220472440945,0.11811023622047244,0.06299212598425197,127
2016-2019,143,0.5905511811023623,0.13385826771653542,0.08661417322834647,0.09448818897637795,0.09448818897637795,127
2016-2019,144,0.5590551181102362,0.15748031496062992,0.11811023622047244,0.07874015748031496,0.08661417322834647,127
2016-2019,145,0.6220472440944882,0.11023622047244094,0.09448818897637795,0.11023622047244094,0.06299212598425197,127
2016-2019,146,0.6220472440944882,0.11811023622047244,0.11023622047244094,0.09448818897637795,0.05511811023622047,127
2016-2019,147,0.5748031496062992,0.14960629921259844,0.09448818897637795,0.09448818897637795,0.08661417322834647,127
2016-2019,148,0.6220472440944882,0.11811023622047244,0.08661417322834647,0.11023622047244094,0.06299212598425197,127
2016-2019,149,0.6220472440944882,0.11023622047244094,0.10236220472440945,0.10236220472440945,0.06299212598425197,127
2016-2019,150,0.5669291338582677,0.13385826771653542,0.11023622047244094,0.09448818897637795,0.09448818897637795,127
2016-2019,151,0.6299212598425197,0.12598425196850394,0.08661417322834647,0.07874015748031496,0.07874015748031496,127
2016-2019,152,0.6062992125984252,0.12598425196850394,0.11023622047244094,0.09448818897637795,0.06299212598425197,127
2016-2019,153,0.5748031496062992,0.12598425196850394,0.10236220472440945,0.13385826771653542,0.06299212598425197,127
2016-2019,154,0.5984251968503937,0.11811023622047244,0.09448818897637795,0.10236220472440945,0.08661417322834647,127
2016-2019,155,0.5905511811023623,0.12598425196850394,0.12598425196850394,0.11023622047244094,0.047244094488188976,127
2016-2019,156,0.6141732283464567,0.11811023622047244,0.09448818897637795,0.11811023622047244,0.05511811023622047,127
2016-2019,157,0.6141732283464567,0.14960629921259844,0.09448818897637795,0.07086614173228346,0.07086614173228346,127
2016-2019,158,0.6220472440944882,0.11811023622047244,0.09448818897637795,0.10236220472440945,0.06299212598425197,127
2016-2019,159,0.5984251968503937,0.15748031496062992,0.08661417322834647,0.10236220472440945,0.05511811023622047,127
2016-2019,160,0.5511811023622047,0.14173228346456693,0.09448818897637795,0.13385826771653542,0.07874015748031496,127
2016-2019,161,0.6062992125984252,0.11023622047244094,0.11811023622047244,0.08661417322834647,0.07874015748031496,127
2016-2019,162,0.6141732283464567,0.13385826771653542,0.08661417322834647,0.09448818897637795,0.07086614173228346,127
2016-2019,163,0.5905511811023623,0.12598425196850394,0.09448818897637795,0.11023622047244094,0.07874015748031496,127
2016-2019,164,0.6299212598425197,0.14173228346456693,0.10236220472440945,0.05511811023622047,0.07086614173228346,127
2016-2019,165,0.5511811023622047,0.14960629921259844,0.11023622047244094,0.10236220472440945,0.08661417322834647,127
2016-2019,166,0.6299212598425197,0.10236220472440945,0.09448818897637795,0.09448818897637795,0.07874015748031496,127
2016-2019,167,0.5669291338582677,0.14960629921259844,0.11023622047244094,0.11811023622047244,0.05511811023622047,127
2016-2019,168,0.5669291338582677,0.14960629921259844,0.12598425196850394,0.09448818897637795,0.06299212598425197,127
2016-2019,169,0.6220472440944882,0.12598425196850394,0.09448818897637795,0.10236220472440945,0.05511811023622047,127
2016-2019,170,0.5748031496062992,0.14173228346456693,0.09448818897637795,0.10236220472440945,0.08661417322834647,127
2016-2019,171,0.6062992125984252,0.13385826771653542,0.09448818897637795,0.11023622047244094,0.05511811023622047,127
2016-2019,172,0.5905511811023623,0.14173228346456693,0.07874015748031496,0.11023622047244094,0.07874015748031496,127
2016-2019,173,0.5905511811023623,0.14960629921259844,0.11023622047244094,0.08661417322834647,0.06299212598425197,127
2016-2019,174,0.6377952755905512,0.11811023622047244,0.07874015748031496,0.09448818897637795,0.07086614173228346,127
2016-2019,175,0.5826771653543308,0.14173228346456693,0.10236220472440945,0.08661417322834647,0.08661417322834647,127
2016-2019,176,0.6062992125984252,0.13385826771653542,0.09448818897637795,0.07874015748031496,0.08661417322834647,127
2016-2019,177,0.5905511811023623,0.12598425196850394,0.11811023622047244,0.07874015748031496,0.08661417322834647,127
2016-2019,178,0.5984251968503937,0.13385826771653542,0.08661417322834647,0.09448818897637795,0.08661417322834647,127
2016-2019,179,0.5826771653543308,0.15748031496062992,0.10236220472440945,0.10236220472440945,0.05511811023622047,127
2016-2019,180,0.5905511811023623,0.14960629921259844,0.09448818897637795,0.09448818897637795,0.07086614173228346,127
2016-2019,181,0.6141732283464567,0.14173228346456693,0.09448818897637795,0.08661417322834647,0.06299212598425197,127
2016-2019,182,0.6141732283464567,0.11023622047244094,0.10236220472440945,0.09448818897637795,0.07874015748031496,127
2016-2019,183,0.5984251968503937,0.13385826771653542,0.11811023622047244,0.08661417322834647,0.06299212598425197,127
2016-2019,184,0.6535433070866142,0.11811023622047244,0.09448818897637795,0.08661417322834647,0.047244094488188976,127
2016-2019,185,0.5748031496062992,0.15748031496062992,0.11023622047244094,0.09448818897637795,0.06299212598425197,127
2016-2019,186,0.6062992125984252,0.14173228346456693,0.08661417322834647,0.10236220472440945,0.06299212598425197,127
2016-2019,187,0.5748031496062992,0.14173228346456693,0.11811023622047244,0.11023622047244094,0.05511811023622047,127
2016-2019,188,0.5748031496062992,0.12598425196850394,0.11811023622047244,0.08661417322834647,0.09448818897637795,127
2016-2019,189,0.5590551181102362,0.13385826771653542,0.12598425196850394,0.11811023622047244,0.06299212598425197,127
2016-2019,190,0.5984251968503937,0.12598425196850394,0.10236220472440945,0.09448818897637795,0.07874015748031496,127
2016-2019,191,0.5669291338582677,0.14173228346456693,0.11023622047244094,0.11811023622047244,0.06299212598425197,127
2016-2019,192,0.6141732283464567,0.14960629921259844,0.08661417322834647,0.09448818897637795,0.05511811023622047,127
2016-2019,193,0.5590551181102362,0.14173228346456693,0.10236220472440945,0.10236220472440945,0.09448818897637795,127
2016-2019,194,0.5826771653543308,0.12598425196850394,0.11023622047244094,0.09448818897637795,0.08661417322834647,127
2016-2019,195,0.6062992125984252,0.13385826771653542,0.09448818897637795,0.07874015748031496,0.08661417322834647,127
2016-2019,196,0.5905511811023623,0.14173228346456693,0.11023622047244094,0.10236220472440945,0.05511811023622047,127
2016-2019,197,0.5669291338582677,0.14960629921259844,0.10236220472440945,0.09448818897637795,0.08661417322834647,127
2016-2019,198,0.6299212598425197,0.11811023622047244,0.08661417322834647,0.08661417322834647,0.07874015748031496,127
2016-2019,199,0.5984251968503937,0.15748031496062992,0.09448818897637795,0.07874015748031496,0.07086614173228346,127
2016-2019,200,0.5748031496062992,0.15748031496062992,0.11023622047244094,0.08661417322834647,0.07086614173228346,127
2016-2019,201,0.5826771653543308,0.15748031496062992,0.08661417322834647,0.10236220472440945,0.07086614173228346,127
2016-2019,202,0.5511811023622047,0.11023622047244094,0.11811023622047244,0.13385826771653542,0.08661417322834647,127
2016-2019,203,0.6062992125984252,0.14173228346456693,0.08661417322834647,0.07874015748031496,0.08661417322834647,127
2016-2019,204,0.6141732283464567,0.10236220472440945,0.10236220472440945,0.10236220472440945,0.07874015748031496,127
2016-2019,205,0.5826771653543308,0.14173228346456693,0.11811023622047244,0.10236220472440945,0.05511811023622047,127
2016-2019,206,0.5826771653543308,0.14173228346456693,0.09448818897637795,0.11023622047244094,0.07086614173228346,127
2016-2019,207,0.5905511811023623,0.14960629921259844,0.09448818897637795,0.07874015748031496,0.08661417322834647,127
2016-2019,208,0.5905511811023623,0.14173228346456693,0.11023622047244094,0.07086614173228346,0.08661417322834647,127
2016-2019,209,0.6062992125984252,0.15748031496062992,0.11023622047244094,0.07086614173228346,0.05511811023622047,127
2016-2019,210,0.5984251968503937,0.14960629921259844,0.09448818897637795,0.10236220472440945,0.05511811023622047,127
2016-2019,211,0.5905511811023623,0.15748031496062992,0.08661417322834647,0.07874015748031496,0.08661417322834647,127
2016-2019,212,0.5748031496062992,0.14173228346456693,0.12598425196850394,0.08661417322834647,0.07086614173228346,127
2016-2019,213,0.5905511811023623,0.12598425196850394,0.10236220472440945,0.10236220472440945,0.07874015748031496,127
2016-2019,214,0.5984251968503937,0.11811023622047244,0.08661417322834647,0.12598425196850394,0.07086614173228346,127
2016-2019,215,0.5590551181102362,0.14960629921259844,0.09448818897637795,0.11023622047244094,0.08661417322834647,127
2016-2019,216,0.6141732283464567,0.13385826771653542,0.09448818897637795,0.10236220472440945,0.05511811023622047,127
2016-2019,217,0.5984251968503937,0.14173228346456693,0.10236220472440945,0.10236220472440945,0.05511811023622047,127
2016-2019,218,0.6377952755905512,0.13385826771653542,0.08661417322834647,0.07874015748031496,0.06299212598425197,127
2016-2019,219,0.5826771653543308,0.17322834645669294,0.09448818897637795,0.07086614173228346,0.07874015748031496,127
2016-2019,220,0.5590551181102362,0.14173228346456693,0.11811023622047244,0.09448818897637795,0.08661417322834647,127
2016-2019,221,0.6062992125984252,0.15748031496062992,0.08661417322834647,0.08661417322834647,0.06299212598425197,127
2016-2019,222,0.5826771653543308,0.13385826771653542,0.08661417322834647,0.11811023622047244,0.07874015748031496,127
2016-2019,223,0.6062992125984252,0.13385826771653542,0.11023622047244094,0.09448818897637795,0.05511811023622047,127
2016-2019,224,0.6220472440944882,0.11811023622047244,0.09448818897637795,0.09448818897637795,0.07086614173228346,127
2016-2019,225,0.5905511811023623,0.11811023622047244,0.11023622047244094,0.10236220472440945,0.07874015748031496,127
2016-2019,226,0.5905511811023623,0.09448818897637795,0.11811023622047244,0.10236220472440945,0.09448818897637795,127
2016-2019,227,0.6062992125984252,0.13385826771653542,0.10236220472440945,0.05511811023622047,0.10236220472440945,127
2016-2019,228,0.6220472440944882,0.12598425196850394,0.11023622047244094,0.07874015748031496,0.06299212598425197,127
2016-2019,229,0.5433070866141733,0.14173228346456693,0.12598425196850394,0.11023622047244094,0.07874015748031496,127
2016-2019,230,0.5905511811023623,0.13385826771653542,0.08661417322834647,0.10236220472440945,0.08661417322834647,127
2016-2019,231,0.6141732283464567,0.13385826771653542,0.10236220472440945,0.09448818897637795,0.05511811023622047,127
2016-2019,232,0.5826771653543308,0.1653543307086614,0.07874015748031496,0.10236220472440945,0.07086614173228346,127
2016-2019,233,0.6062992125984252,0.14173228346456693,0.10236220472440945,0.07874015748031496,0.07086614173228346,127
2016-2019,234,0.5826771653543308,0.14960629921259844,0.10236220472440945,0.07874015748031496,0.08661417322834647,127
2016-2019,235,0.5905511811023623,0.15748031496062992,0.09448818897637795,0.08661417322834647,0.07086614173228346,127
2016-2019,236,0.5669291338582677,0.15748031496062992,0.11023622047244094,0.07874015748031496,0.08661417322834647,127
2016-2019,237,0.5905511811023623,0.13385826771653542,0.08661417322834647,0.11023622047244094,0.07874015748031496,127
2016-2019,238,0.5826771653543308,0.11811023622047244,0.10236220472440945,0.11023622047244094,0.08661417322834647,127
2016-2019,239,0.5669291338582677,0.14960629921259844,0.10236220472440945,0.11023622047244094,0.07086614173228346,127
2016-2019,240,0.5826771653543308,0.11811023622047244,0.10236220472440945,0.10236220472440945,0.09448818897637795,127
2016-2019,241,0.6220472440944882,0.15748031496062992,0.07874015748031496,0.06299212598425197,0.07874015748031496,127
2016-2019,242,0.6062992125984252,0.13385826771653542,0.07874015748031496,0.09448818897637795,0.08661417322834647,127
2016-2019,243,0.6220472440944882,0.1653543307086614,0.09448818897637795,0.07874015748031496,0.03937007874015748,127
2016-2019,244,0.5826771653543308,0.13385826771653542,0.10236220472440945,0.08661417322834647,0.09448818897637795,127
2016-2019,245,0.5905511811023623,0.13385826771653542,0.10236220472440945,0.09448818897637795,0.07874015748031496,127
2016-2019,246,0.5511811023622047,0.14173228346456693,0.12598425196850394,0.11023622047244094,0.07086614173228346,127
2016-2019,247,0.5905511811023623,0.12598425196850394,0.10236220472440945,0.11023622047244094,0.07086614173228346,127
2016-2019,248,0.5748031496062992,0.14960629921259844,0.10236220472440945,0.09448818897637795,0.07874015748031496,127
2016-2019,249,0.6062992125984252,0.13385826771653542,0.09448818897637795,0.11811023622047244,0.047244094488188976,127
2016-2019,250,0.5748031496062992,0.13385826771653542,0.10236220472440945,0.11023622047244094,0.07874015748031496,127
2016-2019,251,0.5669291338582677,0.13385826771653542,0.09448818897637795,0.12598425196850394,0.07874015748031496,127
2016-2019,252,0.5905511811023623,0.12598425196850394,0.11023622047244094,0.10236220472440945,0.07086614173228346,127
2016-2019,253,0.6141732283464567,0.14960629921259844,0.09448818897637795,0.09448818897637795,0.047244094488188976,127
2016-2019,254,0.5905511811023623,0.14960629921259844,0.13385826771653542,0.09448818897637795,0.031496062992125984,127
2016-2019,255,0.6062992125984252,0.13385826771653542,0.10236220472440945,0.07874015748031496,0.07874015748031496,127
2016-2019,256,0.6141732283464567,0.13385826771653542,0.10236220472440945,0.10236220472440945,0.047244094488188976,127
2016-2019,257,0.6062992125984252,0.11811023622047244,0.11023622047244094,0.10236220472440945,0.06299212598425197,127
2016-2019,258,0.5826771653543308,0.14173228346456693,0.10236220472440945,0.11023622047244094,0.06299212598425197,127
2016-2019,259,0.5590551181102362,0.15748031496062992,0.11023622047244094,0.09448818897637795,0.07874015748031496,127
2016-2019,260,0.5511811023622047,0.18110236220472442,0.08661417322834647,0.08661417322834647,0.09448818897637795,127
2016-2019,261,0.5984251968503937,0.13385826771653542,0.11023622047244094,0.07874015748031496,0.07874015748031496,127
2016-2019,262,0.5984251968503937,0.11811023622047244,0.08661417322834647,0.11023622047244094,0.08661417322834647,127
2016-2019,263,0.5905511811023623,0.11811023622047244,0.10236220472440945,0.11811023622047244,0.07086614173228346,127
2016-2019,264,0.6062992125984252,0.12598425196850394,0.10236220472440945,0.11023622047244094,0.05511811023622047,127
2016-2019,265,0.5905511811023623,0.14173228346456693,0.10236220472440945,0.09448818897637795,0.07086614173228346,127
2016-2019,266,0.5748031496062992,0.13385826771653542,0.11811023622047244,0.07086614173228346,0.10236220472440945,127
2016-2019,267,0.5984251968503937,0.13385826771653542,0.10236220472440945,0.10236220472440945,0.06299212598425197,127
2016-2019,268,0.5905511811023623,0.11023622047244094,0.11023622047244094,0.10236220472440945,0.08661417322834647,127
2016-2019,269,0.5826771653543308,0.14173228346456693,0.11023622047244094,0.09448818897637795,0.07086614173228346,127
2016-2019,270,0.5590551181102362,0.14173228346456693,0.10236220472440945,0.10236220472440945,0.09448818897637795,127
2016-2019,271,0.5748031496062992,0.13385826771653542,0.09448818897637795,0.12598425196850394,0.07086614173228346,127
2016-2019,272,0.6299212598425197,0.14960629921259844,0.07874015748031496,0.07874015748031496,0.06299212598425197,127
2016-2019,273,0.6299212598425197,0.14173228346456693,0.08661417322834647,0.07874015748031496,0.06299212598425197,127
2016-2019,274,0.5669291338582677,0.14960629921259844,0.11023622047244094,0.09448818897637795,0.07874015748031496,127
2016-2019,275,0.6535433070866142,0.14960629921259844,0.07874015748031496,0.05511811023622047,0.06299212598425197,127
2016-2019,276,0.5826771653543308,0.13385826771653542,0.10236220472440945,0.11023622047244094,0.07086614173228346,127
2016-2019,277,0.6299212598425197,0.14173228346456693,0.07874015748031496,0.06299212598425197,0.08661417322834647,127
2016-2019,278,0.6299212598425197,0.11811023622047244,0.09448818897637795,0.09448818897637795,0.06299212598425197,127
2016-2019,279,0.5984251968503937,0.15748031496062992,0.10236220472440945,0.09448818897637795,0.047244094488188976,127
2016-2019,280,0.6377952755905512,0.13385826771653542,0.09448818897637795,0.08661417322834647,0.047244094488188976,127
2016-2019,281,0.6141732283464567,0.09448818897637795,0.11811023622047244,0.10236220472440945,0.07086614173228346,127
2016-2019,282,0.6141732283464567,0.10236220472440945,0.08661417322834647,0.12598425196850394,0.07086614173228346,127
2016-2019,283,0.5826771653543308,0.12598425196850394,0.11023622047244094,0.10236220472440945,0.07874015748031496,127
2016-2019,284,0.6141732283464567,0.11811023622047244,0.08661417322834647,0.11811023622047244,0.06299212598425197,127
2016-2019,285,0.6062992125984252,0.12598425196850394,0.10236220472440945,0.09448818897637795,0.07086614173228346,127
2016-2019,286,0.5905511811023623,0.12598425196850394,0.10236220472440945,0.11811023622047244,0.06299212598425197,127
2016-2019,287,0.5905511811023623,0.12598425196850394,0.11023622047244094,0.09448818897637795,0.07874015748031496,127
2016-2019,288,0.5905511811023623,0.13385826771653542,0.10236220472440945,0.08661417322834647,0.08661417322834647,127
2016-2019,289,0.5826771653543308,0.17322834645669294,0.10236220472440945,0.07874015748031496,0.06299212598425197,127
2016-2019,290,0.5669291338582677,0.17322834645669294,0.09448818897637795,0.09448818897637795,0.07086614173228346,127
2016-2019,291,0.5984251968503937,0.12598425196850394,0.11023622047244094,0.09448818897637795,0.07086614173228346,127
2016-2019,292,0.5511811023622047,0.1653543307086614,0.08661417322834647,0.12598425196850394,0.07086614173228346,127
2016-2019,293,0.5826771653543308,0.15748031496062992,0.11811023622047244,0.08661417322834647,0.05511811023622047,127
2016-2019,294,0.5984251968503937,0.1653543307086614,0.10236220472440945,0.07086614173228346,0.06299212598425197,127
2016-2019,295,0.5590551181102362,0.14960629921259844,0.08661417322834647,0.11811023622047244,0.08661417322834647,127
2016-2019,296,0.5826771653543308,0.14173228346456693,0.09448818897637795,0.09448818897637795,0.08661417322834647,127
2016-2019,297,0.5511811023622047,0.18110236220472442,0.10236220472440945,0.09448818897637795,0.07086614173228346,127
2016-2019,298,0.6377952755905512,0.12598425196850394,0.08661417322834647,0.08661417322834647,0.06299212598425197,127
2016-2019,299,0.5826771653543308,0.12598425196850394,0.10236220472440945,0.10236220472440945,0.08661417322834647,127
2016-2019,300,0.5669291338582677,0.15748031496062992,0.09448818897637795,0.10236220472440945,0.07874015748031496,127
2016-2019,301,0.5984251968503937,0.14960629921259844,0.11023622047244094,0.07086614173228346,0.07086614173228346,127
2016-2019,302,0.6062992125984252,0.13385826771653542,0.10236220472440945,0.09448818897637795,0.06299212598425197,127
2016-2019,303,0.6062992125984252,0.13385826771653542,0.08661417322834647,0.11023622047244094,0.06299212598425197,127
2016-2019,304,0.5590551181102362,0.13385826771653542,0.10236220472440945,0.10236220472440945,0.10236220472440945,127
2016-2019,305,0.5669291338582677,0.13385826771653542,0.10236220472440945,0.11811023622047244,0.07874015748031496,127
2016-2019,306,0.5748031496062992,0.13385826771653542,0.10236220472440945,0.09448818897637795,0.09448818897637795,127
2016-2019,307,0.5669291338582677,0.11811023622047244,0.09448818897637795,0.11811023622047244,0.10236220472440945,127
2016-2019,308,0.5511811023622047,0.14173228346456693,0.11023622047244094,0.10236220472440945,0.09448818897637795,127
2016-2019,309,0.6220472440944882,0.15748031496062992,0.09448818897637795,0.07874015748031496,0.047244094488188976,127
2016-2019,310,0.5984251968503937,0.13385826771653542,0.11811023622047244,0.07086614173228346,0.07874015748031496,127
2016-2019,311,0.5748031496062992,0.11811023622047244,0.11811023622047244,0.08661417322834647,0.10236220472440945,127
2016-2019,312,0.6141732283464567,0.13385826771653542,0.09448818897637795,0.08661417322834647,0.07086614173228346,127
2016-2019,313,0.6299212598425197,0.10236220472440945,0.09448818897637795,0.11023622047244094,0.06299212598425197,127
2016-2019,314,0.5905511811023623,0.17322834645669294,0.07874015748031496,0.09448818897637795,0.06299212598425197,127
2016-2019,315,0.6062992125984252,0.15748031496062992,0.08661417322834647,0.07874015748031496,0.07086614173228346,127
2016-2019,316,0.6062992125984252,0.14173228346456693,0.07874015748031496,0.10236220472440945,0.07086614173228346,127
2016-2019,317,0.5984251968503937,0.14960629921259844,0.09448818897637795,0.07874015748031496,0.07874015748031496,127
2016-2019,318,0.5669291338582677,0.14173228346456693,0.09448818897637795,0.10236220472440945,0.09448818897637795,127
2016-2019,319,0.5669291338582677,0.17322834645669294,0.09448818897637795,0.09448818897637795,0.07086614173228346,127
2016-2019,320,0.5590551181102362,0.15748031496062992,0.08661417322834647,0.11023622047244094,0.08661417322834647,127
2016-2019,321,0.5984251968503937,0.15748031496062992,0.10236220472440945,0.08661417322834647,0.05511811023622047,127
2016-2019,322,0.6062992125984252,0.1653543307086614,0.07874015748031496,0.09448818897637795,0.05511811023622047,127
2016-2019,323,0.5669291338582677,0.15748031496062992,0.10236220472440945,0.11023622047244094,0.06299212598425197,127
2016-2019,324,0.5748031496062992,0.14960629921259844,0.09448818897637795,0.08661417322834647,0.09448818897637795,127
2016-2019,325,0.6062992125984252,0.11811023622047244,0.08661417322834647,0.10236220472440945,0.08661417322834647,127
2016-2019,326,0.5748031496062992,0.17322834645669294,0.08661417322834647,0.10236220472440945,0.06299212598425197,127
2016-2019,327,0.5590551181102362,0.1653543307086614,0.11023622047244094,0.07874015748031496,0.08661417322834647,127
2016-2019,328,0.5511811023622047,0.14173228346456693,0.10236220472440945,0.11023622047244094,0.09448818897637795,127
2016-2019,329,0.6062992125984252,0.14173228346456693,0.10236220472440945,0.08661417322834647,0.06299212598425197,127
2016-2019,330,0.5748031496062992,0.12598425196850394,0.10236220472440945,0.12598425196850394,0.07086614173228346,127
2016-2019,331,0.5748031496062992,0.14960629921259844,0.11023622047244094,0.10236220472440945,0.06299212598425197,127
2016-2019,332,0.5826771653543308,0.15748031496062992,0.08661417322834647,0.11811023622047244,0.05511811023622047,127
2016-2019,333,0.5748031496062992,0.15748031496062992,0.08661417322834647,0.13385826771653542,0.047244094488188976,127
2016-2019,334,0.5748031496062992,0.12598425196850394,0.07874015748031496,0.08661417322834647,0.13385826771653542,127
2016-2019,335,0.5984251968503937,0.12598425196850394,0.09448818897637795,0.10236220472440945,0.07874015748031496,127
2016-2019,336,0.5590551181102362,0.17322834645669294,0.11811023622047244,0.10236220472440945,0.047244094488188976,127
2016-2019,337,0.5984251968503937,0.14960629921259844,0.11811023622047244,0.07874015748031496,0.05511811023622047,127
2016-2019,338,0.5748031496062992,0.15748031496062992,0.12598425196850394,0.07874015748031496,0.06299212598425197,127
2016-2019,339,0.5984251968503937,0.15748031496062992,0.07874015748031496,0.11023622047244094,0.05511811023622047,127
2016-2019,340,0.6062992125984252,0.18110236220472442,0.10236220472440945,0.07086614173228346,0.03937007874015748,127
2016-2019,341,0.5826771653543308,0.13385826771653542,0.10236220472440945,0.11811023622047244,0.06299212598425197,127
2016-2019,342,0.5984251968503937,0.14960629921259844,0.08661417322834647,0.09448818897637795,0.07086614173228346,127
2016-2019,343,0.5669291338582677,0.14960629921259844,0.11811023622047244,0.10236220472440945,0.06299212598425197,127
2016-2019,344,0.5826771653543308,0.15748031496062992,0.09448818897637795,0.08661417322834647,0.07874015748031496,127
2016-2019,345,0.5984251968503937,0.14173228346456693,0.10236220472440945,0.08661417322834647,0.07086614173228346,127
2016-2019,346,0.6062992125984252,0.14173228346456693,0.09448818897637795,0.09448818897637795,0.06299212598425197,127
2016-2019,347,0.5984251968503937,0.13385826771653542,0.11023622047244094,0.10236220472440945,0.05511811023622047,127
2016-2019,348,0.5669291338582677,0.17322834645669294,0.08661417322834647,0.11023622047244094,0.06299212598425197,127
2016-2019,349,0.6220472440944882,0.13385826771653542,0.10236220472440945,0.08661417322834647,0.05511811023622047,127
2016-2019,350,0.5669291338582677,0.12598425196850394,0.11811023622047244,0.09448818897637795,0.09448818897637795,127
2016-2019,351,0.5905511811023623,0.13385826771653542,0.09448818897637795,0.07086614173228346,0.11023622047244094,127
2016-2019,352,0.6377952755905512,0.14173228346456693,0.07874015748031496,0.07086614173228346,0.07086614173228346,127
2016-2019,353,0.5984251968503937,0.14960629921259844,0.11023622047244094,0.08661417322834647,0.05511811023622047,127
2016-2019,354,0.5748031496062992,0.18110236220472442,0.09448818897637795,0.08661417322834647,0.06299212598425197,127
2016-2019,355,0.5826771653543308,0.17322834645669294,0.09448818897637795,0.08661417322834647,0.06299212598425197,127
2016-2019,356,0.6062992125984252,0.14960629921259844,0.09448818897637795,0.07086614173228346,0.07874015748031496,127
2016-2019,357,0.5984251968503937,0.14173228346456693,0.09448818897637795,0.07086614173228346,0.09448818897637795,127
2016-2019,358,0.6141732283464567,0.12598425196850394,0.07874015748031496,0.08661417322834647,0.09448818897637795,127
2016-2019,359,0.6062992125984252,0.14173228346456693,0.08661417322834647,0.08661417322834647,0.07874015748031496,127
2016-2019,360,0.5826771653543308,0.12598425196850394,0.08661417322834647,0.11811023622047244,0.08661417322834647,127
2016-2019,361,0.6141732283464567,0.09448818897637795,0.09448818897637795,0.07874015748031496,0.11811023622047244,127
2016-2019,362,0.5748031496062992,0.18110236220472442,0.07874015748031496,0.10236220472440945,0.06299212598425197,127
2016-2019,363,0.5984251968503937,0.15748031496062992,0.09448818897637795,0.09448818897637795,0.05511811023622047,127
2016-2019,364,0.5590551181102362,0.18110236220472442,0.10236220472440945,0.07086614173228346,0.08661417322834647,127
2016-2019,365,0.5826771653543308,0.13385826771653542,0.10236220472440945,0.09448818897637795,0.08661417322834647,127
2016-2019,366,0.6377952755905512,0.12598425196850394,0.09448818897637795,0.09448818897637795,0.047244094488188976,127
2016-2019,367,0.5984251968503937,0.11023622047244094,0.09448818897637795,0.11811023622047244,0.07874015748031496,127
2016-2019,368,0.5826771653543308,0.14960629921259844,0.11023622047244094,0.07874015748031496,0.07874015748031496,127
2016-2019,369,0.6062992125984252,0.11811023622047244,0.08661417322834647,0.09448818897637795,0.09448818897637795,127
2016-2019,370,0.5984251968503937,0.14960629921259844,0.11023622047244094,0.09448818897637795,0.047244094488188976,127
2016-2019,371,0.5669291338582677,0.14173228346456693,0.10236220472440945,0.09448818897637795,0.09448818897637795,127
2016-2019,372,0.6062992125984252,0.15748031496062992,0.10236220472440945,0.07086614173228346,0.06299212598425197,127
2016-2019,373,0.5669291338582677,0.17322834645669294,0.09448818897637795,0.07874015748031496,0.08661417322834647,127
2016-2019,374,0.5826771653543308,0.1653543307086614,0.10236220472440945,0.07874015748031496,0.07086614173228346,127
2016-2019,375,0.5984251968503937,0.11811023622047244,0.11023622047244094,0.11023622047244094,0.06299212598425197,127
2016-2019,376,0.5826771653543308,0.14173228346456693,0.09448818897637795,0.11023622047244094,0.07086614173228346,127
2016-2019,377,0.6141732283464567,0.12598425196850394,0.08661417322834647,0.09448818897637795,0.07874015748031496,127
2016-2019,378,0.6062992125984252,0.14173228346456693,0.07874015748031496,0.10236220472440945,0.07086614173228346,127
2016-2019,379,0.6220472440944882,0.11811023622047244,0.10236220472440945,0.09448818897637795,0.06299212598425197,127
2016-2019,380,0.5826771653543308,0.14173228346456693,0.10236220472440945,0.08661417322834647,0.08661417322834647,127
2016-2019,381,0.5826771653543308,0.14173228346456693,0.10236220472440945,0.10236220472440945,0.07086614173228346,127
2016-2019,382,0.5669291338582677,0.18110236220472442,0.10236220472440945,0.10236220472440945,0.047244094488188976,127
2016-2019,383,0.5669291338582677,0.14173228346456693,0.11811023622047244,0.07086614173228346,0.10236220472440945,127
2016-2019,384,0.5669291338582677,0.12598425196850394,0.09448818897637795,0.11811023622047244,0.09448818897637795,127
2016-2019,385,0.5748031496062992,0.14173228346456693,0.10236220472440945,0.11023622047244094,0.07086614173228346,127
2016-2019,386,0.6220472440944882,0.11023622047244094,0.08661417322834647,0.10236220472440945,0.07874015748031496,127
2016-2019,387,0.6220472440944882,0.1653543307086614,0.08661417322834647,0.06299212598425197,0.06299212598425197,127
2016-2019,388,0.6377952755905512,0.11023622047244094,0.10236220472440945,0.07086614173228346,0.07874015748031496,127
2016-2019,389,0.5748031496062992,0.1653543307086614,0.09448818897637795,0.09448818897637795,0.07086614173228346,127
2016-2019,390,0.5826771653543308,0.12598425196850394,0.09448818897637795,0.11023622047244094,0.08661417322834647,127
2016-2019,391,0.5826771653543308,0.13385826771653542,0.10236220472440945,0.10236220472440945,0.07874015748031496,127
2016-2019,392,0.5905511811023623,0.1653543307086614,0.07874015748031496,0.09448818897637795,0.07086614173228346,127
2016-2019,393,0.5984251968503937,0.14960629921259844,0.10236220472440945,0.09448818897637795,0.05511811023622047,127
2016-2019,394,0.5905511811023623,0.15748031496062992,0.08661417322834647,0.09448818897637795,0.07086614173228346,127
2016-2019,395,0.5748031496062992,0.17322834645669294,0.11023622047244094,0.07874015748031496,0.06299212598425197,127
2016-2019,396,0.5826771653543308,0.13385826771653542,0.09448818897637795,0.09448818897637795,0.09448818897637795,127
2016-2019,397,0.5590551181102362,0.14173228346456693,0.11811023622047244,0.08661417322834647,0.09448818897637795,127
2016-2019,398,0.6535433070866142,0.11023622047244094,0.07874015748031496,0.07874015748031496,0.07874015748031496,127
2016-2019,399,0.5826771653543308,0.14173228346456693,0.14173228346456693,0.09448818897637795,0.03937007874015748,127
2016-2019,400,0.6062992125984252,0.11811023622047244,0.09448818897637795,0.08661417322834647,0.09448818897637795,127
2016-2019,401,0.5905511811023623,0.15748031496062992,0.10236220472440945,0.07086614173228346,0.07874015748031496,127
2016-2019,402,0.6062992125984252,0.14173228346456693,0.12598425196850394,0.07874015748031496,0.047244094488188976,127
2016-2019,403,0.6062992125984252,0.14173228346456693,0.07874015748031496,0.08661417322834647,0.08661417322834647,127
2016-2019,404,0.5905511811023623,0.14173228346456693,0.11811023622047244,0.07874015748031496,0.07086614173228346,127
2016-2019,405,0.5748031496062992,0.15748031496062992,0.09448818897637795,0.09448818897637795,0.07874015748031496,127
2016-2019,406,0.6220472440944882,0.14173228346456693,0.08661417322834647,0.047244094488188976,0.10236220472440945,127
2016-2019,407,0.5826771653543308,0.14173228346456693,0.10236220472440945,0.07874015748031496,0.09448818897637795,127
2016-2019,408,0.6220472440944882,0.11811023622047244,0.11023622047244094,0.07874015748031496,0.07086614173228346,127
2016-2019,409,0.6220472440944882,0.11811023622047244,0.10236220472440945,0.07086614173228346,0.08661417322834647,127
2016-2019,410,0.6141732283464567,0.11811023622047244,0.08661417322834647,0.07874015748031496,0.10236220472440945,127
2016-2019,411,0.5905511811023623,0.13385826771653542,0.08661417322834647,0.11023622047244094,0.07874015748031496,127
2016-2019,412,0.6062992125984252,0.14173228346456693,0.10236220472440945,0.08661417322834647,0.06299212598425197,127
2016-2019,413,0.5826771653543308,0.14173228346456693,0.10236220472440945,0.07874015748031496,0.09448818897637795,127
2016-2019,414,0.5748031496062992,0.14960629921259844,0.11023622047244094,0.10236220472440945,0.06299212598425197,127
2016-2019,415,0.5748031496062992,0.15748031496062992,0.10236220472440945,0.07874015748031496,0.08661417322834647,127
2016-2019,416,0.5905511811023623,0.13385826771653542,0.09448818897637795,0.11023622047244094,0.07086614173228346,127
2016-2019,417,0.6141732283464567,0.13385826771653542,0.08661417322834647,0.08661417322834647,0.07874015748031496,127
2016-2019,418,0.5905511811023623,0.12598425196850394,0.08661417322834647,0.11811023622047244,0.07874015748031496,127
2016-2019,419,0.5905511811023623,0.14173228346456693,0.10236220472440945,0.07086614173228346,0.09448818897637795,127
2016-2019,420,0.5905511811023623,0.11811023622047244,0.11023622047244094,0.08661417322834647,0.09448818897637795,127
2016-2019,421,0.5826771653543308,0.12598425196850394,0.11023622047244094,0.11023622047244094,0.07086614173228346,127
2016-2019,422,0.5748031496062992,0.14173228346456693,0.07874015748031496,0.13385826771653542,0.07086614173228346,127
2016-2019,423,0.6062992125984252,0.10236220472440945,0.09448818897637795,0.11023622047244094,0.08661417322834647,127
2016-2019,424,0.6062992125984252,0.11023622047244094,0.11811023622047244,0.10236220472440945,0.06299212598425197,127
2016-2019,425,0.6220472440944882,0.13385826771653542,0.07874015748031496,0.08661417322834647,0.07874015748031496,127
2016-2019,426,0.6614173228346456,0.13385826771653542,0.06299212598425197,0.09448818897637795,0.047244094488188976,127
2016-2019,427,0.6141732283464567,0.12598425196850394,0.07086614173228346,0.09448818897637795,0.09448818897637795,127
2016-2019,428,0.5748031496062992,0.14960629921259844,0.09448818897637795,0.09448818897637795,0.08661417322834647,127
2016-2019,429,0.5590551181102362,0.17322834645669294,0.10236220472440945,0.10236220472440945,0.06299212598425197,127
2016-2019,430,0.6062992125984252,0.17322834645669294,0.07874015748031496,0.07874015748031496,0.06299212598425197,127
2016-2019,431,0.6220472440944882,0.14960629921259844,0.08661417322834647,0.09448818897637795,0.047244094488188976,127
2016-2019,432,0.5669291338582677,0.14960629921259844,0.11023622047244094,0.11023622047244094,0.06299212598425197,127
2016-2019,433,0.5748031496062992,0.14960629921259844,0.10236220472440945,0.09448818897637795,0.07874015748031496,127
2016-2019,434,0.5826771653543308,0.14960629921259844,0.08661417322834647,0.07086614173228346,0.11023622047244094,127
2016-2019,435,0.5826771653543308,0.11023622047244094,0.11023622047244094,0.13385826771653542,0.06299212598425197,127
2016-2019,436,0.5511811023622047,0.14173228346456693,0.11023622047244094,0.11023622047244094,0.08661417322834647,127
2016-2019,437,0.5669291338582677,0.11811023622047244,0.09448818897637795,0.11023622047244094,0.11023622047244094,127
2016-2019,438,0.5905511811023623,0.14960629921259844,0.09448818897637795,0.10236220472440945,0.06299212598425197,127
2016-2019,439,0.5905511811023623,0.14173228346456693,0.08661417322834647,0.10236220472440945,0.07874015748031496,127
2016-2019,440,0.5905511811023623,0.15748031496062992,0.10236220472440945,0.10236220472440945,0.047244094488188976,127
2016-2019,441,0.6141732283464567,0.14173228346456693,0.08661417322834647,0.11023622047244094,0.047244094488188976,127
2016-2019,442,0.5984251968503937,0.14173228346456693,0.09448818897637795,0.09448818897637795,0.07086614173228346,127
2016-2019,443,0.5511811023622047,0.14173228346456693,0.11811023622047244,0.11023622047244094,0.07874015748031496,127
2016-2019,444,0.5669291338582677,0.12598425196850394,0.12598425196850394,0.11023622047244094,0.07086614173228346,127
2016-2019,445,0.5984251968503937,0.11811023622047244,0.11023622047244094,0.09448818897637795,0.07874015748031496,127
2016-2019,446,0.6377952755905512,0.12598425196850394,0.07086614173228346,0.08661417322834647,0.07874015748031496,127
2016-2019,447,0.5905511811023623,0.13385826771653542,0.10236220472440945,0.09448818897637795,0.07874015748031496,127
2016-2019,448,0.5826771653543308,0.14960629921259844,0.10236220472440945,0.07874015748031496,0.08661417322834647,127
2016-2019,449,0.6062992125984252,0.14960629921259844,0.07874015748031496,0.09448818897637795,0.07086614173228346,127
2016-2019,450,0.5669291338582677,0.14173228346456693,0.12598425196850394,0.08661417322834647,0.07874015748031496,127
2016-2019,451,0.5669291338582677,0.14173228346456693,0.10236220472440945,0.11811023622047244,0.07086614173228346,127
2016-2019,452,0.6299212598425197,0.13385826771653542,0.09448818897637795,0.09448818897637795,0.047244094488188976,127
2016-2019,453,0.5905511811023623,0.12598425196850394,0.09448818897637795,0.07874015748031496,0.11023622047244094,127
2016-2019,454,0.6141732283464567,0.12598425196850394,0.08661417322834647,0.11023622047244094,0.06299212598425197,127
2016-2019,455,0.5905511811023623,0.14173228346456693,0.07874015748031496,0.09448818897637795,0.09448818897637795,127
2016-2019,456,0.5590551181102362,0.17322834645669294,0.10236220472440945,0.11023622047244094,0.05511811023622047,127
2016-2019,457,0.5984251968503937,0.13385826771653542,0.10236220472440945,0.07086614173228346,0.09448818897637795,127
2016-2019,458,0.5905511811023623,0.1653543307086614,0.07874015748031496,0.08661417322834647,0.07874015748031496,127
2016-2019,459,0.5748031496062992,0.15748031496062992,0.11811023622047244,0.07874015748031496,0.07086614173228346,127
2016-2019,460,0.6377952755905512,0.11023622047244094,0.10236220472440945,0.09448818897637795,0.05511811023622047,127
2016-2019,461,0.6141732283464567,0.10236220472440945,0.11023622047244094,0.11811023622047244,0.05511811023622047,127
2016-2019,462,0.6062992125984252,0.13385826771653542,0.08661417322834647,0.09448818897637795,0.07874015748031496,127
2016-2019,463,0.5669291338582677,0.12598425196850394,0.14173228346456693,0.10236220472440945,0.06299212598425197,127
2016-2019,464,0.5984251968503937,0.13385826771653542,0.09448818897637795,0.09448818897637795,0.07874015748031496,127
2016-2019,465,0.6141732283464567,0.11811023622047244,0.08661417322834647,0.12598425196850394,0.05511811023622047,127
2016-2019,466,0.5984251968503937,0.15748031496062992,0.09448818897637795,0.07086614173228346,0.07874015748031496,127
2016-2019,467,0.6062992125984252,0.14173228346456693,0.07874015748031496,0.11811023622047244,0.05511811023622047,127
2016-2019,468,0.6141732283464567,0.11811023622047244,0.11811023622047244,0.09448818897637795,0.05511811023622047,127
2016-2019,469,0.5984251968503937,0.12598425196850394,0.09448818897637795,0.09448818897637795,0.08661417322834647,127
2016-2019,470,0.5748031496062992,0.14173228346456693,0.11023622047244094,0.09448818897637795,0.07874015748031496,127
2016-2019,471,0.5590551181102362,0.15748031496062992,0.10236220472440945,0.11811023622047244,0.06299212598425197,127
2016-2019,472,0.6299212598425197,0.12598425196850394,0.10236220472440945,0.06299212598425197,0.07874015748031496,127
2016-2019,473,0.5826771653543308,0.14173228346456693,0.10236220472440945,0.11023622047244094,0.06299212598425197,127
2016-2019,474,0.6141732283464567,0.13385826771653542,0.07874015748031496,0.11811023622047244,0.05511811023622047,127
2016-2019,475,0.5354330708661417,0.15748031496062992,0.12598425196850394,0.10236220472440945,0.07874015748031496,127
2016-2019,476,0.6062992125984252,0.12598425196850394,0.11023622047244094,0.07874015748031496,0.07874015748031496,127
2016-2019,477,0.5669291338582677,0.1653543307086614,0.10236220472440945,0.07874015748031496,0.08661417322834647,127
2016-2019,478,0.5984251968503937,0.14960629921259844,0.09448818897637795,0.10236220472440945,0.05511811023622047,127
2016-2019,479,0.5905511811023623,0.12598425196850394,0.09448818897637795,0.10236220472440945,0.08661417322834647,127
2016-2019,480,0.5748031496062992,0.12598425196850394,0.11811023622047244,0.07874015748031496,0.10236220472440945,127
2016-2019,481,0.5984251968503937,0.14173228346456693,0.09448818897637795,0.11811023622047244,0.047244094488188976,127
2016-2019,482,0.5748031496062992,0.14960629921259844,0.11811023622047244,0.10236220472440945,0.05511811023622047,127
2016-2019,483,0.5905511811023623,0.10236220472440945,0.11811023622047244,0.07086614173228346,0.11811023622047244,127
2016-2019,484,0.5826771653543308,0.1653543307086614,0.11023622047244094,0.09448818897637795,0.047244094488188976,127
2016-2019,485,0.5984251968503937,0.13385826771653542,0.11023622047244094,0.09448818897637795,0.06299212598425197,127
2016-2019,486,0.6141732283464567,0.14960629921259844,0.08661417322834647,0.09448818897637795,0.05511811023622047,127
2016-2019,487,0.6062992125984252,0.14960629921259844,0.09448818897637795,0.06299212598425197,0.08661417322834647,127
2016-2019,488,0.5984251968503937,0.15748031496062992,0.07086614173228346,0.11023622047244094,0.06299212598425197,127
2016-2019,489,0.6220472440944882,0.12598425196850394,0.09448818897637795,0.08661417322834647,0.07086614173228346,127
2016-2019,490,0.5748031496062992,0.14960629921259844,0.09448818897637795,0.11023622047244094,0.07086614173228346,127
2016-2019,491,0.6141732283464567,0.13385826771653542,0.10236220472440945,0.09448818897637795,0.05511811023622047,127
2016-2019,492,0.5905511811023623,0.12598425196850394,0.10236220472440945,0.10236220472440945,0.07874015748031496,127
2016-2019,493,0.5826771653543308,0.13385826771653542,0.11023622047244094,0.08661417322834647,0.08661417322834647,127
2016-2019,494,0.6220472440944882,0.11811023622047244,0.10236220472440945,0.11023622047244094,0.047244094488188976,127
2016-2019,495,0.5984251968503937,0.11023622047244094,0.11023622047244094,0.07874015748031496,0.10236220472440945,127
2016-2019,496,0.6062992125984252,0.14173228346456693,0.08661417322834647,0.11023622047244094,0.05511811023622047,127
2016-2019,497,0.5905511811023623,0.14173228346456693,0.09448818897637795,0.10236220472440945,0.07086614173228346,127
2016-2019,498,0.5826771653543308,0.15748031496062992,0.08661417322834647,0.11811023622047244,0.05511811023622047,127
2016-2019,499,0.5984251968503937,0.14960629921259844,0.08661417322834647,0.07874015748031496,0.08661417322834647,127
2016-2019,500,0.5984251968503937,0.14960629921259844,0.07874015748031496,0.08661417322834647,0.08661417322834647,127
2010-2012,0,0.360424778761062,0.11320353982300885,0.19339823008849558,0.13854867256637168,0.19442477876106196,113
2016-2019,0,0.5928503937007874,0.13970078740157482,0.09943307086614173,0.09549606299212599,0.07251968503937008,127
