"","nvar","r","d","het","iter","alpha","strategy","p1","p2","p3","p4","p5"
"1",25,0.7,0,0,10000,0.05,1,28.3185840707965,21.7762326169406,18.7104930467762,15.992414664981,15.2022756005057
"2",25,0.7,0,0,10000,0.05,2,28.3185840707965,21.7762326169406,18.7104930467762,15.992414664981,15.2022756005057
"3",25,0.7,0,0,10000,0.05,3,10.0505689001264,17.3514538558786,21.2389380530973,24.1782553729456,27.180783817952
