"","nvar","r","d","het","iter","alpha","strategy","p1","p2","p3","p4","p5"
"1",133,0.1,0,0,10000,0.05,1,70.564637448601,20.1283722796109,6.56905024571257,2.06599137498746,0.671948651088156
"2",133,0.1,0,0,10000,0.05,2,70.564637448601,20.1283722796109,6.56905024571257,2.06599137498746,0.671948651088156
"3",133,0.1,0,0,10000,0.05,3,19.6770634841039,20.0882559422325,20.1985758700231,19.8676160866513,20.1684886169893
