"","nvar","r","d","het","iter","alpha","strategy","p1","p2","p3","p4","p5"
"1",67,0.1,0,0,10000,0.05,1,50.2247778358599,24.6732880292734,13.9466806063774,7.20334553058024,3.95190799790904
"2",67,0.1,0,0,10000,0.05,2,50.2247778358599,24.6732880292734,13.9466806063774,7.20334553058024,3.95190799790904
"3",67,0.1,0,0,10000,0.05,3,20.1463669628855,19.5295347621537,20.3554626241506,20.2404600104548,19.7281756403555
