"","nvar","r","d","het","iter","alpha","strategy","p1","p2","p3","p4","p5"
"1",109,0.7,0,0,10000,0.05,1,36.6041275797373,20.8630393996248,16.0412757973734,13.1707317073171,13.3208255159475
"2",109,0.7,0,0,10000,0.05,2,36.6041275797373,20.8630393996248,16.0412757973734,13.1707317073171,13.3208255159475
"3",109,0.7,0,0,10000,0.05,3,7.99249530956848,15.3095684803002,20.4878048780488,25.4971857410882,30.7129455909944
