"","nvar","r","d","het","iter","alpha","strategy","p1","p2","p3","p4","p5"
"1",101,0,0,0,10000,0.05,1,64.1456300915217,23.5844312581716,8.2369506185256,2.98702604847631,1.04596198330484
"2",101,0,0,0,10000,0.05,2,64.1456300915217,23.5844312581716,8.2369506185256,2.98702604847631,1.04596198330484
"3",101,0,0,0,10000,0.05,3,19.7525897616414,20.0543095645178,20.0643668912803,20.225284119481,19.9034496630796
