"","nvar","r","d","het","iter","alpha","strategy","p1","p2","p3","p4","p5"
"1",199,0.1,0,0,10000,0.05,1,83.3883388338834,13.5513551355136,2.57025702570257,0.38003800380038,0.11001100110011
"2",199,0.1,0,0,10000,0.05,2,83.3883388338834,13.5513551355136,2.57025702570257,0.38003800380038,0.11001100110011
"3",199,0.1,0,0,10000,0.05,3,18.7818781878188,19.6919691969197,20.4120412041204,20.5920592059206,20.5220522052205
