"","nvar","r","d","het","iter","alpha","strategy","p1","p2","p3","p4","p5"
"1",135,0.1,0,0,10000,0.05,1,71.070820394671,20.204347390564,6.06030251427427,2.13362716618251,0.530902534308324
"2",135,0.1,0,0,10000,0.05,2,71.070820394671,20.204347390564,6.06030251427427,2.13362716618251,0.530902534308324
"3",135,0.1,0,0,10000,0.05,3,19.2527296403887,19.5732745667635,20.2945006511069,20.6350796353801,20.2444155063608
