"","nvar","r","d","het","iter","alpha","strategy","p1","p2","p3","p4","p5"
"1",57,0.5,0,0,10000,0.05,1,35.8093797276853,21.482602118003,16.9440242057489,14.1452344931921,11.6187594553707
"2",57,0.5,0,0,10000,0.05,2,35.8093797276853,21.482602118003,16.9440242057489,14.1452344931921,11.6187594553707
"3",57,0.5,0,0,10000,0.05,3,12.8593040847201,17.0953101361573,20.6354009077156,24.0393343419062,25.3706505295008
