"","nvar","r","d","het","iter","alpha","strategy","p1","p2","p3","p4","p5"
"1",107,0.3,0,0,10000,0.05,1,51.7737195633921,23.9399664147775,12.8673383711167,7.23131821998321,4.18765743073048
"2",107,0.3,0,0,10000,0.05,2,51.7737195633921,23.9399664147775,12.8673383711167,7.23131821998321,4.18765743073048
"3",107,0.3,0,0,10000,0.05,3,16.2363560033585,19.8047858942065,20.6968933669186,21.4630562552477,21.7989084802687
