"","nvar","r","d","het","iter","alpha","strategy","p1","p2","p3","p4","p5"
"1",123,0.8,0,0,10000,0.05,1,33.4439622159816,20.5514424304315,16.6198621393924,15.292315547613,14.0924176665816
"2",123,0.8,0,0,10000,0.05,2,33.4439622159816,20.5514424304315,16.6198621393924,15.292315547613,14.0924176665816
"3",123,0.8,0,0,10000,0.05,3,5.9229001787082,12.9946387541486,20.4237937196834,26.2190451876436,34.4396221598162
