"","nvar","r","d","het","iter","alpha","strategy","p1","p2","p3","p4","p5"
"1",187,0.3,0,0,10000,0.05,1,62.9439063761098,22.2054075867635,9.44309927360775,3.8135593220339,1.59402744148507
"2",187,0.3,0,0,10000,0.05,2,62.9439063761098,22.2054075867635,9.44309927360775,3.8135593220339,1.59402744148507
"3",187,0.3,0,0,10000,0.05,3,15.910008071025,19.3401937046005,20.7324455205811,21.7917675544794,22.225585149314
