"","nvar","r","d","het","iter","alpha","strategy","p1","p2","p3","p4","p5"
"1",183,0.6,0,0,10000,0.05,1,40.9180586610548,21.8334867815336,15.4149677758779,12.1530974615283,9.68038932000526
"2",183,0.6,0,0,10000,0.05,2,40.9180586610548,21.8334867815336,15.4149677758779,12.1530974615283,9.68038932000526
"3",183,0.6,0,0,10000,0.05,3,9.89083256609233,15.5596475075628,20.5576746021307,24.792844929633,29.1990003945811
