"","nvar","r","d","het","iter","alpha","strategy","p1","p2","p3","p4","p5"
"1",177,0.2,0,0,10000,0.05,1,71.4471707561342,20.0400600901352,5.87881822734101,1.94291437155734,0.691036554832248
"2",177,0.2,0,0,10000,0.05,2,71.4471707561342,20.0400600901352,5.87881822734101,1.94291437155734,0.691036554832248
"3",177,0.2,0,0,10000,0.05,3,16.8552829243866,20.1301952929394,20.6710065097646,21.0315473209815,21.3119679519279
