"","nvar","r","d","het","iter","alpha","strategy","p1","p2","p3","p4","p5"
"1",53,0.3,0,0,10000,0.05,1,37.6889322281814,24.305216967333,17.1257922964408,12.2988785958069,8.58117991223793
"2",53,0.3,0,0,10000,0.05,2,37.6889322281814,24.305216967333,17.1257922964408,12.2988785958069,8.58117991223793
"3",53,0.3,0,0,10000,0.05,3,16.1140906874695,19.2223305704534,20.1487079473428,21.6479765967821,22.8668941979522
