"","nvar","r","d","het","iter","alpha","strategy","p1","p2","p3","p4","p5"
"1",11,0.5,0,0,10000,0.05,1,26.4822134387352,21.3109354413702,19.2687747035573,16.8313570487484,16.1067193675889
"2",11,0.5,0,0,10000,0.05,2,26.4822134387352,21.3109354413702,19.2687747035573,16.8313570487484,16.1067193675889
"3",11,0.5,0,0,10000,0.05,3,15.7773386034256,19.5652173913043,20.5862977602108,21.0474308300395,23.0237154150198
