"","nvar","r","d","het","iter","alpha","strategy","p1","p2","p3","p4","p5"
"1",1,0.1,0,0,10000,0.05,1,20.7650273224044,19.1256830601093,23.3151183970856,16.7577413479053,20.0364298724954
"2",1,0.1,0,0,10000,0.05,2,20.7650273224044,19.1256830601093,23.3151183970856,16.7577413479053,20.0364298724954
"3",1,0.1,0,0,10000,0.05,3,20.7650273224044,19.1256830601093,23.3151183970856,16.7577413479053,20.0364298724954
