"","nvar","r","d","het","iter","alpha","strategy","p1","p2","p3","p4","p5"
"1",61,0.1,0,0,10000,0.05,1,46.512368616626,25.9581696570761,14.0991612697739,8.7376579254698,4.69264253105425
"2",61,0.1,0,0,10000,0.05,2,46.512368616626,25.9581696570761,14.0991612697739,8.7376579254698,4.69264253105425
"3",61,0.1,0,0,10000,0.05,3,19.4606646140779,20.3312453551332,19.7260855717167,20.6709841809109,19.8110202781612
