"","nvar","r","d","het","iter","alpha","strategy","p1","p2","p3","p4","p5"
"1",69,0.1,0,0,10000,0.05,1,48.7535203921978,26.014394492542,13.8312297903411,7.59361635548138,3.80723896943778
"2",69,0.1,0,0,10000,0.05,2,48.7535203921978,26.014394492542,13.8312297903411,7.59361635548138,3.80723896943778
"3",69,0.1,0,0,10000,0.05,3,18.7962866381558,20.1627203504746,20.4547825179931,20.2357358923542,20.3504746010222
