"","nvar","r","d","het","iter","alpha","strategy","p1","p2","p3","p4","p5"
"1",1,0.8,0,0,10000,0.05,1,19.6280991735537,20.8677685950413,21.2809917355372,19.0082644628099,19.2148760330579
"2",1,0.8,0,0,10000,0.05,2,19.6280991735537,20.8677685950413,21.2809917355372,19.0082644628099,19.2148760330579
"3",1,0.8,0,0,10000,0.05,3,19.6280991735537,20.8677685950413,21.2809917355372,19.0082644628099,19.2148760330579
