"","nvar","r","d","het","iter","alpha","strategy","p1","p2","p3","p4","p5"
"1",25,0.1,0,0,10000,0.05,1,31.3418079096045,24.4774011299435,18.2344632768362,14.8870056497175,11.0593220338983
"2",25,0.1,0,0,10000,0.05,2,31.3418079096045,24.4774011299435,18.2344632768362,14.8870056497175,11.0593220338983
"3",25,0.1,0,0,10000,0.05,3,19.816384180791,20.6779661016949,19.180790960452,20.7627118644068,19.5621468926554
