"","nvar","r","d","het","iter","alpha","strategy","p1","p2","p3","p4","p5"
"1",181,0.1,0,0,10000,0.05,1,79.7659531906381,15.9731946389278,3.4506901380276,0.660132026405281,0.1500300060012
"2",181,0.1,0,0,10000,0.05,2,79.7659531906381,15.9731946389278,3.4506901380276,0.660132026405281,0.1500300060012
"3",181,0.1,0,0,10000,0.05,3,19.873974794959,20.2840568113623,19.6439287857572,20.1440288057612,20.0540108021604
