"","nvar","r","d","het","iter","alpha","strategy","p1","p2","p3","p4","p5"
"1",9,0,0,0,10000,0.05,1,23.524678111588,21.9152360515021,19.3937768240343,18.3744635193133,16.7918454935622
"2",9,0,0,0,10000,0.05,2,23.524678111588,21.9152360515021,19.3937768240343,18.3744635193133,16.7918454935622
"3",9,0,0,0,10000,0.05,3,20.118025751073,20.574034334764,19.7424892703863,20.4130901287554,19.1523605150215
