"","nvar","r","d","het","iter","alpha","strategy","p1","p2","p3","p4","p5"
"1",27,0,0,0,10000,0.05,1,31.4059565334049,24.3627582506037,19.2782398712101,14.4888650389053,10.464180305876
"2",27,0,0,0,10000,0.05,2,31.4059565334049,24.3627582506037,19.2782398712101,14.4888650389053,10.464180305876
"3",27,0,0,0,10000,0.05,3,19.5063053394151,19.9892675073786,20.5124765226724,20.3917359806815,19.6002146498524
