"","nvar","r","d","het","iter","alpha","strategy","p1","p2","p3","p4","p5"
"1",51,0,0,0,10000,0.05,1,43.687005527257,25.6312994472743,15.9206676059391,9.1687439037607,5.59228351576894
"2",51,0,0,0,10000,0.05,2,43.687005527257,25.6312994472743,15.9206676059391,9.1687439037607,5.59228351576894
"3",51,0,0,0,10000,0.05,3,20.494201799068,19.6596943752032,19.9089628264875,19.9956648964994,19.941476102742
