"","nvar","r","d","het","iter","alpha","strategy","p1","p2","p3","p4","p5"
"1",149,0.2,0,0,10000,0.05,1,66.5828387486168,21.2855849512122,8.04748013278342,3.0077456996278,1.07635046775978
"2",149,0.2,0,0,10000,0.05,2,66.5828387486168,21.2855849512122,8.04748013278342,3.0077456996278,1.07635046775978
"3",149,0.2,0,0,10000,0.05,3,18.0766522482648,19.394427120008,20.9536263957348,20.2092344834524,21.36605975254
