"","nvar","r","d","het","iter","alpha","strategy","p1","p2","p3","p4","p5"
"1",77,0,0,0,10000,0.05,1,55.0906129097943,25.0865404194665,11.9731215638363,5.396049684382,2.45367542252087
"2",77,0,0,0,10000,0.05,2,55.0906129097943,25.0865404194665,11.9731215638363,5.396049684382,2.45367542252087
"3",77,0,0,0,10000,0.05,3,20.0468336387701,19.4257788637752,20.2097332518835,20.54571370393,19.7719405416412
