"","nvar","r","d","het","iter","alpha","strategy","p1","p2","p3","p4","p5"
"1",41,0.6,0,0,10000,0.05,1,31.5811004295357,20.8017999590918,18.6745755778278,15.6269175700552,13.3156064634895
"2",41,0.6,0,0,10000,0.05,2,31.5811004295357,20.8017999590918,18.6745755778278,15.6269175700552,13.3156064634895
"3",41,0.6,0,0,10000,0.05,3,12.2519942728574,16.6087134383309,20.576805072612,24.2176314174678,26.3448557987318
