"","nvar","r","d","het","iter","alpha","strategy","p1","p2","p3","p4","p5"
"1",193,0.5,0,0,10000,0.05,1,45.9192725659791,22.28875582169,15.4357950765136,9.4810379241517,6.87513861166556
"2",193,0.5,0,0,10000,0.05,2,45.9192725659791,22.28875582169,15.4357950765136,9.4810379241517,6.87513861166556
"3",193,0.5,0,0,10000,0.05,3,10.9336881791972,17.6646706586826,21.701042359725,23.8079396762031,25.8926591261921
