"","nvar","r","d","het","iter","alpha","strategy","p1","p2","p3","p4","p5"
"1",117,0.9,0,0,10000,0.05,1,31.044650379107,21.3984835720303,17.0176916596462,16.301600673968,14.2375737152485
"2",117,0.9,0,0,10000,0.05,2,31.044650379107,21.3984835720303,17.0176916596462,16.301600673968,14.2375737152485
"3",117,0.9,0,0,10000,0.05,3,5.85509688289806,10.2358887952822,16.7649536647009,29.4439764111205,37.7000842459983
