"","nvar","r","d","het","iter","alpha","strategy","p1","p2","p3","p4","p5"
"1",197,0.4,0,0,10000,0.05,1,55.7248764415156,22.745057660626,11.6968698517298,6.39415156507414,3.43904448105437
"2",197,0.4,0,0,10000,0.05,2,55.7248764415156,22.745057660626,11.6968698517298,6.39415156507414,3.43904448105437
"3",197,0.4,0,0,10000,0.05,3,13.7664744645799,18.5646622734761,20.4386326194399,22.8171334431631,24.413097199341
