"","nvar","r","d","het","iter","alpha","strategy","p1","p2","p3","p4","p5"
"1",123,0,0,0,10000,0.05,1,70.3599719241953,21.2573949664093,6.3471372706307,1.62438584177279,0.411109996991878
"2",123,0,0,0,10000,0.05,2,70.3599719241953,21.2573949664093,6.3471372706307,1.62438584177279,0.411109996991878
"3",123,0,0,0,10000,0.05,3,19.7332798556101,19.92379424446,19.8736588789732,19.9739296099469,20.4953374110097
