"","nvar","r","d","het","iter","alpha","strategy","p1","p2","p3","p4","p5"
"1",197,0.7,0,0,10000,0.05,1,37.6282782212087,20.9480371395993,16.2078514416029,12.9662811532823,12.2495520443069
"2",197,0.7,0,0,10000,0.05,2,37.6282782212087,20.9480371395993,16.2078514416029,12.9662811532823,12.2495520443069
"3",197,0.7,0,0,10000,0.05,3,7.34647336699788,13.9110604332953,20.9480371395993,25.2809903893142,32.5134386707933
