"","nvar","r","d","het","iter","alpha","strategy","p1","p2","p3","p4","p5"
"1",101,0.4,0,0,10000,0.05,1,44.0208168344835,23.5433872610024,15.2732209525964,10.2047742957348,6.95780065618283
"2",101,0.4,0,0,10000,0.05,2,44.0208168344835,23.5433872610024,15.2732209525964,10.2047742957348,6.95780065618283
"3",101,0.4,0,0,10000,0.05,3,14.2323792284195,18.9840479692273,21.4503903156466,22.3328430817966,23.0003394049101
