"","nvar","r","d","het","iter","alpha","strategy","p1","p2","p3","p4","p5"
"1",181,0.7,0,0,10000,0.05,1,37.1423763042747,21.7266913497139,15.8869067653989,14.0356782228206,11.208347357792
"2",181,0.7,0,0,10000,0.05,2,37.1423763042747,21.7266913497139,15.8869067653989,14.0356782228206,11.208347357792
"3",181,0.7,0,0,10000,0.05,3,7.2871087176035,14.8266576910131,20.0100976102322,27.0279367216425,30.8481992595086
