"","nvar","r","d","het","iter","alpha","strategy","p1","p2","p3","p4","p5"
"1",151,0.4,0,0,10000,0.05,1,50.3811944091487,22.7551884794579,13.3312155866158,8.73570520965693,4.79669631512071
"2",151,0.4,0,0,10000,0.05,2,50.3811944091487,22.7551884794579,13.3312155866158,8.73570520965693,4.79669631512071
"3",151,0.4,0,0,10000,0.05,3,13.5535789919526,18.6573485811097,20.8386277001271,22.2151630664972,24.7352816603134
