"","nvar","r","d","het","iter","alpha","strategy","p1","p2","p3","p4","p5"
"1",33,0.9,0,0,10000,0.05,1,26.2249443207127,21.4365256124722,19.3763919821826,17.0935412026726,15.8685968819599
"2",33,0.9,0,0,10000,0.05,2,26.2249443207127,21.4365256124722,19.3763919821826,17.0935412026726,15.8685968819599
"3",33,0.9,0,0,10000,0.05,3,7.57238307349666,10.913140311804,19.4877505567929,26.2249443207127,35.8017817371938
