"","nvar","r","d","het","iter","alpha","strategy","p1","p2","p3","p4","p5"
"1",85,0.8,0,0,10000,0.05,1,32.3775055679287,20.8518930957684,18.2906458797327,14.8942093541203,13.5857461024499
"2",85,0.8,0,0,10000,0.05,2,32.3775055679287,20.8518930957684,18.2906458797327,14.8942093541203,13.5857461024499
"3",85,0.8,0,0,10000,0.05,3,6.6815144766147,13.3351893095768,20.3786191536748,26.0022271714922,33.6024498886414
