"","nvar","r","d","het","iter","alpha","strategy","p1","p2","p3","p4","p5"
"1",167,0.8,0,0,10000,0.05,1,34.1808587191173,20.7963540417366,17.0304629407532,14.7757255936675,13.2165987047254
"2",167,0.8,0,0,10000,0.05,2,34.1808587191173,20.7963540417366,17.0304629407532,14.7757255936675,13.2165987047254
"3",167,0.8,0,0,10000,0.05,3,5.27704485488127,12.9287598944591,19.5250659630607,27.5845526505157,34.6845766370832
