"","nvar","r","d","het","iter","alpha","strategy","p1","p2","p3","p4","p5"
"1",33,0,0,0,10000,0.05,1,34.9198520345253,24.7595561035758,17.5955610357583,13.6374845869297,9.08754623921085
"2",33,0,0,0,10000,0.05,2,34.9198520345253,24.7595561035758,17.5955610357583,13.6374845869297,9.08754623921085
"3",33,0,0,0,10000,0.05,3,20.0863131935882,20.0863131935882,19.6794081381011,20.2959309494451,19.8520345252774
