"","nvar","r","d","het","iter","alpha","strategy","p1","p2","p3","p4","p5"
"1",85,0.2,0,0,10000,0.05,1,50.6647278770253,24.480681346074,13.7411715828833,7.09389281262983,4.01952638138762
"2",85,0.2,0,0,10000,0.05,2,50.6647278770253,24.480681346074,13.7411715828833,7.09389281262983,4.01952638138762
"3",85,0.2,0,0,10000,0.05,3,18.1969256335688,19.4952222683839,20.2534275031159,20.9285417532198,21.1258828417117
