"","nvar","r","d","het","iter","alpha","strategy","p1","p2","p3","p4","p5"
"1",75,0.6,0,0,10000,0.05,1,34.8996655518395,20.61872909699,17.6254180602007,14.4816053511706,12.3745819397993
"2",75,0.6,0,0,10000,0.05,2,34.8996655518395,20.61872909699,17.6254180602007,14.4816053511706,12.3745819397993
"3",75,0.6,0,0,10000,0.05,3,10.9197324414716,16.0200668896321,20.9364548494983,24.7324414715719,27.3913043478261
