"","nvar","r","d","het","iter","alpha","strategy","p1","p2","p3","p4","p5"
"1",147,0.4,0,0,10000,0.05,1,50.281944887754,22.6513458878604,13.5333546121928,8.39451005426109,5.13884455793169
"2",147,0.4,0,0,10000,0.05,2,50.281944887754,22.6513458878604,13.5333546121928,8.39451005426109,5.13884455793169
"3",147,0.4,0,0,10000,0.05,3,13.8844557931695,18.682838599851,21.1405468666879,22.7045430364932,23.5876157037983
