"","nvar","r","d","het","iter","alpha","strategy","p1","p2","p3","p4","p5"
"1",7,0.9,0,0,10000,0.05,1,24.3718592964824,19.9329983249581,18.5092127303183,18.3417085427136,18.8442211055276
"2",7,0.9,0,0,10000,0.05,2,24.3718592964824,19.9329983249581,18.5092127303183,18.3417085427136,18.8442211055276
"3",7,0.9,0,0,10000,0.05,3,10.7202680067002,16.0804020100502,20.5192629815745,23.9530988274707,28.7269681742044
