"","nvar","r","d","het","iter","alpha","strategy","p1","p2","p3","p4","p5"
"1",63,0.2,0,0,10000,0.05,1,43.7581415544941,25.3799392097264,15.7511940946591,9.11854103343465,5.99218410768563
"2",63,0.2,0,0,10000,0.05,2,43.7581415544941,25.3799392097264,15.7511940946591,9.11854103343465,5.99218410768563
"3",63,0.2,0,0,10000,0.05,3,18.0308293530178,20.3213200173686,20.5275727312201,20.1910551454624,20.929222752931
