"","nvar","r","d","het","iter","alpha","strategy","p1","p2","p3","p4","p5"
"1",45,0.6,0,0,10000,0.05,1,32.6223091976517,20.880626223092,18.0626223091976,14.6379647749511,13.7964774951076
"2",45,0.6,0,0,10000,0.05,2,32.6223091976517,20.880626223092,18.0626223091976,14.6379647749511,13.7964774951076
"3",45,0.6,0,0,10000,0.05,3,11.1545988258317,16.8101761252446,21.9765166340509,23.013698630137,27.0450097847358
