"","nvar","r","d","het","iter","alpha","strategy","p1","p2","p3","p4","p5"
"1",71,0.2,0,0,10000,0.05,1,47.2127659574468,25.4787234042553,13.8085106382979,8.29787234042553,5.20212765957447
"2",71,0.2,0,0,10000,0.05,2,47.2127659574468,25.4787234042553,13.8085106382979,8.29787234042553,5.20212765957447
"3",71,0.2,0,0,10000,0.05,3,18.1489361702128,19.8404255319149,20.5425531914894,20.031914893617,21.436170212766
