"","nvar","r","d","het","iter","alpha","strategy","p1","p2","p3","p4","p5"
"1",89,0.2,0,0,10000,0.05,1,51.3666838576586,24.7240845796802,13.604951005673,6.60134089736978,3.70293965961836
"2",89,0.2,0,0,10000,0.05,2,51.3666838576586,24.7240845796802,13.604951005673,6.60134089736978,3.70293965961836
"3",89,0.2,0,0,10000,0.05,3,17.2356884992264,20.0309437854564,20.4228984012378,20.8870551830841,21.4234141309954
