"","nvar","r","d","het","iter","alpha","strategy","p1","p2","p3","p4","p5"
"1",171,0.4,0,0,10000,0.05,1,51.6038031553652,23.2891024971267,13.509560129558,7.49138021105423,4.10615400689583
"2",171,0.4,0,0,10000,0.05,2,51.6038031553652,23.2891024971267,13.509560129558,7.49138021105423,4.10615400689583
"3",171,0.4,0,0,10000,0.05,3,13.9588339776408,18.5978476648208,20.9069062793856,22.5368300073138,23.999582070839
