"","nvar","r","d","het","iter","alpha","strategy","p1","p2","p3","p4","p5"
"1",67,0.7,0,0,10000,0.05,1,33.2460161536782,21.1962453612748,17.3324601615368,15.084042785418,13.1412355380921
"2",67,0.7,0,0,10000,0.05,2,33.2460161536782,21.1962453612748,17.3324601615368,15.084042785418,13.1412355380921
"3",67,0.7,0,0,10000,0.05,3,8.44793713163065,15.9353852870552,20.3449028596376,25.9332023575639,29.3385723641126
