"","nvar","r","d","het","iter","alpha","strategy","p1","p2","p3","p4","p5"
"1",13,0.1,0,0,10000,0.05,1,24.4052676295667,22.4723874256585,19.7960917587086,18.2880203908241,15.0382327952421
"2",13,0.1,0,0,10000,0.05,2,24.4052676295667,22.4723874256585,19.7960917587086,18.2880203908241,15.0382327952421
"3",13,0.1,0,0,10000,0.05,3,19.392523364486,20.3483432455395,19.6474086661003,21.2829226847918,19.3288020390824
