"","nvar","r","d","het","iter","alpha","strategy","p1","p2","p3","p4","p5"
"1",25,0,0,0,10000,0.05,1,31.2329141607436,24.0295243302351,18.5483870967742,14.406779661017,11.7823947512302
"2",25,0,0,0,10000,0.05,2,31.2329141607436,24.0295243302351,18.5483870967742,14.406779661017,11.7823947512302
"3",25,0,0,0,10000,0.05,3,20.0109349371241,19.8605795516676,19.5462001093494,19.7922361946419,20.7900492072171
