"","nvar","r","d","het","iter","alpha","strategy","p1","p2","p3","p4","p5"
"1",175,0.2,0,0,10000,0.05,1,71.1650290755966,19.8415881291358,6.25626629236014,2.07539602967716,0.661720473230399
"2",175,0.2,0,0,10000,0.05,2,71.1650290755966,19.8415881291358,6.25626629236014,2.07539602967716,0.661720473230399
"3",175,0.2,0,0,10000,0.05,3,18.0770002005214,19.4706236214157,20.7940645678765,20.8040906356527,20.8542209745338
