"","nvar","r","d","het","iter","alpha","strategy","p1","p2","p3","p4","p5"
"1",31,0.9,0,0,10000,0.05,1,27.6871131119865,22.0596510973551,18.5706246482836,17.6139561057963,14.0686550365785
"2",31,0.9,0,0,10000,0.05,2,27.6871131119865,22.0596510973551,18.5706246482836,17.6139561057963,14.0686550365785
"3",31,0.9,0,0,10000,0.05,3,7.6533483398987,12.3241418120428,19.0770962296004,27.4057400112549,33.5396736072031
