"","nvar","r","d","het","iter","alpha","strategy","p1","p2","p3","p4","p5"
"1",59,0.1,0,0,10000,0.05,1,45.1930274836916,25.9544433750401,14.8112501336755,8.672869211849,5.36840979574377
"2",59,0.1,0,0,10000,0.05,2,45.1930274836916,25.9544433750401,14.8112501336755,8.672869211849,5.36840979574377
"3",59,0.1,0,0,10000,0.05,3,18.9712330232061,19.9123088439739,20.9282429686665,19.7518981927067,20.4363169714469
