"","nvar","r","d","het","iter","alpha","strategy","p1","p2","p3","p4","p5"
"1",135,0.9,0,0,10000,0.05,1,29.4754371357202,20.9825145711907,19.0258118234804,15.5287260616153,14.9875104079933
"2",135,0.9,0,0,10000,0.05,2,29.4754371357202,20.9825145711907,19.0258118234804,15.5287260616153,14.9875104079933
"3",135,0.9,0,0,10000,0.05,3,5.6203164029975,9.95004163197336,17.0691090757702,27.9766860949209,39.383846794338
