"","nvar","r","d","het","iter","alpha","strategy","p1","p2","p3","p4","p5"
"1",15,0.2,0,0,10000,0.05,1,26.2573217531812,22.2581296707736,20.1373459907089,16.5421127045041,14.8050898808322
"2",15,0.2,0,0,10000,0.05,2,26.2573217531812,22.2581296707736,20.1373459907089,16.5421127045041,14.8050898808322
"3",15,0.2,0,0,10000,0.05,3,19.0466572409614,19.5516057362149,21.0866491617855,19.995960412038,20.3191274490002
