"","nvar","r","d","het","iter","alpha","strategy","p1","p2","p3","p4","p5"
"1",47,0.1,0,0,10000,0.05,1,40.2319558608265,25.9092444544533,16.3495101902939,10.6969935818039,6.81229591262245
"2",47,0.1,0,0,10000,0.05,2,40.2319558608265,25.9092444544533,16.3495101902939,10.6969935818039,6.81229591262245
"3",47,0.1,0,0,10000,0.05,3,19.536088278347,19.6374282175431,20.0653079608152,20.4368877378674,20.3242878054273
