"","nvar","r","d","het","iter","alpha","strategy","p1","p2","p3","p4","p5"
"1",115,0.6,0,0,10000,0.05,1,37.5655976676385,21.6618075801749,16.399416909621,13.1778425655977,11.1953352769679
"2",115,0.6,0,0,10000,0.05,2,37.5655976676385,21.6618075801749,16.399416909621,13.1778425655977,11.1953352769679
"3",115,0.6,0,0,10000,0.05,3,9.73760932944606,16.6180758017493,21.3848396501458,23.8629737609329,28.3965014577259
