"","nvar","r","d","het","iter","alpha","strategy","p1","p2","p3","p4","p5"
"1",25,0.6,0,0,10000,0.05,1,28.9213260761999,22.2167243938644,18.2582879762494,15.9574468085106,14.6462147451757
"2",25,0.6,0,0,10000,0.05,2,28.9213260761999,22.2167243938644,18.2582879762494,15.9574468085106,14.6462147451757
"3",25,0.6,0,0,10000,0.05,3,11.9495299356754,18.0108857001484,21.1034141514102,23.0578921326076,25.8782780801583
