"","nvar","r","d","het","iter","alpha","strategy","p1","p2","p3","p4","p5"
"1",119,0.1,0,0,10000,0.05,1,65.862727364084,22.8318761933474,7.61732489197066,2.77359059391016,0.91448095668777
"2",119,0.1,0,0,10000,0.05,2,65.862727364084,22.8318761933474,7.61732489197066,2.77359059391016,0.91448095668777
"3",119,0.1,0,0,10000,0.05,3,19.0634107124912,19.9979901517435,19.977891669179,20.972766556125,19.9879409104613
