"","nvar","r","d","het","iter","alpha","strategy","p1","p2","p3","p4","p5"
"1",109,0.6,0,0,10000,0.05,1,37.5838926174497,21.4914243102163,16.420581655481,13.5123042505593,10.9917971662938
"2",109,0.6,0,0,10000,0.05,2,37.5838926174497,21.4914243102163,16.420581655481,13.5123042505593,10.9917971662938
"3",109,0.6,0,0,10000,0.05,3,9.96271439224459,16.4951528709918,21.2527964205817,24.1461595824012,28.1431767337808
