"","nvar","r","d","het","iter","alpha","strategy","p1","p2","p3","p4","p5"
"1",123,0.6,0,0,10000,0.05,1,38.5248267898383,20.5254041570439,16.5993071593533,12.7453810623557,11.6050808314088
"2",123,0.6,0,0,10000,0.05,2,38.5248267898383,20.5254041570439,16.5993071593533,12.7453810623557,11.6050808314088
"3",123,0.6,0,0,10000,0.05,3,9.74307159353349,16.4693995381062,21.3192840646651,23.6143187066975,28.8539260969977
