"","nvar","r","d","het","iter","alpha","strategy","p1","p2","p3","p4","p5"
"1",119,0.2,0,0,10000,0.05,1,59.2074592074592,23.6039322995845,10.4489713185365,4.81402655315699,1.9256106212628
"2",119,0.2,0,0,10000,0.05,2,59.2074592074592,23.6039322995845,10.4489713185365,4.81402655315699,1.9256106212628
"3",119,0.2,0,0,10000,0.05,3,17.5027870680045,19.5905543731631,20.4317421708726,21.1411776629168,21.3337387250431
