"","nvar","r","d","het","iter","alpha","strategy","p1","p2","p3","p4","p5"
"1",15,0.4,0,0,10000,0.05,1,26.1999531725591,21.189416998361,19.2460782018263,17.9114961367361,15.4530554905174
"2",15,0.4,0,0,10000,0.05,2,26.1999531725591,21.189416998361,19.2460782018263,17.9114961367361,15.4530554905174
"3",15,0.4,0,0,10000,0.05,3,16.3896043081246,19.0119409974245,20.2060407398736,22.1493795364083,22.243034418169
