"","nvar","r","d","het","iter","alpha","strategy","p1","p2","p3","p4","p5"
"1",23,0.4,0,0,10000,0.05,1,29.9600532623169,21.6473273730264,18.5276773825376,15.78847251284,14.0764694692791
"2",23,0.4,0,0,10000,0.05,2,29.9600532623169,21.6473273730264,18.5276773825376,15.78847251284,14.0764694692791
"3",23,0.4,0,0,10000,0.05,3,15.4270496480883,18.7178999429332,20.9244816435229,21.8185276773825,23.112041088073
