"","nvar","r","d","het","iter","alpha","strategy","p1","p2","p3","p4","p5"
"1",71,0.5,0,0,10000,0.05,1,36.35477582846,22.5285435811752,16.2628794207742,14.0490114174325,10.8047897521582
"2",71,0.5,0,0,10000,0.05,2,36.35477582846,22.5285435811752,16.2628794207742,14.0490114174325,10.8047897521582
"3",71,0.5,0,0,10000,0.05,3,12.7541074909496,18.2678919521025,20.1893622946255,23.4614313561682,25.3272069061543
