"","nvar","r","d","het","iter","alpha","strategy","p1","p2","p3","p4","p5"
"1",87,0.1,0,0,10000,0.05,1,56.3508270369614,24.5660608535838,12.0379824382275,4.78864610986318,2.2564835613641
"2",87,0.1,0,0,10000,0.05,2,56.3508270369614,24.5660608535838,12.0379824382275,4.78864610986318,2.2564835613641
"3",87,0.1,0,0,10000,0.05,3,19.2668981008781,19.134163773739,20.2879313865632,20.5227690422708,20.7882376965489
