"","nvar","r","d","het","iter","alpha","strategy","p1","p2","p3","p4","p5"
"1",103,0.7,0,0,10000,0.05,1,34.7384556428435,20.731940984863,17.1680398543782,14.9070703199847,12.4544931979306
"2",103,0.7,0,0,10000,0.05,2,34.7384556428435,20.731940984863,17.1680398543782,14.9070703199847,12.4544931979306
"3",103,0.7,0,0,10000,0.05,3,8.60318068595516,14.3322475570033,19.9655106342211,26.5376508909753,30.5614102318452
