"","nvar","r","d","het","iter","alpha","strategy","p1","p2","p3","p4","p5"
"1",183,0.4,0,0,10000,0.05,1,54.6409989594173,22.5598335067638,12.6742976066597,6.46201873048907,3.66285119667014
"2",183,0.4,0,0,10000,0.05,2,54.6409989594173,22.5598335067638,12.6742976066597,6.46201873048907,3.66285119667014
"3",183,0.4,0,0,10000,0.05,3,14.4432882414152,18.6576482830385,21.0405827263267,21.8834547346514,23.9750260145682
