"","nvar","r","d","het","iter","alpha","strategy","p1","p2","p3","p4","p5"
"1",87,0.2,0,0,10000,0.05,1,52.0691082143596,24.3947858472998,12.9836540451066,6.97289468239189,3.57955721084213
"2",87,0.2,0,0,10000,0.05,2,52.0691082143596,24.3947858472998,12.9836540451066,6.97289468239189,3.57955721084213
"3",87,0.2,0,0,10000,0.05,3,18.1667701220774,19.1289054417546,20.6083178150217,21.9015104489965,20.1944961721498
