"","nvar","r","d","het","iter","alpha","strategy","p1","p2","p3","p4","p5"
"1",153,0.8,0,0,10000,0.05,1,35.0257542310522,20.4807456463086,17.243070885455,14.177090998283,13.0733382389012
"2",153,0.8,0,0,10000,0.05,2,35.0257542310522,20.4807456463086,17.243070885455,14.177090998283,13.0733382389012
"3",153,0.8,0,0,10000,0.05,3,6.30365464802551,12.4846701005641,19.4505764042188,26.1221486387049,35.6389502084866
