"","nvar","r","d","het","iter","alpha","strategy","p1","p2","p3","p4","p5"
"1",1,0,0,0,10000,0.05,1,20.3056768558952,19.6506550218341,21.6157205240175,19.6506550218341,18.7772925764192
"2",1,0,0,0,10000,0.05,2,20.3056768558952,19.6506550218341,21.6157205240175,19.6506550218341,18.7772925764192
"3",1,0,0,0,10000,0.05,3,20.3056768558952,19.6506550218341,21.6157205240175,19.6506550218341,18.7772925764192
