"","nvar","r","d","het","iter","alpha","strategy","p1","p2","p3","p4","p5"
"1",3,0,0,0,10000,0.05,1,20.8689458689459,19.017094017094,19.3019943019943,20.8689458689459,19.9430199430199
"2",3,0,0,0,10000,0.05,2,20.8689458689459,19.017094017094,19.3019943019943,20.8689458689459,19.9430199430199
"3",3,0,0,0,10000,0.05,3,20.1566951566952,18.8034188034188,19.017094017094,21.1538461538462,20.8689458689459
