"","nvar","r","d","het","iter","alpha","strategy","p1","p2","p3","p4","p5"
"1",65,0,0,0,10000,0.05,1,50.3537245110279,25.8322929671244,13.3999167707033,6.63753641281731,3.77652933832709
"2",65,0,0,0,10000,0.05,2,50.3537245110279,25.8322929671244,13.3999167707033,6.63753641281731,3.77652933832709
"3",65,0,0,0,10000,0.05,3,20.495214315439,19.6317103620474,21.046608406159,19.173949230129,19.6525176862256
