"","nvar","r","d","het","iter","alpha","strategy","p1","p2","p3","p4","p5"
"1",79,0.7,0,0,10000,0.05,1,34.8323964189048,20.5912971059754,16.8019987507808,14.6366854049552,13.1376223193837
"2",79,0.7,0,0,10000,0.05,2,34.8323964189048,20.5912971059754,16.8019987507808,14.6366854049552,13.1376223193837
"3",79,0.7,0,0,10000,0.05,3,8.18238600874453,15.5527795128045,20.8619612742036,25.5465334166146,29.8563397876327
