"","nvar","r","d","het","iter","alpha","strategy","p1","p2","p3","p4","p5"
"1",87,0.8,0,0,10000,0.05,1,31.536537927202,22.0338983050847,16.7824395665463,15.7821617115866,13.8649624895804
"2",87,0.8,0,0,10000,0.05,2,31.536537927202,22.0338983050847,16.7824395665463,15.7821617115866,13.8649624895804
"3",87,0.8,0,0,10000,0.05,3,5.86273964990275,13.1703250903029,19.6443456515699,28.0911364267852,33.2314531814393
