"","nvar","r","d","het","iter","alpha","strategy","p1","p2","p3","p4","p5"
"1",151,0.3,0,0,10000,0.05,1,58.2476849496286,23.6389539025135,10.6237915945863,5.07784674875343,2.41172280451816
"2",151,0.3,0,0,10000,0.05,2,58.2476849496286,23.6389539025135,10.6237915945863,5.07784674875343,2.41172280451816
"3",151,0.3,0,0,10000,0.05,3,15.85427902717,19.4057189376208,20.6980767273837,21.400223873003,22.6417014348224
