"","nvar","r","d","het","iter","alpha","strategy","p1","p2","p3","p4","p5"
"1",183,0.2,0,0,10000,0.05,1,73.197633610749,18.7706808382633,5.73548581169157,1.9452521808884,0.350947558407701
"2",183,0.2,0,0,10000,0.05,2,73.197633610749,18.7706808382633,5.73548581169157,1.9452521808884,0.350947558407701
"3",183,0.2,0,0,10000,0.05,3,18.2292188910057,19.8335505865838,20.3549583876466,21.1069888699489,20.475283264815
