"","nvar","r","d","het","iter","alpha","strategy","p1","p2","p3","p4","p5"
"1",181,0.4,0,0,10000,0.05,1,53.2610960616795,22.3171494061263,12.8881016878516,7.37653677849552,4.15711606584705
"2",181,0.4,0,0,10000,0.05,2,53.2610960616795,22.3171494061263,12.8881016878516,7.37653677849552,4.15711606584705
"3",181,0.4,0,0,10000,0.05,3,13.7841216920192,17.9829131068973,20.9522817253595,22.6922275474057,24.5884559283184
