"","nvar","r","d","het","iter","alpha","strategy","p1","p2","p3","p4","p5"
"1",91,0.2,0,0,10000,0.05,1,53.0420411114554,23.9851255035637,12.6329924594567,6.82780704472678,3.51203388079744
"2",91,0.2,0,0,10000,0.05,2,53.0420411114554,23.9851255035637,12.6329924594567,6.82780704472678,3.51203388079744
"3",91,0.2,0,0,10000,0.05,3,17.6737940295424,18.9133353992356,19.8016733808491,21.5886788554901,22.0225183348828
