"","nvar","r","d","het","iter","alpha","strategy","p1","p2","p3","p4","p5"
"1",5,0.3,0,0,10000,0.05,1,22.3140495867769,21.0986874088478,18.8138065143413,18.7651920272241,19.0082644628099
"2",5,0.3,0,0,10000,0.05,2,22.3140495867769,21.0986874088478,18.8138065143413,18.7651920272241,19.0082644628099
"3",5,0.3,0,0,10000,0.05,3,18.7651920272241,20.2722411278561,19.0082644628099,20.9042294603792,21.0500729217307
