"","nvar","r","d","het","iter","alpha","strategy","p1","p2","p3","p4","p5"
"1",195,0.7,0,0,10000,0.05,1,37.7861966727063,21.0179542085324,17.031790479328,13.3585900181189,10.8054686213144
"2",195,0.7,0,0,10000,0.05,2,37.7861966727063,21.0179542085324,17.031790479328,13.3585900181189,10.8054686213144
"3",195,0.7,0,0,10000,0.05,3,7.21462691484105,13.9680448031626,20.7873496952726,26.865425794762,31.1645527919618
