"","nvar","r","d","het","iter","alpha","strategy","p1","p2","p3","p4","p5"
"1",163,0.3,0,0,10000,0.05,1,60.2702153596099,22.765136123527,10.3311661926046,4.44941080861438,2.18407151564405
"2",163,0.3,0,0,10000,0.05,2,60.2702153596099,22.765136123527,10.3311661926046,4.44941080861438,2.18407151564405
"3",163,0.3,0,0,10000,0.05,3,15.7659488013003,18.6915887850467,21.3023161316538,21.5969118244616,22.6432344575376
