"","nvar","r","d","het","iter","alpha","strategy","p1","p2","p3","p4","p5"
"1",81,0.6,0,0,10000,0.05,1,35.6121610517666,22.2185702547247,16.9268693508628,13.5250616269515,11.7173377156943
"2",81,0.6,0,0,10000,0.05,2,35.6121610517666,22.2185702547247,16.9268693508628,13.5250616269515,11.7173377156943
"3",81,0.6,0,0,10000,0.05,3,9.95891536565325,17.4856203779786,20.8709942481512,24.3385373870173,27.3459326211997
