"","nvar","r","d","het","iter","alpha","strategy","p1","p2","p3","p4","p5"
"1",101,0.2,0,0,10000,0.05,1,55.8904669459487,23.7049146827424,11.8524573413712,6.11014611218964,2.44201491774803
"2",101,0.2,0,0,10000,0.05,2,55.8904669459487,23.7049146827424,11.8524573413712,6.11014611218964,2.44201491774803
"3",101,0.2,0,0,10000,0.05,3,17.9932563604782,20.7213650761214,19.7302544191274,20.5374476346174,21.0176765096557
