"","nvar","r","d","het","iter","alpha","strategy","p1","p2","p3","p4","p5"
"1",27,0.8,0,0,10000,0.05,1,29.6703296703297,19.7423266388784,18.3402804092459,16.9761273209549,15.2709359605911
"2",27,0.8,0,0,10000,0.05,2,29.6703296703297,19.7423266388784,18.3402804092459,16.9761273209549,15.2709359605911
"3",27,0.8,0,0,10000,0.05,3,9.09435392194013,14.5130731337628,20.9549071618037,26.2599469496021,29.1777188328912
