"","nvar","r","d","het","iter","alpha","strategy","p1","p2","p3","p4","p5"
"1",89,0.1,0,0,10000,0.05,1,58.0993080993081,24.8168498168498,10.4599104599105,4.66015466015466,1.96377696377696
"2",89,0.1,0,0,10000,0.05,2,58.0993080993081,24.8168498168498,10.4599104599105,4.66015466015466,1.96377696377696
"3",89,0.1,0,0,10000,0.05,3,19.3325193325193,19.7496947496948,20.3093203093203,20.1668701668702,20.4415954415954
