"","nvar","r","d","het","iter","alpha","strategy","p1","p2","p3","p4","p5"
"1",59,0.2,0,0,10000,0.05,1,43.6753648827952,25.1769128704113,14.938080495356,10.0176912870411,6.19195046439629
"2",59,0.2,0,0,10000,0.05,2,43.6753648827952,25.1769128704113,14.938080495356,10.0176912870411,6.19195046439629
"3",59,0.2,0,0,10000,0.05,3,18.4431667403804,19.6041574524547,20.5108359133127,20.6214064573198,20.8204334365325
