"","nvar","r","d","het","iter","alpha","strategy","p1","p2","p3","p4","p5"
"1",129,0.3,0,0,10000,0.05,1,54.7381417841342,23.7884556024282,12.213190657475,6.24549850807696,3.01471344788559
"2",129,0.3,0,0,10000,0.05,2,54.7381417841342,23.7884556024282,12.213190657475,6.24549850807696,3.01471344788559
"3",129,0.3,0,0,10000,0.05,3,15.536577837226,19.5493363514765,20.4856466714683,21.3705113694825,23.0579277703467
