"","nvar","r","d","het","iter","alpha","strategy","p1","p2","p3","p4","p5"
"1",61,0.6,0,0,10000,0.05,1,34.9114501139751,21.1642994914957,17.7099772049798,13.7822198842714,12.4320533052779
"2",61,0.6,0,0,10000,0.05,2,34.9114501139751,21.1642994914957,17.7099772049798,13.7822198842714,12.4320533052779
"3",61,0.6,0,0,10000,0.05,3,10.9240750482202,16.6578993512187,21.1467648605997,24.2854637909872,26.9857969489742
