"","nvar","r","d","het","iter","alpha","strategy","p1","p2","p3","p4","p5"
"1",197,0.8,0,0,10000,0.05,1,35.3128555176337,20.9328782707622,16.3594994311718,14.7895335608646,12.6052332195677
"2",197,0.8,0,0,10000,0.05,2,35.3128555176337,20.9328782707622,16.3594994311718,14.7895335608646,12.6052332195677
"3",197,0.8,0,0,10000,0.05,3,5.34698521046644,11.7861205915813,18.8623435722412,28.4186575654152,35.5858930602958
