"","nvar","r","d","het","iter","alpha","strategy","p1","p2","p3","p4","p5"
"1",165,0.5,0,0,10000,0.05,1,45.1396011396011,21.5840455840456,14.5071225071225,10.8034188034188,7.96581196581197
"2",165,0.5,0,0,10000,0.05,2,45.1396011396011,21.5840455840456,14.5071225071225,10.8034188034188,7.96581196581197
"3",165,0.5,0,0,10000,0.05,3,11.8176638176638,17.5384615384615,20.2735042735043,24.1139601139601,26.2564102564103
