"","nvar","r","d","het","iter","alpha","strategy","p1","p2","p3","p4","p5"
"1",199,0.8,0,0,10000,0.05,1,34.6864310148233,20.2964652223489,17.6510832383124,15.3705815279361,11.9954389965792
"2",199,0.8,0,0,10000,0.05,2,34.6864310148233,20.2964652223489,17.6510832383124,15.3705815279361,11.9954389965792
"3",199,0.8,0,0,10000,0.05,3,6.15735461801596,12.2006841505131,19.612314709236,27.8221208665906,34.2075256556442
