"","nvar","r","d","het","iter","alpha","strategy","p1","p2","p3","p4","p5"
"1",127,0.9,0,0,10000,0.05,1,29.8556701030928,19.6701030927835,18.9690721649485,17.4432989690722,14.0618556701031
"2",127,0.9,0,0,10000,0.05,2,29.8556701030928,19.6701030927835,18.9690721649485,17.4432989690722,14.0618556701031
"3",127,0.9,0,0,10000,0.05,3,5.56701030927835,9.64948453608247,17.319587628866,28.0824742268041,39.3814432989691
