"","nvar","r","d","het","iter","alpha","strategy","p1","p2","p3","p4","p5"
"1",35,0.6,0,0,10000,0.05,1,32.3980142456292,22.3181523850637,17.5048564644938,14.74206777466,13.0369091301532
"2",35,0.6,0,0,10000,0.05,2,32.3980142456292,22.3181523850637,17.5048564644938,14.74206777466,13.0369091301532
"3",35,0.6,0,0,10000,0.05,3,12.5188862508094,17.8717893373624,20.9799266134254,23.5916252967839,25.0377725016188
