"","nvar","r","d","het","iter","alpha","strategy","p1","p2","p3","p4","p5"
"1",47,0.5,0,0,10000,0.05,1,34.0039254170756,22.3748773307164,16.7648020935558,14.5894667975139,12.2669283611384
"2",47,0.5,0,0,10000,0.05,2,34.0039254170756,22.3748773307164,16.7648020935558,14.5894667975139,12.2669283611384
"3",47,0.5,0,0,10000,0.05,3,12.7085377821394,17.7298004579653,20.4448806018973,23.5852142623487,25.5315668956493
