"","nvar","r","d","het","iter","alpha","strategy","p1","p2","p3","p4","p5"
"1",149,0.7,0,0,10000,0.05,1,36.505981703026,21.3054187192118,15.9394792399719,14.8662913441239,11.3828289936664
"2",149,0.7,0,0,10000,0.05,2,36.505981703026,21.3054187192118,15.9394792399719,14.8662913441239,11.3828289936664
"3",149,0.7,0,0,10000,0.05,3,7.40675580577058,14.8486980999296,19.9507389162562,27.6565798733286,30.137227304715
