"","nvar","r","d","het","iter","alpha","strategy","p1","p2","p3","p4","p5"
"1",21,0.9,0,0,10000,0.05,1,26.5006385696041,19.7318007662835,19.7318007662835,17.2413793103448,16.794380587484
"2",21,0.9,0,0,10000,0.05,2,26.5006385696041,19.7318007662835,19.7318007662835,17.2413793103448,16.794380587484
"3",21,0.9,0,0,10000,0.05,3,9.32311621966794,11.941251596424,18.4546615581098,25.9897828863346,34.2911877394636
