"","nvar","r","d","het","iter","alpha","strategy","p1","p2","p3","p4","p5"
"1",15,0,0,0,10000,0.05,1,25.6962495358336,23.7281841812105,19.494987003342,17.0998886000743,13.9806906795395
"2",15,0,0,0,10000,0.05,2,25.6962495358336,23.7281841812105,19.494987003342,17.0998886000743,13.9806906795395
"3",15,0,0,0,10000,0.05,3,19.6992202005199,20.8689194207204,20.1262532491645,19.9591533605644,19.3464537690308
