"","nvar","r","d","het","iter","alpha","strategy","p1","p2","p3","p4","p5"
"1",193,0.2,0,0,10000,0.05,1,74.4365421216067,17.9404988480417,5.77982570369628,1.43243513973755,0.41069818691776
"2",193,0.2,0,0,10000,0.05,2,74.4365421216067,17.9404988480417,5.77982570369628,1.43243513973755,0.41069818691776
"3",193,0.2,0,0,10000,0.05,3,17.7802263848543,19.2627466693379,20.0440749273765,20.9255734749073,21.987378543524
