"","nvar","r","d","het","iter","alpha","strategy","p1","p2","p3","p4","p5"
"1",125,0.8,0,0,10000,0.05,1,33.670374115268,21.0819009100101,17.1638018200202,14.0040444893832,14.0798786653185
"2",125,0.8,0,0,10000,0.05,2,33.670374115268,21.0819009100101,17.1638018200202,14.0040444893832,14.0798786653185
"3",125,0.8,0,0,10000,0.05,3,6.19312436804853,12.9423660262892,20.0707785642063,25.9605662285136,34.8331648129424
