"","nvar","r","d","het","iter","alpha","strategy","p1","p2","p3","p4","p5"
"1",187,0.9,0,0,10000,0.05,1,29.3181818181818,22.2348484848485,18.7878787878788,15.7575757575758,13.9015151515152
"2",187,0.9,0,0,10000,0.05,2,29.3181818181818,22.2348484848485,18.7878787878788,15.7575757575758,13.9015151515152
"3",187,0.9,0,0,10000,0.05,3,5.07575757575758,9.20454545454545,17.3863636363636,27.5,40.8333333333333
