"","nvar","r","d","het","iter","alpha","strategy","p1","p2","p3","p4","p5"
"1",181,0.9,0,0,10000,0.05,1,29.7010972379871,20.0151343170639,18.955732122588,15.9288687097995,15.3991676125615
"2",181,0.9,0,0,10000,0.05,2,29.7010972379871,20.0151343170639,18.955732122588,15.9288687097995,15.3991676125615
"3",181,0.9,0,0,10000,0.05,3,5.14566780174045,8.85357548240636,17.0261066969353,27.0525917517972,41.9220582671207
