"","nvar","r","d","het","iter","alpha","strategy","p1","p2","p3","p4","p5"
"1",195,0.1,0,0,10000,0.05,1,82.9048714614384,13.9841952585776,2.57077123136941,0.460138041412424,0.0800240072021606
"2",195,0.1,0,0,10000,0.05,2,82.9048714614384,13.9841952585776,2.57077123136941,0.460138041412424,0.0800240072021606
"3",195,0.1,0,0,10000,0.05,3,18.8756626988096,19.7959387816345,20.6161848554566,20.5261578473542,20.186055816745
