"","nvar","r","d","het","iter","alpha","strategy","p1","p2","p3","p4","p5"
"1",97,0.8,0,0,10000,0.05,1,33.2424325061358,21.4616853013362,16.6075811289883,14.9168257431143,13.7714753204254
"2",97,0.8,0,0,10000,0.05,2,33.2424325061358,21.4616853013362,16.6075811289883,14.9168257431143,13.7714753204254
"3",97,0.8,0,0,10000,0.05,3,6.21761658031088,13.4169620943551,19.11644395964,26.8611944368694,34.3877829288246
