"","nvar","r","d","het","iter","alpha","strategy","p1","p2","p3","p4","p5"
"1",71,0.8,0,0,10000,0.05,1,30.9331797235023,21.4285714285714,16.9354838709677,15.8122119815668,14.8905529953917
"2",71,0.8,0,0,10000,0.05,2,30.9331797235023,21.4285714285714,16.9354838709677,15.8122119815668,14.8905529953917
"3",71,0.8,0,0,10000,0.05,3,6.73963133640553,12.9032258064516,20.852534562212,26.6129032258064,32.8917050691244
