"","nvar","r","d","het","iter","alpha","strategy","p1","p2","p3","p4","p5"
"1",71,0.9,0,0,10000,0.05,1,28.9658399625643,21.3851193261582,18.6242395882078,15.8165652784277,15.208235844642
"2",71,0.9,0,0,10000,0.05,2,28.9658399625643,21.3851193261582,18.6242395882078,15.8165652784277,15.208235844642
"3",71,0.9,0,0,10000,0.05,3,6.69162377164249,11.1371080954609,17.9691155825924,25.4094525035096,38.7927000467946
