"","nvar","r","d","het","iter","alpha","strategy","p1","p2","p3","p4","p5"
"1",107,0.5,0,0,10000,0.05,1,41.679085941381,21.7461500248385,15.7103825136612,11.7362146050671,9.12816691505216
"2",107,0.5,0,0,10000,0.05,2,41.679085941381,21.7461500248385,15.7103825136612,11.7362146050671,9.12816691505216
"3",107,0.5,0,0,10000,0.05,3,12.5186289120715,17.1634376552409,20.6905116741182,23.4227521112767,26.2046696472926
