"","nvar","r","d","het","iter","alpha","strategy","p1","p2","p3","p4","p5"
"1",121,0.3,0,0,10000,0.05,1,53.7823834196891,23.0673575129534,12.5284974093264,6.72538860103627,3.89637305699482
"2",121,0.3,0,0,10000,0.05,2,53.7823834196891,23.0673575129534,12.5284974093264,6.72538860103627,3.89637305699482
"3",121,0.3,0,0,10000,0.05,3,16.1139896373057,19.2331606217617,20.7461139896373,21.0880829015544,22.8186528497409
