"","nvar","r","d","het","iter","alpha","strategy","p1","p2","p3","p4","p5"
"1",53,0.8,0,0,10000,0.05,1,30.0097751710655,21.9289670902574,17.4323884001303,16.2919517758227,14.336917562724
"2",53,0.8,0,0,10000,0.05,2,30.0097751710655,21.9289670902574,17.4323884001303,16.2919517758227,14.336917562724
"3",53,0.8,0,0,10000,0.05,3,6.84261974584555,13.0009775171065,20.2997719126751,28.3479960899316,31.5086347344412
