"","nvar","r","d","het","iter","alpha","strategy","p1","p2","p3","p4","p5"
"1",119,0.6,0,0,10000,0.05,1,38.7374461979914,21.2482065997131,16.2984218077475,13.4720229555237,10.2439024390244
"2",119,0.6,0,0,10000,0.05,2,38.7374461979914,21.2482065997131,16.2984218077475,13.4720229555237,10.2439024390244
"3",119,0.6,0,0,10000,0.05,3,9.23959827833572,15.9827833572453,21.4490674318508,25.9684361549498,27.3601147776184
