"","nvar","r","d","het","iter","alpha","strategy","p1","p2","p3","p4","p5"
"1",107,0.7,0,0,10000,0.05,1,34.906015037594,21.5789473684211,16.7669172932331,14.5864661654135,12.1616541353383
"2",107,0.7,0,0,10000,0.05,2,34.906015037594,21.5789473684211,16.7669172932331,14.5864661654135,12.1616541353383
"3",107,0.7,0,0,10000,0.05,3,8.81578947368421,15.3947368421053,20.5827067669173,26.3533834586466,28.8533834586466
