"","nvar","r","d","het","iter","alpha","strategy","p1","p2","p3","p4","p5"
"1",147,0.8,0,0,10000,0.05,1,34.2635282698374,20.3106042222761,17.7141470516865,15.0934239262315,12.6182965299685
"2",147,0.8,0,0,10000,0.05,2,34.2635282698374,20.3106042222761,17.7141470516865,15.0934239262315,12.6182965299685
"3",147,0.8,0,0,10000,0.05,3,6.04222276146566,12.132977432662,20.0194127638923,28.0514438243145,33.7539432176656
