"","nvar","r","d","het","iter","alpha","strategy","p1","p2","p3","p4","p5"
"1",45,0,0,0,10000,0.05,1,40.9060552092609,25.8793410507569,16.5405164737311,9.8619768477293,6.81211041852182
"2",45,0,0,0,10000,0.05,2,40.9060552092609,25.8793410507569,16.5405164737311,9.8619768477293,6.81211041852182
"3",45,0,0,0,10000,0.05,3,20.4697239536955,20.2471059661621,19.6237756010686,19.8686553873553,19.7907390917186
