"","nvar","r","d","het","iter","alpha","strategy","p1","p2","p3","p4","p5"
"1",83,0.5,0,0,10000,0.05,1,38.9971770399247,21.8981045839495,16.1043150961151,13.0393870143837,9.9610162656271
"2",83,0.5,0,0,10000,0.05,2,38.9971770399247,21.8981045839495,16.1043150961151,13.0393870143837,9.9610162656271
"3",83,0.5,0,0,10000,0.05,3,12.6226643366044,17.9056324774835,21.0243312273155,23.4574539588654,24.9899179997311
