"","nvar","r","d","het","iter","alpha","strategy","p1","p2","p3","p4","p5"
"1",69,0.8,0,0,10000,0.05,1,31.8592057761733,21.9314079422383,17.719614921781,15.0421179302046,13.4476534296029
"2",69,0.8,0,0,10000,0.05,2,31.8592057761733,21.9314079422383,17.719614921781,15.0421179302046,13.4476534296029
"3",69,0.8,0,0,10000,0.05,3,7.28038507821901,14.5306859205776,20.8784596871239,25.2707581227437,32.0397111913357
