"","nvar","r","d","het","iter","alpha","strategy","p1","p2","p3","p4","p5"
"1",13,0.9,0,0,10000,0.05,1,25.6688358640636,20.6796818510484,18.1489515545915,18.7274041937816,16.7751265365148
"2",13,0.9,0,0,10000,0.05,2,25.6688358640636,20.6796818510484,18.1489515545915,18.7274041937816,16.7751265365148
"3",13,0.9,0,0,10000,0.05,3,9.47216196673897,13.8105567606652,19.5950831525669,25.234996384671,31.8872017353579
