"","nvar","r","d","het","iter","alpha","strategy","p1","p2","p3","p4","p5"
"1",121,0.2,0,0,10000,0.05,1,60.7399898631526,23.2539280283832,10.1875316776483,3.85200202736949,1.96654840344653
"2",121,0.2,0,0,10000,0.05,2,60.7399898631526,23.2539280283832,10.1875316776483,3.85200202736949,1.96654840344653
"3",121,0.2,0,0,10000,0.05,3,17.6482513938165,19.3106943740497,21.0947795235682,20.4054738976178,21.5408008109478
