"","nvar","r","d","het","iter","alpha","strategy","p1","p2","p3","p4","p5"
"1",141,0.6,0,0,10000,0.05,1,39.8943564081179,20.9480122324159,16.1523491798721,12.3158187378371,10.689463441757
"2",141,0.6,0,0,10000,0.05,2,39.8943564081179,20.9480122324159,16.1523491798721,12.3158187378371,10.689463441757
"3",141,0.6,0,0,10000,0.05,3,10.2585487906589,16.0133444537114,20.6005004170142,24.603836530442,28.5237698081735
