"","nvar","r","d","het","iter","alpha","strategy","p1","p2","p3","p4","p5"
"1",177,0.3,0,0,10000,0.05,1,61.73026448617,22.198667474258,9.99394306480921,4.30042398546336,1.77670098929941
"2",177,0.3,0,0,10000,0.05,2,61.73026448617,22.198667474258,9.99394306480921,4.30042398546336,1.77670098929941
"3",177,0.3,0,0,10000,0.05,3,15.1928124369069,20.058550373511,20.2806379971734,21.8251564708258,22.6428427215829
