"","nvar","r","d","het","iter","alpha","strategy","p1","p2","p3","p4","p5"
"1",175,0.4,0,0,10000,0.05,1,53.1746031746032,22.8070175438596,12.9908103592314,6.77736006683375,4.25020885547201
"2",175,0.4,0,0,10000,0.05,2,53.1746031746032,22.8070175438596,12.9908103592314,6.77736006683375,4.25020885547201
"3",175,0.4,0,0,10000,0.05,3,13.8366750208855,18.7552213868003,20.7602339181287,22.4206349206349,24.2272347535505
