"","nvar","r","d","het","iter","alpha","strategy","p1","p2","p3","p4","p5"
"1",89,0.5,0,0,10000,0.05,1,37.6335575781559,22.0155652288616,16.9370795409577,13.2304445323836,10.1833531196412
"2",89,0.5,0,0,10000,0.05,2,37.6335575781559,22.0155652288616,16.9370795409577,13.2304445323836,10.1833531196412
"3",89,0.5,0,0,10000,0.05,3,11.6343490304709,17.5438596491228,21.2373037857802,23.4006067801082,26.1838807545179
