"","nvar","r","d","het","iter","alpha","strategy","p1","p2","p3","p4","p5"
"1",101,0.8,0,0,10000,0.05,1,32.241610738255,21.3422818791946,17.1275167785235,15.3020134228188,13.9865771812081
"2",101,0.8,0,0,10000,0.05,2,32.241610738255,21.3422818791946,17.1275167785235,15.3020134228188,13.9865771812081
"3",101,0.8,0,0,10000,0.05,3,6.49664429530201,12.2684563758389,18.5503355704698,28.1610738255034,34.5234899328859
