"","nvar","r","d","het","iter","alpha","strategy","p1","p2","p3","p4","p5"
"1",39,0.6,0,0,10000,0.05,1,32.6990692864529,21.1375387797311,17.7456049638056,15.2430196483971,13.1747673216132
"2",39,0.6,0,0,10000,0.05,2,32.6990692864529,21.1375387797311,17.7456049638056,15.2430196483971,13.1747673216132
"3",39,0.6,0,0,10000,0.05,3,11.8097207859359,17.0630816959669,21.2616339193382,23.5987590486039,26.2668045501551
