"","nvar","r","d","het","iter","alpha","strategy","p1","p2","p3","p4","p5"
"1",133,0.8,0,0,10000,0.05,1,34.0570562989144,20.3736430194395,17.0916435243625,14.3903054784145,14.087351678869
"2",133,0.8,0,0,10000,0.05,2,34.0570562989144,20.3736430194395,17.0916435243625,14.3903054784145,14.087351678869
"3",133,0.8,0,0,10000,0.05,3,5.70562989144156,12.8250441807624,19.8434738702348,25.9277960111083,35.6980560464529
