"","nvar","r","d","het","iter","alpha","strategy","p1","p2","p3","p4","p5"
"1",33,0.7,0,0,10000,0.05,1,29.6367638965327,22.757292239956,17.3087506879472,15.2449091909741,15.05228398459
"2",33,0.7,0,0,10000,0.05,2,29.6367638965327,22.757292239956,17.3087506879472,15.2449091909741,15.05228398459
"3",33,0.7,0,0,10000,0.05,3,9.87892129884425,16.1805173362686,20.1981287837094,24.105668684645,29.6367638965327
