"","nvar","r","d","het","iter","alpha","strategy","p1","p2","p3","p4","p5"
"1",187,0.1,0,0,10000,0.05,1,81.4425770308123,14.9359743897559,2.88115246098439,0.620248099239696,0.120048019207683
"2",187,0.1,0,0,10000,0.05,2,81.4425770308123,14.9359743897559,2.88115246098439,0.620248099239696,0.120048019207683
"3",187,0.1,0,0,10000,0.05,3,19.6578631452581,19.4677871148459,20.3981592637055,20.0380152060824,20.438175270108
