"","nvar","r","d","het","iter","alpha","strategy","p1","p2","p3","p4","p5"
"1",165,0.9,0,0,10000,0.05,1,30.8817714511665,19.7706603400554,17.4377224199288,16.8050612890471,15.1047844998023
"2",165,0.9,0,0,10000,0.05,2,30.8817714511665,19.7706603400554,17.4377224199288,16.8050612890471,15.1047844998023
"3",165,0.9,0,0,10000,0.05,3,5.25899565045473,8.8572558323448,15.342032423883,27.8766310794781,42.6650850138395
