"","nvar","r","d","het","iter","alpha","strategy","p1","p2","p3","p4","p5"
"1",189,0.3,0,0,10000,0.05,1,63.956420861495,21.4163220014123,9.18995258751135,3.88378896398668,1.55351558559467
"2",189,0.3,0,0,10000,0.05,2,63.956420861495,21.4163220014123,9.18995258751135,3.88378896398668,1.55351558559467
"3",189,0.3,0,0,10000,0.05,3,15.746998890346,19.5097346918188,20.8211439523858,21.3356198930697,22.5865025723797
