"","nvar","r","d","het","iter","alpha","strategy","p1","p2","p3","p4","p5"
"1",25,0.9,0,0,10000,0.05,1,28.3870967741935,20.7038123167155,18.41642228739,16.5395894428152,15.9530791788856
"2",25,0.9,0,0,10000,0.05,2,28.3870967741935,20.7038123167155,18.41642228739,16.5395894428152,15.9530791788856
"3",25,0.9,0,0,10000,0.05,3,8.85630498533724,11.4956011730205,19.1788856304985,25.8651026392962,34.6041055718475
