"","nvar","r","d","het","iter","alpha","strategy","p1","p2","p3","p4","p5"
"1",147,0.5,0,0,10000,0.05,1,44.0157571544433,22.0136716487081,15.1430888657166,11.3544201135442,7.47306221758777
"2",147,0.5,0,0,10000,0.05,2,44.0157571544433,22.0136716487081,15.1430888657166,11.3544201135442,7.47306221758777
"3",147,0.5,0,0,10000,0.05,3,11.5629706870583,17.6456957478855,21.724018074383,23.7979376665508,25.2693778241224
