"","nvar","r","d","het","iter","alpha","strategy","p1","p2","p3","p4","p5"
"1",11,0,0,0,10000,0.05,1,24.4057425276536,21.8168980936691,20.0988467874794,18.004236290892,15.674276300306
"2",11,0,0,0,10000,0.05,2,24.4057425276536,21.8168980936691,20.0988467874794,18.004236290892,15.674276300306
"3",11,0,0,0,10000,0.05,3,20.0282419392798,20.0517768886797,20.5460108260767,20.2871263826783,19.0868439632855
