"","nvar","r","d","het","iter","alpha","strategy","p1","p2","p3","p4","p5"
"1",113,0.2,0,0,10000,0.05,1,59.596062113062,22.8458337562164,10.6668019892419,4.80056835481579,2.09073378666396
"2",113,0.2,0,0,10000,0.05,2,59.596062113062,22.8458337562164,10.6668019892419,4.80056835481579,2.09073378666396
"3",113,0.2,0,0,10000,0.05,3,17.791535572922,18.704962955445,20.7855475489699,21.6786765452147,21.0392773774485
