"","nvar","r","d","het","iter","alpha","strategy","p1","p2","p3","p4","p5"
"1",101,0.3,0,0,10000,0.05,1,49.5924632158357,23.9335238700116,13.3904943368265,8.02371123107865,5.05980734624749
"2",101,0.3,0,0,10000,0.05,2,49.5924632158357,23.9335238700116,13.3904943368265,8.02371123107865,5.05980734624749
"3",101,0.3,0,0,10000,0.05,3,15.3911294590875,19.2653752514026,20.1968879009209,21.9752302318196,23.1713771567693
