"","nvar","r","d","het","iter","alpha","strategy","p1","p2","p3","p4","p5"
"1",81,0.4,0,0,10000,0.05,1,41.2558195057897,22.4543392622657,16.1274919422228,11.650949027098,8.51140026262385
"2",81,0.4,0,0,10000,0.05,2,41.2558195057897,22.4543392622657,16.1274919422228,11.650949027098,8.51140026262385
"3",81,0.4,0,0,10000,0.05,3,14.4801241494568,18.1329831681986,21.0457204249731,22.4185269189447,23.9226453384266
