"","nvar","r","d","het","iter","alpha","strategy","p1","p2","p3","p4","p5"
"1",153,0.6,0,0,10000,0.05,1,39.9290876858039,21.7373516978044,15.4779762716487,12.54602481931,10.309559525433
"2",153,0.6,0,0,10000,0.05,2,39.9290876858039,21.7373516978044,15.4779762716487,12.54602481931,10.309559525433
"3",153,0.6,0,0,10000,0.05,3,9.38224464748398,16.855311605073,21.0145915723442,23.9601800081822,28.7876721669167
