"","nvar","r","d","het","iter","alpha","strategy","p1","p2","p3","p4","p5"
"1",169,0.5,0,0,10000,0.05,1,45.4566158050558,22.6372124800729,14.5866545206103,10.1685265315418,7.1509906627192
"2",169,0.5,0,0,10000,0.05,2,45.4566158050558,22.6372124800729,14.5866545206103,10.1685265315418,7.1509906627192
"3",169,0.5,0,0,10000,0.05,3,11.8196310635391,18.0368936460943,20.3370530630836,23.7303575495331,26.0760646777499
