"","nvar","r","d","het","iter","alpha","strategy","p1","p2","p3","p4","p5"
"1",27,0.4,0,0,10000,0.05,1,30.3261254874158,22.7756114852889,18.1850407656859,15.8277206664303,12.885501595179
"2",27,0.4,0,0,10000,0.05,2,30.3261254874158,22.7756114852889,18.1850407656859,15.8277206664303,12.885501595179
"3",27,0.4,0,0,10000,0.05,3,15.1896490606168,19.3902871322226,20.8791208791209,21.7653314427508,22.7756114852889
