"","nvar","r","d","het","iter","alpha","strategy","p1","p2","p3","p4","p5"
"1",183,0,0,0,10000,0.05,1,84.1284128412841,13.1913191319132,2.33023302330233,0.3000300030003,0.05000500050005
"2",183,0,0,0,10000,0.05,2,84.1284128412841,13.1913191319132,2.33023302330233,0.3000300030003,0.05000500050005
"3",183,0,0,0,10000,0.05,3,19.8019801980198,19.4119411941194,20.4120412041204,19.7419741974197,20.6320632063206
