"","nvar","r","d","het","iter","alpha","strategy","p1","p2","p3","p4","p5"
"1",27,0.1,0,0,10000,0.05,1,31.5145684442001,24.890049477735,18.1143485431556,14.2798240791644,11.2012094557449
"2",27,0.1,0,0,10000,0.05,2,31.5145684442001,24.890049477735,18.1143485431556,14.2798240791644,11.2012094557449
"3",27,0.1,0,0,10000,0.05,3,19.4612424409016,20.9180868609126,19.4749862561847,20.2034084661902,19.9422759758109
