"","nvar","r","d","het","iter","alpha","strategy","p1","p2","p3","p4","p5"
"1",81,0.1,0,0,10000,0.05,1,53.8303763716542,25.3717567428982,11.9680032817147,5.57891498307866,3.25094862065429
"2",81,0.1,0,0,10000,0.05,2,53.8303763716542,25.3717567428982,11.9680032817147,5.57891498307866,3.25094862065429
"3",81,0.1,0,0,10000,0.05,3,19.0544559532356,19.9774382114655,19.9466721361912,20.1928007383858,20.828632960722
