"","nvar","r","d","het","iter","alpha","strategy","p1","p2","p3","p4","p5"
"1",111,0.3,0,0,10000,0.05,1,51.9522663037789,23.8249764471894,13.1372343766356,7.21239401235214,3.87312886004397
"2",111,0.3,0,0,10000,0.05,2,51.9522663037789,23.8249764471894,13.1372343766356,7.21239401235214,3.87312886004397
"3",111,0.3,0,0,10000,0.05,3,16.193865801319,19.5121951219512,20.1088663247148,21.7523291112739,22.4327436407411
