"","nvar","r","d","het","iter","alpha","strategy","p1","p2","p3","p4","p5"
"1",65,0.6,0,0,10000,0.05,1,35.9139038361396,20.9338656483249,16.3339697969103,14.4940114563444,12.3242492622809
"2",65,0.6,0,0,10000,0.05,2,35.9139038361396,20.9338656483249,16.3339697969103,14.4940114563444,12.3242492622809
"3",65,0.6,0,0,10000,0.05,3,10.9703176531852,17.4796042353758,20.8470751605624,24.145113695539,26.5578892553376
