"","nvar","r","d","het","iter","alpha","strategy","p1","p2","p3","p4","p5"
"1",199,0.9,0,0,10000,0.05,1,30.1763803680982,20.590490797546,17.3312883435583,17.7530674846626,14.148773006135
"2",199,0.9,0,0,10000,0.05,2,30.1763803680982,20.590490797546,17.3312883435583,17.7530674846626,14.148773006135
"3",199,0.9,0,0,10000,0.05,3,4.52453987730061,8.81901840490798,15.7592024539877,28.3742331288344,42.5230061349693
