"","nvar","r","d","het","iter","alpha","strategy","p1","p2","p3","p4","p5"
"1",1,0.7,0,0,10000,0.05,1,19.4980694980695,21.6216216216216,20.2702702702703,20.6563706563707,17.953667953668
"2",1,0.7,0,0,10000,0.05,2,19.4980694980695,21.6216216216216,20.2702702702703,20.6563706563707,17.953667953668
"3",1,0.7,0,0,10000,0.05,3,19.4980694980695,21.6216216216216,20.2702702702703,20.6563706563707,17.953667953668
