"","nvar","r","d","het","iter","alpha","strategy","p1","p2","p3","p4","p5"
"1",109,0.4,0,0,10000,0.05,1,46.1238583203386,22.5328580975718,14.9587881488082,9.92425930051236,6.46023613276899
"2",109,0.4,0,0,10000,0.05,2,46.1238583203386,22.5328580975718,14.9587881488082,9.92425930051236,6.46023613276899
"3",109,0.4,0,0,10000,0.05,3,14.4687012697706,18.2334595678325,21.1071508130987,22.9561149476498,23.2345734016485
