"","nvar","r","d","het","iter","alpha","strategy","p1","p2","p3","p4","p5"
"1",71,0.1,0,0,10000,0.05,1,51.1994159365874,25.2190237797247,13.3187317480184,6.87317480183563,3.38965373383396
"2",71,0.1,0,0,10000,0.05,2,51.1994159365874,25.2190237797247,13.3187317480184,6.87317480183563,3.38965373383396
"3",71,0.1,0,0,10000,0.05,3,19.8268669169796,19.3471005423446,20.6821026282854,20.5673758865248,19.5765540258657
