"","nvar","r","d","het","iter","alpha","strategy","p1","p2","p3","p4","p5"
"1",157,0.6,0,0,10000,0.05,1,39.6598639455782,22.7210884353742,15.6054421768707,12.4625850340136,9.55102040816326
"2",157,0.6,0,0,10000,0.05,2,39.6598639455782,22.7210884353742,15.6054421768707,12.4625850340136,9.55102040816326
"3",157,0.6,0,0,10000,0.05,3,9.9047619047619,16.9251700680272,20.108843537415,25.1972789115646,27.8639455782313
