"","nvar","r","d","het","iter","alpha","strategy","p1","p2","p3","p4","p5"
"1",191,0.3,0,0,10000,0.05,1,63.952784503632,21.6202582728006,9.05972558514931,3.85391444713479,1.51331719128329
"2",191,0.3,0,0,10000,0.05,2,63.952784503632,21.6202582728006,9.05972558514931,3.85391444713479,1.51331719128329
"3",191,0.3,0,0,10000,0.05,3,16.0815173527038,19.6226795803067,20.5104923325262,21.4285714285714,22.3567393058918
