"","nvar","r","d","het","iter","alpha","strategy","p1","p2","p3","p4","p5"
"1",71,0.6,0,0,10000,0.05,1,34.1339648173207,21.8538565629229,17.9803788903924,13.98849797023,12.043301759134
"2",71,0.6,0,0,10000,0.05,2,34.1339648173207,21.8538565629229,17.9803788903924,13.98849797023,12.043301759134
"3",71,0.6,0,0,10000,0.05,3,10.4871447902571,15.5277401894452,22.1075778078484,24.0527740189445,27.8247631935047
