"","nvar","r","d","het","iter","alpha","strategy","p1","p2","p3","p4","p5"
"1",169,0.2,0,0,10000,0.05,1,70.129349242956,20.5254186303018,6.58778702496741,2.15582071593302,0.601624385841773
"2",169,0.2,0,0,10000,0.05,2,70.129349242956,20.5254186303018,6.58778702496741,2.15582071593302,0.601624385841773
"3",169,0.2,0,0,10000,0.05,3,18.2693271833952,18.9611952271132,20.034092048531,20.6858517998596,22.049533741101
