"","nvar","r","d","het","iter","alpha","strategy","p1","p2","p3","p4","p5"
"1",189,0.2,0,0,10000,0.05,1,74.3163377742162,18.1208053691275,5.38916157467695,1.58269057397576,0.591004708003606
"2",189,0.2,0,0,10000,0.05,2,74.3163377742162,18.1208053691275,5.38916157467695,1.58269057397576,0.591004708003606
"3",189,0.2,0,0,10000,0.05,3,18.3111289191626,19.222678553541,19.8237002904938,20.8254031854152,21.8170890513874
