"","nvar","r","d","het","iter","alpha","strategy","p1","p2","p3","p4","p5"
"1",157,0.1,0,0,10000,0.05,1,76.2062062062062,17.7777777777778,4.46446446446446,1.28128128128128,0.27027027027027
"2",157,0.1,0,0,10000,0.05,2,76.2062062062062,17.7777777777778,4.46446446446446,1.28128128128128,0.27027027027027
"3",157,0.1,0,0,10000,0.05,3,19.8698698698699,18.8488488488488,20.3303303303303,20.7907907907908,20.1601601601602
