"","nvar","r","d","het","iter","alpha","strategy","p1","p2","p3","p4","p5"
"1",159,0.4,0,0,10000,0.05,1,50.7376185458377,23.3298208640674,12.9610115911486,8.2086406743941,4.76290832455216
"2",159,0.4,0,0,10000,0.05,2,50.7376185458377,23.3298208640674,12.9610115911486,8.2086406743941,4.76290832455216
"3",159,0.4,0,0,10000,0.05,3,14.0358271865121,18.9041095890411,20.6111696522655,22.7502634351949,23.6986301369863
