"","nvar","r","d","het","iter","alpha","strategy","p1","p2","p3","p4","p5"
"1",193,0.7,0,0,10000,0.05,1,38.226649248857,21.0809928151535,15.5290659699543,14.0104506858263,11.152841280209
"2",193,0.7,0,0,10000,0.05,2,38.226649248857,21.0809928151535,15.5290659699543,14.0104506858263,11.152841280209
"3",193,0.7,0,0,10000,0.05,3,7.33180927498367,14.6309601567603,19.8399738732854,26.7472240365774,31.4500326583932
