"","nvar","r","d","het","iter","alpha","strategy","p1","p2","p3","p4","p5"
"1",129,0,0,0,10000,0.05,1,72.550591063915,20.0661190142256,5.34962933279904,1.5928671608896,0.440793428170707
"2",129,0,0,0,10000,0.05,2,72.550591063915,20.0661190142256,5.34962933279904,1.5928671608896,0.440793428170707
"3",129,0,0,0,10000,0.05,3,19.9959927870166,19.6653977158886,19.8757763975155,20.4668403125626,19.9959927870166
