"","nvar","r","d","het","iter","alpha","strategy","p1","p2","p3","p4","p5"
"1",111,0.5,0,0,10000,0.05,1,39.4981179422836,22.2082810539523,16.2233375156838,12.4466750313676,9.62358845671267
"2",111,0.5,0,0,10000,0.05,2,39.4981179422836,22.2082810539523,16.2233375156838,12.4466750313676,9.62358845671267
"3",111,0.5,0,0,10000,0.05,3,11.543287327478,17.2145545796738,21.3801756587202,23.1242158092848,26.7377666248432
