"","nvar","r","d","het","iter","alpha","strategy","p1","p2","p3","p4","p5"
"1",71,0.4,0,0,10000,0.05,1,38.819913952059,23.2575291948371,16.619545175169,12.3663183773817,8.93669330055316
"2",71,0.4,0,0,10000,0.05,2,38.819913952059,23.2575291948371,16.619545175169,12.3663183773817,8.93669330055316
"3",71,0.4,0,0,10000,0.05,3,14.640442532268,18.6232329440688,20.540872771973,22.679778733866,23.5156730178242
