"","nvar","r","d","het","iter","alpha","strategy","p1","p2","p3","p4","p5"
"1",79,0.5,0,0,10000,0.05,1,38.3765347885402,22.4965893587995,15.6343792633015,13.3424283765348,10.150068212824
"2",79,0.5,0,0,10000,0.05,2,38.3765347885402,22.4965893587995,15.6343792633015,13.3424283765348,10.150068212824
"3",79,0.5,0,0,10000,0.05,3,12.5648021828104,18.881309686221,20.2046384720327,23.137789904502,25.2114597544338
