"","nvar","r","d","het","iter","alpha","strategy","p1","p2","p3","p4","p5"
"1",1,0.5,0,0,10000,0.05,1,21.5291750503018,18.7122736418511,22.3340040241449,20.1207243460765,17.3038229376258
"2",1,0.5,0,0,10000,0.05,2,21.5291750503018,18.7122736418511,22.3340040241449,20.1207243460765,17.3038229376258
"3",1,0.5,0,0,10000,0.05,3,21.5291750503018,18.7122736418511,22.3340040241449,20.1207243460765,17.3038229376258
