"","nvar","r","d","het","iter","alpha","strategy","p1","p2","p3","p4","p5"
"1",77,0.3,0,0,10000,0.05,1,44.4223327805417,23.7258153676064,15.2791597567717,10.2266445550028,6.34604754007739
"2",77,0.3,0,0,10000,0.05,2,44.4223327805417,23.7258153676064,15.2791597567717,10.2266445550028,6.34604754007739
"3",77,0.3,0,0,10000,0.05,3,16.318407960199,19.2260917634052,20.9286898839138,21.9126589275843,21.6141514648977
