"","nvar","r","d","het","iter","alpha","strategy","p1","p2","p3","p4","p5"
"1",173,0.4,0,0,10000,0.05,1,52.9448818897638,23.244094488189,12.9448818897638,6.92913385826772,3.93700787401575
"2",173,0.4,0,0,10000,0.05,2,52.9448818897638,23.244094488189,12.9448818897638,6.92913385826772,3.93700787401575
"3",173,0.4,0,0,10000,0.05,3,13.5853018372703,18.7716535433071,20.9763779527559,22.498687664042,24.1679790026247
