"","nvar","r","d","het","iter","alpha","strategy","p1","p2","p3","p4","p5"
"1",93,0.3,0,0,10000,0.05,1,47.6737939185559,23.6166326420973,14.8168045557108,8.76759428387235,5.12517459976362
"2",93,0.3,0,0,10000,0.05,2,47.6737939185559,23.6166326420973,14.8168045557108,8.76759428387235,5.12517459976362
"3",93,0.3,0,0,10000,0.05,3,15.4829698076716,19.5121951219512,20.8875040292253,22.3272805415279,21.7900504996239
