"","nvar","r","d","het","iter","alpha","strategy","p1","p2","p3","p4","p5"
"1",181,0.2,0,0,10000,0.05,1,72.0312656578815,19.8216254133681,5.86231085279086,1.71359855696964,0.571199518989879
"2",181,0.2,0,0,10000,0.05,2,72.0312656578815,19.8216254133681,5.86231085279086,1.71359855696964,0.571199518989879
"3",181,0.2,0,0,10000,0.05,3,18.1080268563984,19.9719410762601,20.2625513578515,20.5832247720212,21.0742559374687
