"","nvar","r","d","het","iter","alpha","strategy","p1","p2","p3","p4","p5"
"1",151,0,0,0,10000,0.05,1,77.8166900140084,17.4704822893736,3.71222733640184,0.750450270162097,0.250150090054032
"2",151,0,0,0,10000,0.05,2,77.8166900140084,17.4704822893736,3.71222733640184,0.750450270162097,0.250150090054032
"3",151,0,0,0,10000,0.05,3,20.0720432259356,21.1927156293776,19.1815089053432,19.7018210926556,19.851911146688
