"","nvar","r","d","het","iter","alpha","strategy","p1","p2","p3","p4","p5"
"1",119,0.9,0,0,10000,0.05,1,29.0098199672668,22.9950900163666,16.9394435351882,15.6301145662848,15.4255319148936
"2",119,0.9,0,0,10000,0.05,2,29.0098199672668,22.9950900163666,16.9394435351882,15.6301145662848,15.4255319148936
"3",119,0.9,0,0,10000,0.05,3,5.810147299509,9.41080196399345,17.3076923076923,27.0049099836334,40.4664484451718
