"","nvar","r","d","het","iter","alpha","strategy","p1","p2","p3","p4","p5"
"1",155,0.4,0,0,10000,0.05,1,50.8363328392971,23.3538005504976,13.1166631378361,8.2786364598772,4.41456701249206
"2",155,0.4,0,0,10000,0.05,2,50.8363328392971,23.3538005504976,13.1166631378361,8.2786364598772,4.41456701249206
"3",155,0.4,0,0,10000,0.05,3,13.0107982214694,18.7592631801821,20.6118992165996,23.1738301926741,24.4442091890747
