"","nvar","r","d","het","iter","alpha","strategy","p1","p2","p3","p4","p5"
"1",59,0.4,0,0,10000,0.05,1,36.9684320375685,22.9585181320115,16.8275502217584,13.0707018001565,10.1747978085051
"2",59,0.4,0,0,10000,0.05,2,36.9684320375685,22.9585181320115,16.8275502217584,13.0707018001565,10.1747978085051
"3",59,0.4,0,0,10000,0.05,3,14.1925384816071,18.6668405948343,20.8974693451604,22.2801982781111,23.962953300287
