"","nvar","r","d","het","iter","alpha","strategy","p1","p2","p3","p4","p5"
"1",139,0.2,0,0,10000,0.05,1,65.1319766270401,21.7610316340923,8.68426355027201,3.36490026193834,1.05782792665726
"2",139,0.2,0,0,10000,0.05,2,65.1319766270401,21.7610316340923,8.68426355027201,3.36490026193834,1.05782792665726
"3",139,0.2,0,0,10000,0.05,3,18.6278460608503,18.7991134394519,20.5722345355632,21.1666330848277,20.8341728793069
