"","nvar","r","d","het","iter","alpha","strategy","p1","p2","p3","p4","p5"
"1",195,0.6,0,0,10000,0.05,1,40.814479638009,21.2928248222366,16.1990950226244,11.5578539107951,10.1357466063348
"2",195,0.6,0,0,10000,0.05,2,40.814479638009,21.2928248222366,16.1990950226244,11.5578539107951,10.1357466063348
"3",195,0.6,0,0,10000,0.05,3,9.01098901098901,15.6819650937298,21.0213316095669,24.5507433742728,29.7349709114415
