"","nvar","r","d","het","iter","alpha","strategy","p1","p2","p3","p4","p5"
"1",83,0.4,0,0,10000,0.05,1,41.4037575327898,23.4432234432234,15.6918350466738,11.3198629327662,8.14132104454685
"2",83,0.4,0,0,10000,0.05,2,41.4037575327898,23.4432234432234,15.6918350466738,11.3198629327662,8.14132104454685
"3",83,0.4,0,0,10000,0.05,3,14.9946827366182,18.5986056953799,20.5010043719721,22.5570128795935,23.3486943164363
