"","nvar","r","d","het","iter","alpha","strategy","p1","p2","p3","p4","p5"
"1",167,0.7,0,0,10000,0.05,1,37.42730071844,20.9887102292166,15.9083133766678,14.6424905918577,11.033185083818
"2",167,0.7,0,0,10000,0.05,2,37.42730071844,20.9887102292166,15.9083133766678,14.6424905918577,11.033185083818
"3",167,0.7,0,0,10000,0.05,3,8.56996236743072,14.0951077659938,20.1334245638043,26.394115634622,30.8073896681492
