"","nvar","r","d","het","iter","alpha","strategy","p1","p2","p3","p4","p5"
"1",123,0.5,0,0,10000,0.05,1,42.2852983988355,21.0941290635614,16.0844250363901,11.6569626394954,8.87918486171761
"2",123,0.5,0,0,10000,0.05,2,42.2852983988355,21.0941290635614,16.0844250363901,11.6569626394954,8.87918486171761
"3",123,0.5,0,0,10000,0.05,3,12.5424551188743,16.2906356137797,21.1183891314896,24.0053372149442,26.0431829209122
