"","nvar","r","d","het","iter","alpha","strategy","p1","p2","p3","p4","p5"
"1",73,0,0,0,10000,0.05,1,53.0831373351058,25.4627262501278,12.6700071581961,5.9106248082626,2.8735044483076
"2",73,0,0,0,10000,0.05,2,53.0831373351058,25.4627262501278,12.6700071581961,5.9106248082626,2.8735044483076
"3",73,0,0,0,10000,0.05,3,19.1226096737908,19.6543613866449,20.4008589835361,20.0940791491973,20.728090806831
