"","nvar","r","d","het","iter","alpha","strategy","p1","p2","p3","p4","p5"
"1",1,0.4,0,0,10000,0.05,1,20.9944751381215,19.3370165745856,20.073664825046,19.8895027624309,19.7053406998158
"2",1,0.4,0,0,10000,0.05,2,20.9944751381215,19.3370165745856,20.073664825046,19.8895027624309,19.7053406998158
"3",1,0.4,0,0,10000,0.05,3,20.9944751381215,19.3370165745856,20.073664825046,19.8895027624309,19.7053406998158
