"","nvar","r","d","het","iter","alpha","strategy","p1","p2","p3","p4","p5"
"1",83,0.2,0,0,10000,0.05,1,50.4684572142411,24.5887986674995,12.8357276702061,7.92213200083281,4.18488444722049
"2",83,0.2,0,0,10000,0.05,2,50.4684572142411,24.5887986674995,12.8357276702061,7.92213200083281,4.18488444722049
"3",83,0.2,0,0,10000,0.05,3,18.051217988757,19.5919217155944,19.8625858838226,20.9972933583177,21.4969810535082
