"","nvar","r","d","het","iter","alpha","strategy","p1","p2","p3","p4","p5"
"1",149,0.5,0,0,10000,0.05,1,43.3981931897151,21.681723419041,15.485290711142,11.2925642807505,8.1422283993514
"2",149,0.5,0,0,10000,0.05,2,43.3981931897151,21.681723419041,15.485290711142,11.2925642807505,8.1422283993514
"3",149,0.5,0,0,10000,0.05,3,12.1612230715775,16.8519805420431,20.6856613388927,23.4769515867501,26.8241834607366
