"","nvar","r","d","het","iter","alpha","strategy","p1","p2","p3","p4","p5"
"1",163,0.6,0,0,10000,0.05,1,40.494527766518,20.7674638562356,15.7681394406161,12.3496824753412,10.620186461289
"2",163,0.6,0,0,10000,0.05,2,40.494527766518,20.7674638562356,15.7681394406161,12.3496824753412,10.620186461289
"3",163,0.6,0,0,10000,0.05,3,9.79597351709229,15.6330225645183,21.551141737603,24.3615727604378,28.6582894203486
