"","nvar","r","d","het","iter","alpha","strategy","p1","p2","p3","p4","p5"
"1",135,0.8,0,0,10000,0.05,1,33.4328358208955,20.8208955223881,16.4676616915423,15.1741293532338,14.1044776119403
"2",135,0.8,0,0,10000,0.05,2,33.4328358208955,20.8208955223881,16.4676616915423,15.1741293532338,14.1044776119403
"3",135,0.8,0,0,10000,0.05,3,6.51741293532338,11.592039800995,20.273631840796,26.1691542288557,35.4477611940299
