"","nvar","r","d","het","iter","alpha","strategy","p1","p2","p3","p4","p5"
"1",61,0.3,0,0,10000,0.05,1,41.3347432734109,23.4637527905064,16.1085653859711,10.9975326048643,8.09540594524733
"2",61,0.3,0,0,10000,0.05,2,41.3347432734109,23.4637527905064,16.1085653859711,10.9975326048643,8.09540594524733
"3",61,0.3,0,0,10000,0.05,3,16.3200563976031,19.1751850546352,20.2326401127952,21.6073316884032,22.6647867465633
