"","nvar","r","d","het","iter","alpha","strategy","p1","p2","p3","p4","p5"
"1",89,0.6,0,0,10000,0.05,1,36.7848699763593,21.5445232466509,15.5082742316785,13.9795114263199,12.1828211189913
"2",89,0.6,0,0,10000,0.05,2,36.7848699763593,21.5445232466509,15.5082742316785,13.9795114263199,12.1828211189913
"3",89,0.6,0,0,10000,0.05,3,10.6540583136328,16.6272655634358,20.1576044129236,24.1292356185973,28.4318360914106
