"","nvar","r","d","het","iter","alpha","strategy","p1","p2","p3","p4","p5"
"1",29,0.8,0,0,10000,0.05,1,29.4230769230769,22.1153846153846,17.6923076923077,16.1538461538462,14.6153846153846
"2",29,0.8,0,0,10000,0.05,2,29.4230769230769,22.1153846153846,17.6923076923077,16.1538461538462,14.6153846153846
"3",29,0.8,0,0,10000,0.05,3,8.61538461538461,16.4230769230769,20.4615384615385,24.7307692307692,29.7692307692308
