"","nvar","r","d","het","iter","alpha","strategy","p1","p2","p3","p4","p5"
"1",157,0.2,0,0,10000,0.05,1,67.8076691427424,21.5017064846416,7.50853242320819,2.2987351937362,0.883356755671552
"2",157,0.2,0,0,10000,0.05,2,67.8076691427424,21.5017064846416,7.50853242320819,2.2987351937362,0.883356755671552
"3",157,0.2,0,0,10000,0.05,3,16.9845412567757,19.9959847420197,20.1867094960851,21.9534230074282,20.8793414976912
