"","nvar","r","d","het","iter","alpha","strategy","p1","p2","p3","p4","p5"
"1",39,0.8,0,0,10000,0.05,1,29.2481977342945,20.0137315482321,18.1256436663234,17.1301064194988,15.4823206316512
"2",39,0.8,0,0,10000,0.05,2,29.2481977342945,20.0137315482321,18.1256436663234,17.1301064194988,15.4823206316512
"3",39,0.8,0,0,10000,0.05,3,7.55235152763474,13.6628904909028,20.0480604188122,26.4675592173018,32.2691383453484
