"","nvar","r","d","het","iter","alpha","strategy","p1","p2","p3","p4","p5"
"1",171,0.8,0,0,10000,0.05,1,33.8783361384948,21.6879057465737,17.1194998797788,14.8112527049772,12.5030055301755
"2",171,0.8,0,0,10000,0.05,2,33.8783361384948,21.6879057465737,17.1194998797788,14.8112527049772,12.5030055301755
"3",171,0.8,0,0,10000,0.05,3,5.43399855734552,13.2002885308969,19.9567203654725,27.2180812695359,34.1909112767492
