"","nvar","r","d","het","iter","alpha","strategy","p1","p2","p3","p4","p5"
"1",165,0.4,0,0,10000,0.05,1,50.7200672763587,23.8095238095238,12.8560916640387,8.36749710921896,4.24682014085988
"2",165,0.4,0,0,10000,0.05,2,50.7200672763587,23.8095238095238,12.8560916640387,8.36749710921896,4.24682014085988
"3",165,0.4,0,0,10000,0.05,3,13.6549984232103,18.4063912540734,20.1934195311679,23.4836539472301,24.2615368443183
