"","nvar","r","d","het","iter","alpha","strategy","p1","p2","p3","p4","p5"
"1",43,0.1,0,0,10000,0.05,1,38.7837062535858,25.7601835915089,16.9477911646586,11.2220309810671,7.28628800917958
"2",43,0.1,0,0,10000,0.05,2,38.7837062535858,25.7601835915089,16.9477911646586,11.2220309810671,7.28628800917958
"3",43,0.1,0,0,10000,0.05,3,19.219736087206,20.504876649455,20.1032702237522,20.0229489386116,20.1491681009753
