"","nvar","r","d","het","iter","alpha","strategy","p1","p2","p3","p4","p5"
"1",147,0.3,0,0,10000,0.05,1,57.89957134109,23.1679934680547,11.1247193304756,5.36844253929373,2.43927332108594
"2",147,0.3,0,0,10000,0.05,2,57.89957134109,23.1679934680547,11.1247193304756,5.36844253929373,2.43927332108594
"3",147,0.3,0,0,10000,0.05,3,15.7379056950398,18.3302714839763,20.7593386405389,22.6474790773627,22.5250051030823
