"","nvar","r","d","het","iter","alpha","strategy","p1","p2","p3","p4","p5"
"1",175,0.7,0,0,10000,0.05,1,37.1807795698925,20.3125,17.2715053763441,13.6424731182796,11.5927419354839
"2",175,0.7,0,0,10000,0.05,2,37.1807795698925,20.3125,17.2715053763441,13.6424731182796,11.5927419354839
"3",175,0.7,0,0,10000,0.05,3,6.95564516129032,14.2305107526882,21.0853494623656,25.739247311828,31.989247311828
