"","nvar","r","d","het","iter","alpha","strategy","p1","p2","p3","p4","p5"
"1",25,0.4,0,0,10000,0.05,1,30.7211184694628,21.8910963944077,18.3038999264165,15.3789551140545,13.7049300956586
"2",25,0.4,0,0,10000,0.05,2,30.7211184694628,21.8910963944077,18.3038999264165,15.3789551140545,13.7049300956586
"3",25,0.4,0,0,10000,0.05,3,16.4091243561442,18.9109639440765,20.6585724797645,21.7439293598234,22.2774098601913
