"","nvar","r","d","het","iter","alpha","strategy","p1","p2","p3","p4","p5"
"1",157,0.3,0,0,10000,0.05,1,59.352408105081,22.4111597596986,10.8746563486407,4.92821504938397,2.4335607371958
"2",157,0.3,0,0,10000,0.05,2,59.352408105081,22.4111597596986,10.8746563486407,4.92821504938397,2.4335607371958
"3",157,0.3,0,0,10000,0.05,3,15.3650341105794,19.6314020975461,20.8940026473882,21.2198350473475,22.8897260971388
