"","nvar","r","d","het","iter","alpha","strategy","p1","p2","p3","p4","p5"
"1",83,0.6,0,0,10000,0.05,1,35.4334514985498,21.5114405414115,17.5314212052852,14.3570737995488,11.1666129552046
"2",83,0.6,0,0,10000,0.05,2,35.4334514985498,21.5114405414115,17.5314212052852,14.3570737995488,11.1666129552046
"3",83,0.6,0,0,10000,0.05,3,9.70029004189494,16.4195939413471,21.2536255236868,25.3303254914599,27.2961650016113
