"","nvar","r","d","het","iter","alpha","strategy","p1","p2","p3","p4","p5"
"1",59,0.9,0,0,10000,0.05,1,29.1182170542636,20.4941860465116,18.75,16.0852713178295,15.5523255813953
"2",59,0.9,0,0,10000,0.05,2,29.1182170542636,20.4941860465116,18.75,16.0852713178295,15.5523255813953
"3",59,0.9,0,0,10000,0.05,3,6.83139534883721,10.3197674418605,18.9437984496124,26.9864341085271,36.9186046511628
