"","nvar","r","d","het","iter","alpha","strategy","p1","p2","p3","p4","p5"
"1",11,0.3,0,0,10000,0.05,1,24.934036939314,21.688654353562,20.3693931398417,17.6253298153034,15.3825857519789
"2",11,0.3,0,0,10000,0.05,2,24.934036939314,21.688654353562,20.3693931398417,17.6253298153034,15.3825857519789
"3",11,0.3,0,0,10000,0.05,3,18.1266490765172,19.2084432717678,21.0026385224274,20.7915567282322,20.8707124010554
