"","nvar","r","d","het","iter","alpha","strategy","p1","p2","p3","p4","p5"
"1",49,0.7,0,0,10000,0.05,1,30.6673090821489,21.055167429535,17.9233919537461,15.6829679595278,14.6711635750422
"2",49,0.7,0,0,10000,0.05,2,30.6673090821489,21.055167429535,17.9233919537461,15.6829679595278,14.6711635750422
"3",49,0.7,0,0,10000,0.05,3,9.34714526620091,15.177065767285,20.5492652372922,25.0060226451457,29.9205010840761
