"","nvar","r","d","het","iter","alpha","strategy","p1","p2","p3","p4","p5"
"1",177,0.1,0,0,10000,0.05,1,79.113290632506,16.1128903122498,3.85308246597278,0.790632506004804,0.130104083266613
"2",177,0.1,0,0,10000,0.05,2,79.113290632506,16.1128903122498,3.85308246597278,0.790632506004804,0.130104083266613
"3",177,0.1,0,0,10000,0.05,3,19.1853482786229,19.4955964771817,20.0660528422738,20.8166533226581,20.4363490792634
