"","nvar","r","d","het","iter","alpha","strategy","p1","p2","p3","p4","p5"
"1",21,0.1,0,0,10000,0.05,1,29.4803982576229,22.9153702551338,19.0416925948973,15.8991910392035,12.6633478531425
"2",21,0.1,0,0,10000,0.05,2,29.4803982576229,22.9153702551338,19.0416925948973,15.8991910392035,12.6633478531425
"3",21,0.1,0,0,10000,0.05,3,19.8662103298071,19.150591163659,20.2862476664592,20.3640323584319,20.3329184816428
