"","nvar","r","d","het","iter","alpha","strategy","p1","p2","p3","p4","p5"
"1",151,0.1,0,0,10000,0.05,1,74.7846985780092,18.2956138594032,5.13719206889646,1.43200480672942,0.350490686961746
"2",151,0.1,0,0,10000,0.05,2,74.7846985780092,18.2956138594032,5.13719206889646,1.43200480672942,0.350490686961746
"3",151,0.1,0,0,10000,0.05,3,19.3871419987983,20.008011215702,20.238333667134,20.0180252353295,20.3484878830363
