"","nvar","r","d","het","iter","alpha","strategy","p1","p2","p3","p4","p5"
"1",55,0.1,0,0,10000,0.05,1,44.12241808154,25.3271331242565,15.5618038282686,9.5274142965286,5.46123066940629
"2",55,0.1,0,0,10000,0.05,2,44.12241808154,25.3271331242565,15.5618038282686,9.5274142965286,5.46123066940629
"3",55,0.1,0,0,10000,0.05,3,19.1305288201579,19.541472910133,20.0605601816805,20.8716340434736,20.395804044555
