"","nvar","r","d","het","iter","alpha","strategy","p1","p2","p3","p4","p5"
"1",97,0.3,0,0,10000,0.05,1,48.5659451967161,23.8511568397484,14.2126026228809,8.38042435227636,4.98987098837829
"2",97,0.3,0,0,10000,0.05,2,48.5659451967161,23.8511568397484,14.2126026228809,8.38042435227636,4.98987098837829
"3",97,0.3,0,0,10000,0.05,3,16.6115790596012,18.4241390340122,20.7058321782706,21.7933681629172,22.4650815651989
