"","nvar","r","d","het","iter","alpha","strategy","p1","p2","p3","p4","p5"
"1",123,0.9,0,0,10000,0.05,1,29.6716659910823,21.11876773409,18.1597081475476,16.214025131739,14.8358329955411
"2",123,0.9,0,0,10000,0.05,2,29.6716659910823,21.11876773409,18.1597081475476,16.214025131739,14.8358329955411
"3",123,0.9,0,0,10000,0.05,3,5.31009323064451,9.97162545601946,16.9436562626672,27.6854479124443,40.0891771382246
