"","nvar","r","d","het","iter","alpha","strategy","p1","p2","p3","p4","p5"
"1",143,0.8,0,0,10000,0.05,1,33.7352362204724,20.9891732283465,16.5846456692913,15.3051181102362,13.3858267716535
"2",143,0.8,0,0,10000,0.05,2,33.7352362204724,20.9891732283465,16.5846456692913,15.3051181102362,13.3858267716535
"3",143,0.8,0,0,10000,0.05,3,5.80708661417323,12.3277559055118,19.2667322834646,27.0669291338583,35.5314960629921
