"","nvar","r","d","het","iter","alpha","strategy","p1","p2","p3","p4","p5"
"1",41,0.1,0,0,10000,0.05,1,38.5585796051863,25.2073355916365,17.0774442238056,11.9845812405093,7.17205933886228
"2",41,0.1,0,0,10000,0.05,2,38.5585796051863,25.2073355916365,17.0774442238056,11.9845812405093,7.17205933886228
"3",41,0.1,0,0,10000,0.05,3,20.4882607172059,19.2851302417942,20.0093447027216,21.130709029319,19.0865553089592
