"","nvar","r","d","het","iter","alpha","strategy","p1","p2","p3","p4","p5"
"1",1,0.6,0,0,10000,0.05,1,17.9012345679012,19.3415637860082,23.0452674897119,19.7530864197531,19.9588477366255
"2",1,0.6,0,0,10000,0.05,2,17.9012345679012,19.3415637860082,23.0452674897119,19.7530864197531,19.9588477366255
"3",1,0.6,0,0,10000,0.05,3,17.9012345679012,19.3415637860082,23.0452674897119,19.7530864197531,19.9588477366255
