"","nvar","r","d","het","iter","alpha","strategy","p1","p2","p3","p4","p5"
"1",129,0.9,0,0,10000,0.05,1,30.1121656600518,20.7937877480587,18.334771354616,16.6522864538395,14.106988783434
"2",129,0.9,0,0,10000,0.05,2,30.1121656600518,20.7937877480587,18.334771354616,16.6522864538395,14.106988783434
"3",129,0.9,0,0,10000,0.05,3,5.09059534081104,10.8283002588438,17.0405522001726,26.8766177739431,40.1639344262295
