"","nvar","r","d","het","iter","alpha","strategy","p1","p2","p3","p4","p5"
"1",139,0.5,0,0,10000,0.05,1,43.6720771583157,22.571159727123,15.0082333568572,10.9856504351917,7.76287932251235
"2",139,0.5,0,0,10000,0.05,2,43.6720771583157,22.571159727123,15.0082333568572,10.9856504351917,7.76287932251235
"3",139,0.5,0,0,10000,0.05,3,11.656080922136,17.9016701952482,20.7951070336391,23.7944013173371,25.8527405316396
