"","nvar","r","d","het","iter","alpha","strategy","p1","p2","p3","p4","p5"
"1",53,0.1,0,0,10000,0.05,1,42.9642507877866,25.8719982614365,15.9947843094643,9.58383135933935,5.58513528197327
"2",53,0.1,0,0,10000,0.05,2,42.9642507877866,25.8719982614365,15.9947843094643,9.58383135933935,5.58513528197327
"3",53,0.1,0,0,10000,0.05,3,19.5588395088558,19.7652939258937,20.7323698793872,19.7978919917418,20.1456046941215
