"","nvar","r","d","het","iter","alpha","strategy","p1","p2","p3","p4","p5"
"1",165,0.2,0,0,10000,0.05,1,68.9430405134376,21.0088247091857,7.0296831127156,2.2864019253911,0.732049739269956
"2",165,0.2,0,0,10000,0.05,2,68.9430405134376,21.0088247091857,7.0296831127156,2.2864019253911,0.732049739269956
"3",165,0.2,0,0,10000,0.05,3,17.3184917769755,20.1965503409547,20.8584035298837,20.3870838347373,21.2394705174489
