"","nvar","r","d","het","iter","alpha","strategy","p1","p2","p3","p4","p5"
"1",31,0.6,0,0,10000,0.05,1,30.2466263378316,21.9637040483946,18.7063750581666,15.6817124243834,13.4015821312238
"2",31,0.6,0,0,10000,0.05,2,30.2466263378316,21.9637040483946,18.7063750581666,15.6817124243834,13.4015821312238
"3",31,0.6,0,0,10000,0.05,3,12.214983713355,17.8920428106096,21.1261051651931,24.3601675197766,24.4067007910656
