"","nvar","r","d","het","iter","alpha","strategy","p1","p2","p3","p4","p5"
"1",93,0.6,0,0,10000,0.05,1,36.4104967197751,21.6494845360825,16.6354264292409,13.9800062480475,11.3245860668541
"2",93,0.6,0,0,10000,0.05,2,36.4104967197751,21.6494845360825,16.6354264292409,13.9800062480475,11.3245860668541
"3",93,0.6,0,0,10000,0.05,3,10.5592002499219,15.7294595438925,21.3370821618244,24.8359887535145,27.5382692908466
