"","nvar","r","d","het","iter","alpha","strategy","p1","p2","p3","p4","p5"
"1",173,0.7,0,0,10000,0.05,1,36.3927248231728,20.495116200741,17.2785449646346,13.8093634220276,12.024250589424
"2",173,0.7,0,0,10000,0.05,2,36.3927248231728,20.495116200741,17.2785449646346,13.8093634220276,12.024250589424
"3",173,0.7,0,0,10000,0.05,3,7.22465476591445,13.5567531155271,20.4277534523409,26.9282586729539,31.8625799932637
