"","nvar","r","d","het","iter","alpha","strategy","p1","p2","p3","p4","p5"
"1",105,0.2,0,0,10000,0.05,1,57.3267933782955,23.6255875740854,11.6595135908441,5.0071530758226,2.38095238095238
"2",105,0.2,0,0,10000,0.05,2,57.3267933782955,23.6255875740854,11.6595135908441,5.0071530758226,2.38095238095238
"3",105,0.2,0,0,10000,0.05,3,18.2199059881463,19.9468628653178,20.5191089311261,20.4475781729001,20.8665440425097
