"","nvar","r","d","het","iter","alpha","strategy","p1","p2","p3","p4","p5"
"1",169,0.3,0,0,10000,0.05,1,61.1375366865702,22.4774820362312,10.3329622507843,4.12913672705192,1.92288229936241
"2",169,0.3,0,0,10000,0.05,2,61.1375366865702,22.4774820362312,10.3329622507843,4.12913672705192,1.92288229936241
"3",169,0.3,0,0,10000,0.05,3,16.1623317477988,19.1478595283878,20.4938771379415,21.6880882501771,22.5078433356948
