"","nvar","r","d","het","iter","alpha","strategy","p1","p2","p3","p4","p5"
"1",127,0,0,0,10000,0.05,1,73.0476571886263,19.2330796956348,5.71686023227873,1.54185022026432,0.460552663195835
"2",127,0,0,0,10000,0.05,2,73.0476571886263,19.2330796956348,5.71686023227873,1.54185022026432,0.460552663195835
"3",127,0,0,0,10000,0.05,3,20.1942330796956,19.9138966760112,19.873848618342,20.1842210652783,19.8338005606728
