"","nvar","r","d","het","iter","alpha","strategy","p1","p2","p3","p4","p5"
"1",49,0.6,0,0,10000,0.05,1,32.3842065299924,21.9058466211086,17.9005315110099,15.0721336370539,12.7372817008352
"2",49,0.6,0,0,10000,0.05,2,32.3842065299924,21.9058466211086,17.9005315110099,15.0721336370539,12.7372817008352
"3",49,0.6,0,0,10000,0.05,3,10.6871678056188,17.6917236142749,21.0326499620349,24.2027334851936,26.3857251328778
