"","nvar","r","d","het","iter","alpha","strategy","p1","p2","p3","p4","p5"
"1",139,0.9,0,0,10000,0.05,1,29.8441869756292,21.0147822612865,17.1394326807831,17.6987614862165,14.3028365960847
"2",139,0.9,0,0,10000,0.05,2,29.8441869756292,21.0147822612865,17.1394326807831,17.6987614862165,14.3028365960847
"3",139,0.9,0,0,10000,0.05,3,5.35357570914902,9.74830203755493,16.2604874151019,27.6468238114263,40.9908110267679
