"","nvar","r","d","het","iter","alpha","strategy","p1","p2","p3","p4","p5"
"1",13,0.2,0,0,10000,0.05,1,27.3785538392657,20.5283187821804,19.7224087754645,16.9912693082606,15.3794492948287
"2",13,0.2,0,0,10000,0.05,2,27.3785538392657,20.5283187821804,19.7224087754645,16.9912693082606,15.3794492948287
"3",13,0.2,0,0,10000,0.05,3,20.7745690620103,19.1627490485785,20.102977389747,19.6328632191628,20.3268412805015
