"","nvar","r","d","het","iter","alpha","strategy","p1","p2","p3","p4","p5"
"1",187,0.4,0,0,10000,0.05,1,53.9962632343782,22.908449242267,12.4351255968445,7.11023458584181,3.54992734066847
"2",187,0.4,0,0,10000,0.05,2,53.9962632343782,22.908449242267,12.4351255968445,7.11023458584181,3.54992734066847
"3",187,0.4,0,0,10000,0.05,3,13.846792609508,17.8534357483911,21.0400664313888,23.1471870458792,24.1125181648329
