"","nvar","r","d","het","iter","alpha","strategy","p1","p2","p3","p4","p5"
"1",27,0.3,0,0,10000,0.05,1,32.2331017056222,22.4889450410613,17.8458622867972,14.6399241945673,12.792166771952
"2",27,0.3,0,0,10000,0.05,2,32.2331017056222,22.4889450410613,17.8458622867972,14.6399241945673,12.792166771952
"3",27,0.3,0,0,10000,0.05,3,17.73531269741,19.1408717624763,20.056854074542,21.3834491471889,21.6835123183828
