"","nvar","r","d","het","iter","alpha","strategy","p1","p2","p3","p4","p5"
"1",191,0.2,0,0,10000,0.05,1,74.025843934689,18.7017930481819,5.43924671942302,1.34228187919463,0.49083441851147
"2",191,0.2,0,0,10000,0.05,2,74.025843934689,18.7017930481819,5.43924671942302,1.34228187919463,0.49083441851147
"3",191,0.2,0,0,10000,0.05,3,17.8202945006511,19.923870579986,20.4547731142943,20.3546028248022,21.4464589802665
