"","nvar","r","d","het","iter","alpha","strategy","p1","p2","p3","p4","p5"
"1",19,0.9,0,0,10000,0.05,1,26.7396907216495,19.5876288659794,18.8788659793814,17.5257731958763,17.2680412371134
"2",19,0.9,0,0,10000,0.05,2,26.7396907216495,19.5876288659794,18.8788659793814,17.5257731958763,17.2680412371134
"3",19,0.9,0,0,10000,0.05,3,9.60051546391753,13.0154639175258,17.9768041237113,25.3221649484536,34.0850515463918
