"","nvar","r","d","het","iter","alpha","strategy","p1","p2","p3","p4","p5"
"1",185,0.8,0,0,10000,0.05,1,33.7799717912553,20.1927597555242,17.7244945933239,15.3032440056417,12.9995298542548
"2",185,0.8,0,0,10000,0.05,2,33.7799717912553,20.1927597555242,17.7244945933239,15.3032440056417,12.9995298542548
"3",185,0.8,0,0,10000,0.05,3,5.73577809120827,11.683121767748,19.9576868829337,28.3262811471556,34.2971321109544
