"","nvar","r","d","het","iter","alpha","strategy","p1","p2","p3","p4","p5"
"1",145,0.5,0,0,10000,0.05,1,43.1692705274286,22.1895923881123,15.7523787149066,11.1828967461529,7.70586162339951
"2",145,0.5,0,0,10000,0.05,2,43.1692705274286,22.1895923881123,15.7523787149066,11.1828967461529,7.70586162339951
"3",145,0.5,0,0,10000,0.05,3,11.3708445906261,17.7610713027135,21.4143075296605,23.8576295078116,25.5961470691883
