"","nvar","r","d","het","iter","alpha","strategy","p1","p2","p3","p4","p5"
"1",75,0.4,0,0,10000,0.05,1,40.5464480874317,22.7443837279903,16.4055859137826,11.7061323618701,8.59744990892532
"2",75,0.4,0,0,10000,0.05,2,40.5464480874317,22.7443837279903,16.4055859137826,11.7061323618701,8.59744990892532
"3",75,0.4,0,0,10000,0.05,3,14.5112325440194,19.0649666059502,21.1900425015179,22.0157862780814,23.2179720704311
