"","nvar","r","d","het","iter","alpha","strategy","p1","p2","p3","p4","p5"
"1",63,0.9,0,0,10000,0.05,1,28.9162328442972,18.220539517274,19.7823000473261,16.469474680549,16.6114529105537
"2",63,0.9,0,0,10000,0.05,2,28.9162328442972,18.220539517274,19.7823000473261,16.469474680549,16.6114529105537
"3",63,0.9,0,0,10000,0.05,3,5.63180312352106,9.84382394699479,18.8357785139612,25.6034074775201,40.0851869380028
