"","nvar","r","d","het","iter","alpha","strategy","p1","p2","p3","p4","p5"
"1",139,0.8,0,0,10000,0.05,1,32.7573062261753,21.4993646759848,17.3316391359593,14.5870393900889,13.8246505717916
"2",139,0.8,0,0,10000,0.05,2,32.7573062261753,21.4993646759848,17.3316391359593,14.5870393900889,13.8246505717916
"3",139,0.8,0,0,10000,0.05,3,6.25158831003812,12.4015247776366,20.8894536213469,25.8195679796696,34.6378653113088
