"","nvar","r","d","het","iter","alpha","strategy","p1","p2","p3","p4","p5"
"1",21,0.4,0,0,10000,0.05,1,29.9621739996018,21.9191718096755,19.0125423053952,15.2498506868405,13.856261198487
"2",21,0.4,0,0,10000,0.05,2,29.9621739996018,21.9191718096755,19.0125423053952,15.2498506868405,13.856261198487
"3",21,0.4,0,0,10000,0.05,3,16.7230738602429,19.1718096754927,20.8640254827792,21.2223770654987,22.0187139159865
