"","nvar","r","d","het","iter","alpha","strategy","p1","p2","p3","p4","p5"
"1",31,0.8,0,0,10000,0.05,1,28.2640949554896,21.9213649851632,17.9154302670623,17.0252225519288,14.8738872403561
"2",31,0.8,0,0,10000,0.05,2,28.2640949554896,21.9213649851632,17.9154302670623,17.0252225519288,14.8738872403561
"3",31,0.8,0,0,10000,0.05,3,8.45697329376855,15.727002967359,18.9540059347181,26.3724035608309,30.4896142433234
