"","nvar","r","d","het","iter","alpha","strategy","p1","p2","p3","p4","p5"
"1",65,0.3,0,0,10000,0.05,1,42.8604250430787,23.5956346927053,15.8299827685238,10.9362435381964,6.77771395749569
"2",65,0.3,0,0,10000,0.05,2,42.8604250430787,23.5956346927053,15.8299827685238,10.9362435381964,6.77771395749569
"3",65,0.3,0,0,10000,0.05,3,17.0132107983917,19.4715680643308,20.6203331418725,21.240666283745,21.65422171166
