"","nvar","r","d","het","iter","alpha","strategy","p1","p2","p3","p4","p5"
"1",157,0.8,0,0,10000,0.05,1,33.7898465171192,20.7792207792208,16.788665879575,15.5371900826446,13.1050767414404
"2",157,0.8,0,0,10000,0.05,2,33.7898465171192,20.7792207792208,16.788665879575,15.5371900826446,13.1050767414404
"3",157,0.8,0,0,10000,0.05,3,6.06847697756789,12.443919716647,19.0082644628099,26.8476977567887,35.6316410861865
