"","nvar","r","d","het","iter","alpha","strategy","p1","p2","p3","p4","p5"
"1",167,0.1,0,0,10000,0.05,1,77.3664198519111,17.1903141885131,4.25255153091855,0.960576345807485,0.23013808284971
"2",167,0.1,0,0,10000,0.05,2,77.3664198519111,17.1903141885131,4.25255153091855,0.960576345807485,0.23013808284971
"3",167,0.1,0,0,10000,0.05,3,19.2815689413648,19.4716830098059,20.2421452871723,20.7324394636782,20.2721632979788
