"","nvar","r","d","het","iter","alpha","strategy","p1","p2","p3","p4","p5"
"1",91,0.5,0,0,10000,0.05,1,39.6465312582432,21.6169876022158,16.1566868900026,12.8330255869164,9.746768662622
"2",91,0.5,0,0,10000,0.05,2,39.6465312582432,21.6169876022158,16.1566868900026,12.8330255869164,9.746768662622
"3",91,0.5,0,0,10000,0.05,3,12.7407016618307,17.6206805592192,20.1398048008441,24.5185966763387,24.9802163017673
