"","nvar","r","d","het","iter","alpha","strategy","p1","p2","p3","p4","p5"
"1",113,0.5,0,0,10000,0.05,1,40.6631332429434,22.211265869592,16.2825095525699,11.6602982867004,9.18279304819426
"2",113,0.5,0,0,10000,0.05,2,40.6631332429434,22.211265869592,16.2825095525699,11.6602982867004,9.18279304819426
"3",113,0.5,0,0,10000,0.05,3,12.4245038826575,17.2932330827068,20.9540244052755,22.7043017379514,26.6239368914088
