"","nvar","r","d","het","iter","alpha","strategy","p1","p2","p3","p4","p5"
"1",143,0.9,0,0,10000,0.05,1,29.3953858392999,20.9228321400159,17.9793158313445,16.7064439140811,14.9960222752586
"2",143,0.9,0,0,10000,0.05,2,29.3953858392999,20.9228321400159,17.9793158313445,16.7064439140811,14.9960222752586
"3",143,0.9,0,0,10000,0.05,3,5.33015115354018,9.34765314240255,17.1837708830549,26.6905330151154,41.447891805887
