"","nvar","r","d","het","iter","alpha","strategy","p1","p2","p3","p4","p5"
"1",167,0.9,0,0,10000,0.05,1,29.6603475513428,21.0110584518167,18.0094786729858,17.0221169036335,14.2969984202212
"2",167,0.9,0,0,10000,0.05,2,29.6603475513428,21.0110584518167,18.0094786729858,17.0221169036335,14.2969984202212
"3",167,0.9,0,0,10000,0.05,3,4.81832543443918,9.00473933649289,16.6666666666667,27.0142180094787,42.4960505529226
