"","nvar","r","d","het","iter","alpha","strategy","p1","p2","p3","p4","p5"
"1",43,0,0,0,10000,0.05,1,38.89201666479,26.3483841909695,16.540930075442,10.7420335547799,7.47663551401869
"2",43,0,0,0,10000,0.05,2,38.89201666479,26.3483841909695,16.540930075442,10.7420335547799,7.47663551401869
"3",43,0,0,0,10000,0.05,3,19.6374282175431,19.9752280148632,19.479788312127,19.8738880756672,21.0336673797996
