"","nvar","r","d","het","iter","alpha","strategy","p1","p2","p3","p4","p5"
"1",155,0.1,0,0,10000,0.05,1,74.912438707095,19.023316321425,4.44311017712399,1.29090363254278,0.330231161813269
"2",155,0.1,0,0,10000,0.05,2,74.912438707095,19.023316321425,4.44311017712399,1.29090363254278,0.330231161813269
"3",155,0.1,0,0,10000,0.05,3,19.9139397578305,19.7238066646653,20.3842689882918,19.9739817872511,20.0040028019614
