"","nvar","r","d","het","iter","alpha","strategy","p1","p2","p3","p4","p5"
"1",197,0.2,0,0,10000,0.05,1,73.9291433146517,18.7349879903923,5.53442754203363,1.42113690952762,0.380304243394716
"2",197,0.2,0,0,10000,0.05,2,73.9291433146517,18.7349879903923,5.53442754203363,1.42113690952762,0.380304243394716
"3",197,0.2,0,0,10000,0.05,3,17.5440352281825,19.9359487590072,20.8466773418735,20.7966373098479,20.8767013610889
