"","nvar","r","d","het","iter","alpha","strategy","p1","p2","p3","p4","p5"
"1",169,0.9,0,0,10000,0.05,1,31.5213140398905,20.8838482596793,17.3249902229175,16.3081736409855,13.9616738365272
"2",169,0.9,0,0,10000,0.05,2,31.5213140398905,20.8838482596793,17.3249902229175,16.3081736409855,13.9616738365272
"3",169,0.9,0,0,10000,0.05,3,5.90535784122018,9.46421587798201,16.5037152913571,27.2193977317169,40.9073132577239
