"","nvar","r","d","het","iter","alpha","strategy","p1","p2","p3","p4","p5"
"1",175,0.3,0,0,10000,0.05,1,62.1438674479693,22.6712467165084,9.6383107698525,3.84926247726814,1.6973125884017
"2",175,0.3,0,0,10000,0.05,2,62.1438674479693,22.6712467165084,9.6383107698525,3.84926247726814,1.6973125884017
"3",175,0.3,0,0,10000,0.05,3,16.2558092543948,19.6100222267125,21.2265104061427,21.2770256617498,21.6306324510002
