"","nvar","r","d","het","iter","alpha","strategy","p1","p2","p3","p4","p5"
"1",55,0.7,0,0,10000,0.05,1,33.2248314345501,20.9951174145548,17.5075563822367,14.6012555219716,13.6712392466868
"2",55,0.7,0,0,10000,0.05,2,33.2248314345501,20.9951174145548,17.5075563822367,14.6012555219716,13.6712392466868
"3",55,0.7,0,0,10000,0.05,3,9.16066031155545,15.7637758660777,21.2043710764938,24.1106719367589,29.7605208091142
