"","nvar","r","d","het","iter","alpha","strategy","p1","p2","p3","p4","p5"
"1",51,0.2,0,0,10000,0.05,1,40.221739627386,25.0771516744771,16.2761458452395,11.0184021030975,7.40656074979998
"2",51,0.2,0,0,10000,0.05,2,40.221739627386,25.0771516744771,16.2761458452395,11.0184021030975,7.40656074979998
"3",51,0.2,0,0,10000,0.05,3,18.3220939535947,19.7508286661333,20.1394445079438,20.7109383929592,21.0766944793691
