"","nvar","r","d","het","iter","alpha","strategy","p1","p2","p3","p4","p5"
"1",161,0.4,0,0,10000,0.05,1,51.6044463087248,23.2172818791946,12.4161073825503,8.15855704697987,4.60360738255034
"2",161,0.4,0,0,10000,0.05,2,51.6044463087248,23.2172818791946,12.4161073825503,8.15855704697987,4.60360738255034
"3",161,0.4,0,0,10000,0.05,3,14.1463926174497,18.246644295302,20.6585570469799,22.4412751677852,24.5071308724832
