"","nvar","r","d","het","iter","alpha","strategy","p1","p2","p3","p4","p5"
"1",117,0,0,0,10000,0.05,1,68.4078604371366,21.9270102265891,6.82775215560457,2.18568277521556,0.651694405454181
"2",117,0,0,0,10000,0.05,2,68.4078604371366,21.9270102265891,6.82775215560457,2.18568277521556,0.651694405454181
"3",117,0,0,0,10000,0.05,3,19.3102065369962,19.9719270102266,19.5408060958492,21.1048726689392,20.0721876879888
