"","nvar","r","d","het","iter","alpha","strategy","p1","p2","p3","p4","p5"
"1",187,0.2,0,0,10000,0.05,1,72.7773879923825,19.1741004309913,5.91360128295079,1.71394206675353,0.42096822692192
"2",187,0.2,0,0,10000,0.05,2,72.7773879923825,19.1741004309913,5.91360128295079,1.71394206675353,0.42096822692192
"3",187,0.2,0,0,10000,0.05,3,17.8911496441816,19.3244462263205,21.258895459557,20.6675353312619,20.857973338679
