"","nvar","r","d","het","iter","alpha","strategy","p1","p2","p3","p4","p5"
"1",39,0.9,0,0,10000,0.05,1,27.5214592274678,20.3326180257511,18.3476394849785,16.362660944206,17.4356223175966
"2",39,0.9,0,0,10000,0.05,2,27.5214592274678,20.3326180257511,18.3476394849785,16.362660944206,17.4356223175966
"3",39,0.9,0,0,10000,0.05,3,6.65236051502146,11.5343347639485,18.4012875536481,25.912017167382,37.5
