"","nvar","r","d","het","iter","alpha","strategy","p1","p2","p3","p4","p5"
"1",135,0.2,0,0,10000,0.05,1,63.4640588769029,23.2987196289949,9.06341365056961,3.07490674463152,1.0989010989011
"2",135,0.2,0,0,10000,0.05,2,63.4640588769029,23.2987196289949,9.06341365056961,3.07490674463152,1.0989010989011
"3",135,0.2,0,0,10000,0.05,3,17.4110293376348,20.2338945458212,20.4960177437242,21.5142655509628,20.344792821857
