"","nvar","r","d","het","iter","alpha","strategy","p1","p2","p3","p4","p5"
"1",133,0.2,0,0,10000,0.05,1,62.8735864297254,22.6474151857835,9.21849757673667,3.85702746365105,1.40347334410339
"2",133,0.2,0,0,10000,0.05,2,62.8735864297254,22.6474151857835,9.21849757673667,3.85702746365105,1.40347334410339
"3",133,0.2,0,0,10000,0.05,3,17.6090468497577,19.8707592891761,20.1029886914378,20.9208400646204,21.4963651050081
