"","nvar","r","d","het","iter","alpha","strategy","p1","p2","p3","p4","p5"
"1",151,0.9,0,0,10000,0.05,1,29.6502384737679,21.2241653418124,17.1303656597774,16.852146263911,15.1430842607313
"2",151,0.9,0,0,10000,0.05,2,29.6502384737679,21.2241653418124,17.1303656597774,16.852146263911,15.1430842607313
"3",151,0.9,0,0,10000,0.05,3,4.76947535771065,10.2543720190779,15.6597774244833,26.7885532591415,42.5278219395866
