"","nvar","r","d","het","iter","alpha","strategy","p1","p2","p3","p4","p5"
"1",137,0.1,0,0,10000,0.05,1,71.3082706766917,20.0802005012531,5.92481203007519,2.07518796992481,0.611528822055138
"2",137,0.1,0,0,10000,0.05,2,71.3082706766917,20.0802005012531,5.92481203007519,2.07518796992481,0.611528822055138
"3",137,0.1,0,0,10000,0.05,3,18.6666666666667,19.3984962406015,20.4010025062657,20.8822055137845,20.6516290726817
