"","nvar","r","d","het","iter","alpha","strategy","p1","p2","p3","p4","p5"
"1",115,0.2,0,0,10000,0.05,1,59.1342254663423,23.3373884833739,10.9995944849959,4.52149229521492,2.00729927007299
"2",115,0.2,0,0,10000,0.05,2,59.1342254663423,23.3373884833739,10.9995944849959,4.52149229521492,2.00729927007299
"3",115,0.2,0,0,10000,0.05,3,18.2380373073804,19.6066504460665,20.5697485806975,20.8333333333333,20.7522303325223
