"","nvar","r","d","het","iter","alpha","strategy","p1","p2","p3","p4","p5"
"1",141,0.4,0,0,10000,0.05,1,49.6401332044258,22.3439682028145,14.663229133097,8.49715329251262,4.85551616715007
"2",141,0.4,0,0,10000,0.05,2,49.6401332044258,22.3439682028145,14.663229133097,8.49715329251262,4.85551616715007
"3",141,0.4,0,0,10000,0.05,3,13.5782576001719,18.1544741647868,20.9904393597594,22.5802986357289,24.6965302395531
