"","nvar","r","d","het","iter","alpha","strategy","p1","p2","p3","p4","p5"
"1",15,0.1,0,0,10000,0.05,1,25.042654028436,23.1658767772512,19.9810426540284,16.303317535545,15.5071090047393
"2",15,0.1,0,0,10000,0.05,2,25.042654028436,23.1658767772512,19.9810426540284,16.303317535545,15.5071090047393
"3",15,0.1,0,0,10000,0.05,3,18.9004739336493,20.4739336492891,20.0947867298578,19.7535545023697,20.7772511848341
