"","nvar","r","d","het","iter","alpha","strategy","p1","p2","p3","p4","p5"
"1",83,0.3,0,0,10000,0.05,1,46.3496899140464,23.5665324774236,15.1126101621151,9.57458383200957,5.3965836144054
"2",83,0.3,0,0,10000,0.05,2,46.3496899140464,23.5665324774236,15.1126101621151,9.57458383200957,5.3965836144054
"3",83,0.3,0,0,10000,0.05,3,16.8752040039169,19.3994124687194,20.3677510608204,21.3143292351213,22.043303231422
