"","nvar","r","d","het","iter","alpha","strategy","p1","p2","p3","p4","p5"
"1",3,0.6,0,0,10000,0.05,1,22.0869565217391,21.1304347826087,20.8695652173913,18.6086956521739,17.304347826087
"2",3,0.6,0,0,10000,0.05,2,22.0869565217391,21.1304347826087,20.8695652173913,18.6086956521739,17.304347826087
"3",3,0.6,0,0,10000,0.05,3,17.2173913043478,19.304347826087,21.5652173913043,21.0434782608696,20.8695652173913
