"","nvar","r","d","het","iter","alpha","strategy","p1","p2","p3","p4","p5"
"1",93,0.2,0,0,10000,0.05,1,54.1010599979417,24.4622825975095,12.1127920139961,6.08212411238036,3.24174127817228
"2",93,0.2,0,0,10000,0.05,2,54.1010599979417,24.4622825975095,12.1127920139961,6.08212411238036,3.24174127817228
"3",93,0.2,0,0,10000,0.05,3,17.8758876196357,19.6768549963981,19.831223628692,21.1587938664197,21.4572398888546
