"","nvar","r","d","het","iter","alpha","strategy","p1","p2","p3","p4","p5"
"1",37,0.1,0,0,10000,0.05,1,35.8504049547403,25.8932825154836,17.1391138637446,12.2439256788947,8.87327298713673
"2",37,0.1,0,0,10000,0.05,2,35.8504049547403,25.8932825154836,17.1391138637446,12.2439256788947,8.87327298713673
"3",37,0.1,0,0,10000,0.05,3,18.8661267270129,20.2834683182468,20.0690805145307,20.2834683182468,20.4978561219628
