"","nvar","r","d","het","iter","alpha","strategy","p1","p2","p3","p4","p5"
"1",175,0.8,0,0,10000,0.05,1,35.0721153846154,20.8173076923077,16.3461538461538,14.4230769230769,13.3413461538462
"2",175,0.8,0,0,10000,0.05,2,35.0721153846154,20.8173076923077,16.3461538461538,14.4230769230769,13.3413461538462
"3",175,0.8,0,0,10000,0.05,3,6.10576923076923,11.8990384615385,19.5432692307692,26.4423076923077,36.0096153846154
