"","nvar","r","d","het","iter","alpha","strategy","p1","p2","p3","p4","p5"
"1",37,0.6,0,0,10000,0.05,1,33.2260141661301,20.4764971023825,17.8149817557416,14.7671174071689,13.7153895685769
"2",37,0.6,0,0,10000,0.05,2,33.2260141661301,20.4764971023825,17.8149817557416,14.7671174071689,13.7153895685769
"3",37,0.6,0,0,10000,0.05,3,12.5563425627817,16.5056879158618,20.2189311010947,24.7263361236317,25.9927022966302
