"","nvar","r","d","het","iter","alpha","strategy","p1","p2","p3","p4","p5"
"1",163,0.2,0,0,10000,0.05,1,68.6402408429503,20.7626693426994,7.17511289513297,2.64927245358756,0.772704465629704
"2",163,0.2,0,0,10000,0.05,2,68.6402408429503,20.7626693426994,7.17511289513297,2.64927245358756,0.772704465629704
"3",163,0.2,0,0,10000,0.05,3,17.5614651279478,19.2875062719518,20.4515805318615,20.5418966382338,22.157551430005
