"","nvar","r","d","het","iter","alpha","strategy","p1","p2","p3","p4","p5"
"1",155,0.7,0,0,10000,0.05,1,36.1538461538462,21.2062937062937,16.2762237762238,14.2482517482517,12.1153846153846
"2",155,0.7,0,0,10000,0.05,2,36.1538461538462,21.2062937062937,16.2762237762238,14.2482517482517,12.1153846153846
"3",155,0.7,0,0,10000,0.05,3,7.41258741258741,14.2132867132867,20.2097902097902,26.5559440559441,31.6083916083916
