"","nvar","r","d","het","iter","alpha","strategy","p1","p2","p3","p4","p5"
"1",37,0.3,0,0,10000,0.05,1,33.8344827586207,23.1724137931034,17.6689655172414,14.0413793103448,11.2827586206897
"2",37,0.3,0,0,10000,0.05,2,33.8344827586207,23.1724137931034,17.6689655172414,14.0413793103448,11.2827586206897
"3",37,0.3,0,0,10000,0.05,3,16.4275862068966,19.5586206896552,20.5103448275862,21.4344827586207,22.0689655172414
