"","nvar","r","d","het","iter","alpha","strategy","p1","p2","p3","p4","p5"
"1",121,0.9,0,0,10000,0.05,1,28.5472257518001,20.7962727657772,17.7467174925879,17.2808132147395,15.6289707750953
"2",121,0.9,0,0,10000,0.05,2,28.5472257518001,20.7962727657772,17.7467174925879,17.2808132147395,15.6289707750953
"3",121,0.9,0,0,10000,0.05,3,4.99788225328251,9.5722151630665,16.4760694620923,26.4718339686574,42.4819991529013
