"","nvar","r","d","het","iter","alpha","strategy","p1","p2","p3","p4","p5"
"1",127,0.7,0,0,10000,0.05,1,35.9962928637627,22.09453197405,16.6450417052827,12.8822984244671,12.3818350324374
"2",127,0.7,0,0,10000,0.05,2,35.9962928637627,22.09453197405,16.6450417052827,12.8822984244671,12.3818350324374
"3",127,0.7,0,0,10000,0.05,3,8.0259499536608,15.291936978684,21.2604263206673,24.4485634847081,30.9731232622799
