"","nvar","r","d","het","iter","alpha","strategy","p1","p2","p3","p4","p5"
"1",89,0.3,0,0,10000,0.05,1,47.6770507707233,23.8654737522906,14.3904279400668,8.79594696561388,5.27110057130538
"2",89,0.3,0,0,10000,0.05,2,47.6770507707233,23.8654737522906,14.3904279400668,8.79594696561388,5.27110057130538
"3",89,0.3,0,0,10000,0.05,3,16.3846070928102,19.2734720275951,20.8795946965614,21.6018109302576,21.8605152527757
