"","nvar","r","d","het","iter","alpha","strategy","p1","p2","p3","p4","p5"
"1",103,0.2,0,0,10000,0.05,1,56.6265060240964,24.3210128650194,11.4253624668164,5.18684909128038,2.44026955278742
"2",103,0.2,0,0,10000,0.05,2,56.6265060240964,24.3210128650194,11.4253624668164,5.18684909128038,2.44026955278742
"3",103,0.2,0,0,10000,0.05,3,17.8476618337758,19.4506840923014,20.3389830508475,21.4416989993874,20.920972023688
