"","nvar","r","d","het","iter","alpha","strategy","p1","p2","p3","p4","p5"
"1",59,0.6,0,0,10000,0.05,1,33.4893770255672,21.7140799423839,18.3471371984156,14.4760532949226,11.9733525387108
"2",59,0.6,0,0,10000,0.05,2,33.4893770255672,21.7140799423839,18.3471371984156,14.4760532949226,11.9733525387108
"3",59,0.6,0,0,10000,0.05,3,11.1631256751891,17.1407994238387,21.5160244868563,24.0727403673028,26.1073100468131
