"","nvar","r","d","het","iter","alpha","strategy","p1","p2","p3","p4","p5"
"1",19,0.5,0,0,10000,0.05,1,28.6918814743435,21.8019754276078,18.4774753071549,16.3093230546856,14.7193447362081
"2",19,0.5,0,0,10000,0.05,2,28.6918814743435,21.8019754276078,18.4774753071549,16.3093230546856,14.7193447362081
"3",19,0.5,0,0,10000,0.05,3,14.8638882197061,19.1038304023127,20.5010840761262,22.1392435557697,23.3919537460853
