"","nvar","r","d","het","iter","alpha","strategy","p1","p2","p3","p4","p5"
"1",75,0.1,0,0,10000,0.05,1,52.2048951771145,24.7960342868946,13.0951151502633,6.77475988846432,3.12919549726324
"2",75,0.1,0,0,10000,0.05,2,52.2048951771145,24.7960342868946,13.0951151502633,6.77475988846432,3.12919549726324
"3",75,0.1,0,0,10000,0.05,3,19.7046369926676,19.5084168129712,19.7459465041826,20.0144583290303,21.0265413611484
