"","nvar","r","d","het","iter","alpha","strategy","p1","p2","p3","p4","p5"
"1",31,0.4,0,0,10000,0.05,1,30.4087736789631,22.6819541375872,18.4945164506481,15.1046859421735,13.3100697906281
"2",31,0.4,0,0,10000,0.05,2,30.4087736789631,22.6819541375872,18.4945164506481,15.1046859421735,13.3100697906281
"3",31,0.4,0,0,10000,0.05,3,15.2376204719176,18.47789963443,21.9009637753406,21.3027583914922,23.0807577268195
