"","nvar","r","d","het","iter","alpha","strategy","p1","p2","p3","p4","p5"
"1",9,0.1,0,0,10000,0.05,1,23.0748225013654,22.3375204806117,18.8967777170945,18.9787001638449,16.7121791370836
"2",9,0.1,0,0,10000,0.05,2,23.0748225013654,22.3375204806117,18.8967777170945,18.9787001638449,16.7121791370836
"3",9,0.1,0,0,10000,0.05,3,19.6613872200983,21.0813762971054,19.197160021846,20.2348443473512,19.8252321135991
