"","nvar","r","d","het","iter","alpha","strategy","p1","p2","p3","p4","p5"
"1",75,0,0,0,10000,0.05,1,54.1764886747976,24.8539510095316,12.3193604591575,5.99569539817567,2.6545044583376
"2",75,0,0,0,10000,0.05,2,54.1764886747976,24.8539510095316,12.3193604591575,5.99569539817567,2.6545044583376
"3",75,0,0,0,10000,0.05,3,19.7294250281849,19.8319155478118,19.8216664958491,20.0163984831403,20.6005944450138
