"","nvar","r","d","het","iter","alpha","strategy","p1","p2","p3","p4","p5"
"1",155,0.3,0,0,10000,0.05,1,59.3476935582199,22.5563909774436,10.6076000812843,5.1310709205446,2.35724446250762
"2",155,0.3,0,0,10000,0.05,2,59.3476935582199,22.5563909774436,10.6076000812843,5.1310709205446,2.35724446250762
"3",155,0.3,0,0,10000,0.05,3,16.0739687055477,19.203413940256,19.9044909571225,22.1398089819142,22.6783174151595
