"","nvar","r","d","het","iter","alpha","strategy","p1","p2","p3","p4","p5"
"1",43,0.8,0,0,10000,0.05,1,31.1748998664887,20.3604806408545,18.4913217623498,15.2536715620828,14.7196261682243
"2",43,0.8,0,0,10000,0.05,2,31.1748998664887,20.3604806408545,18.4913217623498,15.2536715620828,14.7196261682243
"3",43,0.8,0,0,10000,0.05,3,7.14285714285714,15.0200267022697,20.1602136181575,25.7343124165554,31.9425901201602
