"","nvar","r","d","het","iter","alpha","strategy","p1","p2","p3","p4","p5"
"1",135,0.4,0,0,10000,0.05,1,48.8088821817398,22.6689662606446,13.7652258273149,9.25945887679207,5.49746685350868
"2",135,0.4,0,0,10000,0.05,2,48.8088821817398,22.6689662606446,13.7652258273149,9.25945887679207,5.49746685350868
"3",135,0.4,0,0,10000,0.05,3,14.724587689986,18.756063382559,20.6316697208149,22.6042901800151,23.283389026625
