"","nvar","r","d","het","iter","alpha","strategy","p1","p2","p3","p4","p5"
"1",149,0,0,0,10000,0.05,1,77.4387193596798,17.4987493746873,3.84192096048024,0.990495247623812,0.230115057528764
"2",149,0,0,0,10000,0.05,2,77.4387193596798,17.4987493746873,3.84192096048024,0.990495247623812,0.230115057528764
"3",149,0,0,0,10000,0.05,3,20.5402701350675,19.91995997999,19.2296148074037,20.08004002001,20.2301150575288
