"","nvar","r","d","het","iter","alpha","strategy","p1","p2","p3","p4","p5"
"1",9,0.6,0,0,10000,0.05,1,24.633431085044,23.4604105571848,20.3183912861332,15.8357771260997,15.7519899455383
"2",9,0.6,0,0,10000,0.05,2,24.633431085044,23.4604105571848,20.3183912861332,15.8357771260997,15.7519899455383
"3",9,0.6,0,0,10000,0.05,3,13.6992040217847,20.485965647256,21.7008797653959,21.6170925848345,22.4968579807289
