"","nvar","r","d","het","iter","alpha","strategy","p1","p2","p3","p4","p5"
"1",77,0.8,0,0,10000,0.05,1,31.7789291882556,21.7616580310881,17.328727691422,14.7668393782383,14.363845710996
"2",77,0.8,0,0,10000,0.05,2,31.7789291882556,21.7616580310881,17.328727691422,14.7668393782383,14.363845710996
"3",77,0.8,0,0,10000,0.05,3,6.85089234312032,13.1548647092689,19.5739781232009,26.8278641335636,33.5924006908463
