"","nvar","r","d","het","iter","alpha","strategy","p1","p2","p3","p4","p5"
"1",61,0.5,0,0,10000,0.05,1,34.5339605998236,22.8462216995001,17.2008232872684,14.0105851220229,11.4084092913849
"2",61,0.5,0,0,10000,0.05,2,34.5339605998236,22.8462216995001,17.2008232872684,14.0105851220229,11.4084092913849
"3",61,0.5,0,0,10000,0.05,3,12.7168479858865,17.5389591296677,20.6556895030873,23.8165245516025,25.271978829756
