"","nvar","r","d","het","iter","alpha","strategy","p1","p2","p3","p4","p5"
"1",103,0,0,0,10000,0.05,1,65.3409661544642,22.8683338354926,8.04459174450136,2.71166013859596,1.03444812694587
"2",103,0,0,0,10000,0.05,2,65.3409661544642,22.8683338354926,8.04459174450136,2.71166013859596,1.03444812694587
"3",103,0,0,0,10000,0.05,3,19.9859395400221,19.8553781259415,19.7549462689565,20.4077533393592,19.9959827257206
