"","nvar","r","d","het","iter","alpha","strategy","p1","p2","p3","p4","p5"
"1",149,0.8,0,0,10000,0.05,1,33.7726933598607,20.9151952250684,17.3588659537428,14.9714001492166,12.9818453121114
"2",149,0.8,0,0,10000,0.05,2,33.7726933598607,20.9151952250684,17.3588659537428,14.9714001492166,12.9818453121114
"3",149,0.8,0,0,10000,0.05,3,5.96866451131559,12.2606316836608,19.9452872419796,27.8537677194728,33.9716488435713
