"","nvar","r","d","het","iter","alpha","strategy","p1","p2","p3","p4","p5"
"1",97,0.5,0,0,10000,0.05,1,39.2893923789907,22.5798146240989,16.29763130793,12.3712667353244,9.46189495365602
"2",97,0.5,0,0,10000,0.05,2,39.2893923789907,22.5798146240989,16.29763130793,12.3712667353244,9.46189495365602
"3",97,0.5,0,0,10000,0.05,3,12.062306900103,18.0741503604531,20.2239958805355,23.2363542739444,26.403192584964
