"","nvar","r","d","het","iter","alpha","strategy","p1","p2","p3","p4","p5"
"1",85,0.1,0,0,10000,0.05,1,55.8637568835407,24.9949010809708,11.2584132163981,5.5782174179074,2.30471140118295
"2",85,0.1,0,0,10000,0.05,2,55.8637568835407,24.9949010809708,11.2584132163981,5.5782174179074,2.30471140118295
"3",85,0.1,0,0,10000,0.05,3,19.0801550071385,20.2733020599633,19.8449928615134,20.3344890883133,20.4670609830716
