"","nvar","r","d","het","iter","alpha","strategy","p1","p2","p3","p4","p5"
"1",199,0,0,0,10000,0.05,1,86.3386338633863,12.0812081208121,1.37013701370137,0.2000200020002,0.01000100010001
"2",199,0,0,0,10000,0.05,2,86.3386338633863,12.0812081208121,1.37013701370137,0.2000200020002,0.01000100010001
"3",199,0,0,0,10000,0.05,3,19.9219921992199,19.8419841984198,19.8019801980198,19.7919791979198,20.6420642064206
