"","nvar","r","d","het","iter","alpha","strategy","p1","p2","p3","p4","p5"
"1",45,0.4,0,0,10000,0.05,1,35.2700028272547,22.5897653378569,16.6525303929884,14.1786824992932,11.3090189426067
"2",45,0.4,0,0,10000,0.05,2,35.2700028272547,22.5897653378569,16.6525303929884,14.1786824992932,11.3090189426067
"3",45,0.4,0,0,10000,0.05,3,15.6488549618321,19.4656488549618,19.6494204127792,22.1232683064744,23.1128074639525
