"","nvar","r","d","het","iter","alpha","strategy","p1","p2","p3","p4","p5"
"1",115,0.1,0,0,10000,0.05,1,64.550850015089,23.0057338295946,8.07765818328136,3.09827985112162,1.26747812091339
"2",115,0.1,0,0,10000,0.05,2,64.550850015089,23.0057338295946,8.07765818328136,3.09827985112162,1.26747812091339
"3",115,0.1,0,0,10000,0.05,3,18.5896791067297,20.2192938336183,20.2092344834524,20.2394125339503,20.7423800422493
