"","nvar","r","d","het","iter","alpha","strategy","p1","p2","p3","p4","p5"
"1",63,0.1,0,0,10000,0.05,1,47.3878627968338,25.0976253298153,14.3746701846966,8.53825857519789,4.60158311345646
"2",63,0.1,0,0,10000,0.05,2,47.3878627968338,25.0976253298153,14.3746701846966,8.53825857519789,4.60158311345646
"3",63,0.1,0,0,10000,0.05,3,19.2612137203166,19.9683377308707,19.7255936675462,19.6728232189974,21.3720316622691
