"","nvar","r","d","het","iter","alpha","strategy","p1","p2","p3","p4","p5"
"1",193,0.1,0,0,10000,0.05,1,81.7945383615084,14.9844953486046,2.77083124937481,0.360108032409723,0.0900270081024307
"2",193,0.1,0,0,10000,0.05,2,81.7945383615084,14.9844953486046,2.77083124937481,0.360108032409723,0.0900270081024307
"3",193,0.1,0,0,10000,0.05,3,18.8056416925078,20.0860258077423,20.3761128338502,20.0760228068421,20.6561968590577
