"","nvar","r","d","het","iter","alpha","strategy","p1","p2","p3","p4","p5"
"1",105,0.1,0,0,10000,0.05,1,62.5264430341493,23.179208220006,9.66052180920721,3.58617910748464,1.04764782915282
"2",105,0.1,0,0,10000,0.05,2,62.5264430341493,23.179208220006,9.66052180920721,3.58617910748464,1.04764782915282
"3",105,0.1,0,0,10000,0.05,3,19.7441321648031,19.7542057016218,19.8448675329908,21.1544273194319,19.5023672811524
