"","nvar","r","d","het","iter","alpha","strategy","p1","p2","p3","p4","p5"
"1",109,0,0,0,10000,0.05,1,67.0113442425459,22.5880935649031,7.05752434494529,2.43951410500954,0.903523742596125
"2",109,0,0,0,10000,0.05,2,67.0113442425459,22.5880935649031,7.05752434494529,2.43951410500954,0.903523742596125
"3",109,0,0,0,10000,0.05,3,19.8172874209417,20.2590101395442,19.5562694508583,20.3895191245859,19.9779138640699
