"","nvar","r","d","het","iter","alpha","strategy","p1","p2","p3","p4","p5"
"1",103,0.1,0,0,10000,0.05,1,63.4070037339792,22.6662629932385,9.06246846301342,3.44131597537592,1.42294883439298
"2",103,0.1,0,0,10000,0.05,2,63.4070037339792,22.6662629932385,9.06246846301342,3.44131597537592,1.42294883439298
"3",103,0.1,0,0,10000,0.05,3,19.5781612675346,19.6891714602886,19.9111918457968,20.2139469169442,20.6075285094359
