"","nvar","r","d","het","iter","alpha","strategy","p1","p2","p3","p4","p5"
"1",173,0.2,0,0,10000,0.05,1,71.3712910986367,18.9454691259022,6.93664795509222,2.14514835605453,0.601443464314354
"2",173,0.2,0,0,10000,0.05,2,71.3712910986367,18.9454691259022,6.93664795509222,2.14514835605453,0.601443464314354
"3",173,0.2,0,0,10000,0.05,3,18.4141940657578,18.9053728949479,20.1784282277466,21.1206896551724,21.3813151563753
