"","nvar","r","d","het","iter","alpha","strategy","p1","p2","p3","p4","p5"
"1",121,0.1,0,0,10000,0.05,1,66.5729208517477,21.6653274407393,8.01526717557252,2.76215347529128,0.984331056649257
"2",121,0.1,0,0,10000,0.05,2,66.5729208517477,21.6653274407393,8.01526717557252,2.76215347529128,0.984331056649257
"3",121,0.1,0,0,10000,0.05,3,19.1141020490157,19.6866211329851,19.8573724387304,20.8216151064685,20.5202892728003
