"","nvar","r","d","het","iter","alpha","strategy","p1","p2","p3","p4","p5"
"1",137,0.3,0,0,10000,0.05,1,55.6546703578386,23.3774223315903,12.1501076591818,5.88536860453194,2.93243104685738
"2",137,0.3,0,0,10000,0.05,2,55.6546703578386,23.3774223315903,12.1501076591818,5.88536860453194,2.93243104685738
"3",137,0.3,0,0,10000,0.05,3,16.0155849482211,18.404593458423,20.5987901158618,21.3165179944632,23.6645134830309
