"","nvar","r","d","het","iter","alpha","strategy","p1","p2","p3","p4","p5"
"1",37,0.9,0,0,10000,0.05,1,27.7447268793943,22.0118983234181,16.4954029204976,18.0638182801514,15.6841535965387
"2",37,0.9,0,0,10000,0.05,2,27.7447268793943,22.0118983234181,16.4954029204976,18.0638182801514,15.6841535965387
"3",37,0.9,0,0,10000,0.05,3,7.40941049215792,12.1146565711195,17.5770686857761,28.9886425094646,33.9102217414819
