"","nvar","r","d","het","iter","alpha","strategy","p1","p2","p3","p4","p5"
"1",187,0.5,0,0,10000,0.05,1,46.1315172490789,22.1391090766998,14.7482415987496,9.89170481187898,7.08942726359272
"2",187,0.5,0,0,10000,0.05,2,46.1315172490789,22.1391090766998,14.7482415987496,9.89170481187898,7.08942726359272
"3",187,0.5,0,0,10000,0.05,3,11.1197945740761,17.2825722898292,20.9333482192698,23.3113765769789,27.3529083398459
