"","nvar","r","d","het","iter","alpha","strategy","p1","p2","p3","p4","p5"
"1",91,0.7,0,0,10000,0.05,1,34.0480444709152,20.2700019853087,17.4111574349811,14.8104030176692,13.4603930911257
"2",91,0.7,0,0,10000,0.05,2,34.0480444709152,20.2700019853087,17.4111574349811,14.8104030176692,13.4603930911257
"3",91,0.7,0,0,10000,0.05,3,7.9610879491761,14.7706968433591,20.5280921183244,25.4516577327774,31.2884653563629
