"","nvar","r","d","het","iter","alpha","strategy","p1","p2","p3","p4","p5"
"1",71,0.7,0,0,10000,0.05,1,33.3840800347977,20.6394084384515,17.1378860374076,15.2457590256633,13.5928664636799
"2",71,0.7,0,0,10000,0.05,2,33.3840800347977,20.6394084384515,17.1378860374076,15.2457590256633,13.5928664636799
"3",71,0.7,0,0,10000,0.05,3,8.50369725967812,15.2240104393214,20.6829056111353,24.8586341887777,30.7307525010874
