"","nvar","r","d","het","iter","alpha","strategy","p1","p2","p3","p4","p5"
"1",23,0.3,0,0,10000,0.05,1,29.6651522799933,21.3360255763083,19.7206797913512,15.9010600706714,13.3770822816759
"2",23,0.3,0,0,10000,0.05,2,29.6651522799933,21.3360255763083,19.7206797913512,15.9010600706714,13.3770822816759
"3",23,0.3,0,0,10000,0.05,3,17.4154467440687,18.7447417129396,21.6389029109877,21.1845869089685,21.0163217230355
