"","nvar","r","d","het","iter","alpha","strategy","p1","p2","p3","p4","p5"
"1",91,0.6,0,0,10000,0.05,1,36.9240446611102,21.3712847932065,16.747916339047,13.7285736751061,11.2281805315301
"2",91,0.6,0,0,10000,0.05,2,36.9240446611102,21.3712847932065,16.747916339047,13.7285736751061,11.2281805315301
"3",91,0.6,0,0,10000,0.05,3,10.740682497248,16.8894480264192,21.2926560779997,25.3656235257116,25.7115898726215
