"","nvar","r","d","het","iter","alpha","strategy","p1","p2","p3","p4","p5"
"1",193,0.8,0,0,10000,0.05,1,33.2187857961054,21.8785796105384,16.7926689576174,14.8682703321879,13.241695303551
"2",193,0.8,0,0,10000,0.05,2,33.2187857961054,21.8785796105384,16.7926689576174,14.8682703321879,13.241695303551
"3",193,0.8,0,0,10000,0.05,3,5.33791523482245,12.3024054982818,19.3127147766323,28.0870561282932,34.9599083619702
