"","nvar","r","d","het","iter","alpha","strategy","p1","p2","p3","p4","p5"
"1",67,0.4,0,0,10000,0.05,1,38.5728668512459,23.6219481500126,16.5743770450541,12.1696451044551,9.06116284923232
"2",67,0.4,0,0,10000,0.05,2,38.5728668512459,23.6219481500126,16.5743770450541,12.1696451044551,9.06116284923232
"3",67,0.4,0,0,10000,0.05,3,14.2965013843443,19.1165366221998,20.8910143468412,22.1243392902089,23.5716083564057
