"","nvar","r","d","het","iter","alpha","strategy","p1","p2","p3","p4","p5"
"1",91,0,0,0,10000,0.05,1,60.6782398062172,23.8897860314897,9.89099717400081,3.94630601534114,1.59467097295115
"2",91,0,0,0,10000,0.05,2,60.6782398062172,23.8897860314897,9.89099717400081,3.94630601534114,1.59467097295115
"3",91,0,0,0,10000,0.05,3,20.3068227694792,20.185708518369,19.7315300767057,20.1453371013323,19.6306015341138
