"","nvar","r","d","het","iter","alpha","strategy","p1","p2","p3","p4","p5"
"1",49,0.1,0,0,10000,0.05,1,41.6057585825028,25.5260243632337,16.3012181616833,10.0332225913621,6.53377630121816
"2",49,0.1,0,0,10000,0.05,2,41.6057585825028,25.5260243632337,16.3012181616833,10.0332225913621,6.53377630121816
"3",49,0.1,0,0,10000,0.05,3,18.6600221483942,20.0332225913621,19.9889258028793,20.0885935769657,21.2292358803987
