"","nvar","r","d","het","iter","alpha","strategy","p1","p2","p3","p4","p5"
"1",99,0.5,0,0,10000,0.05,1,39.3388006150692,22.0271655561251,16.0943106099436,12.6858021527422,9.85392106611994
"2",99,0.5,0,0,10000,0.05,2,39.3388006150692,22.0271655561251,16.0943106099436,12.6858021527422,9.85392106611994
"3",99,0.5,0,0,10000,0.05,3,11.7247565351102,17.6960533059969,20.5791901588929,23.6801640184521,26.3198359815479
