"","nvar","r","d","het","iter","alpha","strategy","p1","p2","p3","p4","p5"
"1",23,0.6,0,0,10000,0.05,1,29.9948373773877,21.1409395973154,17.7077955601446,16.4945792462571,14.6618482188952
"2",23,0.6,0,0,10000,0.05,2,29.9948373773877,21.1409395973154,17.7077955601446,16.4945792462571,14.6618482188952
"3",23,0.6,0,0,10000,0.05,3,12.2096024780589,18.5854414042334,20.7279297883325,23.3608673205989,25.1161590087765
