"","nvar","r","d","het","iter","alpha","strategy","p1","p2","p3","p4","p5"
"1",45,0.1,0,0,10000,0.05,1,39.8979013045944,25.8536585365854,16.3811684628474,10.9132161089053,6.9540555870675
"2",45,0.1,0,0,10000,0.05,2,39.8979013045944,25.8536585365854,16.3811684628474,10.9132161089053,6.9540555870675
"3",45,0.1,0,0,10000,0.05,3,19.6483267158253,20.0113442994895,19.9886557005105,20.1020986954056,20.2495745887691
