"","nvar","r","d","het","iter","alpha","strategy","p1","p2","p3","p4","p5"
"1",77,0.1,0,0,10000,0.05,1,52.6185821586583,25.846280481531,12.7276468772507,5.87509002983846,2.93240045272147
"2",77,0.1,0,0,10000,0.05,2,52.6185821586583,25.846280481531,12.7276468772507,5.87509002983846,2.93240045272147
"3",77,0.1,0,0,10000,0.05,3,19.0348801317008,20.1563946908118,21.1647288815722,20.0535034468567,19.5904928490585
