"","nvar","r","d","het","iter","alpha","strategy","p1","p2","p3","p4","p5"
"1",143,0.4,0,0,10000,0.05,1,50.3699731903485,22.970509383378,13.6729222520107,8.16085790884719,4.82573726541555
"2",143,0.4,0,0,10000,0.05,2,50.3699731903485,22.970509383378,13.6729222520107,8.16085790884719,4.82573726541555
"3",143,0.4,0,0,10000,0.05,3,13.7801608579088,18.5630026809651,21.083109919571,23.0348525469169,23.5388739946381
