"","nvar","r","d","het","iter","alpha","strategy","p1","p2","p3","p4","p5"
"1",119,0.8,0,0,10000,0.05,1,33.1274131274131,20.5148005148005,16.4993564993565,15.5727155727156,14.2857142857143
"2",119,0.8,0,0,10000,0.05,2,33.1274131274131,20.5148005148005,16.4993564993565,15.5727155727156,14.2857142857143
"3",119,0.8,0,0,10000,0.05,3,5.81724581724582,12.6126126126126,18.3268983268983,27.4903474903475,35.7528957528958
