"","nvar","r","d","het","iter","alpha","strategy","p1","p2","p3","p4","p5"
"1",67,0.2,0,0,10000,0.05,1,45.3956601532981,24.9919032710785,15.1354852639534,9.39220554895822,5.08474576271187
"2",67,0.2,0,0,10000,0.05,2,45.3956601532981,24.9919032710785,15.1354852639534,9.39220554895822,5.08474576271187
"3",67,0.2,0,0,10000,0.05,3,17.3377955306056,20.0259095325488,20.3929612436576,21.6884378711001,20.5548958220879
