"","nvar","r","d","het","iter","alpha","strategy","p1","p2","p3","p4","p5"
"1",15,0.6,0,0,10000,0.05,1,26.7498478393183,20.9373097991479,19.9634814363968,16.8594035301278,15.4899573950091
"2",15,0.6,0,0,10000,0.05,2,26.7498478393183,20.9373097991479,19.9634814363968,16.8594035301278,15.4899573950091
"3",15,0.6,0,0,10000,0.05,3,13.4205721241631,17.6506390748631,21.7894096165551,23.4327449786975,23.7066342057212
