"","nvar","r","d","het","iter","alpha","strategy","p1","p2","p3","p4","p5"
"1",149,0.1,0,0,10000,0.05,1,73.8185822987585,19.1629955947137,5.2563075690829,1.3816579895875,0.380456547857429
"2",149,0.1,0,0,10000,0.05,2,73.8185822987585,19.1629955947137,5.2563075690829,1.3816579895875,0.380456547857429
"3",149,0.1,0,0,10000,0.05,3,19.573488185823,19.7136563876652,19.7637164597517,20.6147376852223,20.3344012815378
