"","nvar","r","d","het","iter","alpha","strategy","p1","p2","p3","p4","p5"
"1",115,0,0,0,10000,0.05,1,68.4273950592488,21.7714400482025,6.6680056236192,2.37999598312914,0.753163285800362
"2",115,0,0,0,10000,0.05,2,68.4273950592488,21.7714400482025,6.6680056236192,2.37999598312914,0.753163285800362
"3",115,0,0,0,10000,0.05,3,20.0943964651536,20.4759991966258,19.9638481622816,20.0542277565776,19.4115284193613
