"","nvar","r","d","het","iter","alpha","strategy","p1","p2","p3","p4","p5"
"1",29,0.9,0,0,10000,0.05,1,27.9483037156704,20.7323640280022,17.6628971459343,17.7167474421109,15.9396876682822
"2",29,0.9,0,0,10000,0.05,2,27.9483037156704,20.7323640280022,17.6628971459343,17.7167474421109,15.9396876682822
"3",29,0.9,0,0,10000,0.05,3,7.96984383414109,10.8239095315024,19.5476575121163,27.0328486806677,34.6257404415724
