"","nvar","r","d","het","iter","alpha","strategy","p1","p2","p3","p4","p5"
"1",17,0,0,0,10000,0.05,1,27.134724857685,22.3736415387269,19.9758495773676,16.2325340693462,14.2832499568742
"2",17,0,0,0,10000,0.05,2,27.134724857685,22.3736415387269,19.9758495773676,16.2325340693462,14.2832499568742
"3",17,0,0,0,10000,0.05,3,20.2518544074521,19.4928411247197,20.4416077281352,19.5445920303605,20.2691047093324
