"","nvar","r","d","het","iter","alpha","strategy","p1","p2","p3","p4","p5"
"1",151,0.2,0,0,10000,0.05,1,67.4103105215556,21.78675509999,7.04451813888052,2.81378755903929,0.94462868053462
"2",151,0.2,0,0,10000,0.05,2,67.4103105215556,21.78675509999,7.04451813888052,2.81378755903929,0.94462868053462
"3",151,0.2,0,0,10000,0.05,3,17.9981911365692,19.8271530499447,20.1587780122601,21.0833082102301,20.9325695909959
