"","nvar","r","d","het","iter","alpha","strategy","p1","p2","p3","p4","p5"
"1",113,0.6,0,0,10000,0.05,1,36.5438674360112,22.3553780144992,16.7480396508359,13.4783251960349,10.8743897026187
"2",113,0.6,0,0,10000,0.05,2,36.5438674360112,22.3553780144992,16.7480396508359,13.4783251960349,10.8743897026187
"3",113,0.6,0,0,10000,0.05,3,9.72037283621838,16.1266459535434,21.5564432608374,24.7965675395769,27.7999704098239
