"","nvar","r","d","het","iter","alpha","strategy","p1","p2","p3","p4","p5"
"1",111,0.7,0,0,10000,0.05,1,35.0688549330315,21.9203923787965,16.3176759102056,14.1860026410111,12.5070741369553
"2",111,0.7,0,0,10000,0.05,2,35.0688549330315,21.9203923787965,16.3176759102056,14.1860026410111,12.5070741369553
"3",111,0.7,0,0,10000,0.05,3,7.62120354650066,15.3744576495001,20.2791926051688,25.6366723259762,31.0884738728542
