"","nvar","r","d","het","iter","alpha","strategy","p1","p2","p3","p4","p5"
"1",113,0.3,0,0,10000,0.05,1,51.9044140665762,24.0321402483565,12.8456641970155,7.3567776270479,3.86100386100386
"2",113,0.3,0,0,10000,0.05,2,51.9044140665762,24.0321402483565,12.8456641970155,7.3567776270479,3.86100386100386
"3",113,0.3,0,0,10000,0.05,3,16.0075133048106,19.033705520192,20.2337472607743,21.6946676406136,23.0303662736095
