"","nvar","r","d","het","iter","alpha","strategy","p1","p2","p3","p4","p5"
"1",69,0.4,0,0,10000,0.05,1,38.6569198364515,23.1074216330071,16.3548507000372,12.2413579482096,9.63944988229463
"2",69,0.4,0,0,10000,0.05,2,38.6569198364515,23.1074216330071,16.3548507000372,12.2413579482096,9.63944988229463
"3",69,0.4,0,0,10000,0.05,3,13.6662123652583,18.6470078057242,20.8896047577747,22.5374798661876,24.2596952050551
