"","nvar","r","d","het","iter","alpha","strategy","p1","p2","p3","p4","p5"
"1",79,0.2,0,0,10000,0.05,1,49.9684409846413,24.563433620871,13.5072585735325,7.59520302966547,4.36566379128971
"2",79,0.2,0,0,10000,0.05,2,49.9684409846413,24.563433620871,13.5072585735325,7.59520302966547,4.36566379128971
"3",79,0.2,0,0,10000,0.05,3,18.2516305491269,19.2089206816747,20.271407532085,20.5133599831685,21.7546812539449
