"","nvar","r","d","het","iter","alpha","strategy","p1","p2","p3","p4","p5"
"1",137,0.7,0,0,10000,0.05,1,36.5422049194833,20.5804282427889,16.8819677933109,14.0860024774376,11.9093965669793
"2",137,0.7,0,0,10000,0.05,2,36.5422049194833,20.5804282427889,16.8819677933109,14.0860024774376,11.9093965669793
"3",137,0.7,0,0,10000,0.05,3,7.80392850822863,14.2098743585206,21.1290037161564,26.0838789594762,30.7733144576181
