"","nvar","r","d","het","iter","alpha","strategy","p1","p2","p3","p4","p5"
"1",7,0.1,0,0,10000,0.05,1,22.7481919789612,21.4661406969099,21.0716633793557,17.6528599605523,17.0611439842209
"2",7,0.1,0,0,10000,0.05,2,22.7481919789612,21.4661406969099,21.0716633793557,17.6528599605523,17.0611439842209
"3",7,0.1,0,0,10000,0.05,3,19.7567389875082,20.2827087442472,21.0716633793557,19.0992767915845,19.7896120973044
