"","nvar","r","d","het","iter","alpha","strategy","p1","p2","p3","p4","p5"
"1",19,0.6,0,0,10000,0.05,1,29.4672586015538,21.2819089900111,17.0643729189789,16.8146503884573,15.3718091009989
"2",19,0.6,0,0,10000,0.05,2,29.4672586015538,21.2819089900111,17.0643729189789,16.8146503884573,15.3718091009989
"3",19,0.6,0,0,10000,0.05,3,13.5682574916759,18.2297447280799,19.5061043285239,23.30743618202,25.3884572697003
