"","nvar","r","d","het","iter","alpha","strategy","p1","p2","p3","p4","p5"
"1",41,0.9,0,0,10000,0.05,1,27.8269932256384,20.6878582595102,18.4992183428869,16.8837936425221,16.1021365294424
"2",41,0.9,0,0,10000,0.05,2,27.8269932256384,20.6878582595102,18.4992183428869,16.8837936425221,16.1021365294424
"3",41,0.9,0,0,10000,0.05,3,7.03491401771756,12.2980719124544,17.8738926524231,26.0552371026576,36.7378843147473
