"","nvar","r","d","het","iter","alpha","strategy","p1","p2","p3","p4","p5"
"1",53,0.6,0,0,10000,0.05,1,35.3170913148596,21.0526315789474,16.7565557002046,14.3202529291426,12.5534684768458
"2",53,0.6,0,0,10000,0.05,2,35.3170913148596,21.0526315789474,16.7565557002046,14.3202529291426,12.5534684768458
"3",53,0.6,0,0,10000,0.05,3,11.8095592337735,17.0355216663567,21.1084247721778,23.619118467547,26.4273758601451
