"","nvar","r","d","het","iter","alpha","strategy","p1","p2","p3","p4","p5"
"1",39,0.3,0,0,10000,0.05,1,35.093419983753,23.4362307067425,17.7768751692391,13.4172759274303,10.2761982128351
"2",39,0.3,0,0,10000,0.05,2,35.093419983753,23.4362307067425,17.7768751692391,13.4172759274303,10.2761982128351
"3",39,0.3,0,0,10000,0.05,3,17.5737882480368,19.3067966422962,20.4305442729488,21.161657189277,21.5272136474411
