"","nvar","r","d","het","iter","alpha","strategy","p1","p2","p3","p4","p5"
"1",115,0.4,0,0,10000,0.05,1,46.7986798679868,22.2992299229923,14.6974697469747,9.84598459845985,6.35863586358636
"2",115,0.4,0,0,10000,0.05,2,46.7986798679868,22.2992299229923,14.6974697469747,9.84598459845985,6.35863586358636
"3",115,0.4,0,0,10000,0.05,3,14.6974697469747,18.4048404840484,20.2970297029703,22.959295929593,23.6413641364136
