"","nvar","r","d","het","iter","alpha","strategy","p1","p2","p3","p4","p5"
"1",23,0.7,0,0,10000,0.05,1,28.0388471177945,21.0526315789474,17.9511278195489,17.4498746867168,15.5075187969925
"2",23,0.7,0,0,10000,0.05,2,28.0388471177945,21.0526315789474,17.9511278195489,17.4498746867168,15.5075187969925
"3",23,0.7,0,0,10000,0.05,3,10.3070175438596,16.9486215538847,20.1127819548872,26.0651629072682,26.5664160401003
