"","nvar","r","d","het","iter","alpha","strategy","p1","p2","p3","p4","p5"
"1",143,0.7,0,0,10000,0.05,1,35.7537912578055,21.5700267618198,17.3238180196253,13.4701159678858,11.8822479928635
"2",143,0.7,0,0,10000,0.05,2,35.7537912578055,21.5700267618198,17.3238180196253,13.4701159678858,11.8822479928635
"3",143,0.7,0,0,10000,0.05,3,7.70740410347904,14.4157002676182,21.0169491525424,25.0490633363069,31.8108831400535
