"","nvar","r","d","het","iter","alpha","strategy","p1","p2","p3","p4","p5"
"1",53,0.2,0,0,10000,0.05,1,41.3503068879291,24.7669924982951,16.208229142987,10.8206410547852,6.85383041600364
"2",53,0.2,0,0,10000,0.05,2,41.3503068879291,24.7669924982951,16.208229142987,10.8206410547852,6.85383041600364
"3",53,0.2,0,0,10000,0.05,3,18.3337122073198,19.7885883155263,20.6183223459877,20.720618322346,20.5387588088202
