"","nvar","r","d","het","iter","alpha","strategy","p1","p2","p3","p4","p5"
"1",187,0.8,0,0,10000,0.05,1,35.3779002986446,20.882150241213,16.425453710085,14.587640707558,12.7268550424994
"2",187,0.8,0,0,10000,0.05,2,35.3779002986446,20.882150241213,16.425453710085,14.587640707558,12.7268550424994
"3",187,0.8,0,0,10000,0.05,3,5.19182173213875,12.3133471169309,20.1699977027337,27.7509763381576,34.573857110039
