"","nvar","r","d","het","iter","alpha","strategy","p1","p2","p3","p4","p5"
"1",103,0.9,0,0,10000,0.05,1,28.3687943262411,20.9663120567376,18.5283687943262,17.508865248227,14.6276595744681
"2",103,0.9,0,0,10000,0.05,2,28.3687943262411,20.9663120567376,18.5283687943262,17.508865248227,14.6276595744681
"3",103,0.9,0,0,10000,0.05,3,4.65425531914894,9.30851063829787,17.7304964539007,28.1471631205674,40.1595744680851
