"","nvar","r","d","het","iter","alpha","strategy","p1","p2","p3","p4","p5"
"1",15,0.8,0,0,10000,0.05,1,27.8100775193798,21.0755813953488,17.9263565891473,17.1996124031008,15.9883720930233
"2",15,0.8,0,0,10000,0.05,2,27.8100775193798,21.0755813953488,17.9263565891473,17.1996124031008,15.9883720930233
"3",15,0.8,0,0,10000,0.05,3,9.88372093023256,16.4244186046512,20.203488372093,24.7577519379845,28.7306201550388
