"","nvar","r","d","het","iter","alpha","strategy","p1","p2","p3","p4","p5"
"1",81,0.2,0,0,10000,0.05,1,49.8220640569395,25.1727025329705,13.7429348963785,7.45237596818087,3.80992254553067
"2",81,0.2,0,0,10000,0.05,2,49.8220640569395,25.1727025329705,13.7429348963785,7.45237596818087,3.80992254553067
"3",81,0.2,0,0,10000,0.05,3,18.4425371572116,19.3112832321541,20.357965250157,20.8499057986184,21.0383085618589
