"","nvar","r","d","het","iter","alpha","strategy","p1","p2","p3","p4","p5"
"1",137,0.6,0,0,10000,0.05,1,38.1358300726663,21.5204024594746,16.3219675796534,13.1078814980436,10.9139183901621
"2",137,0.6,0,0,10000,0.05,2,38.1358300726663,21.5204024594746,16.3219675796534,13.1078814980436,10.9139183901621
"3",137,0.6,0,0,10000,0.05,3,9.68418110676356,16.0145332588038,21.296813862493,25.0558971492454,27.9485746226942
