"","nvar","r","d","het","iter","alpha","strategy","p1","p2","p3","p4","p5"
"1",131,0,0,0,10000,0.05,1,72.8728728728729,19.9399399399399,5.36536536536537,1.44144144144144,0.38038038038038
"2",131,0,0,0,10000,0.05,2,72.8728728728729,19.9399399399399,5.36536536536537,1.44144144144144,0.38038038038038
"3",131,0,0,0,10000,0.05,3,19.4194194194194,20.0800800800801,20.3203203203203,20.2802802802803,19.8998998998999
