"","nvar","r","d","het","iter","alpha","strategy","p1","p2","p3","p4","p5"
"1",123,0.1,0,0,10000,0.05,1,67.5401606425703,21.6064257028112,7.63052208835341,2.36947791164659,0.853413654618474
"2",123,0.1,0,0,10000,0.05,2,67.5401606425703,21.6064257028112,7.63052208835341,2.36947791164659,0.853413654618474
"3",123,0.1,0,0,10000,0.05,3,19.1265060240964,19.6686746987952,20.4718875502008,19.9196787148594,20.8132530120482
