"","nvar","r","d","het","iter","alpha","strategy","p1","p2","p3","p4","p5"
"1",103,0.3,0,0,10000,0.05,1,49.9366420274551,23.3262935586061,13.9387539598733,8.09926082365364,4.69904963041183
"2",103,0.3,0,0,10000,0.05,2,49.9366420274551,23.3262935586061,13.9387539598733,8.09926082365364,4.69904963041183
"3",103,0.3,0,0,10000,0.05,3,16.5575501583949,19.208025343189,20.4963041182682,21.3199577613516,22.4181626187962
