"","nvar","r","d","het","iter","alpha","strategy","p1","p2","p3","p4","p5"
"1",79,0.9,0,0,10000,0.05,1,27.313366115333,20.7420652659812,18.3281180151989,17.7916852928029,15.824765310684
"2",79,0.9,0,0,10000,0.05,2,27.313366115333,20.7420652659812,18.3281180151989,17.7916852928029,15.824765310684
"3",79,0.9,0,0,10000,0.05,3,5.85605721949039,10.4604380867233,17.7022798390702,26.6875279392043,39.2936969155118
