"","nvar","r","d","het","iter","alpha","strategy","p1","p2","p3","p4","p5"
"1",145,0,0,0,10000,0.05,1,76.4529358807642,18.2754826447934,3.98119435830749,1.11033309992998,0.180054016204861
"2",145,0,0,0,10000,0.05,2,76.4529358807642,18.2754826447934,3.98119435830749,1.11033309992998,0.180054016204861
"3",145,0,0,0,10000,0.05,3,19.925977793338,19.7159147744323,19.7359207762329,20.5661698509553,20.0560168050415
