"","nvar","r","d","het","iter","alpha","strategy","p1","p2","p3","p4","p5"
"1",171,0.2,0,0,10000,0.05,1,71.0903801785535,19.6709800381182,6.36974621326111,2.21687230414284,0.652021265924365
"2",171,0.2,0,0,10000,0.05,2,71.0903801785535,19.6709800381182,6.36974621326111,2.21687230414284,0.652021265924365
"3",171,0.2,0,0,10000,0.05,3,18.0158491323102,19.1694252181763,21.0552713411576,20.6941518707995,21.0653024375564
