"","nvar","r","d","het","iter","alpha","strategy","p1","p2","p3","p4","p5"
"1",77,0.6,0,0,10000,0.05,1,36.1014994232987,21.0743120777723,16.6913824353271,14.615257867853,11.5175481957489
"2",77,0.6,0,0,10000,0.05,2,36.1014994232987,21.0743120777723,16.6913824353271,14.615257867853,11.5175481957489
"3",77,0.6,0,0,10000,0.05,3,10.5289174493327,17.1527434503213,20.365793376174,25.5561047948591,26.3964409293129
