"","nvar","r","d","het","iter","alpha","strategy","p1","p2","p3","p4","p5"
"1",29,0.6,0,0,10000,0.05,1,30.3905325443787,20.6390532544379,18.8165680473373,15.2899408284024,14.8639053254438
"2",29,0.6,0,0,10000,0.05,2,30.3905325443787,20.6390532544379,18.8165680473373,15.2899408284024,14.8639053254438
"3",29,0.6,0,0,10000,0.05,3,12.1656804733728,17.4674556213018,21.7041420118343,22.9585798816568,25.7041420118343
