"","nvar","r","d","het","iter","alpha","strategy","p1","p2","p3","p4","p5"
"1",33,0.2,0,0,10000,0.05,1,34.4536707526031,23.1712139185449,17.9781204692237,13.826281797812,10.5707130618163
"2",33,0.2,0,0,10000,0.05,2,34.4536707526031,23.1712139185449,17.9781204692237,13.826281797812,10.5707130618163
"3",33,0.2,0,0,10000,0.05,3,18.7294055621458,18.7953077632793,19.744299459602,21.3786740477132,21.3523131672598
