"","nvar","r","d","het","iter","alpha","strategy","p1","p2","p3","p4","p5"
"1",51,0.1,0,0,10000,0.05,1,42.4909230938497,26.3395313015733,15.1391792276378,9.8910771261965,6.13928925074266
"2",51,0.1,0,0,10000,0.05,2,42.4909230938497,26.3395313015733,15.1391792276378,9.8910771261965,6.13928925074266
"3",51,0.1,0,0,10000,0.05,3,19.1000110023105,20.6623390912092,19.2650456595885,20.7943668170316,20.1782374298603
