"","nvar","r","d","het","iter","alpha","strategy","p1","p2","p3","p4","p5"
"1",167,0.5,0,0,10000,0.05,1,44.6847256999772,21.6253129979513,15.4222626906442,10.926473935807,7.3412246756203
"2",167,0.5,0,0,10000,0.05,2,44.6847256999772,21.6253129979513,15.4222626906442,10.926473935807,7.3412246756203
"3",167,0.5,0,0,10000,0.05,3,11.3020714773503,16.5376735715912,21.3180059185067,24.0837696335079,26.7584793990439
