"","nvar","r","d","het","iter","alpha","strategy","p1","p2","p3","p4","p5"
"1",133,0.6,0,0,10000,0.05,1,39.1242937853107,21.4971751412429,15.8757062146893,12.9378531073446,10.5649717514124
"2",133,0.6,0,0,10000,0.05,2,39.1242937853107,21.4971751412429,15.8757062146893,12.9378531073446,10.5649717514124
"3",133,0.6,0,0,10000,0.05,3,9.74576271186441,16.680790960452,21.2570621468927,24.4915254237288,27.8248587570621
