"","nvar","r","d","het","iter","alpha","strategy","p1","p2","p3","p4","p5"
"1",99,0.8,0,0,10000,0.05,1,33.2634887375589,20.2985856469356,17.5746464117339,15.6626506024096,13.200628601362
"2",99,0.8,0,0,10000,0.05,2,33.2634887375589,20.2985856469356,17.5746464117339,15.6626506024096,13.200628601362
"3",99,0.8,0,0,10000,0.05,3,6.39078051335778,13.7506547930854,19.5652173913043,27.317967522263,32.9753797799895
