"","nvar","r","d","het","iter","alpha","strategy","p1","p2","p3","p4","p5"
"1",41,0.3,0,0,10000,0.05,1,35.1540801481285,23.8989551646608,16.8099457743685,13.5828594101309,10.5541595027113
"2",41,0.3,0,0,10000,0.05,2,35.1540801481285,23.8989551646608,16.8099457743685,13.5828594101309,10.5541595027113
"3",41,0.3,0,0,10000,0.05,3,16.6909139002777,19.759291099061,20.0767094299696,21.6638010845126,21.8092844861791
