"","nvar","r","d","het","iter","alpha","strategy","p1","p2","p3","p4","p5"
"1",199,0.2,0,0,10000,0.05,1,74.7723406384469,18.4128890223156,5.10357250075053,1.38096667667367,0.330231161813269
"2",199,0.2,0,0,10000,0.05,2,74.7723406384469,18.4128890223156,5.10357250075053,1.38096667667367,0.330231161813269
"3",199,0.2,0,0,10000,0.05,3,17.3821675172621,19.3835684979486,20.134093865706,21.1648153707595,21.9353547483238
