"","nvar","r","d","het","iter","alpha","strategy","p1","p2","p3","p4","p5"
"1",39,0.5,0,0,10000,0.05,1,32.0655966503838,22.5226796929519,18.1612002791347,14.8290300069784,12.4214933705513
"2",39,0.5,0,0,10000,0.05,2,32.0655966503838,22.5226796929519,18.1612002791347,14.8290300069784,12.4214933705513
"3",39,0.5,0,0,10000,0.05,3,12.9797627355199,18.1612002791347,20.3419399860433,24.3893928820656,24.1277041172366
