"","nvar","r","d","het","iter","alpha","strategy","p1","p2","p3","p4","p5"
"1",183,0.1,0,0,10000,0.05,1,80.5280528052805,15.2415241524152,3.3003300330033,0.71007100710071,0.22002200220022
"2",183,0.1,0,0,10000,0.05,2,80.5280528052805,15.2415241524152,3.3003300330033,0.71007100710071,0.22002200220022
"3",183,0.1,0,0,10000,0.05,3,19.3519351935194,19.9019901990199,20.2920292029203,20.6120612061206,19.8419841984198
