"","nvar","r","d","het","iter","alpha","strategy","p1","p2","p3","p4","p5"
"1",129,0.7,0,0,10000,0.05,1,35.5726872246696,21.3839941262849,15.7856093979442,15.0697503671072,12.1879588839941
"2",129,0.7,0,0,10000,0.05,2,35.5726872246696,21.3839941262849,15.7856093979442,15.0697503671072,12.1879588839941
"3",129,0.7,0,0,10000,0.05,3,7.58076358296623,14.5007342143906,20.2276064610866,26.3032305433187,31.3876651982379
