"","nvar","r","d","het","iter","alpha","strategy","p1","p2","p3","p4","p5"
"1",121,0.5,0,0,10000,0.05,1,40.5175555825538,22.8890778763212,16.364961730045,11.0314664074839,9.19693840359616
"2",121,0.5,0,0,10000,0.05,2,40.5175555825538,22.8890778763212,16.364961730045,11.0314664074839,9.19693840359616
"3",121,0.5,0,0,10000,0.05,3,11.7725671242862,17.3247479042644,21.2610861377718,23.0956141416596,26.545984692018
