"","nvar","r","d","het","iter","alpha","strategy","p1","p2","p3","p4","p5"
"1",183,0.3,0,0,10000,0.05,1,63.916380529186,21.3593213492224,9.23045849323369,3.78711371440113,1.70672591395678
"2",183,0.3,0,0,10000,0.05,2,63.916380529186,21.3593213492224,9.23045849323369,3.78711371440113,1.70672591395678
"3",183,0.3,0,0,10000,0.05,3,16.2694405170673,19.0264593011513,20.1070490809937,21.8743688143809,22.7226822864068
