"","nvar","r","d","het","iter","alpha","strategy","p1","p2","p3","p4","p5"
"1",147,0,0,0,10000,0.05,1,76.5418502202643,18.3019623548258,4.04485382458951,0.861033239887865,0.250300360432519
"2",147,0,0,0,10000,0.05,2,76.5418502202643,18.3019623548258,4.04485382458951,0.861033239887865,0.250300360432519
"3",147,0,0,0,10000,0.05,3,19.2831397677213,19.5835002002403,20.1942330796956,20.9351221465759,20.0040048057669
