"","nvar","r","d","het","iter","alpha","strategy","p1","p2","p3","p4","p5"
"1",127,0.6,0,0,10000,0.05,1,39.4348196535075,21.1303606929849,15.7199659187731,13.3058790116444,10.40897472309
"2",127,0.6,0,0,10000,0.05,2,39.4348196535075,21.1303606929849,15.7199659187731,13.3058790116444,10.40897472309
"3",127,0.6,0,0,10000,0.05,3,10.0823629650667,17.0974155069582,20.8179494461801,24.6520874751491,27.3501846066458
