"","nvar","r","d","het","iter","alpha","strategy","p1","p2","p3","p4","p5"
"1",119,0.3,0,0,10000,0.05,1,52.5802097393832,24.2550098639809,12.7920257501817,6.8944034887343,3.47835115771986
"2",119,0.3,0,0,10000,0.05,2,52.5802097393832,24.2550098639809,12.7920257501817,6.8944034887343,3.47835115771986
"3",119,0.3,0,0,10000,0.05,3,16.4780396635863,18.7934793894715,20.9220226352404,21.6799916934898,22.126466618212
