"","nvar","r","d","het","iter","alpha","strategy","p1","p2","p3","p4","p5"
"1",39,0,0,0,10000,0.05,1,37.0977111653305,25.6186824677588,17.1488323457651,12.0831881027071,8.05158591843848
"2",39,0,0,0,10000,0.05,2,37.0977111653305,25.6186824677588,17.1488323457651,12.0831881027071,8.05158591843848
"3",39,0,0,0,10000,0.05,3,19.15882421285,20.1928662716394,19.9953526199605,20.065063320553,20.5878935749971
