"","nvar","r","d","het","iter","alpha","strategy","p1","p2","p3","p4","p5"
"1",37,0.2,0,0,10000,0.05,1,35.1080050825921,24.294790343075,18.1702668360864,12.8081321473952,9.61880559085133
"2",37,0.2,0,0,10000,0.05,2,35.1080050825921,24.294790343075,18.1702668360864,12.8081321473952,9.61880559085133
"3",37,0.2,0,0,10000,0.05,3,18.3735705209657,19.8602287166455,20.4955527318933,20.6861499364676,20.584498094028
