"","nvar","r","d","het","iter","alpha","strategy","p1","p2","p3","p4","p5"
"1",21,0.6,0,0,10000,0.05,1,29.0493892724376,22.145512480085,18.5077004779607,16.6755177907594,13.6218799787573
"2",21,0.6,0,0,10000,0.05,2,29.0493892724376,22.145512480085,18.5077004779607,16.6755177907594,13.6218799787573
"3",21,0.6,0,0,10000,0.05,3,13.11736590547,18.348380244291,21.1364843335104,23.2342007434944,24.1635687732342
