"","nvar","r","d","het","iter","alpha","strategy","p1","p2","p3","p4","p5"
"1",5,0.9,0,0,10000,0.05,1,20.686175580222,21.1907164480323,19.1725529767911,19.3743693239152,19.5761856710394
"2",5,0.9,0,0,10000,0.05,2,20.686175580222,21.1907164480323,19.1725529767911,19.3743693239152,19.5761856710394
"3",5,0.9,0,0,10000,0.05,3,11.0998990918264,16.5489404641776,19.5761856710394,24.3188698284561,28.4561049445005
