"","nvar","r","d","het","iter","alpha","strategy","p1","p2","p3","p4","p5"
"1",53,0.7,0,0,10000,0.05,1,32.368854387203,21.3832039520113,17.7605269348389,15.5492825217596,12.9381322041872
"2",53,0.7,0,0,10000,0.05,2,32.368854387203,21.3832039520113,17.7605269348389,15.5492825217596,12.9381322041872
"3",53,0.7,0,0,10000,0.05,3,8.89202540578687,15.8080451658433,21.4302517054811,24.7706422018349,29.0990355210539
