"","nvar","r","d","het","iter","alpha","strategy","p1","p2","p3","p4","p5"
"1",123,0.2,0,0,10000,0.05,1,60.7041396103896,23.4780844155844,9.60836038961039,4.36282467532468,1.84659090909091
"2",123,0.2,0,0,10000,0.05,2,60.7041396103896,23.4780844155844,9.60836038961039,4.36282467532468,1.84659090909091
"3",123,0.2,0,0,10000,0.05,3,18.5369318181818,19.2978896103896,20.6574675324675,20.5255681818182,20.9821428571429
