"","nvar","r","d","het","iter","alpha","strategy","p1","p2","p3","p4","p5"
"1",183,0.9,0,0,10000,0.05,1,29.6803652968037,20.1674277016743,18.1126331811263,16.5525114155251,15.4870624048706
"2",183,0.9,0,0,10000,0.05,2,29.6803652968037,20.1674277016743,18.1126331811263,16.5525114155251,15.4870624048706
"3",183,0.9,0,0,10000,0.05,3,4.87062404870624,8.75190258751902,16.8188736681887,26.4459665144597,43.1126331811263
