"","nvar","r","d","het","iter","alpha","strategy","p1","p2","p3","p4","p5"
"1",179,0.9,0,0,10000,0.05,1,30.7417691392305,20.4284014280048,18.5640618802063,16.9377231257438,13.3280444268148
"2",179,0.9,0,0,10000,0.05,2,30.7417691392305,20.4284014280048,18.5640618802063,16.9377231257438,13.3280444268148
"3",179,0.9,0,0,10000,0.05,3,5.39468464894883,8.76636255454185,16.8583895279651,28.639428798096,40.3411344704482
