"","nvar","r","d","het","iter","alpha","strategy","p1","p2","p3","p4","p5"
"1",15,0.7,0,0,10000,0.05,1,26.89756816507,21.039056742815,18.5335298452469,17.3913043478261,16.138540899042
"2",15,0.7,0,0,10000,0.05,2,26.89756816507,21.039056742815,18.5335298452469,17.3913043478261,16.138540899042
"3",15,0.7,0,0,10000,0.05,3,12.6013264554164,16.8754605747973,20.5600589535741,24.5394252026529,25.4237288135593
