"","nvar","r","d","het","iter","alpha","strategy","p1","p2","p3","p4","p5"
"1",185,0.4,0,0,10000,0.05,1,54.2286487048788,22.5423905128472,12.3790700093623,7.09455945074378,3.7553313221679
"2",185,0.4,0,0,10000,0.05,2,54.2286487048788,22.5423905128472,12.3790700093623,7.09455945074378,3.7553313221679
"3",185,0.4,0,0,10000,0.05,3,14.2827421200458,18.6622282326017,21.0444190159159,22.188702798294,23.8219078331426
