"","nvar","r","d","het","iter","alpha","strategy","p1","p2","p3","p4","p5"
"1",123,0.3,0,0,10000,0.05,1,53.7200373560237,23.897478468403,12.3067344609318,6.71370758534814,3.36204212929335
"2",123,0.3,0,0,10000,0.05,2,53.7200373560237,23.897478468403,12.3067344609318,6.71370758534814,3.36204212929335
"3",123,0.3,0,0,10000,0.05,3,16.4781571028328,18.5742450970219,20.6495797447338,21.7495071080212,22.5485109473903
