"","nvar","r","d","het","iter","alpha","strategy","p1","p2","p3","p4","p5"
"1",17,0.6,0,0,10000,0.05,1,28.3441367118444,21.184443134944,18.326458456099,17.0889805539187,15.0559811431939
"2",17,0.6,0,0,10000,0.05,2,28.3441367118444,21.184443134944,18.326458456099,17.0889805539187,15.0559811431939
"3",17,0.6,0,0,10000,0.05,3,13.8479670005893,18.0318208603418,21.8915733647613,23.1585150265174,23.0701237477902
