"","nvar","r","d","het","iter","alpha","strategy","p1","p2","p3","p4","p5"
"1",39,0.2,0,0,10000,0.05,1,35.9669958744843,24.453056632079,16.9771221402675,13.0516314539317,9.5511938992374
"2",39,0.2,0,0,10000,0.05,2,35.9669958744843,24.453056632079,16.9771221402675,13.0516314539317,9.5511938992374
"3",39,0.2,0,0,10000,0.05,3,18.1647705963245,19.4024253031629,19.702462807851,21.2276534566821,21.5026878359795
