"","nvar","r","d","het","iter","alpha","strategy","p1","p2","p3","p4","p5"
"1",45,0.8,0,0,10000,0.05,1,29.6607322808196,20.5576083305341,19.6506550218341,15.7205240174673,14.410480349345
"2",45,0.8,0,0,10000,0.05,2,29.6607322808196,20.5576083305341,19.6506550218341,15.7205240174673,14.410480349345
"3",45,0.8,0,0,10000,0.05,3,7.38998992274102,13.6378904937857,21.2966073228082,25.6634195498824,32.0120927107827
