"","nvar","r","d","het","iter","alpha","strategy","p1","p2","p3","p4","p5"
"1",5,0.5,0,0,10000,0.05,1,24.1154055525313,20.5225911812738,19.9237887860642,18.0185084376701,17.4197060424605
"2",5,0.5,0,0,10000,0.05,2,24.1154055525313,20.5225911812738,19.9237887860642,18.0185084376701,17.4197060424605
"3",5,0.5,0,0,10000,0.05,3,19.1072400653239,19.0528034839412,20.7403375068046,20.4137180185084,20.6859009254219
