"","nvar","r","d","het","iter","alpha","strategy","p1","p2","p3","p4","p5"
"1",173,0.1,0,0,10000,0.05,1,78.995799159832,16.0332066413283,3.95079015803161,0.760152030406081,0.26005201040208
"2",173,0.1,0,0,10000,0.05,2,78.995799159832,16.0332066413283,3.95079015803161,0.760152030406081,0.26005201040208
"3",173,0.1,0,0,10000,0.05,3,19.4338867773555,19.6939387877575,19.7239447889578,21.0342068413683,20.1140228045609
