"","nvar","r","d","het","iter","alpha","strategy","p1","p2","p3","p4","p5"
"1",197,0.5,0,0,10000,0.05,1,48.2304799823048,22.583499225835,13.7248396372484,9.41163459411634,6.04954656049547
"2",197,0.5,0,0,10000,0.05,2,48.2304799823048,22.583499225835,13.7248396372484,9.41163459411634,6.04954656049547
"3",197,0.5,0,0,10000,0.05,3,11.8557841185578,17.4961291749613,20.426896704269,23.9438177394382,26.2773722627737
