"","nvar","r","d","het","iter","alpha","strategy","p1","p2","p3","p4","p5"
"1",85,0.7,0,0,10000,0.05,1,34.9336057201226,20.4290091930541,17.0377936670072,14.5045965270684,13.0949948927477
"2",85,0.7,0,0,10000,0.05,2,34.9336057201226,20.4290091930541,17.0377936670072,14.5045965270684,13.0949948927477
"3",85,0.7,0,0,10000,0.05,3,8.58018386108274,15.1378958120531,21.2665985699694,24.923391215526,30.0919305413687
