"","nvar","r","d","het","iter","alpha","strategy","p1","p2","p3","p4","p5"
"1",145,0.2,0,0,10000,0.05,1,66.1363407511832,21.9011177122143,8.00523612929212,2.80938475480818,1.14792065250227
"2",145,0.2,0,0,10000,0.05,2,66.1363407511832,21.9011177122143,8.00523612929212,2.80938475480818,1.14792065250227
"3",145,0.2,0,0,10000,0.05,3,17.6316584432585,19.6254153660256,20.8337528949753,20.5316685127379,21.3775047830027
