"","nvar","r","d","het","iter","alpha","strategy","p1","p2","p3","p4","p5"
"1",195,0.3,0,0,10000,0.05,1,64.0349994971337,21.8243990747259,9.27285527506789,3.41949109926582,1.4482550538067
"2",195,0.3,0,0,10000,0.05,2,64.0349994971337,21.8243990747259,9.27285527506789,3.41949109926582,1.4482550538067
"3",195,0.3,0,0,10000,0.05,3,15.458111234034,19.0888061953133,20.5169465955949,21.844513728251,23.0916222468068
