"","nvar","r","d","het","iter","alpha","strategy","p1","p2","p3","p4","p5"
"1",95,0.5,0,0,10000,0.05,1,39.3923656193197,22.0332381199688,15.8660088288756,12.7369514411841,9.97143599065178
"2",95,0.5,0,0,10000,0.05,2,39.3923656193197,22.0332381199688,15.8660088288756,12.7369514411841,9.97143599065178
"3",95,0.5,0,0,10000,0.05,3,12.1916385354453,17.9304076863152,20.3843157621397,23.4874058686056,26.0062321474942
