"","nvar","r","d","het","iter","alpha","strategy","p1","p2","p3","p4","p5"
"1",41,0.2,0,0,10000,0.05,1,36.3613952915075,24.5408603475903,17.083692838654,12.6463700234192,9.36768149882904
"2",41,0.2,0,0,10000,0.05,2,36.3613952915075,24.5408603475903,17.083692838654,12.6463700234192,9.36768149882904
"3",41,0.2,0,0,10000,0.05,3,18.6614076174042,19.3639837298163,20.6828546776778,20.3623813632442,20.9293726118575
