"","nvar","r","d","het","iter","alpha","strategy","p1","p2","p3","p4","p5"
"1",153,0.3,0,0,10000,0.05,1,59.1270650622068,22.200693452988,11.0646542932898,5.16010605751581,2.44748113399959
"2",153,0.3,0,0,10000,0.05,2,59.1270650622068,22.200693452988,11.0646542932898,5.16010605751581,2.44748113399959
"3",153,0.3,0,0,10000,0.05,3,16.1023862941056,18.8354068937385,20.9973485621048,21.2318988374465,22.8329594126045
