"","nvar","r","d","het","iter","alpha","strategy","p1","p2","p3","p4","p5"
"1",169,0.8,0,0,10000,0.05,1,34.5343940102948,20.3790360318203,16.6120729995321,15.5825924192794,12.8919045390735
"2",169,0.8,0,0,10000,0.05,2,34.5343940102948,20.3790360318203,16.6120729995321,15.5825924192794,12.8919045390735
"3",169,0.8,0,0,10000,0.05,3,6.03649976602714,12.0028076743098,20.566214319139,26.485727655592,34.9087505849322
