"","nvar","r","d","het","iter","alpha","strategy","p1","p2","p3","p4","p5"
"1",167,0,0,0,10000,0.05,1,81.672669067627,14.8959583833533,2.79111644657863,0.470188075230092,0.170068027210884
"2",167,0,0,0,10000,0.05,2,81.672669067627,14.8959583833533,2.79111644657863,0.470188075230092,0.170068027210884
"3",167,0,0,0,10000,0.05,3,20.3881552621048,19.7378951580632,19.5478191276511,19.6578631452581,20.6682673069228
