"","nvar","r","d","het","iter","alpha","strategy","p1","p2","p3","p4","p5"
"1",39,0.7,0,0,10000,0.05,1,30.9086134453782,20.561974789916,17.3056722689076,16.5178571428571,14.7058823529412
"2",39,0.7,0,0,10000,0.05,2,30.9086134453782,20.561974789916,17.3056722689076,16.5178571428571,14.7058823529412
"3",39,0.7,0,0,10000,0.05,3,10.031512605042,15.5199579831933,20.6670168067227,25.4726890756302,28.3088235294118
