"","nvar","r","d","het","iter","alpha","strategy","p1","p2","p3","p4","p5"
"1",39,0.1,0,0,10000,0.05,1,37.0239774330042,25.1763046544429,17.0192759755524,12.5058768218148,8.27456511518571
"2",39,0.1,0,0,10000,0.05,2,37.0239774330042,25.1763046544429,17.0192759755524,12.5058768218148,8.27456511518571
"3",39,0.1,0,0,10000,0.05,3,19.1466854724965,19.8283968030089,20.2280206864128,20.6981664315938,20.098730606488
