"","nvar","r","d","het","iter","alpha","strategy","p1","p2","p3","p4","p5"
"1",79,0.8,0,0,10000,0.05,1,31.7073170731707,22.0963995354239,15.9988385598142,15.3600464576074,14.8373983739837
"2",79,0.8,0,0,10000,0.05,2,31.7073170731707,22.0963995354239,15.9988385598142,15.3600464576074,14.8373983739837
"3",79,0.8,0,0,10000,0.05,3,6.73635307781649,13.3565621370499,19.3379790940767,27.5842044134727,32.9849012775842
