"","nvar","r","d","het","iter","alpha","strategy","p1","p2","p3","p4","p5"
"1",17,0.9,0,0,10000,0.05,1,25.5722694571615,19.6206671026815,18.9666448659254,17.2661870503597,18.5742315238718
"2",17,0.9,0,0,10000,0.05,2,25.5722694571615,19.6206671026815,18.9666448659254,17.2661870503597,18.5742315238718
"3",17,0.9,0,0,10000,0.05,3,8.24068018312623,13.2112491824722,19.0974493132767,24.9836494440811,34.4669718770438
