"","nvar","r","d","het","iter","alpha","strategy","p1","p2","p3","p4","p5"
"1",99,0,0,0,10000,0.05,1,63.1674208144796,23.5394670688788,8.9693313222725,3.05681246857717,1.26696832579186
"2",99,0,0,0,10000,0.05,2,63.1674208144796,23.5394670688788,8.9693313222725,3.05681246857717,1.26696832579186
"3",99,0,0,0,10000,0.05,3,19.9698340874811,20.010055304173,20.1608848667672,19.6681749622926,20.1910507792861
