"","nvar","r","d","het","iter","alpha","strategy","p1","p2","p3","p4","p5"
"1",113,0.8,0,0,10000,0.05,1,31.8338184704948,21.4871659169092,16.90923524742,15.7978301137867,13.9719502513893
"2",113,0.8,0,0,10000,0.05,2,31.8338184704948,21.4871659169092,16.90923524742,15.7978301137867,13.9719502513893
"3",113,0.8,0,0,10000,0.05,3,6.24503836993914,12.4106906589045,19.184969568669,27.8115903678222,34.3477110346653
