"","nvar","r","d","het","iter","alpha","strategy","p1","p2","p3","p4","p5"
"1",95,0.6,0,0,10000,0.05,1,36.4536592913508,21.6308215998762,17.221104750116,13.677858579607,11.01655577905
"2",95,0.6,0,0,10000,0.05,2,36.4536592913508,21.6308215998762,17.221104750116,13.677858579607,11.01655577905
"3",95,0.6,0,0,10000,0.05,3,9.80968590437877,16.1534890917531,22.2497292279127,24.508742070246,27.2783537057094
