"","nvar","r","d","het","iter","alpha","strategy","p1","p2","p3","p4","p5"
"1",95,0.1,0,0,10000,0.05,1,58.8515292687867,24.1138343123354,10.674498683411,4.52704071298359,1.83309702248329
"2",95,0.1,0,0,10000,0.05,2,58.8515292687867,24.1138343123354,10.674498683411,4.52704071298359,1.83309702248329
"3",95,0.1,0,0,10000,0.05,3,20.0324083451489,19.657686854365,20.3564917966376,20.0020255215718,19.9513874822767
