"","nvar","r","d","het","iter","alpha","strategy","p1","p2","p3","p4","p5"
"1",19,0.7,0,0,10000,0.05,1,28.5516285516285,19.7505197505198,19.5426195426195,16.6320166320166,15.5232155232155
"2",19,0.7,0,0,10000,0.05,2,28.5516285516285,19.7505197505198,19.5426195426195,16.6320166320166,15.5232155232155
"3",19,0.7,0,0,10000,0.05,3,11.7463617463617,16.7359667359667,21.5523215523216,24.1857241857242,25.7796257796258
