"","nvar","r","d","het","iter","alpha","strategy","p1","p2","p3","p4","p5"
"1",125,0.9,0,0,10000,0.05,1,30.6131078224101,21.2262156448203,17.1670190274841,15.5602536997886,15.4334038054968
"2",125,0.9,0,0,10000,0.05,2,30.6131078224101,21.2262156448203,17.1670190274841,15.5602536997886,15.4334038054968
"3",125,0.9,0,0,10000,0.05,3,5.28541226215645,10.3171247357294,17.6321353065539,26.046511627907,40.7188160676533
