"","nvar","r","d","het","iter","alpha","strategy","p1","p2","p3","p4","p5"
"1",115,0.8,0,0,10000,0.05,1,33.4728033472803,20.1098326359833,17.8085774058577,15.1412133891213,13.4675732217573
"2",115,0.8,0,0,10000,0.05,2,33.4728033472803,20.1098326359833,17.8085774058577,15.1412133891213,13.4675732217573
"3",115,0.8,0,0,10000,0.05,3,5.93619246861925,11.6893305439331,20.7112970711297,28.1903765690377,33.4728033472803
