"","nvar","r","d","het","iter","alpha","strategy","p1","p2","p3","p4","p5"
"1",9,0.2,0,0,10000,0.05,1,24.4967394386164,20.2721859937624,21.0093563935356,18.2307910405444,15.9909271335413
"2",9,0.2,0,0,10000,0.05,2,24.4967394386164,20.2721859937624,21.0093563935356,18.2307910405444,15.9909271335413
"3",9,0.2,0,0,10000,0.05,3,19.5350155939892,18.8261979018996,22.0300538701446,20.0170116246102,19.5917210093564
