"","nvar","r","d","het","iter","alpha","strategy","p1","p2","p3","p4","p5"
"1",91,0.9,0,0,10000,0.05,1,29.926375054136,20.3984408834994,18.2763100909485,15.7210913815505,15.6777825898657
"2",91,0.9,0,0,10000,0.05,2,29.926375054136,20.3984408834994,18.2763100909485,15.7210913815505,15.6777825898657
"3",91,0.9,0,0,10000,0.05,3,5.54352533564314,11.0004330879168,17.2802078822001,26.4183629276743,39.7574707665656
