"","nvar","r","d","het","iter","alpha","strategy","p1","p2","p3","p4","p5"
"1",119,0.7,0,0,10000,0.05,1,36.0029800707767,20.8046191097039,16.8560253306016,14.0622089774632,12.2741665114546
"2",119,0.7,0,0,10000,0.05,2,36.0029800707767,20.8046191097039,16.8560253306016,14.0622089774632,12.2741665114546
"3",119,0.7,0,0,10000,0.05,3,8.30694728999814,14.993481095176,20.8604954367666,25.7031104488732,30.1359657291861
