"","nvar","r","d","het","iter","alpha","strategy","p1","p2","p3","p4","p5"
"1",147,0.1,0,0,10000,0.05,1,72.9012221999599,19.3748747745943,5.890603085554,1.32238028451212,0.510919655379683
"2",147,0.1,0,0,10000,0.05,2,72.9012221999599,19.3748747745943,5.890603085554,1.32238028451212,0.510919655379683
"3",147,0.1,0,0,10000,0.05,3,19.2947305149269,19.344820677219,20.6571829292727,20.2564616309357,20.4468042476458
