"","nvar","r","d","het","iter","alpha","strategy","p1","p2","p3","p4","p5"
"1",57,0.9,0,0,10000,0.05,1,28.188899707887,19.52288218111,18.1110029211295,17.8188899707887,16.3583252190847
"2",57,0.9,0,0,10000,0.05,2,28.188899707887,19.52288218111,18.1110029211295,17.8188899707887,16.3583252190847
"3",57,0.9,0,0,10000,0.05,3,7.01071080817916,9.68841285296982,18.4518013631938,27.8481012658228,37.0009737098345
