"","nvar","r","d","het","iter","alpha","strategy","p1","p2","p3","p4","p5"
"1",23,0,0,0,10000,0.05,1,29.8978102189781,24.4817518248175,18.9343065693431,14.9489051094891,11.7372262773723
"2",23,0,0,0,10000,0.05,2,29.8978102189781,24.4817518248175,18.9343065693431,14.9489051094891,11.7372262773723
"3",23,0,0,0,10000,0.05,3,19.5182481751825,20.6861313868613,20.4379562043796,19.956204379562,19.4014598540146
