"","nvar","r","d","het","iter","alpha","strategy","p1","p2","p3","p4","p5"
"1",105,0.8,0,0,10000,0.05,1,31.8035426731079,21.4170692431562,17.0692431561997,15.5931293612453,14.1170155662909
"2",105,0.8,0,0,10000,0.05,2,31.8035426731079,21.4170692431562,17.0692431561997,15.5931293612453,14.1170155662909
"3",105,0.8,0,0,10000,0.05,3,6.79012345679012,13.5265700483092,19.4310252281267,25.979602791197,34.272678475577
