"","nvar","r","d","het","iter","alpha","strategy","p1","p2","p3","p4","p5"
"1",193,0,0,0,10000,0.05,1,85.1385138513851,12.4412441244124,2.08020802080208,0.33003300330033,0.01000100010001
"2",193,0,0,0,10000,0.05,2,85.1385138513851,12.4412441244124,2.08020802080208,0.33003300330033,0.01000100010001
"3",193,0,0,0,10000,0.05,3,19.4519451945195,19.6419641964196,19.7919791979198,20.6820682068207,20.4320432043204
