"","nvar","r","d","het","iter","alpha","strategy","p1","p2","p3","p4","p5"
"1",123,0.4,0,0,10000,0.05,1,47.71716733543,22.6548096735712,14.4995119835159,8.93612406463507,6.19238694284785
"2",123,0.4,0,0,10000,0.05,2,47.71716733543,22.6548096735712,14.4995119835159,8.93612406463507,6.19238694284785
"3",123,0.4,0,0,10000,0.05,3,14.1633228500163,18.5120919639952,21.3534323826049,22.1342587571847,23.8368940461989
