"","nvar","r","d","het","iter","alpha","strategy","p1","p2","p3","p4","p5"
"1",1,0.9,0,0,10000,0.05,1,16.3021868787276,20.4771371769384,23.8568588469185,17.6938369781312,21.6699801192843
"2",1,0.9,0,0,10000,0.05,2,16.3021868787276,20.4771371769384,23.8568588469185,17.6938369781312,21.6699801192843
"3",1,0.9,0,0,10000,0.05,3,16.3021868787276,20.4771371769384,23.8568588469185,17.6938369781312,21.6699801192843
