"","nvar","r","d","het","iter","alpha","strategy","p1","p2","p3","p4","p5"
"1",171,0.3,0,0,10000,0.05,1,61.5314494074749,22.2222222222222,9.93618960802188,4.40595563658462,1.90418312569634
"2",171,0.3,0,0,10000,0.05,2,61.5314494074749,22.2222222222222,9.93618960802188,4.40595563658462,1.90418312569634
"3",171,0.3,0,0,10000,0.05,3,15.6386103514636,19.3254329990884,20.2876531955839,21.9487491137446,22.7995543401195
