"","nvar","r","d","het","iter","alpha","strategy","p1","p2","p3","p4","p5"
"1",47,0.6,0,0,10000,0.05,1,32.5709779179811,21.4313880126183,18.3359621451104,14.4321766561514,13.2294952681388
"2",47,0.6,0,0,10000,0.05,2,32.5709779179811,21.4313880126183,18.3359621451104,14.4321766561514,13.2294952681388
"3",47,0.6,0,0,10000,0.05,3,11.4156151419558,16.4826498422713,21.608832807571,23.7578864353312,26.7350157728707
