"","nvar","r","d","het","iter","alpha","strategy","p1","p2","p3","p4","p5"
"1",35,0.7,0,0,10000,0.05,1,29.9503585217871,21.1527854384997,17.4572531715389,15.4715940430226,15.9680088251517
"2",35,0.7,0,0,10000,0.05,2,29.9503585217871,21.1527854384997,17.4572531715389,15.4715940430226,15.9680088251517
"3",35,0.7,0,0,10000,0.05,3,9.5146166574738,16.0783232211804,20.6012134583563,25.0137892995036,28.7920573634859
