"","nvar","r","d","het","iter","alpha","strategy","p1","p2","p3","p4","p5"
"1",199,0.3,0,0,10000,0.05,1,65.6369490843228,20.8392030589656,8.65365264640773,3.57214731334273,1.29804789696116
"2",199,0.3,0,0,10000,0.05,2,65.6369490843228,20.8392030589656,8.65365264640773,3.57214731334273,1.29804789696116
"3",199,0.3,0,0,10000,0.05,3,15.6168243107265,19.4103441336285,20.4467699738378,22.1775005031193,22.3485610786879
