"","nvar","r","d","het","iter","alpha","strategy","p1","p2","p3","p4","p5"
"1",193,0.4,0,0,10000,0.05,1,54.8363711681856,23.1462303231152,11.8268434134217,6.493371996686,3.69718309859155
"2",193,0.4,0,0,10000,0.05,2,54.8363711681856,23.1462303231152,11.8268434134217,6.493371996686,3.69718309859155
"3",193,0.4,0,0,10000,0.05,3,14.2087821043911,18.8690969345485,20.3396851698426,22.3280861640431,24.2543496271748
