"","nvar","r","d","het","iter","alpha","strategy","p1","p2","p3","p4","p5"
"1",159,0.1,0,0,10000,0.05,1,76.2833983788652,17.9425597918543,4.33303312318623,1.19083358350846,0.25017512258581
"2",159,0.1,0,0,10000,0.05,2,76.2833983788652,17.9425597918543,4.33303312318623,1.19083358350846,0.25017512258581
"3",159,0.1,0,0,10000,0.05,3,19.323526468528,19.7538276793756,20.6844791353948,20.20414290003,20.0340238166717
