"","nvar","r","d","het","iter","alpha","strategy","p1","p2","p3","p4","p5"
"1",177,0.9,0,0,10000,0.05,1,31.1488049344641,20.6630686198921,16.8465690053971,16.5767154973015,14.7648419429453
"2",177,0.9,0,0,10000,0.05,2,31.1488049344641,20.6630686198921,16.8465690053971,16.5767154973015,14.7648419429453
"3",177,0.9,0,0,10000,0.05,3,4.74171164225135,9.67617579028527,15.8828064764842,28.6044718581342,41.094834232845
