"","nvar","r","d","het","iter","alpha","strategy","p1","p2","p3","p4","p5"
"1",133,0,0,0,10000,0.05,1,73.4981978374049,19.873848618342,5.02603123748498,1.19142971565879,0.410492591109331
"2",133,0,0,0,10000,0.05,2,73.4981978374049,19.873848618342,5.02603123748498,1.19142971565879,0.410492591109331
"3",133,0,0,0,10000,0.05,3,19.5835002002403,19.9038846615939,20.1141369643572,20.4645574689628,19.9339207048458
