"","nvar","r","d","het","iter","alpha","strategy","p1","p2","p3","p4","p5"
"1",35,0.1,0,0,10000,0.05,1,35.6458459672529,24.9605821710127,17.4651303820497,12.7592480291085,9.16919345057611
"2",35,0.1,0,0,10000,0.05,2,35.6458459672529,24.9605821710127,17.4651303820497,12.7592480291085,9.16919345057611
"3",35,0.1,0,0,10000,0.05,3,19.7938144329897,20.6670709520922,19.6604002425713,19.6361431170406,20.2425712553062
