"","nvar","r","d","het","iter","alpha","strategy","p1","p2","p3","p4","p5"
"1",25,0.5,0,0,10000,0.05,1,29.3906810035842,21.6107948555766,19.2705039004849,15.4332700822264,14.2947501581278
"2",25,0.5,0,0,10000,0.05,2,29.3906810035842,21.6107948555766,19.2705039004849,15.4332700822264,14.2947501581278
"3",25,0.5,0,0,10000,0.05,3,14.4634197765128,18.6169091292431,20.9150326797386,21.8216318785579,24.1830065359477
