"","nvar","r","d","het","iter","alpha","strategy","p1","p2","p3","p4","p5"
"1",97,0.2,0,0,10000,0.05,1,54.6043831669925,24.6424529272559,11.9148060500051,5.87509002983846,2.96326782590802
"2",97,0.2,0,0,10000,0.05,2,54.6043831669925,24.6424529272559,11.9148060500051,5.87509002983846,2.96326782590802
"3",97,0.2,0,0,10000,0.05,3,17.9853894433584,19.8271427101554,20.279864183558,21.3293548719004,20.5782487910279
