"","nvar","r","d","het","iter","alpha","strategy","p1","p2","p3","p4","p5"
"1",7,0.4,0,0,10000,0.05,1,23.6811254396249,20.3985932004689,18.8354826103947,18.757327080891,18.3274716686206
"2",7,0.4,0,0,10000,0.05,2,23.6811254396249,20.3985932004689,18.8354826103947,18.757327080891,18.3274716686206
"3",7,0.4,0,0,10000,0.05,3,16.9988276670574,18.9527159046503,20.0078155529504,21.4927706135209,22.547870261821
