"","nvar","r","d","het","iter","alpha","strategy","p1","p2","p3","p4","p5"
"1",173,0.8,0,0,10000,0.05,1,33.216456287985,20.8041140719963,17.0874240299205,15.0070126227209,13.8849929873773
"2",173,0.8,0,0,10000,0.05,2,33.216456287985,20.8041140719963,17.0874240299205,15.0070126227209,13.8849929873773
"3",173,0.8,0,0,10000,0.05,3,5.42309490416082,12.4123422159888,19.658719027583,26.7414679756896,35.7643758765778
