"","nvar","r","d","het","iter","alpha","strategy","p1","p2","p3","p4","p5"
"1",31,0,0,0,10000,0.05,1,33.4763406940063,24.6309148264984,19.0283911671924,13.5015772870662,9.36277602523659
"2",31,0,0,0,10000,0.05,2,33.4763406940063,24.6309148264984,19.0283911671924,13.5015772870662,9.36277602523659
"3",31,0,0,0,10000,0.05,3,19.8738170347003,19.7350157728707,20.2397476340694,20.7066246056782,19.4447949526814
