"","nvar","r","d","het","iter","alpha","strategy","p1","p2","p3","p4","p5"
"1",19,0.1,0,0,10000,0.05,1,27.6217384078444,22.6524846268905,19.2953298986206,16.037892637527,14.3925544291175
"2",19,0.1,0,0,10000,0.05,2,27.6217384078444,22.6524846268905,19.2953298986206,16.037892637527,14.3925544291175
"3",19,0.1,0,0,10000,0.05,3,19.2953298986206,19.2620907428951,19.7440585009141,20.0265913245804,21.6719295329899
