"","nvar","r","d","het","iter","alpha","strategy","p1","p2","p3","p4","p5"
"1",69,0.2,0,0,10000,0.05,1,47.1760797342193,24.3275104490408,14.5750723395135,9.02368449255171,4.89765298467474
"2",69,0.2,0,0,10000,0.05,2,47.1760797342193,24.3275104490408,14.5750723395135,9.02368449255171,4.89765298467474
"3",69,0.2,0,0,10000,0.05,3,18.2509913192584,19.6013289036545,20.3407994855857,21.1338548922945,20.6730253992069
