"","nvar","r","d","het","iter","alpha","strategy","p1","p2","p3","p4","p5"
"1",193,0.3,0,0,10000,0.05,1,64.6389364487864,21.5026689495417,8.98378487259543,3.48474166582737,1.38986806324907
"2",193,0.3,0,0,10000,0.05,2,64.6389364487864,21.5026689495417,8.98378487259543,3.48474166582737,1.38986806324907
"3",193,0.3,0,0,10000,0.05,3,16.0036257427737,19.5286534394199,19.8811562090845,22.2580320273945,22.3285325813274
