"","nvar","r","d","het","iter","alpha","strategy","p1","p2","p3","p4","p5"
"1",93,0.7,0,0,10000,0.05,1,34.1632088520055,20.0553250345781,18.6129223473622,14.8389646314958,12.3295791345584
"2",93,0.7,0,0,10000,0.05,2,34.1632088520055,20.0553250345781,18.6129223473622,14.8389646314958,12.3295791345584
"3",93,0.7,0,0,10000,0.05,3,8.39754989132582,14.6413752222881,20.9049594941711,25.7854179016005,30.2706974906145
