"","nvar","r","d","het","iter","alpha","strategy","p1","p2","p3","p4","p5"
"1",157,0,0,0,10000,0.05,1,79.5456819773842,16.431502051436,3.30231161813269,0.560392274592215,0.160112078454918
"2",157,0,0,0,10000,0.05,2,79.5456819773842,16.431502051436,3.30231161813269,0.560392274592215,0.160112078454918
"3",157,0,0,0,10000,0.05,3,20.0840588411888,19.7838486940859,20.4042829980987,19.7238066646653,20.0040028019614
