"","nvar","r","d","het","iter","alpha","strategy","p1","p2","p3","p4","p5"
"1",23,0.1,0,0,10000,0.05,1,29.8835323603125,22.9397021966681,19.4899012236474,15.6420462922011,12.0448179271709
"2",23,0.1,0,0,10000,0.05,2,29.8835323603125,22.9397021966681,19.4899012236474,15.6420462922011,12.0448179271709
"3",23,0.1,0,0,10000,0.05,3,20.1828099660917,19.312988353236,19.6225858764558,20.5513784461153,20.3302373581011
