"","nvar","r","d","het","iter","alpha","strategy","p1","p2","p3","p4","p5"
"1",195,0.2,0,0,10000,0.05,1,74.6318004207995,18.0943793207093,5.58060314597736,1.32251277427112,0.370704338242661
"2",195,0.2,0,0,10000,0.05,2,74.6318004207995,18.0943793207093,5.58060314597736,1.32251277427112,0.370704338242661
"3",195,0.2,0,0,10000,0.05,3,18.6153692014828,19.0562067929065,20.0180342651037,21.0199378819758,21.2904518585312
