"","nvar","r","d","het","iter","alpha","strategy","p1","p2","p3","p4","p5"
"1",109,0.1,0,0,10000,0.05,1,63.354474982382,23.3464210208396,8.83922279271116,3.28198932850096,1.17789187556629
"2",109,0.1,0,0,10000,0.05,2,63.354474982382,23.3464210208396,8.83922279271116,3.28198932850096,1.17789187556629
"3",109,0.1,0,0,10000,0.05,3,19.4905869324474,20.1349038558341,19.6315312594382,20.265780730897,20.4771972213833
