"","nvar","r","d","het","iter","alpha","strategy","p1","p2","p3","p4","p5"
"1",99,0.9,0,0,10000,0.05,1,29.6006944444444,20.9201388888889,18.0989583333333,17.3611111111111,14.0190972222222
"2",99,0.9,0,0,10000,0.05,2,29.6006944444444,20.9201388888889,18.0989583333333,17.3611111111111,14.0190972222222
"3",99,0.9,0,0,10000,0.05,3,6.16319444444444,10.5034722222222,16.9270833333333,26.9097222222222,39.4965277777778
