"","nvar","r","d","het","iter","alpha","strategy","p1","p2","p3","p4","p5"
"1",113,0.9,0,0,10000,0.05,1,29.5464362850972,21.8574514038877,19.0496760259179,15.7667386609071,13.7796976241901
"2",113,0.9,0,0,10000,0.05,2,29.5464362850972,21.8574514038877,19.0496760259179,15.7667386609071,13.7796976241901
"3",113,0.9,0,0,10000,0.05,3,4.66522678185745,10.1079913606911,18.4017278617711,28.0777537796976,38.7473002159827
