"","nvar","r","d","het","iter","alpha","strategy","p1","p2","p3","p4","p5"
"1",115,0.9,0,0,10000,0.05,1,29.3971924029727,20.4376548307184,18.4558216350124,16.4327002477291,15.2766308835673
"2",115,0.9,0,0,10000,0.05,2,29.3971924029727,20.4376548307184,18.4558216350124,16.4327002477291,15.2766308835673
"3",115,0.9,0,0,10000,0.05,3,4.83071841453344,10.3220478943022,17.4236168455822,27.7043765483072,39.719240297275
