"","nvar","r","d","het","iter","alpha","strategy","p1","p2","p3","p4","p5"
"1",95,0.7,0,0,10000,0.05,1,34.0652818991098,21.0880316518299,17.1711177052423,14.975272007913,12.700296735905
"2",95,0.7,0,0,10000,0.05,2,34.0652818991098,21.0880316518299,17.1711177052423,14.975272007913,12.700296735905
"3",95,0.7,0,0,10000,0.05,3,8.80316518298714,15.2522255192878,20.2769535113749,26.7457962413452,28.9218595450049
