"","nvar","r","d","het","iter","alpha","strategy","p1","p2","p3","p4","p5"
"1",37,0,0,0,10000,0.05,1,35.985384252711,26.2258368694012,17.043847241867,12.4705327675625,8.27439886845827
"2",37,0,0,0,10000,0.05,2,35.985384252711,26.2258368694012,17.043847241867,12.4705327675625,8.27439886845827
"3",37,0,0,0,10000,0.05,3,19.7666195190948,20.7095709570957,19.3422913719943,20.4620462046205,19.7194719471947
