"","nvar","r","d","het","iter","alpha","strategy","p1","p2","p3","p4","p5"
"1",37,0.7,0,0,10000,0.05,1,31.0951239008793,21.6893152144951,18.0389022115641,15.3210764721556,13.8555822009059
"2",37,0.7,0,0,10000,0.05,2,31.0951239008793,21.6893152144951,18.0389022115641,15.3210764721556,13.8555822009059
"3",37,0.7,0,0,10000,0.05,3,10.3650413002931,16.0138555822009,21.3429256594724,24.7002398081535,27.5779376498801
