"","nvar","r","d","het","iter","alpha","strategy","p1","p2","p3","p4","p5"
"1",97,0.1,0,0,10000,0.05,1,59.9392405063291,23.8582278481013,9.96455696202532,4.59746835443038,1.64050632911392
"2",97,0.1,0,0,10000,0.05,2,59.9392405063291,23.8582278481013,9.96455696202532,4.59746835443038,1.64050632911392
"3",97,0.1,0,0,10000,0.05,3,18.8354430379747,19.5240506329114,19.9291139240506,20.9518987341772,20.7594936708861
