"","nvar","r","d","het","iter","alpha","strategy","p1","p2","p3","p4","p5"
"1",21,0,0,0,10000,0.05,1,29.3938470910752,23.4846177276881,18.8547060615291,15.4736521474261,12.7931769722815
"2",21,0,0,0,10000,0.05,2,29.3938470910752,23.4846177276881,18.8547060615291,15.4736521474261,12.7931769722815
"3",21,0,0,0,10000,0.05,3,20.5452330185806,19.6771245811758,20.0121839780688,19.8598842522083,19.9055741699665
