"","nvar","r","d","het","iter","alpha","strategy","p1","p2","p3","p4","p5"
"1",143,0.1,0,0,10000,0.05,1,72.2945891783567,19.7895791583166,5.95190380761523,1.48296593186373,0.480961923847695
"2",143,0.1,0,0,10000,0.05,2,72.2945891783567,19.7895791583166,5.95190380761523,1.48296593186373,0.480961923847695
"3",143,0.1,0,0,10000,0.05,3,19.4689378757515,20.1102204408818,20.9719438877756,19.1482965931864,20.3006012024048
