"","nvar","r","d","het","iter","alpha","strategy","p1","p2","p3","p4","p5"
"1",3,0.1,0,0,10000,0.05,1,20.2816901408451,21.2676056338028,20.4929577464789,20.2816901408451,17.6760563380282
"2",3,0.1,0,0,10000,0.05,2,20.2816901408451,21.2676056338028,20.4929577464789,20.2816901408451,17.6760563380282
"3",3,0.1,0,0,10000,0.05,3,19.2957746478873,20.5633802816901,20.4225352112676,20.9154929577465,18.8028169014085
