"","nvar","r","d","het","iter","alpha","strategy","p1","p2","p3","p4","p5"
"1",73,0.6,0,0,10000,0.05,1,35.4006034193765,22.4941334227288,16.0241367750587,13.9624539054643,12.1186724773718
"2",73,0.6,0,0,10000,0.05,2,35.4006034193765,22.4941334227288,16.0241367750587,13.9624539054643,12.1186724773718
"3",73,0.6,0,0,10000,0.05,3,10.8950720750922,17.3315454240697,20.6168286959437,24.3714381495139,26.7851156553805
