"","nvar","r","d","het","iter","alpha","strategy","p1","p2","p3","p4","p5"
"1",49,0.8,0,0,10000,0.05,1,28.5576303927882,22.5692208628461,17.4822923374115,16.677398583387,14.7134578235673
"2",49,0.8,0,0,10000,0.05,2,28.5576303927882,22.5692208628461,17.4822923374115,16.677398583387,14.7134578235673
"3",49,0.8,0,0,10000,0.05,3,7.01867353509337,14.1017385705087,20.9272376046362,26.0141661300708,31.9381841596909
