"","nvar","r","d","het","iter","alpha","strategy","p1","p2","p3","p4","p5"
"1",23,0.9,0,0,10000,0.05,1,25.320317266626,20.9273947528981,20.2562538133008,17.2056131787675,16.2904209884076
"2",23,0.9,0,0,10000,0.05,2,25.320317266626,20.9273947528981,20.2562538133008,17.2056131787675,16.2904209884076
"3",23,0.9,0,0,10000,0.05,3,6.95546064673581,12.9957291031117,19.6461256863941,26.60158633313,33.8010982306284
