"","nvar","r","d","het","iter","alpha","strategy","p1","p2","p3","p4","p5"
"1",13,0,0,0,10000,0.05,1,25.2692626346313,22.1209610604805,19.3454846727423,18.0820215410108,15.182270091135
"2",13,0,0,0,10000,0.05,2,25.2692626346313,22.1209610604805,19.3454846727423,18.0820215410108,15.182270091135
"3",13,0,0,0,10000,0.05,3,20.2982601491301,19.9047224523612,19.884009942005,20.4018227009113,19.5111847555924
