"","nvar","r","d","het","iter","alpha","strategy","p1","p2","p3","p4","p5"
"1",31,0.1,0,0,10000,0.05,1,33.2049801052496,24.2459247850083,18.0336285457579,13.7209600821461,10.794506481838
"2",31,0.1,0,0,10000,0.05,2,33.2049801052496,24.2459247850083,18.0336285457579,13.7209600821461,10.794506481838
"3",31,0.1,0,0,10000,0.05,3,19.6123732511873,19.5738672827622,19.9589269670132,20.472339879348,20.3824926196894
