"","nvar","r","d","het","iter","alpha","strategy","p1","p2","p3","p4","p5"
"1",169,0.6,0,0,10000,0.05,1,40.5380333951763,21.8393851046912,15.2133580705009,12.6159554730983,9.79326795653326
"2",169,0.6,0,0,10000,0.05,2,40.5380333951763,21.8393851046912,15.2133580705009,12.6159554730983,9.79326795653326
"3",169,0.6,0,0,10000,0.05,3,9.32944606413994,15.981977206467,20.3816591571694,25.5102040816327,28.796713490591
