"","nvar","r","d","het","iter","alpha","strategy","p1","p2","p3","p4","p5"
"1",83,0,0,0,10000,0.05,1,57.0589426777395,25.1367227060968,10.9783269191817,4.81061373303626,2.01539396394572
"2",83,0,0,0,10000,0.05,2,57.0589426777395,25.1367227060968,10.9783269191817,4.81061373303626,2.01539396394572
"3",83,0,0,0,10000,0.05,3,19.5361555600567,18.9690095199514,20.4678954830869,20.2349605023294,20.7919789345757
