"","nvar","r","d","het","iter","alpha","strategy","p1","p2","p3","p4","p5"
"1",141,0.1,0,0,10000,0.05,1,71.8681098416516,20.3146923231108,5.832832230908,1.57346161555422,0.410903988775306
"2",141,0.1,0,0,10000,0.05,2,71.8681098416516,20.3146923231108,5.832832230908,1.57346161555422,0.410903988775306
"3",141,0.1,0,0,10000,0.05,3,20.1443174984967,19.8737221888154,19.8436560432952,20.1844056925236,19.9538985768691
