"","nvar","r","d","het","iter","alpha","strategy","p1","p2","p3","p4","p5"
"1",47,0,0,0,10000,0.05,1,41.1680598328201,25.2969643642763,16.6190057193137,10.7347118345799,6.18125824901012
"2",47,0,0,0,10000,0.05,2,41.1680598328201,25.2969643642763,16.6190057193137,10.7347118345799,6.18125824901012
"3",47,0,0,0,10000,0.05,3,20.1275846898372,20.2485701715794,19.5776506819182,19.775626924769,20.2705675318962
