"","nvar","r","d","het","iter","alpha","strategy","p1","p2","p3","p4","p5"
"1",61,0.2,0,0,10000,0.05,1,43.3329656997904,24.4843939561046,16.1244071909121,9.76067056358222,6.29756258961068
"2",61,0.2,0,0,10000,0.05,2,43.3329656997904,24.4843939561046,16.1244071909121,9.76067056358222,6.29756258961068
"3",61,0.2,0,0,10000,0.05,3,17.7787581338921,19.5875151648836,20.8227638689754,20.6132127495313,21.1977500827175
