"","nvar","r","d","het","iter","alpha","strategy","p1","p2","p3","p4","p5"
"1",27,0.6,0,0,10000,0.05,1,30.6757413709285,22.0709771511911,16.4316966456004,17.1609139523578,13.6606708799222
"2",27,0.6,0,0,10000,0.05,2,30.6757413709285,22.0709771511911,16.4316966456004,17.1609139523578,13.6606708799222
"3",27,0.6,0,0,10000,0.05,3,12.5425376762275,17.7929022848809,21.0014584346135,24.1857073407876,24.4773942634905
