"","nvar","r","d","het","iter","alpha","strategy","p1","p2","p3","p4","p5"
"1",79,0,0,0,10000,0.05,1,55.9347936831381,25.6953642384106,11.4009169638309,4.70708099847173,2.26184411614875
"2",79,0,0,0,10000,0.05,2,55.9347936831381,25.6953642384106,11.4009169638309,4.70708099847173,2.26184411614875
"3",79,0,0,0,10000,0.05,3,20.2241467142129,19.6128374936322,20.0713194090678,19.9490575649516,20.1426388181355
