"","nvar","r","d","het","iter","alpha","strategy","p1","p2","p3","p4","p5"
"1",3,0.4,0,0,10000,0.05,1,19.3207547169811,20.4528301886792,22.188679245283,19.622641509434,18.4150943396226
"2",3,0.4,0,0,10000,0.05,2,19.3207547169811,20.4528301886792,22.188679245283,19.622641509434,18.4150943396226
"3",3,0.4,0,0,10000,0.05,3,16.9056603773585,20,23.0188679245283,20.2264150943396,19.8490566037736
