"","nvar","r","d","het","iter","alpha","strategy","p1","p2","p3","p4","p5"
"1",21,0.3,0,0,10000,0.05,1,29.1182873730044,22.1516690856314,18.8316400580552,16.2917271407837,13.6066763425254
"2",21,0.3,0,0,10000,0.05,2,29.1182873730044,22.1516690856314,18.8316400580552,16.2917271407837,13.6066763425254
"3",21,0.3,0,0,10000,0.05,3,17.2532656023222,19.4484760522496,20.6458635703919,20.8817126269956,21.7706821480406
