"","nvar","r","d","het","iter","alpha","strategy","p1","p2","p3","p4","p5"
"1",125,0,0,0,10000,0.05,1,72.0653044871795,19.9519230769231,5.87940705128205,1.5224358974359,0.580929487179487
"2",125,0,0,0,10000,0.05,2,72.0653044871795,19.9519230769231,5.87940705128205,1.5224358974359,0.580929487179487
"3",125,0,0,0,10000,0.05,3,20.1522435897436,20.4627403846154,19.53125,19.6113782051282,20.2423878205128
