"","nvar","r","d","het","iter","alpha","strategy","p1","p2","p3","p4","p5"
"1",107,0.2,0,0,10000,0.05,1,58.1963027269942,23.7156572362374,10.8364824839138,4.98416913491982,2.26738841793484
"2",107,0.2,0,0,10000,0.05,2,58.1963027269942,23.7156572362374,10.8364824839138,4.98416913491982,2.26738841793484
"3",107,0.2,0,0,10000,0.05,3,18.7008477172914,18.9255438668165,20.5699111428863,20.702686140333,21.1010111326729
