"","nvar","r","d","het","iter","alpha","strategy","p1","p2","p3","p4","p5"
"1",111,0.9,0,0,10000,0.05,1,30.1640723601178,19.6466133782078,18.3003786285233,15.6920488010097,16.1968868321414
"2",111,0.9,0,0,10000,0.05,2,30.1640723601178,19.6466133782078,18.3003786285233,15.6920488010097,16.1968868321414
"3",111,0.9,0,0,10000,0.05,3,5.55321834244846,9.1712242322255,16.8700042069836,27.1771140092554,41.2284392090871
