"","nvar","r","d","het","iter","alpha","strategy","p1","p2","p3","p4","p5"
"1",85,0.4,0,0,10000,0.05,1,42.6145015813518,22.4200538830971,15.5206747100855,11.1865995080239,8.25817031744172
"2",85,0.4,0,0,10000,0.05,2,42.6145015813518,22.4200538830971,15.5206747100855,11.1865995080239,8.25817031744172
"3",85,0.4,0,0,10000,0.05,3,14.361016750615,18.495958767717,20.3818671664519,22.5723322010074,24.1888251142087
