"","nvar","r","d","het","iter","alpha","strategy","p1","p2","p3","p4","p5"
"1",185,0.5,0,0,10000,0.05,1,46.5855307640297,22.0644579670949,14.5255803470814,10.1194500788821,6.70498084291188
"2",185,0.5,0,0,10000,0.05,2,46.5855307640297,22.0644579670949,14.5255803470814,10.1194500788821,6.70498084291188
"3",185,0.5,0,0,10000,0.05,3,11.437908496732,17.1850349335136,20.9037638043723,23.5744872661708,26.8988054992112
