"","nvar","r","d","het","iter","alpha","strategy","p1","p2","p3","p4","p5"
"1",131,0.6,0,0,10000,0.05,1,38.0730709550007,21.8225419664269,16.4480180561433,12.8226830300465,10.8336859923826
"2",131,0.6,0,0,10000,0.05,2,38.0730709550007,21.8225419664269,16.4480180561433,12.8226830300465,10.8336859923826
"3",131,0.6,0,0,10000,0.05,3,9.76160248271971,16.1376780928199,20.5670757511638,25.1093243052617,28.424319368035
