"","nvar","r","d","het","iter","alpha","strategy","p1","p2","p3","p4","p5"
"1",87,0.4,0,0,10000,0.05,1,40.9837976454132,22.8115164937638,16.7851730970976,11.3066791001282,8.11283366359716
"2",87,0.4,0,0,10000,0.05,2,40.9837976454132,22.8115164937638,16.7851730970976,11.3066791001282,8.11283366359716
"3",87,0.4,0,0,10000,0.05,3,14.2207716517077,18.230563002681,21.0164354819909,23.3127404126355,23.219489450985
