"","nvar","r","d","het","iter","alpha","strategy","p1","p2","p3","p4","p5"
"1",161,0.2,0,0,10000,0.05,1,68.5103392892993,21.1202569765107,6.99658703071672,2.64003212206384,0.732784581409356
"2",161,0.2,0,0,10000,0.05,2,68.5103392892993,21.1202569765107,6.99658703071672,2.64003212206384,0.732784581409356
"3",161,0.2,0,0,10000,0.05,3,17.4964866492672,20.1666332061835,20.1867094960851,20.7388074683798,21.4113631800843
