"","nvar","r","d","het","iter","alpha","strategy","p1","p2","p3","p4","p5"
"1",9,0.5,0,0,10000,0.05,1,24.6782740348221,20.9689629068887,19.4171082513248,17.6003028009084,17.335352006056
"2",9,0.5,0,0,10000,0.05,2,24.6782740348221,20.9689629068887,19.4171082513248,17.6003028009084,17.335352006056
"3",9,0.5,0,0,10000,0.05,3,15.8970476911431,19.1900075700227,20.4012112036336,21.3474640423921,23.1642694928085
