"","nvar","r","d","het","iter","alpha","strategy","p1","p2","p3","p4","p5"
"1",81,0.9,0,0,10000,0.05,1,29.1503267973856,21.7864923747277,18.1699346405229,15.4684095860566,15.4248366013072
"2",81,0.9,0,0,10000,0.05,2,29.1503267973856,21.7864923747277,18.1699346405229,15.4684095860566,15.4248366013072
"3",81,0.9,0,0,10000,0.05,3,5.44662309368192,10.2832244008715,17.3420479302832,27.0588235294118,39.8692810457516
