"","nvar","r","d","het","iter","alpha","strategy","p1","p2","p3","p4","p5"
"1",35,0.4,0,0,10000,0.05,1,32.8769279194208,22.5684608120869,18.0988353792886,13.833805476865,12.6219704123387
"2",35,0.4,0,0,10000,0.05,2,32.8769279194208,22.5684608120869,18.0988353792886,13.833805476865,12.6219704123387
"3",35,0.4,0,0,10000,0.05,3,15.7538558388417,18.8700031476235,20.9002203336481,20.9789109222537,23.497009757633
