"","nvar","r","d","het","iter","alpha","strategy","p1","p2","p3","p4","p5"
"1",89,0,0,0,10000,0.05,1,59.8707462385136,24.6389982833485,10.1787337170554,3.73624154296678,1.57528021811572
"2",89,0,0,0,10000,0.05,2,59.8707462385136,24.6389982833485,10.1787337170554,3.73624154296678,1.57528021811572
"3",89,0,0,0,10000,0.05,3,19.8222760779562,20.1858022821367,20.2968797334141,19.489043724124,20.205998182369
