"","nvar","r","d","het","iter","alpha","strategy","p1","p2","p3","p4","p5"
"1",129,0.1,0,0,10000,0.05,1,67.9638916750251,22.2066198595787,6.84052156469408,2.31695085255767,0.672016048144433
"2",129,0.1,0,0,10000,0.05,2,67.9638916750251,22.2066198595787,6.84052156469408,2.31695085255767,0.672016048144433
"3",129,0.1,0,0,10000,0.05,3,19.1273821464393,20.8625877632899,19.9297893681043,20.1203610832497,19.9598796389167
