"","nvar","r","d","het","iter","alpha","strategy","p1","p2","p3","p4","p5"
"1",55,0.6,0,0,10000,0.05,1,33.395141850547,22.4179491933989,17.3929167439273,14.4261079176711,12.3678842944558
"2",55,0.6,0,0,10000,0.05,2,33.395141850547,22.4179491933989,17.3929167439273,14.4261079176711,12.3678842944558
"3",55,0.6,0,0,10000,0.05,3,11.310958650102,16.966437975153,20.9530873354348,24.1424068236603,26.6271092156499
