"","nvar","r","d","het","iter","alpha","strategy","p1","p2","p3","p4","p5"
"1",95,0.8,0,0,10000,0.05,1,32.7142478110905,21.2257893340409,17.7235340939241,14.6457946404882,13.6906341204564
"2",95,0.8,0,0,10000,0.05,2,32.7142478110905,21.2257893340409,17.7235340939241,14.6457946404882,13.6906341204564
"3",95,0.8,0,0,10000,0.05,3,6.60652693022022,13.5579729371186,19.8461130273282,26.3199787742107,33.6694083311223
