"","nvar","r","d","het","iter","alpha","strategy","p1","p2","p3","p4","p5"
"1",77,0.2,0,0,10000,0.05,1,48.0817875210793,24.9051433389545,14.2074198988196,8.33684654300169,4.46880269814503
"2",77,0.2,0,0,10000,0.05,2,48.0817875210793,24.9051433389545,14.2074198988196,8.33684654300169,4.46880269814503
"3",77,0.2,0,0,10000,0.05,3,17.6117200674536,19.7407251264755,19.7723440134907,21.6378583473862,21.2373524451939
