"","nvar","r","d","het","iter","alpha","strategy","p1","p2","p3","p4","p5"
"1",65,0.8,0,0,10000,0.05,1,29.8229822982298,21.4521452145215,17.8517851785179,16.0516051605161,14.8214821482148
"2",65,0.8,0,0,10000,0.05,2,29.8229822982298,21.4521452145215,17.8517851785179,16.0516051605161,14.8214821482148
"3",65,0.8,0,0,10000,0.05,3,6.63066306630663,14.3114311431143,19.5619561956196,26.7026702670267,32.7932793279328
