"","nvar","r","d","het","iter","alpha","strategy","p1","p2","p3","p4","p5"
"1",189,0.5,0,0,10000,0.05,1,46.7217692393611,22.5957779515246,14.821847425444,9.5275326706132,6.33307271305708
"2",189,0.5,0,0,10000,0.05,2,46.7217692393611,22.5957779515246,14.821847425444,9.5275326706132,6.33307271305708
"3",189,0.5,0,0,10000,0.05,3,11.2811348151458,17.7035630514911,20.5852786775383,23.3217915782419,27.1082318775829
