"","nvar","r","d","het","iter","alpha","strategy","p1","p2","p3","p4","p5"
"1",59,0.5,0,0,10000,0.05,1,36.0449438202247,21.9176029962547,16.6741573033708,13.9925093632959,11.3707865168539
"2",59,0.5,0,0,10000,0.05,2,36.0449438202247,21.9176029962547,16.6741573033708,13.9925093632959,11.3707865168539
"3",59,0.5,0,0,10000,0.05,3,12.9887640449438,17.3782771535581,20.1498127340824,23.685393258427,25.7977528089888
