"","nvar","r","d","het","iter","alpha","strategy","p1","p2","p3","p4","p5"
"1",155,0.8,0,0,10000,0.05,1,33.6899667142178,21.2553495007133,17.094626723728,14.8597242035188,13.1003328578222
"2",155,0.8,0,0,10000,0.05,2,33.6899667142178,21.2553495007133,17.094626723728,14.8597242035188,13.1003328578222
"3",155,0.8,0,0,10000,0.05,3,6.41940085592011,13.3380884450785,19.2106514503091,26.5097479790775,34.5221112696148
