"","nvar","r","d","het","iter","alpha","strategy","p1","p2","p3","p4","p5"
"1",49,0.2,0,0,10000,0.05,1,39.5402564398752,24.5581610257595,16.8303107312002,11.2972161256786,7.77405567748643
"2",49,0.2,0,0,10000,0.05,2,39.5402564398752,24.5581610257595,16.8303107312002,11.2972161256786,7.77405567748643
"3",49,0.2,0,0,10000,0.05,3,18.1818181818182,20.1455469562204,20.0993415732933,20.5382927111008,21.0350005775673
