"","nvar","r","d","het","iter","alpha","strategy","p1","p2","p3","p4","p5"
"1",187,0,0,0,10000,0.05,1,84.9284928492849,12.7412741274127,2.01020102010201,0.3000300030003,0.02000200020002
"2",187,0,0,0,10000,0.05,2,84.9284928492849,12.7412741274127,2.01020102010201,0.3000300030003,0.02000200020002
"3",187,0,0,0,10000,0.05,3,19.6819681968197,19.8719871987199,19.7419741974197,19.8719871987199,20.8320832083208
