"","nvar","r","d","het","iter","alpha","strategy","p1","p2","p3","p4","p5"
"1",73,0.2,0,0,10000,0.05,1,47.0737913486005,24.8303647158609,14.8960983884648,8.2167090754877,4.98303647158609
"2",73,0.2,0,0,10000,0.05,2,47.0737913486005,24.8303647158609,14.8960983884648,8.2167090754877,4.98303647158609
"3",73,0.2,0,0,10000,0.05,3,18.0555555555556,19.8791348600509,20.1229855810008,20.5470737913486,21.3952502120441
