"","nvar","r","d","het","iter","alpha","strategy","p1","p2","p3","p4","p5"
"1",61,0.9,0,0,10000,0.05,1,28.3684468397844,20.8721215090642,18.6183243508084,16.4625183733464,15.6785889269966
"2",61,0.9,0,0,10000,0.05,2,28.3684468397844,20.8721215090642,18.6183243508084,16.4625183733464,15.6785889269966
"3",61,0.9,0,0,10000,0.05,3,6.27143557079863,10.4360607545321,17.6384125428711,26.7515923566879,38.9024987751102
