"","nvar","r","d","het","iter","alpha","strategy","p1","p2","p3","p4","p5"
"1",57,0.6,0,0,10000,0.05,1,33.7714494341,22.0153340635268,16.1555312157722,15.4070828769624,12.6506024096386
"2",57,0.6,0,0,10000,0.05,2,33.7714494341,22.0153340635268,16.1555312157722,15.4070828769624,12.6506024096386
"3",57,0.6,0,0,10000,0.05,3,11.5188024826579,16.9222343921139,20.0985761226725,24.8630887185104,26.5972982840453
