"","nvar","r","d","het","iter","alpha","strategy","p1","p2","p3","p4","p5"
"1",67,0.6,0,0,10000,0.05,1,34.5631743821789,21.4584058475461,16.3592064044553,14.914723285764,12.7044900800557
"2",67,0.6,0,0,10000,0.05,2,34.5631743821789,21.4584058475461,16.3592064044553,14.914723285764,12.7044900800557
"3",67,0.6,0,0,10000,0.05,3,10.3724329968674,16.7072746258267,20.2227636616777,24.5910198398886,28.1065088757396
