"","nvar","r","d","het","iter","alpha","strategy","p1","p2","p3","p4","p5"
"1",119,0.4,0,0,10000,0.05,1,46.7417715926662,22.7413297989839,14.8884470952065,9.70841616964877,5.92003534349459
"2",119,0.4,0,0,10000,0.05,2,46.7417715926662,22.7413297989839,14.8884470952065,9.70841616964877,5.92003534349459
"3",119,0.4,0,0,10000,0.05,3,14.0379942566821,18.4227965540093,20.8637066489949,23.1389441130992,23.5365584272145
