"","nvar","r","d","het","iter","alpha","strategy","p1","p2","p3","p4","p5"
"1",195,0.5,0,0,10000,0.05,1,46.2257849031396,22.311289245157,14.9855266087731,9.78623914495658,6.69116009797373
"2",195,0.5,0,0,10000,0.05,2,46.2257849031396,22.311289245157,14.9855266087731,9.78623914495658,6.69116009797373
"3",195,0.5,0,0,10000,0.05,3,10.7882431529726,17.7132041861501,20.9752839011356,23.4691605433088,27.0541082164329
