"","nvar","r","d","het","iter","alpha","strategy","p1","p2","p3","p4","p5"
"1",121,0.8,0,0,10000,0.05,1,32.6148319219913,21.9912753400051,17.4236592250449,14.9345650500385,13.0356684629202
"2",121,0.8,0,0,10000,0.05,2,32.6148319219913,21.9912753400051,17.4236592250449,14.9345650500385,13.0356684629202
"3",121,0.8,0,0,10000,0.05,3,6.5178342314601,13.8054914036438,19.6048242237619,27.200410572235,32.8714395688991
