"","nvar","r","d","het","iter","alpha","strategy","p1","p2","p3","p4","p5"
"1",153,0.9,0,0,10000,0.05,1,30.2970297029703,21.1089108910891,18.4158415841584,16.1980198019802,13.980198019802
"2",153,0.9,0,0,10000,0.05,2,30.2970297029703,21.1089108910891,18.4158415841584,16.1980198019802,13.980198019802
"3",153,0.9,0,0,10000,0.05,3,4.47524752475247,9.30693069306931,17.1881188118812,29.3861386138614,39.6435643564356
