"","nvar","r","d","het","iter","alpha","strategy","p1","p2","p3","p4","p5"
"1",111,0.2,0,0,10000,0.05,1,59.1237901171676,23.3520122261844,10.697911360163,4.73764645950076,2.08863983698421
"2",111,0.2,0,0,10000,0.05,2,59.1237901171676,23.3520122261844,10.697911360163,4.73764645950076,2.08863983698421
"3",111,0.2,0,0,10000,0.05,3,18.2170147733062,20.0101884870097,20.5196128374936,20.855832908813,20.3973509933775
