"","nvar","r","d","het","iter","alpha","strategy","p1","p2","p3","p4","p5"
"1",113,0.4,0,0,10000,0.05,1,45.8536045997346,23.3082706766917,14.750110570544,9.86289252543123,6.22512162759841
"2",113,0.4,0,0,10000,0.05,2,45.8536045997346,23.3082706766917,14.750110570544,9.86289252543123,6.22512162759841
"3",113,0.4,0,0,10000,0.05,3,13.8876603272888,18.6643078283945,20.2675807164971,22.65590446705,24.5245466607696
