"","nvar","r","d","het","iter","alpha","strategy","p1","p2","p3","p4","p5"
"1",125,0.3,0,0,10000,0.05,1,54.0214477211796,23.9637038564653,11.8787378840998,6.47556197154052,3.66054856671479
"2",125,0.3,0,0,10000,0.05,2,54.0214477211796,23.9637038564653,11.8787378840998,6.47556197154052,3.66054856671479
"3",125,0.3,0,0,10000,0.05,3,15.7970715611466,19.2720148484224,20.7465456795215,21.9220457826356,22.2623221282739
