"","nvar","r","d","het","iter","alpha","strategy","p1","p2","p3","p4","p5"
"1",111,0.8,0,0,10000,0.05,1,33.6964980544747,20.6485084306096,17.0428015564202,14.0856031128405,14.526588845655
"2",111,0.8,0,0,10000,0.05,2,33.6964980544747,20.6485084306096,17.0428015564202,14.0856031128405,14.526588845655
"3",111,0.8,0,0,10000,0.05,3,6.53696498054475,13.0739299610895,20.4669260700389,24.9546044098573,34.9675745784695
