"","nvar","r","d","het","iter","alpha","strategy","p1","p2","p3","p4","p5"
"1",129,0.8,0,0,10000,0.05,1,32.9473949156808,20.463126101183,17.9209665240373,14.9760885980367,13.6924238610622
"2",129,0.8,0,0,10000,0.05,2,32.9473949156808,20.463126101183,17.9209665240373,14.9760885980367,13.6924238610622
"3",129,0.8,0,0,10000,0.05,3,6.11628492323181,12.0312106720362,20.1862572363453,27.7623961741757,33.9038509942109
