"","nvar","r","d","het","iter","alpha","strategy","p1","p2","p3","p4","p5"
"1",19,0,0,0,10000,0.05,1,28.1194796852417,22.2418500080295,20.2665810181468,15.7218564316685,13.6502328569134
"2",19,0,0,0,10000,0.05,2,28.1194796852417,22.2418500080295,20.2665810181468,15.7218564316685,13.6502328569134
"3",19,0,0,0,10000,0.05,3,20.3468765055404,19.1906214870724,19.9453990685723,19.9614581660511,20.5556447727638
