"","nvar","r","d","het","iter","alpha","strategy","p1","p2","p3","p4","p5"
"1",199,0.6,0,0,10000,0.05,1,40.8208182288969,21.1160020714656,16.6752977731745,11.4577938891766,9.93008803728638
"2",199,0.6,0,0,10000,0.05,2,40.8208182288969,21.1160020714656,16.6752977731745,11.4577938891766,9.93008803728638
"3",199,0.6,0,0,10000,0.05,3,9.50284826514759,15.341791817711,21.1289487312273,24.9741066804764,29.0523045054376
