"","nvar","r","d","het","iter","alpha","strategy","p1","p2","p3","p4","p5"
"1",141,0.8,0,0,10000,0.05,1,33.1944103947046,20.9855356705075,17.3081637656288,14.8320666830105,13.6798234861486
"2",141,0.8,0,0,10000,0.05,2,33.1944103947046,20.9855356705075,17.3081637656288,14.8320666830105,13.6798234861486
"3",141,0.8,0,0,10000,0.05,3,5.78573179700907,12.8217700416769,20.029418975239,26.7957832802157,34.5672959058593
