"","nvar","r","d","het","iter","alpha","strategy","p1","p2","p3","p4","p5"
"1",131,0.9,0,0,10000,0.05,1,29.7768762677485,20.0811359026369,18.4178498985801,16.1866125760649,15.5375253549696
"2",131,0.9,0,0,10000,0.05,2,29.7768762677485,20.0811359026369,18.4178498985801,16.1866125760649,15.5375253549696
"3",131,0.9,0,0,10000,0.05,3,5.19269776876268,10.5070993914807,17.2819472616633,27.6673427991886,39.3509127789047
