"","nvar","r","d","het","iter","alpha","strategy","p1","p2","p3","p4","p5"
"1",55,0,0,0,10000,0.05,1,44.9187639375597,25.7513008389084,15.3445895720505,9.12180099819475,4.86354465328661
"2",55,0,0,0,10000,0.05,2,44.9187639375597,25.7513008389084,15.3445895720505,9.12180099819475,4.86354465328661
"3",55,0,0,0,10000,0.05,3,19.730275034512,19.3267494955931,20.4098969947966,20.9514707443984,19.5816077306998
