"","nvar","r","d","het","iter","alpha","strategy","p1","p2","p3","p4","p5"
"1",139,0.1,0,0,10000,0.05,1,71.8925421010425,20.1283079390537,5.94426623897354,1.63392141138733,0.400962309542903
"2",139,0.1,0,0,10000,0.05,2,71.8925421010425,20.1283079390537,5.94426623897354,1.63392141138733,0.400962309542903
"3",139,0.1,0,0,10000,0.05,3,19.8977546110666,20.1884522854852,19.8075380914194,19.7173215717723,20.3889334402566
