"","nvar","r","d","het","iter","alpha","strategy","p1","p2","p3","p4","p5"
"1",149,0.6,0,0,10000,0.05,1,39.0015170321335,21.1970762653427,16.3011998345056,12.8258171286719,10.6743897393463
"2",149,0.6,0,0,10000,0.05,2,39.0015170321335,21.1970762653427,16.3011998345056,12.8258171286719,10.6743897393463
"3",149,0.6,0,0,10000,0.05,3,9.68142325196525,15.9840022065922,20.6040546131568,24.9896565990898,28.740863329196
