"","nvar","r","d","het","iter","alpha","strategy","p1","p2","p3","p4","p5"
"1",127,0.2,0,0,10000,0.05,1,62.3963599595551,22.4671385237614,9.54499494438827,3.83215369059656,1.75935288169869
"2",127,0.2,0,0,10000,0.05,2,62.3963599595551,22.4671385237614,9.54499494438827,3.83215369059656,1.75935288169869
"3",127,0.2,0,0,10000,0.05,3,17.9979777553084,19.5348837209302,20.1718907987867,21.2841253791709,21.0111223458038
