"","nvar","r","d","het","iter","alpha","strategy","p1","p2","p3","p4","p5"
"1",125,0.6,0,0,10000,0.05,1,38.6237355748682,20.9574013392221,15.985183074512,13.8908676449637,10.542812366434
"2",125,0.6,0,0,10000,0.05,2,38.6237355748682,20.9574013392221,15.985183074512,13.8908676449637,10.542812366434
"3",125,0.6,0,0,10000,0.05,3,9.63100156717481,15.3298190625445,21.15685995156,25.1745262857957,28.7077931329249
