"","nvar","r","d","het","iter","alpha","strategy","p1","p2","p3","p4","p5"
"1",89,0.7,0,0,10000,0.05,1,34.3313777058466,20.7768561602266,17.8029536718592,14.0198260165891,13.0689864454785
"2",89,0.7,0,0,10000,0.05,2,34.3313777058466,20.7768561602266,17.8029536718592,14.0198260165891,13.0689864454785
"3",89,0.7,0,0,10000,0.05,3,8.11248229819947,15.6787376087396,20.9589318227797,25.2275945781914,30.0222536920898
