"","nvar","r","d","het","iter","alpha","strategy","p1","p2","p3","p4","p5"
"1",43,0.2,0,0,10000,0.05,1,37.4070520508515,24.4902854401535,16.8265771168146,12.2331494363157,9.04293595586472
"2",43,0.2,0,0,10000,0.05,2,37.4070520508515,24.4902854401535,16.8265771168146,12.2331494363157,9.04293595586472
"3",43,0.2,0,0,10000,0.05,3,18.0618853442072,19.2012473015112,20.0047973135044,21.1801391220916,21.5519309186855
