"","nvar","r","d","het","iter","alpha","strategy","p1","p2","p3","p4","p5"
"1",113,0.1,0,0,10000,0.05,1,64.439308681672,22.9903536977492,8.51085209003215,3.08480707395498,0.97467845659164
"2",113,0.1,0,0,10000,0.05,2,64.439308681672,22.9903536977492,8.51085209003215,3.08480707395498,0.97467845659164
"3",113,0.1,0,0,10000,0.05,3,19.0916398713826,20.0261254019293,20.5586816720257,20.1366559485531,20.1868971061093
