"","nvar","r","d","het","iter","alpha","strategy","p1","p2","p3","p4","p5"
"1",103,0.6,0,0,10000,0.05,1,36.606334841629,21.3574660633484,16.8929110105581,14.0422322775264,11.1010558069382
"2",103,0.6,0,0,10000,0.05,2,36.606334841629,21.3574660633484,16.8929110105581,14.0422322775264,11.1010558069382
"3",103,0.6,0,0,10000,0.05,3,9.98491704374057,16.395173453997,21.1463046757164,24.8114630467572,27.6621417797888
