"","nvar","r","d","het","iter","alpha","strategy","p1","p2","p3","p4","p5"
"1",103,0.8,0,0,10000,0.05,1,32.5348775993683,20.7159778889181,18.1363516714925,15.7936299026059,12.8191629376152
"2",103,0.8,0,0,10000,0.05,2,32.5348775993683,20.7159778889181,18.1363516714925,15.7936299026059,12.8191629376152
"3",103,0.8,0,0,10000,0.05,3,6.8175835746249,13.6351671492498,19.0313240326402,27.6388523295604,32.8770729139247
