"","nvar","r","d","het","iter","alpha","strategy","p1","p2","p3","p4","p5"
"1",125,0.1,0,0,10000,0.05,1,68.4363709353673,21.7683661180249,6.77438779606584,2.23805700521879,0.782818145323163
"2",125,0.1,0,0,10000,0.05,2,68.4363709353673,21.7683661180249,6.77438779606584,2.23805700521879,0.782818145323163
"3",125,0.1,0,0,10000,0.05,3,19.4600562023284,20.0521878763549,20.2930549979928,20.0120433560819,20.1826575672421
