"","nvar","r","d","het","iter","alpha","strategy","p1","p2","p3","p4","p5"
"1",141,0.3,0,0,10000,0.05,1,56.1120196238757,23.57931316435,11.4370400654129,5.94848732624693,2.92313982011447
"2",141,0.3,0,0,10000,0.05,2,56.1120196238757,23.57931316435,11.4370400654129,5.94848732624693,2.92313982011447
"3",141,0.3,0,0,10000,0.05,3,15.1573998364677,19.5421095666394,20.1553556827473,22.0666394112837,23.0784955028618
