"","nvar","r","d","het","iter","alpha","strategy","p1","p2","p3","p4","p5"
"1",5,0,0,0,10000,0.05,1,22.265625,20.3125,20.3993055555556,18.7934027777778,18.2291666666667
"2",5,0,0,0,10000,0.05,2,22.265625,20.3125,20.3993055555556,18.7934027777778,18.2291666666667
"3",5,0,0,0,10000,0.05,3,20.5729166666667,19.2274305555556,20.8767361111111,19.6614583333333,19.6614583333333
