"","nvar","r","d","het","iter","alpha","strategy","p1","p2","p3","p4","p5"
"1",105,0.5,0,0,10000,0.05,1,41.0734678340312,22.459078797107,15.8863088440553,11.749777946961,8.83136657784545
"2",105,0.5,0,0,10000,0.05,2,41.0734678340312,22.459078797107,15.8863088440553,11.749777946961,8.83136657784545
"3",105,0.5,0,0,10000,0.05,3,12.5745463773633,18.2083491942647,21.2155817789621,23.3599796980079,24.6415429514021
