"","nvar","r","d","het","iter","alpha","strategy","p1","p2","p3","p4","p5"
"1",167,0.2,0,0,10000,0.05,1,69.8482869486587,20.1145383301517,7.24404702099869,1.96925550085401,0.823872199336883
"2",167,0.2,0,0,10000,0.05,2,69.8482869486587,20.1145383301517,7.24404702099869,1.96925550085401,0.823872199336883
"3",167,0.2,0,0,10000,0.05,3,18.0448106098664,19.6624133427107,20.516427207877,20.5767105395358,21.19963830001
