"","nvar","r","d","het","iter","alpha","strategy","p1","p2","p3","p4","p5"
"1",7,0.6,0,0,10000,0.05,1,22.4046354418156,20.9077740222115,20.9560598744568,18.5900531144375,17.1414775470787
"2",7,0.6,0,0,10000,0.05,2,22.4046354418156,20.9077740222115,20.9560598744568,18.5900531144375,17.1414775470787
"3",7,0.6,0,0,10000,0.05,3,14.3891839690971,18.5417672621922,22.3563495895703,22.1149203283438,22.5977788507967
