"","nvar","r","d","het","iter","alpha","strategy","p1","p2","p3","p4","p5"
"1",151,0.6,0,0,10000,0.05,1,39.4725884802221,22.4288688410826,15.29493407356,12.6023594725885,10.2012491325468
"2",151,0.6,0,0,10000,0.05,2,39.4725884802221,22.4288688410826,15.29493407356,12.6023594725885,10.2012491325468
"3",151,0.6,0,0,10000,0.05,3,9.65995836224844,17.0437196391395,20.2220680083276,25.1353226925746,27.9389312977099
