"","nvar","r","d","het","iter","alpha","strategy","p1","p2","p3","p4","p5"
"1",153,0.7,0,0,10000,0.05,1,36.3558007240131,20.5309429408723,17.2728839855197,13.7390105154284,12.1013618341665
"2",153,0.7,0,0,10000,0.05,2,36.3558007240131,20.5309429408723,17.2728839855197,13.7390105154284,12.1013618341665
"3",153,0.7,0,0,10000,0.05,3,7.51594552663334,14.290639544906,20.306843647647,26.7884847440097,31.098086536804
