"","nvar","r","d","het","iter","alpha","strategy","p1","p2","p3","p4","p5"
"1",9,0.9,0,0,10000,0.05,1,25.0786163522013,19.6540880503145,18.8679245283019,18.3176100628931,18.0817610062893
"2",9,0.9,0,0,10000,0.05,2,25.0786163522013,19.6540880503145,18.8679245283019,18.3176100628931,18.0817610062893
"3",9,0.9,0,0,10000,0.05,3,10.6918238993711,12.9716981132075,18.9465408805031,25.7075471698113,31.6823899371069
