"","nvar","r","d","het","iter","alpha","strategy","p1","p2","p3","p4","p5"
"1",13,0.6,0,0,10000,0.05,1,25.3337783711615,21.762349799733,19.7596795727637,17.5233644859813,15.6208277703605
"2",13,0.6,0,0,10000,0.05,2,25.3337783711615,21.762349799733,19.7596795727637,17.5233644859813,15.6208277703605
"3",13,0.6,0,0,10000,0.05,3,12.8504672897196,19.1588785046729,21.5287049399199,23.2309746328438,23.2309746328438
