"","nvar","r","d","het","iter","alpha","strategy","p1","p2","p3","p4","p5"
"1",125,0.5,0,0,10000,0.05,1,42.7986019043028,21.9476919368446,16.2106785585151,10.9557671447511,8.08726045558636
"2",125,0.5,0,0,10000,0.05,2,42.7986019043028,21.9476919368446,16.2106785585151,10.9557671447511,8.08726045558636
"3",125,0.5,0,0,10000,0.05,3,11.8597083283114,17.0543569965048,21.887429191274,23.6109437145956,25.5875617693142
