"","nvar","r","d","het","iter","alpha","strategy","p1","p2","p3","p4","p5"
"1",69,0.7,0,0,10000,0.05,1,33.1583552055993,20.8880139982502,17.257217847769,15.0699912510936,13.6264216972878
"2",69,0.7,0,0,10000,0.05,2,33.1583552055993,20.8880139982502,17.257217847769,15.0699912510936,13.6264216972878
"3",69,0.7,0,0,10000,0.05,3,8.46456692913386,15.2012248468941,20.4505686789151,25.6342957130359,30.249343832021
