"","nvar","r","d","het","iter","alpha","strategy","p1","p2","p3","p4","p5"
"1",177,0.8,0,0,10000,0.05,1,33.9340042124971,20.9922770886965,16.4053358296279,14.6267259536625,14.041656915516
"2",177,0.8,0,0,10000,0.05,2,33.9340042124971,20.9922770886965,16.4053358296279,14.6267259536625,14.041656915516
"3",177,0.8,0,0,10000,0.05,3,5.89749590451673,12.8013105546454,18.7690147437398,26.7259536625322,35.8062251345659
