"","nvar","r","d","het","iter","alpha","strategy","p1","p2","p3","p4","p5"
"1",141,0,0,0,10000,0.05,1,76.193813194514,18.2801081189308,4.33476824506958,0.991090199219141,0.200220242266493
"2",141,0,0,0,10000,0.05,2,76.193813194514,18.2801081189308,4.33476824506958,0.991090199219141,0.200220242266493
"3",141,0,0,0,10000,0.05,3,19.8318149964961,19.8618480328361,19.5014515967564,20.4625087596356,20.3423766142757
