"","nvar","r","d","het","iter","alpha","strategy","p1","p2","p3","p4","p5"
"1",175,0.9,0,0,10000,0.05,1,30.0439472632841,20.0958849380743,19.8961246504195,15.1817818617659,14.7822612864563
"2",175,0.9,0,0,10000,0.05,2,30.0439472632841,20.0958849380743,19.8961246504195,15.1817818617659,14.7822612864563
"3",175,0.9,0,0,10000,0.05,3,4.27487015581302,8.46983619656412,18.5377546943668,26.6080703156213,42.1094686376348
