"","nvar","r","d","het","iter","alpha","strategy","p1","p2","p3","p4","p5"
"1",161,0.8,0,0,10000,0.05,1,34.8831606841725,20.6697181402072,17.1765839556733,14.2857142857143,12.9848229342327
"2",161,0.8,0,0,10000,0.05,2,34.8831606841725,20.6697181402072,17.1765839556733,14.2857142857143,12.9848229342327
"3",161,0.8,0,0,10000,0.05,3,6.31173211274392,12.5511924837389,18.6701999518188,27.8487111539388,34.6181642977596
