"","nvar","r","d","het","iter","alpha","strategy","p1","p2","p3","p4","p5"
"1",17,0.1,0,0,10000,0.05,1,27.4244553759663,23.5945186226283,18.0955727336613,17.6387912860155,13.2466619817287
"2",17,0.1,0,0,10000,0.05,2,27.4244553759663,23.5945186226283,18.0955727336613,17.6387912860155,13.2466619817287
"3",17,0.1,0,0,10000,0.05,3,19.9402670414617,20.6605762473647,18.9388615600843,21.2579058327477,19.2023893183415
