"","nvar","r","d","het","iter","alpha","strategy","p1","p2","p3","p4","p5"
"1",95,0.4,0,0,10000,0.05,1,42.865296803653,23.2305936073059,15.296803652968,10.7420091324201,7.86529680365297
"2",95,0.4,0,0,10000,0.05,2,42.865296803653,23.2305936073059,15.296803652968,10.7420091324201,7.86529680365297
"3",95,0.4,0,0,10000,0.05,3,14.7374429223744,18.1849315068493,19.851598173516,22.8538812785388,24.3721461187215
