"","nvar","r","d","het","iter","alpha","strategy","p1","p2","p3","p4","p5"
"1",65,0.2,0,0,10000,0.05,1,44.2621169311019,24.8424255596609,15.8878504672897,9.12845033688328,5.87915670506412
"2",65,0.2,0,0,10000,0.05,2,44.2621169311019,24.8424255596609,15.8878504672897,9.12845033688328,5.87915670506412
"3",65,0.2,0,0,10000,0.05,3,18.0395566181265,19.1914801130189,20.6042164746794,20.7889589219735,21.3757878722017
