"","nvar","r","d","het","iter","alpha","strategy","p1","p2","p3","p4","p5"
"1",85,0.5,0,0,10000,0.05,1,38.0198551113496,22.4577408103032,16.6756104105178,13.0533941507915,9.79339951703783
"2",85,0.5,0,0,10000,0.05,2,38.0198551113496,22.4577408103032,16.6756104105178,13.0533941507915,9.79339951703783
"3",85,0.5,0,0,10000,0.05,3,11.886235578213,17.6147035148913,21.5052320901529,23.1285215991414,25.8653072176013
