"","nvar","r","d","het","iter","alpha","strategy","p1","p2","p3","p4","p5"
"1",135,0.6,0,0,10000,0.05,1,39.5066948555321,20.9443269908386,16.2367864693446,12.9950669485553,10.3171247357294
"2",135,0.6,0,0,10000,0.05,2,39.5066948555321,20.9443269908386,16.2367864693446,12.9950669485553,10.3171247357294
"3",135,0.6,0,0,10000,0.05,3,9.96476391825229,16.30725863284,20.5778717406624,25.5250176180409,27.6250880902044
