"","nvar","r","d","het","iter","alpha","strategy","p1","p2","p3","p4","p5"
"1",11,0.6,0,0,10000,0.05,1,26.5902366863905,20.3772189349112,19.7115384615385,17.4926035502959,15.8284023668639
"2",11,0.6,0,0,10000,0.05,2,26.5902366863905,20.3772189349112,19.7115384615385,17.4926035502959,15.8284023668639
"3",11,0.6,0,0,10000,0.05,3,14.2011834319527,18.5281065088757,21.2647928994083,22.5591715976331,23.4467455621302
