"","nvar","r","d","het","iter","alpha","strategy","p1","p2","p3","p4","p5"
"1",189,0.6,0,0,10000,0.05,1,41.5133454262762,21.1453744493392,15.6258097952838,11.790619331433,9.92485099766779
"2",189,0.6,0,0,10000,0.05,2,41.5133454262762,21.1453744493392,15.6258097952838,11.790619331433,9.92485099766779
"3",189,0.6,0,0,10000,0.05,3,9.8211972013475,15.6646799689039,20.1736201088365,25.7450116610521,28.5954910598601
