"","nvar","r","d","het","iter","alpha","strategy","p1","p2","p3","p4","p5"
"1",65,0.5,0,0,10000,0.05,1,35.8506819813352,21.7229002153625,17.4300071787509,13.8693467336683,11.127063890883
"2",65,0.5,0,0,10000,0.05,2,35.8506819813352,21.7229002153625,17.4300071787509,13.8693467336683,11.127063890883
"3",65,0.5,0,0,10000,0.05,3,12.6489590811199,17.6884422110553,21.2921751615219,23.6037329504666,24.7666905958363
