"","nvar","r","d","het","iter","alpha","strategy","p1","p2","p3","p4","p5"
"1",75,0.8,0,0,10000,0.05,1,31.7037894127857,20.9140873589818,17.7610645067978,16.6329187156494,12.9881400057854
"2",75,0.8,0,0,10000,0.05,2,31.7037894127857,20.9140873589818,17.7610645067978,16.6329187156494,12.9881400057854
"3",75,0.8,0,0,10000,0.05,3,6.73994793173272,12.2071159965288,20.2776974255135,27.2490598785074,33.5261787677177
