"","nvar","r","d","het","iter","alpha","strategy","p1","p2","p3","p4","p5"
"1",81,0.7,0,0,10000,0.05,1,34.3249897414854,20.8042675420599,16.1879359868691,15.1826015592942,13.5002051702913
"2",81,0.7,0,0,10000,0.05,2,34.3249897414854,20.8042675420599,16.1879359868691,15.1826015592942,13.5002051702913
"3",81,0.7,0,0,10000,0.05,3,8.78128846942963,14.6081247435371,19.9835863766927,26.3233483791547,30.3036520311859
