"","nvar","r","d","het","iter","alpha","strategy","p1","p2","p3","p4","p5"
"1",51,0.6,0,0,10000,0.05,1,33.6082474226804,21.6494845360825,17.4882849109653,14.3767572633552,12.8772258669166
"2",51,0.6,0,0,10000,0.05,2,33.6082474226804,21.6494845360825,17.4882849109653,14.3767572633552,12.8772258669166
"3",51,0.6,0,0,10000,0.05,3,10.7403936269916,17.1696344892221,21.1808809746954,23.6925960637301,27.2164948453608
