"","nvar","r","d","het","iter","alpha","strategy","p1","p2","p3","p4","p5"
"1",197,0.9,0,0,10000,0.05,1,31.986143187067,20.7852193995381,18.5142417244034,14.8190916089299,13.8953040800616
"2",197,0.9,0,0,10000,0.05,2,31.986143187067,20.7852193995381,18.5142417244034,14.8190916089299,13.8953040800616
"3",197,0.9,0,0,10000,0.05,3,4.58044649730562,9.04541955350269,18.6682063125481,26.6358737490377,41.0700538876059
