"","nvar","r","d","het","iter","alpha","strategy","p1","p2","p3","p4","p5"
"1",45,0.5,0,0,10000,0.05,1,33.1727574750831,22.109634551495,16.9269102990033,15.3322259136213,12.4584717607973
"2",45,0.5,0,0,10000,0.05,2,33.1727574750831,22.109634551495,16.9269102990033,15.3322259136213,12.4584717607973
"3",45,0.5,0,0,10000,0.05,3,13.3222591362126,17.9235880398671,20.7641196013289,23.3056478405316,24.6843853820598
