"","nvar","r","d","het","iter","alpha","strategy","p1","p2","p3","p4","p5"
"1",97,0.4,0,0,10000,0.05,1,42.8458408679928,23.3838155515371,15.3594032549729,10.9742314647378,7.43670886075949
"2",97,0.4,0,0,10000,0.05,2,42.8458408679928,23.3838155515371,15.3594032549729,10.9742314647378,7.43670886075949
"3",97,0.4,0,0,10000,0.05,3,14.3648282097649,18.5239602169982,20.3322784810127,23.496835443038,23.2820976491863
