"","nvar","r","d","het","iter","alpha","strategy","p1","p2","p3","p4","p5"
"1",131,0.1,0,0,10000,0.05,1,70.125313283208,20.7117794486216,6.81704260651629,1.82456140350877,0.521303258145363
"2",131,0.1,0,0,10000,0.05,2,70.125313283208,20.7117794486216,6.81704260651629,1.82456140350877,0.521303258145363
"3",131,0.1,0,0,10000,0.05,3,18.8170426065163,20.0401002506266,19.8997493734336,20.8020050125313,20.4411027568922
