"","nvar","r","d","het","iter","alpha","strategy","p1","p2","p3","p4","p5"
"1",51,0.4,0,0,10000,0.05,1,35.6996587030717,23.0307167235495,17.2832764505119,13.3651877133106,10.6211604095563
"2",51,0.4,0,0,10000,0.05,2,35.6996587030717,23.0307167235495,17.2832764505119,13.3651877133106,10.6211604095563
"3",51,0.4,0,0,10000,0.05,3,14.9078498293515,19.0443686006826,20.8054607508532,22.2525597269625,22.9897610921502
