"","nvar","r","d","het","iter","alpha","strategy","p1","p2","p3","p4","p5"
"1",159,0.9,0,0,10000,0.05,1,29.5390781563126,21.2825651302605,17.314629258517,16.3927855711423,15.4709418837675
"2",159,0.9,0,0,10000,0.05,2,29.5390781563126,21.2825651302605,17.314629258517,16.3927855711423,15.4709418837675
"3",159,0.9,0,0,10000,0.05,3,4.64929859719439,9.81963927855711,15.4709418837675,26.813627254509,43.246492985972
