"","nvar","r","d","het","iter","alpha","strategy","p1","p2","p3","p4","p5"
"1",137,0.8,0,0,10000,0.05,1,34.8589807026225,19.6932211776348,16.1553686293914,14.9183572488867,14.3740722414646
"2",137,0.8,0,0,10000,0.05,2,34.8589807026225,19.6932211776348,16.1553686293914,14.9183572488867,14.3740722414646
"3",137,0.8,0,0,10000,0.05,3,6.08609599208313,12.642256308758,19.0004948045522,27.362691736764,34.9084611578427
