"","nvar","r","d","het","iter","alpha","strategy","p1","p2","p3","p4","p5"
"1",63,0.6,0,0,10000,0.05,1,34.3223314606742,21.8223314606742,17.3981741573034,14.2029494382022,12.2542134831461
"2",63,0.6,0,0,10000,0.05,2,34.3223314606742,21.8223314606742,17.3981741573034,14.2029494382022,12.2542134831461
"3",63,0.6,0,0,10000,0.05,3,10.8672752808989,17.8019662921348,20.5758426966292,23.8237359550562,26.9311797752809
