"","nvar","r","d","het","iter","alpha","strategy","p1","p2","p3","p4","p5"
"1",29,0,0,0,10000,0.05,1,32.8182294394971,24.9476165531692,18.9889994761655,12.6375065479309,10.6076479832373
"2",29,0,0,0,10000,0.05,2,32.8182294394971,24.9476165531692,18.9889994761655,12.6375065479309,10.6076479832373
"3",29,0,0,0,10000,0.05,3,19.8271346254584,20.7700366684128,19.9711891042431,18.9497118910424,20.4819277108434
