"","nvar","r","d","het","iter","alpha","strategy","p1","p2","p3","p4","p5"
"1",35,0.2,0,0,10000,0.05,1,33.9350180505415,24.0201134605467,18.3986591026302,13.6539453326457,9.9922640536359
"2",35,0.2,0,0,10000,0.05,2,33.9350180505415,24.0201134605467,18.3986591026302,13.6539453326457,9.9922640536359
"3",35,0.2,0,0,10000,0.05,3,18.1021144920062,19.9716348633316,20.2037132542548,20.4873646209386,21.2351727694688
