"","nvar","r","d","het","iter","alpha","strategy","p1","p2","p3","p4","p5"
"1",67,0,0,0,10000,0.05,1,49.7778696146296,26.6659778902779,12.7699142473396,7.32513689430726,3.4611013534456
"2",67,0,0,0,10000,0.05,2,49.7778696146296,26.6659778902779,12.7699142473396,7.32513689430726,3.4611013534456
"3",67,0,0,0,10000,0.05,3,19.7231118917244,20.1673726624651,19.5784688500878,20.5909701415436,19.9400764541792
