"","nvar","r","d","het","iter","alpha","strategy","p1","p2","p3","p4","p5"
"1",73,0.1,0,0,10000,0.05,1,52.3003919950485,24.8916855787085,12.5954198473282,6.69486280173303,3.51763977718176
"2",73,0.1,0,0,10000,0.05,2,52.3003919950485,24.8916855787085,12.5954198473282,6.69486280173303,3.51763977718176
"3",73,0.1,0,0,10000,0.05,3,19.1664947390138,20.1052197235403,19.8782752217867,20.7860532288013,20.0639570868579
