"","nvar","r","d","het","iter","alpha","strategy","p1","p2","p3","p4","p5"
"1",137,0.4,0,0,10000,0.05,1,48.4796389814118,22.6281293649941,14.4944665305684,9.20812291823359,5.18964220479209
"2",137,0.4,0,0,10000,0.05,2,48.4796389814118,22.6281293649941,14.4944665305684,9.20812291823359,5.18964220479209
"3",137,0.4,0,0,10000,0.05,3,13.7315998710648,17.7715697861824,21.1453744493392,22.9504673901365,24.4009885032771
