"","nvar","r","d","het","iter","alpha","strategy","p1","p2","p3","p4","p5"
"1",55,0.4,0,0,10000,0.05,1,37.9346680716544,22.2471022128556,16.6359325605901,13.2639620653319,9.91833508956797
"2",55,0.4,0,0,10000,0.05,2,37.9346680716544,22.2471022128556,16.6359325605901,13.2639620653319,9.91833508956797
"3",55,0.4,0,0,10000,0.05,3,15.1738672286618,18.8883034773446,20.4162276080084,22.7081138040042,22.813487881981
