"","nvar","r","d","het","iter","alpha","strategy","p1","p2","p3","p4","p5"
"1",161,0.3,0,0,10000,0.05,1,60.2888821076188,22.9173024107415,9.93795137829316,4.79096734818431,2.06489675516224
"2",161,0.3,0,0,10000,0.05,2,60.2888821076188,22.9173024107415,9.93795137829316,4.79096734818431,2.06489675516224
"3",161,0.3,0,0,10000,0.05,3,16.2750483165497,19.3571355914963,20.4048418268742,21.5644390194283,22.3985352456515
