"","nvar","r","d","het","iter","alpha","strategy","p1","p2","p3","p4","p5"
"1",15,0.9,0,0,10000,0.05,1,27.1739130434783,20.7201086956522,19.7010869565217,16.6440217391304,15.7608695652174
"2",15,0.9,0,0,10000,0.05,2,27.1739130434783,20.7201086956522,19.7010869565217,16.6440217391304,15.7608695652174
"3",15,0.9,0,0,10000,0.05,3,9.71467391304348,14.1983695652174,19.8369565217391,23.6413043478261,32.6086956521739
