"","nvar","r","d","het","iter","alpha","strategy","p1","p2","p3","p4","p5"
"1",131,0.2,0,0,10000,0.05,1,62.9812537794799,22.7071155009071,8.81878653497279,3.74924410401129,1.74360008062891
"2",131,0.2,0,0,10000,0.05,2,62.9812537794799,22.7071155009071,8.81878653497279,3.74924410401129,1.74360008062891
"3",131,0.2,0,0,10000,0.05,3,17.5267083249345,20.1874622052006,20.4797419875025,20.5200564402338,21.2860310421286
