"","nvar","r","d","het","iter","alpha","strategy","p1","p2","p3","p4","p5"
"1",29,0.3,0,0,10000,0.05,1,32.3218390804598,22.4980842911877,18.2222222222222,15.2030651340996,11.7547892720307
"2",29,0.3,0,0,10000,0.05,2,32.3218390804598,22.4980842911877,18.2222222222222,15.2030651340996,11.7547892720307
"3",29,0.3,0,0,10000,0.05,3,18.3448275862069,18.8505747126437,19.9540229885057,20.735632183908,22.1149425287356
