"","nvar","r","d","het","iter","alpha","strategy","p1","p2","p3","p4","p5"
"1",43,0.9,0,0,10000,0.05,1,26.8679631525077,20.2149437052201,19.2425793244626,17.5025588536336,16.171954964176
"2",43,0.9,0,0,10000,0.05,2,26.8679631525077,20.2149437052201,19.2425793244626,17.5025588536336,16.171954964176
"3",43,0.9,0,0,10000,0.05,3,6.70419651995906,11.0030706243603,17.9631525076766,27.7891504605937,36.5404298874104
