"","nvar","r","d","het","iter","alpha","strategy","p1","p2","p3","p4","p5"
"1",157,0.4,0,0,10000,0.05,1,51.6890474192195,22.3772555602182,13.2710868652958,8.1514897188418,4.51112043642467
"2",157,0.4,0,0,10000,0.05,2,51.6890474192195,22.3772555602182,13.2710868652958,8.1514897188418,4.51112043642467
"3",157,0.4,0,0,10000,0.05,3,13.9634913973982,18.4536298783047,20.2895509861519,22.9542593369702,24.339068401175
