"","nvar","r","d","het","iter","alpha","strategy","p1","p2","p3","p4","p5"
"1",159,0.7,0,0,10000,0.05,1,37.4487004103967,20.6737346101231,16.296169630643,13.3036935704514,12.2777017783858
"2",159,0.7,0,0,10000,0.05,2,37.4487004103967,20.6737346101231,16.296169630643,13.3036935704514,12.2777017783858
"3",159,0.7,0,0,10000,0.05,3,7.43844049247606,14.9110807113543,20.5027359781122,26.0430916552668,31.1046511627907
