"","nvar","r","d","het","iter","alpha","strategy","p1","p2","p3","p4","p5"
"1",111,0.6,0,0,10000,0.05,1,38.6126823459363,21.3307532003573,16.0762131586782,13.3521881512355,10.6281631437928
"2",111,0.6,0,0,10000,0.05,2,38.6126823459363,21.3307532003573,16.0762131586782,13.3521881512355,10.6281631437928
"3",111,0.6,0,0,10000,0.05,3,10.2560285799345,16.3590354272105,21.9410538850848,24.4864543018756,26.9574278058946
