"","nvar","r","d","het","iter","alpha","strategy","p1","p2","p3","p4","p5"
"1",9,0.3,0,0,10000,0.05,1,22.8879568603954,22.1090473337328,19.7124026363092,18.6339125224685,16.6566806470941
"2",9,0.3,0,0,10000,0.05,2,22.8879568603954,22.1090473337328,19.7124026363092,18.6339125224685,16.6566806470941
"3",9,0.3,0,0,10000,0.05,3,17.1959257040144,20.3415218693829,20.1018573996405,21.2402636309167,21.1204313960455
