"","nvar","r","d","het","iter","alpha","strategy","p1","p2","p3","p4","p5"
"1",45,0.7,0,0,10000,0.05,1,32.0830207551888,21.1052763190798,17.4043510877719,15.6289072268067,13.7784446111528
"2",45,0.7,0,0,10000,0.05,2,32.0830207551888,21.1052763190798,17.4043510877719,15.6289072268067,13.7784446111528
"3",45,0.7,0,0,10000,0.05,3,9.65241310327582,16.029007251813,21.1552888222056,25.9064766191548,27.2568142035509
