"","nvar","r","d","het","iter","alpha","strategy","p1","p2","p3","p4","p5"
"1",177,0.6,0,0,10000,0.05,1,39.0952507296365,21.7166357123906,16.7683735738923,12.5364818254179,9.88325815866278
"2",177,0.6,0,0,10000,0.05,2,39.0952507296365,21.7166357123906,16.7683735738923,12.5364818254179,9.88325815866278
"3",177,0.6,0,0,10000,0.05,3,9.53833908198461,15.4417617405147,21.8625630140621,25.29848766251,27.8588485009286
