"","nvar","r","d","het","iter","alpha","strategy","p1","p2","p3","p4","p5"
"1",131,0.3,0,0,10000,0.05,1,54.5305284761416,24.2072857875834,12.1395587480759,6.01334017444844,3.10928681375064
"2",131,0.3,0,0,10000,0.05,2,54.5305284761416,24.2072857875834,12.1395587480759,6.01334017444844,3.10928681375064
"3",131,0.3,0,0,10000,0.05,3,15.7208825038481,18.9840944073884,21.0261672652642,22.1652129297075,22.1036428937917
