"","nvar","r","d","het","iter","alpha","strategy","p1","p2","p3","p4","p5"
"1",7,0.5,0,0,10000,0.05,1,23.7564322469983,19.8542024013722,20.1543739279588,18.1818181818182,18.0531732418525
"2",7,0.5,0,0,10000,0.05,2,23.7564322469983,19.8542024013722,20.1543739279588,18.1818181818182,18.0531732418525
"3",7,0.5,0,0,10000,0.05,3,17.0668953687822,18.3962264150943,21.4408233276158,20.8404802744425,22.2555746140652
