"","nvar","r","d","het","iter","alpha","strategy","p1","p2","p3","p4","p5"
"1",111,0.4,0,0,10000,0.05,1,45.4667112746738,22.7835396453663,15.0886584141853,9.69108955057433,6.97000111520018
"2",111,0.4,0,0,10000,0.05,2,45.4667112746738,22.7835396453663,15.0886584141853,9.69108955057433,6.97000111520018
"3",111,0.4,0,0,10000,0.05,3,14.0961302553808,18.1666109066577,21.4006914241106,22.0028995204639,24.3336678933869
