"","nvar","r","d","het","iter","alpha","strategy","p1","p2","p3","p4","p5"
"1",165,0.1,0,0,10000,0.05,1,77.6543580506354,16.9518663064145,4.21294906434504,0.900630441308916,0.280196137296107
"2",165,0.1,0,0,10000,0.05,2,77.6543580506354,16.9518663064145,4.21294906434504,0.900630441308916,0.280196137296107
"3",165,0.1,0,0,10000,0.05,3,19.4536175322726,19.9839887921545,20.2841989392575,19.6637646352447,20.6144301010707
