"","nvar","r","d","het","iter","alpha","strategy","p1","p2","p3","p4","p5"
"1",179,0.4,0,0,10000,0.05,1,52.7818295478225,22.4005001041884,13.2215044801,7.69952073348614,3.896645134403
"2",179,0.4,0,0,10000,0.05,2,52.7818295478225,22.4005001041884,13.2215044801,7.69952073348614,3.896645134403
"3",179,0.4,0,0,10000,0.05,3,13.6486768076683,18.0245884559283,21.1814961450302,21.9629089393624,25.1823296520108
