"","nvar","r","d","het","iter","alpha","strategy","p1","p2","p3","p4","p5"
"1",181,0.3,0,0,10000,0.05,1,63.0063642792201,22.244671178907,9.35448025053036,3.88928174563087,1.50520254571169
"2",181,0.3,0,0,10000,0.05,2,63.0063642792201,22.244671178907,9.35448025053036,3.88928174563087,1.50520254571169
"3",181,0.3,0,0,10000,0.05,3,16.4764117587635,19.2847762400242,20.5778361450652,21.4567127992727,22.2042630568744
