"","nvar","r","d","het","iter","alpha","strategy","p1","p2","p3","p4","p5"
"1",141,0.9,0,0,10000,0.05,1,30.8733087330873,21.8942189421894,17.9581795817958,16.0721607216072,13.2021320213202
"2",141,0.9,0,0,10000,0.05,2,30.8733087330873,21.8942189421894,17.9581795817958,16.0721607216072,13.2021320213202
"3",141,0.9,0,0,10000,0.05,3,5.5350553505535,9.30709307093071,17.4251742517425,28.6592865928659,39.0733907339073
