"","nvar","r","d","het","iter","alpha","strategy","p1","p2","p3","p4","p5"
"1",85,0.3,0,0,10000,0.05,1,46.9341161121983,23.4398782343988,14.8075668623614,9.04544466188302,5.77299412915851
"2",85,0.3,0,0,10000,0.05,2,46.9341161121983,23.4398782343988,14.8075668623614,9.04544466188302,5.77299412915851
"3",85,0.3,0,0,10000,0.05,3,16.6992824527071,19.7434224831485,20.6675364209611,21.0697977821265,21.8199608610567
