"","nvar","r","d","het","iter","alpha","strategy","p1","p2","p3","p4","p5"
"1",133,0.5,0,0,10000,0.05,1,42.8064363464269,22.3970657832466,15.8660672030289,10.7548509228585,8.17557974443919
"2",133,0.5,0,0,10000,0.05,2,42.8064363464269,22.3970657832466,15.8660672030289,10.7548509228585,8.17557974443919
"3",133,0.5,0,0,10000,0.05,3,11.4884051112163,17.8774254614292,21.6398485565547,23.2252721249408,25.769048745859
