"","nvar","r","d","het","iter","alpha","strategy","p1","p2","p3","p4","p5"
"1",35,0.3,0,0,10000,0.05,1,33.693365128349,23.2711460232852,17.7163697573292,14.2095665591247,11.1095525319119
"2",35,0.3,0,0,10000,0.05,2,33.693365128349,23.2711460232852,17.7163697573292,14.2095665591247,11.1095525319119
"3",35,0.3,0,0,10000,0.05,3,16.5380838827325,18.8666012063403,20.3815401879646,21.8824519567962,22.3313227661664
