"","nvar","r","d","het","iter","alpha","strategy","p1","p2","p3","p4","p5"
"1",131,0.4,0,0,10000,0.05,1,47.8077297823969,22.7130020569449,14.766699144744,9.05055754032695,5.66201147558731
"2",131,0.4,0,0,10000,0.05,2,47.8077297823969,22.7130020569449,14.766699144744,9.05055754032695,5.66201147558731
"3",131,0.4,0,0,10000,0.05,3,14.582656706723,17.8737685395691,21.024142037458,22.1608747428819,24.358557973368
