"","nvar","r","d","het","iter","alpha","strategy","p1","p2","p3","p4","p5"
"1",29,0.1,0,0,10000,0.05,1,32.7940591433497,24.2408168677894,18.3397427396897,13.3271449409893,11.2982363081819
"2",29,0.1,0,0,10000,0.05,2,32.7940591433497,24.2408168677894,18.3397427396897,13.3271449409893,11.2982363081819
"3",29,0.1,0,0,10000,0.05,3,19.1619148654025,20.4216947354462,19.9177827874287,19.8514785837422,20.6471290279804
