"","nvar","r","d","het","iter","alpha","strategy","p1","p2","p3","p4","p5"
"1",1,0.3,0,0,10000,0.05,1,20.7343412526998,17.4946004319654,17.4946004319654,24.622030237581,19.6544276457883
"2",1,0.3,0,0,10000,0.05,2,20.7343412526998,17.4946004319654,17.4946004319654,24.622030237581,19.6544276457883
"3",1,0.3,0,0,10000,0.05,3,20.7343412526998,17.4946004319654,17.4946004319654,24.622030237581,19.6544276457883
