"","nvar","r","d","het","iter","alpha","strategy","p1","p2","p3","p4","p5"
"1",117,0.5,0,0,10000,0.05,1,41.5748224344844,21.5772716140093,15.4298310066128,12.2214058290473,9.19666911584619
"2",117,0.5,0,0,10000,0.05,2,41.5748224344844,21.5772716140093,15.4298310066128,12.2214058290473,9.19666911584619
"3",117,0.5,0,0,10000,0.05,3,11.7193240264511,17.0340435953955,20.7690423708058,23.9529757531227,26.5246142542248
