"","nvar","r","d","het","iter","alpha","strategy","p1","p2","p3","p4","p5"
"1",53,0,0,0,10000,0.05,1,44.2394335979404,25.5953658013302,15.1040549238361,9.6223986269041,5.43874704998927
"2",53,0,0,0,10000,0.05,2,44.2394335979404,25.5953658013302,15.1040549238361,9.6223986269041,5.43874704998927
"3",53,0,0,0,10000,0.05,3,19.6309804762926,19.6417077880283,19.7275262819138,20.5106200386183,20.489165415147
