"","nvar","r","d","het","iter","alpha","strategy","p1","p2","p3","p4","p5"
"1",171,0.6,0,0,10000,0.05,1,40.3661143773383,21.111704970604,16.4350614644575,12.1993586317477,9.88776055585249
"2",171,0.6,0,0,10000,0.05,2,40.3661143773383,21.111704970604,16.4350614644575,12.1993586317477,9.88776055585249
"3",171,0.6,0,0,10000,0.05,3,9.54035275253875,16.1945483698557,20.6574024585783,24.8530197755211,28.7546766435061
