"","nvar","r","d","het","iter","alpha","strategy","p1","p2","p3","p4","p5"
"1",61,0.7,0,0,10000,0.05,1,32.8142631460167,21.1464680658993,17.4227036786278,15.3012863913338,13.3152787181223
"2",61,0.7,0,0,10000,0.05,2,32.8142631460167,21.1464680658993,17.4227036786278,15.3012863913338,13.3152787181223
"3",61,0.7,0,0,10000,0.05,3,8.86932972241029,15.3012863913338,20.31144211239,25.7729632137215,29.7449785601444
