"","nvar","r","d","het","iter","alpha","strategy","p1","p2","p3","p4","p5"
"1",91,0.1,0,0,10000,0.05,1,58.3883751651255,24.316634488365,10.6188395488263,4.51173661213291,2.16441418555025
"2",91,0.1,0,0,10000,0.05,2,58.3883751651255,24.316634488365,10.6188395488263,4.51173661213291,2.16441418555025
"3",91,0.1,0,0,10000,0.05,3,19.8150594451783,19.3171425668123,20.5365308403618,20.089421806727,20.2418453409206
