"","nvar","r","d","het","iter","alpha","strategy","p1","p2","p3","p4","p5"
"1",137,0.2,0,0,10000,0.05,1,64.496326859213,22.2703029083224,8.52369930562544,3.34104860621918,1.36862232061991
"2",137,0.2,0,0,10000,0.05,2,64.496326859213,22.2703029083224,8.52369930562544,3.34104860621918,1.36862232061991
"3",137,0.2,0,0,10000,0.05,3,17.3191103954916,20.2073060279763,20.167052430311,21.1432021736943,21.1633289725269
