"","nvar","r","d","het","iter","alpha","strategy","p1","p2","p3","p4","p5"
"1",11,0.8,0,0,10000,0.05,1,25.2867570385819,20.177267987487,20.0729927007299,16.5276329509906,17.9353493222106
"2",11,0.8,0,0,10000,0.05,2,25.2867570385819,20.177267987487,20.0729927007299,16.5276329509906,17.9353493222106
"3",11,0.8,0,0,10000,0.05,3,10.9489051094891,15.8498435870699,22.3149113660063,23.4619395203337,27.4244004171011
