"","nvar","r","d","het","iter","alpha","strategy","p1","p2","p3","p4","p5"
"1",91,0.8,0,0,10000,0.05,1,32.8358208955224,20.6467661691542,17.2747374239912,15.1464897733554,14.0961857379768
"2",91,0.8,0,0,10000,0.05,2,32.8358208955224,20.6467661691542,17.2747374239912,15.1464897733554,14.0961857379768
"3",91,0.8,0,0,10000,0.05,3,6.27418463239359,12.5207296849088,20.5362078496407,26.3957987838585,34.2730790491985
