"","nvar","r","d","het","iter","alpha","strategy","p1","p2","p3","p4","p5"
"1",159,0.8,0,0,10000,0.05,1,34.015525758645,21.1950129381322,17.4782404140202,14.0672782874618,13.2439426017408
"2",159,0.8,0,0,10000,0.05,2,34.015525758645,21.1950129381322,17.4782404140202,14.0672782874618,13.2439426017408
"3",159,0.8,0,0,10000,0.05,3,6.32792284168431,11.6207951070336,18.9131968948483,27.3112208892025,35.8268642672312
