"","nvar","r","d","het","iter","alpha","strategy","p1","p2","p3","p4","p5"
"1",49,0,0,0,10000,0.05,1,42.87109375,25.8138020833333,15.625,9.75477430555556,5.93532986111111
"2",49,0,0,0,10000,0.05,2,42.87109375,25.8138020833333,15.625,9.75477430555556,5.93532986111111
"3",49,0,0,0,10000,0.05,3,20.3450520833333,20.0954861111111,19.5746527777778,19.9652777777778,20.01953125
