"","nvar","r","d","het","iter","alpha","strategy","p1","p2","p3","p4","p5"
"1",17,0.7,0,0,10000,0.05,1,26.5791341376863,22.4627395315827,18.0979418026969,17.0333569907736,15.8268275372605
"2",17,0.7,0,0,10000,0.05,2,26.5791341376863,22.4627395315827,18.0979418026969,17.0333569907736,15.8268275372605
"3",17,0.7,0,0,10000,0.05,3,11.0361958836054,17.4591909155429,21.6820440028389,23.7047551454933,26.1178140525195
