"","nvar","r","d","het","iter","alpha","strategy","p1","p2","p3","p4","p5"
"1",57,0.1,0,0,10000,0.05,1,44.8764769065521,26.1331901181525,15.4564983888292,8.1203007518797,5.41353383458647
"2",57,0.1,0,0,10000,0.05,2,44.8764769065521,26.1331901181525,15.4564983888292,8.1203007518797,5.41353383458647
"3",57,0.1,0,0,10000,0.05,3,19.484425349087,20.5477980665951,19.3984962406015,19.5488721804511,21.0204081632653
