"","nvar","r","d","het","iter","alpha","strategy","p1","p2","p3","p4","p5"
"1",117,0.4,0,0,10000,0.05,1,46.3140495867769,22.9972451790634,14.8099173553719,9.97245179063361,5.90633608815427
"2",117,0.4,0,0,10000,0.05,2,46.3140495867769,22.9972451790634,14.8099173553719,9.97245179063361,5.90633608815427
"3",117,0.4,0,0,10000,0.05,3,13.8732782369146,18.2809917355372,20.6170798898072,22.3140495867769,24.9146005509642
