"","nvar","r","d","het","iter","alpha","strategy","p1","p2","p3","p4","p5"
"1",135,0,0,0,10000,0.05,1,74.3943943943944,18.958958958959,5.22522522522523,1.16116116116116,0.26026026026026
"2",135,0,0,0,10000,0.05,2,74.3943943943944,18.958958958959,5.22522522522523,1.16116116116116,0.26026026026026
"3",135,0,0,0,10000,0.05,3,20.3703703703704,19.7597597597598,20.3903903903904,20.0700700700701,19.4094094094094
