"","nvar","r","d","het","iter","alpha","strategy","p1","p2","p3","p4","p5"
"1",85,0.6,0,0,10000,0.05,1,36.1763296597988,21.3384443379652,17.2336687430123,14.0392908481073,11.2122664111164
"2",85,0.6,0,0,10000,0.05,2,36.1763296597988,21.3384443379652,17.2336687430123,14.0392908481073,11.2122664111164
"3",85,0.6,0,0,10000,0.05,3,10.1261779268487,16.5788212745568,20.9710908800511,25.411276153969,26.9126337645744
