"","nvar","r","d","het","iter","alpha","strategy","p1","p2","p3","p4","p5"
"1",19,0.8,0,0,10000,0.05,1,27.3674671499773,21.7942908926144,17.6710466696874,15.4961486180335,17.6710466696874
"2",19,0.8,0,0,10000,0.05,2,27.3674671499773,21.7942908926144,17.6710466696874,15.4961486180335,17.6710466696874
"3",19,0.8,0,0,10000,0.05,3,9.01676483914817,16.7648391481649,19.5287720888083,23.9238785681921,30.7657453556865
