"","nvar","r","d","het","iter","alpha","strategy","p1","p2","p3","p4","p5"
"1",133,0.9,0,0,10000,0.05,1,29.7757475083056,21.6362126245847,17.5249169435216,16.4867109634551,14.5764119601329
"2",133,0.9,0,0,10000,0.05,2,29.7757475083056,21.6362126245847,17.5249169435216,16.4867109634551,14.5764119601329
"3",133,0.9,0,0,10000,0.05,3,4.94186046511628,9.21926910299003,16.9435215946844,26.2043189368771,42.6910299003322
