"","nvar","r","d","het","iter","alpha","strategy","p1","p2","p3","p4","p5"
"1",99,0.1,0,0,10000,0.05,1,60.1903411967197,24.1672572643515,9.81067125645439,4.21180520400931,1.61992507846512
"2",99,0.1,0,0,10000,0.05,2,60.1903411967197,24.1672572643515,9.81067125645439,4.21180520400931,1.61992507846512
"3",99,0.1,0,0,10000,0.05,3,19.5403462589855,20.2085653538524,19.5707198542067,20.3806823934393,20.299686139516
