"","nvar","r","d","het","iter","alpha","strategy","p1","p2","p3","p4","p5"
"1",171,0.7,0,0,10000,0.05,1,37.4374374374374,20.6873540206874,16.5832499165833,13.6136136136136,11.6783450116783
"2",171,0.7,0,0,10000,0.05,2,37.4374374374374,20.6873540206874,16.5832499165833,13.6136136136136,11.6783450116783
"3",171,0.7,0,0,10000,0.05,3,7.64097430764097,14.5145145145145,20.1701701701702,25.8591925258592,31.8151484818151
