"","nvar","r","d","het","iter","alpha","strategy","p1","p2","p3","p4","p5"
"1",87,0.6,0,0,10000,0.05,1,36.5654021722021,21.4544309774909,16.291515819298,13.631355265229,12.0572957657799
"2",87,0.6,0,0,10000,0.05,2,36.5654021722021,21.4544309774909,16.291515819298,13.631355265229,12.0572957657799
"3",87,0.6,0,0,10000,0.05,3,9.93231544152369,16.7637336691327,21.1081378876122,24.5868093813946,27.6090036203368
