"","nvar","r","d","het","iter","alpha","strategy","p1","p2","p3","p4","p5"
"1",63,0.4,0,0,10000,0.05,1,38.4420839656045,22.4709155285787,16.8057663125948,12.5063227111786,9.7749114820435
"2",63,0.4,0,0,10000,0.05,2,38.4420839656045,22.4709155285787,16.8057663125948,12.5063227111786,9.7749114820435
"3",63,0.4,0,0,10000,0.05,3,14.6054628224583,18.4243803743045,20.1315123925139,22.5720789074355,24.2665655032878
