"","nvar","r","d","het","iter","alpha","strategy","p1","p2","p3","p4","p5"
"1",5,0.1,0,0,10000,0.05,1,22.7592267135325,20.2108963093146,20.1669595782074,19.2003514938489,17.6625659050967
"2",5,0.1,0,0,10000,0.05,2,22.7592267135325,20.2108963093146,20.1669595782074,19.2003514938489,17.6625659050967
"3",5,0.1,0,0,10000,0.05,3,20.518453427065,19.1564147627417,20.5623901581722,19.9033391915641,19.8594024604569
