"","nvar","r","d","het","iter","alpha","strategy","p1","p2","p3","p4","p5"
"1",185,0.2,0,0,10000,0.05,1,72.5751503006012,19.2284569138277,6.08216432865732,1.66332665330661,0.450901803607214
"2",185,0.2,0,0,10000,0.05,2,72.5751503006012,19.2284569138277,6.08216432865732,1.66332665330661,0.450901803607214
"3",185,0.2,0,0,10000,0.05,3,17.2444889779559,18.8977955911824,20.7815631262525,21.6032064128257,21.4729458917836
