"","nvar","r","d","het","iter","alpha","strategy","p1","p2","p3","p4","p5"
"1",161,0.1,0,0,10000,0.05,1,76.7837486240368,17.4622235564895,4.62323626538577,0.890623436405484,0.240168117682378
"2",161,0.1,0,0,10000,0.05,2,76.7837486240368,17.4622235564895,4.62323626538577,0.890623436405484,0.240168117682378
"3",161,0.1,0,0,10000,0.05,3,18.9632742920044,20.3142199539678,19.6737716401481,20.3042129490643,20.7445211648154
