"","nvar","r","d","het","iter","alpha","strategy","p1","p2","p3","p4","p5"
"1",77,0.9,0,0,10000,0.05,1,28.8135593220339,20.9344938158497,19.6518552450756,15.162620247366,15.4374713696748
"2",77,0.9,0,0,10000,0.05,2,28.8135593220339,20.9344938158497,19.6518552450756,15.162620247366,15.4374713696748
"3",77,0.9,0,0,10000,0.05,3,4.9015116811727,10.8108108108108,17.9569399908383,25.9734310581768,40.3573064590014
