"","nvar","r","d","het","iter","alpha","strategy","p1","p2","p3","p4","p5"
"1",127,0.4,0,0,10000,0.05,1,47.0811631944444,23.8064236111111,13.7803819444444,9.30989583333333,6.02213541666667
"2",127,0.4,0,0,10000,0.05,2,47.0811631944444,23.8064236111111,13.7803819444444,9.30989583333333,6.02213541666667
"3",127,0.4,0,0,10000,0.05,3,13.8563368055556,18.9670138888889,20.8116319444444,22.5477430555556,23.8172743055556
