"","nvar","r","d","het","iter","alpha","strategy","p1","p2","p3","p4","p5"
"1",133,0.4,0,0,10000,0.05,1,48.0124959603576,22.8697619304104,14.2949477539588,9.11343315738447,5.70936119788861
"2",133,0.4,0,0,10000,0.05,2,48.0124959603576,22.8697619304104,14.2949477539588,9.11343315738447,5.70936119788861
"3",133,0.4,0,0,10000,0.05,3,13.346978347517,19.1856081008295,20.9738231175267,22.0187439405365,24.4748464935904
