"","nvar","r","d","het","iter","alpha","strategy","p1","p2","p3","p4","p5"
"1",97,0.9,0,0,10000,0.05,1,29.952319029042,19.8959687906372,17.3385348938015,17.0351105331599,15.7780667533593
"2",97,0.9,0,0,10000,0.05,2,29.952319029042,19.8959687906372,17.3385348938015,17.0351105331599,15.7780667533593
"3",97,0.9,0,0,10000,0.05,3,5.851755526658,9.18942349371478,16.9484178586909,27.7416558300824,40.2687472908539
