"","nvar","r","d","het","iter","alpha","strategy","p1","p2","p3","p4","p5"
"1",161,0.7,0,0,10000,0.05,1,36.3838903170523,21.5938303341902,16.5038560411311,13.5047129391602,12.0137103684662
"2",161,0.7,0,0,10000,0.05,2,36.3838903170523,21.5938303341902,16.5038560411311,13.5047129391602,12.0137103684662
"3",161,0.7,0,0,10000,0.05,3,7.5235646958012,14.8928877463582,20.0685518423308,25.7926306769494,31.7223650385604
