"","nvar","r","d","het","iter","alpha","strategy","p1","p2","p3","p4","p5"
"1",43,0.6,0,0,10000,0.05,1,33.9030206677266,21.5023847376789,16.6732909379968,14.8251192368839,13.0961844197138
"2",43,0.6,0,0,10000,0.05,2,33.9030206677266,21.5023847376789,16.6732909379968,14.8251192368839,13.0961844197138
"3",43,0.6,0,0,10000,0.05,3,11.5858505564388,18.1438791732909,21.1844197138315,23.4697933227345,25.6160572337043
