"","nvar","r","d","het","iter","alpha","strategy","p1","p2","p3","p4","p5"
"1",27,0.7,0,0,10000,0.05,1,29.664508534432,20.8946439081813,18.1871689228958,16.5391406709829,14.7145379635079
"2",27,0.7,0,0,10000,0.05,2,29.664508534432,20.8946439081813,18.1871689228958,16.5391406709829,14.7145379635079
"3",27,0.7,0,0,10000,0.05,3,10.7710417892878,15.7739846968805,20.7474985285462,24.9558563861095,27.751618599176
