"","nvar","r","d","het","iter","alpha","strategy","p1","p2","p3","p4","p5"
"1",17,0.4,0,0,10000,0.05,1,28.0575539568345,22.0098920863309,17.2661870503597,17.5584532374101,15.1079136690647
"2",17,0.4,0,0,10000,0.05,2,28.0575539568345,22.0098920863309,17.2661870503597,17.5584532374101,15.1079136690647
"3",17,0.4,0,0,10000,0.05,3,16.7940647482014,18.9073741007194,19.5143884892086,21.5827338129496,23.2014388489209
