"","nvar","r","d","het","iter","alpha","strategy","p1","p2","p3","p4","p5"
"1",179,0.8,0,0,10000,0.05,1,34.6423562412342,21.5287517531557,17.1107994389902,14.1654978962132,12.5525946704067
"2",179,0.8,0,0,10000,0.05,2,34.6423562412342,21.5287517531557,17.1107994389902,14.1654978962132,12.5525946704067
"3",179,0.8,0,0,10000,0.05,3,6.31136044880785,12.2720897615708,19.2613370733988,27.2089761570827,34.9462365591398
