"","nvar","r","d","het","iter","alpha","strategy","p1","p2","p3","p4","p5"
"1",3,0.5,0,0,10000,0.05,1,21.9737856592136,19.5836545875096,20.2775636083269,18.5813415574402,19.5836545875096
"2",3,0.5,0,0,10000,0.05,2,21.9737856592136,19.5836545875096,20.2775636083269,18.5813415574402,19.5836545875096
"3",3,0.5,0,0,10000,0.05,3,18.1958365458751,18.1958365458751,21.8195836545875,19.8149575944487,21.9737856592136
