"","nvar","r","d","het","iter","alpha","strategy","p1","p2","p3","p4","p5"
"1",77,0.4,0,0,10000,0.05,1,40.6401551891368,23.0237633365664,16.4524733268671,11.2754607177498,8.60814742967992
"2",77,0.4,0,0,10000,0.05,2,40.6401551891368,23.0237633365664,16.4524733268671,11.2754607177498,8.60814742967992
"3",77,0.4,0,0,10000,0.05,3,14.5853540252182,19.180407371484,20.5868089233754,21.9689621726479,23.6784675072745
