"","nvar","r","d","het","iter","alpha","strategy","p1","p2","p3","p4","p5"
"1",43,0.7,0,0,10000,0.05,1,31.7424242424242,19.7222222222222,17.9040404040404,15.8585858585859,14.7727272727273
"2",43,0.7,0,0,10000,0.05,2,31.7424242424242,19.7222222222222,17.9040404040404,15.8585858585859,14.7727272727273
"3",43,0.7,0,0,10000,0.05,3,10.0252525252525,14.9242424242424,20.6565656565657,25.3030303030303,29.0909090909091
