"","nvar","r","d","het","iter","alpha","strategy","p1","p2","p3","p4","p5"
"1",153,0.4,0,0,10000,0.05,1,51.1652542372881,23.103813559322,13.0084745762712,7.79661016949153,4.92584745762712
"2",153,0.4,0,0,10000,0.05,2,51.1652542372881,23.103813559322,13.0084745762712,7.79661016949153,4.92584745762712
"3",153,0.4,0,0,10000,0.05,3,13.2521186440678,18.8347457627119,21.2182203389831,22.1610169491525,24.5338983050847
