"","nvar","r","d","het","iter","alpha","strategy","p1","p2","p3","p4","p5"
"1",127,0.1,0,0,10000,0.05,1,68.9662087636619,20.8563120425148,7.0490323874461,2.44660583575654,0.681840970620676
"2",127,0.1,0,0,10000,0.05,2,68.9662087636619,20.8563120425148,7.0490323874461,2.44660583575654,0.681840970620676
"3",127,0.1,0,0,10000,0.05,3,19.2820615662288,19.7533340018049,20.5554998495939,19.562819612955,20.8462849694174
