"","nvar","r","d","het","iter","alpha","strategy","p1","p2","p3","p4","p5"
"1",101,0.6,0,0,10000,0.05,1,37.5599520383693,21.8824940047962,16.3669064748201,13.3393285371703,10.8513189448441
"2",101,0.6,0,0,10000,0.05,2,37.5599520383693,21.8824940047962,16.3669064748201,13.3393285371703,10.8513189448441
"3",101,0.6,0,0,10000,0.05,3,10.4016786570743,16.2619904076739,21.1930455635492,25.3747002398082,26.7685851318945
