"","nvar","r","d","het","iter","alpha","strategy","p1","p2","p3","p4","p5"
"1",189,0.8,0,0,10000,0.05,1,34.8977695167286,20.2602230483271,17.4488847583643,14.753717472119,12.639405204461
"2",189,0.8,0,0,10000,0.05,2,34.8977695167286,20.2602230483271,17.4488847583643,14.753717472119,12.639405204461
"3",189,0.8,0,0,10000,0.05,3,5.64591078066915,12.8020446096654,19.9117100371747,27.021375464684,34.6189591078067
