"","nvar","r","d","het","iter","alpha","strategy","p1","p2","p3","p4","p5"
"1",93,0.8,0,0,10000,0.05,1,32.7525183773482,20.936564116526,17.2338687721209,15.2736182956711,13.8034304383338
"2",93,0.8,0,0,10000,0.05,2,32.7525183773482,20.936564116526,17.2338687721209,15.2736182956711,13.8034304383338
"3",93,0.8,0,0,10000,0.05,3,6.72474816226518,12.6871766947999,20.2831472910427,27.1984753607405,33.1064524911516
