"","nvar","r","d","het","iter","alpha","strategy","p1","p2","p3","p4","p5"
"1",197,0.1,0,0,10000,0.05,1,81.5407703851926,14.7873936968484,3.04152076038019,0.520260130065032,0.110055027513757
"2",197,0.1,0,0,10000,0.05,2,81.5407703851926,14.7873936968484,3.04152076038019,0.520260130065032,0.110055027513757
"3",197,0.1,0,0,10000,0.05,3,19.9799899949975,19.639819909955,19.8999499749875,20.280140070035,20.200100050025
