"","nvar","r","d","het","iter","alpha","strategy","p1","p2","p3","p4","p5"
"1",195,0.9,0,0,10000,0.05,1,30.8016877637131,21.0970464135021,17.4530111238972,15.9186804756425,14.7295742232451
"2",195,0.9,0,0,10000,0.05,2,30.8016877637131,21.0970464135021,17.4530111238972,15.9186804756425,14.7295742232451
"3",195,0.9,0,0,10000,0.05,3,4.67970847717683,7.47986191024166,17.0694284618335,28.2316839278865,42.5393172228615
