"","nvar","r","d","het","iter","alpha","strategy","p1","p2","p3","p4","p5"
"1",33,0.1,0,0,10000,0.05,1,34.2345725372387,24.9468018525473,18.4754036800601,12.6173488546752,9.72587307547878
"2",33,0.1,0,0,10000,0.05,2,34.2345725372387,24.9468018525473,18.4754036800601,12.6173488546752,9.72587307547878
"3",33,0.1,0,0,10000,0.05,3,19.6019526849418,20.6659156339967,19.4141945174615,19.7646764300914,20.5532607335086
