"","nvar","r","d","het","iter","alpha","strategy","p1","p2","p3","p4","p5"
"1",11,0.1,0,0,10000,0.05,1,23.1693231693232,22.5225225225225,19.4040194040194,18.2721182721183,16.6320166320166
"2",11,0.1,0,0,10000,0.05,2,23.1693231693232,22.5225225225225,19.4040194040194,18.2721182721183,16.6320166320166
"3",11,0.1,0,0,10000,0.05,3,19.1730191730192,20.2356202356202,19.3347193347193,20.5128205128205,20.7438207438207
