"","nvar","r","d","het","iter","alpha","strategy","p1","p2","p3","p4","p5"
"1",175,0.1,0,0,10000,0.05,1,79.1116446578631,16.3165266106443,3.45138055222089,0.940376150460184,0.180072028811525
"2",175,0.1,0,0,10000,0.05,2,79.1116446578631,16.3165266106443,3.45138055222089,0.940376150460184,0.180072028811525
"3",175,0.1,0,0,10000,0.05,3,19.2376950780312,20.5582232893157,19.7478991596639,20.5682272909164,19.8879551820728
