"","nvar","r","d","het","iter","alpha","strategy","p1","p2","p3","p4","p5"
"1",93,0.5,0,0,10000,0.05,1,39.8627654065251,21.6338684619368,16.0279647850854,12.6359399274987,9.83946141895391
"2",93,0.5,0,0,10000,0.05,2,39.8627654065251,21.6338684619368,16.0279647850854,12.6359399274987,9.83946141895391
"3",93,0.5,0,0,10000,0.05,3,12.5194199896427,17.6721905748317,20.7405489383739,23.5499741066805,25.5178663904713
