"","nvar","r","d","het","iter","alpha","strategy","p1","p2","p3","p4","p5"
"1",73,0.7,0,0,10000,0.05,1,34.2182274247492,20.2132107023411,17.1404682274247,14.9038461538462,13.5242474916388
"2",73,0.7,0,0,10000,0.05,2,34.2182274247492,20.2132107023411,17.1404682274247,14.9038461538462,13.5242474916388
"3",73,0.7,0,0,10000,0.05,3,9.55267558528428,15.321906354515,20.3177257525084,24.9372909698997,29.8704013377926
