"","nvar","r","d","het","iter","alpha","strategy","p1","p2","p3","p4","p5"
"1",49,0.4,0,0,10000,0.05,1,35.607000137798,23.1776216067245,16.9491525423729,14.5376877497589,9.72853796334573
"2",49,0.4,0,0,10000,0.05,2,35.607000137798,23.1776216067245,16.9491525423729,14.5376877497589,9.72853796334573
"3",49,0.4,0,0,10000,0.05,3,14.28965137109,19.112580956318,20.9728537963346,23.6047953699876,22.0201185062698
