"","nvar","r","d","het","iter","alpha","strategy","p1","p2","p3","p4","p5"
"1",105,0.6,0,0,10000,0.05,1,37.4349556167738,21.1662075298439,16.0544842363024,13.3302724211815,12.0140801958984
"2",105,0.6,0,0,10000,0.05,2,37.4349556167738,21.1662075298439,16.0544842363024,13.3302724211815,12.0140801958984
"3",105,0.6,0,0,10000,0.05,3,9.93265993265993,16.4677073767983,20.2632384450566,24.8546066727885,28.4817875726967
