"","nvar","r","d","het","iter","alpha","strategy","p1","p2","p3","p4","p5"
"1",117,0.6,0,0,10000,0.05,1,38.7001911483605,20.7028378179679,15.7476841640935,13.7773856785767,11.0719011910013
"2",117,0.6,0,0,10000,0.05,2,38.7001911483605,20.7028378179679,15.7476841640935,13.7773856785767,11.0719011910013
"3",117,0.6,0,0,10000,0.05,3,10.263196588737,16.7769445669754,20.3940596971034,24.5699161887958,27.9958829583885
