"","nvar","r","d","het","iter","alpha","strategy","p1","p2","p3","p4","p5"
"1",51,0.5,0,0,10000,0.05,1,35.0391236306729,22.0031298904538,17.245696400626,14.2566510172144,11.4553990610329
"2",51,0.5,0,0,10000,0.05,2,35.0391236306729,22.0031298904538,17.245696400626,14.2566510172144,11.4553990610329
"3",51,0.5,0,0,10000,0.05,3,13.0829420970266,18.4350547730829,20.5320813771518,23.2394366197183,24.7104851330203
