"","nvar","r","d","het","iter","alpha","strategy","p1","p2","p3","p4","p5"
"1",65,0.1,0,0,10000,0.05,1,48.2468147836159,25.7976203011477,14.2781931136148,7.40233758028851,4.27503422133305
"2",65,0.1,0,0,10000,0.05,2,48.2468147836159,25.7976203011477,14.2781931136148,7.40233758028851,4.27503422133305
"3",65,0.1,0,0,10000,0.05,3,19.4377171738444,19.4377171738444,20.9645151100347,20.0589659892598,20.1010845530167
