"","nvar","r","d","het","iter","alpha","strategy","p1","p2","p3","p4","p5"
"1",35,0.9,0,0,10000,0.05,1,25.1677852348993,22.5391498881432,18.2885906040268,17.5615212527964,16.4429530201342
"2",35,0.9,0,0,10000,0.05,2,25.1677852348993,22.5391498881432,18.2885906040268,17.5615212527964,16.4429530201342
"3",35,0.9,0,0,10000,0.05,3,6.09619686800895,10.5704697986577,17.8970917225951,28.4675615212528,36.9686800894855
