"","nvar","r","d","het","iter","alpha","strategy","p1","p2","p3","p4","p5"
"1",163,0.8,0,0,10000,0.05,1,34.8123672409724,19.4713240500354,16.6391314609393,14.8926126976634,14.1845645503894
"2",163,0.8,0,0,10000,0.05,2,34.8123672409724,19.4713240500354,16.6391314609393,14.8926126976634,14.1845645503894
"3",163,0.8,0,0,10000,0.05,3,5.78239320273779,11.98961529384,19.1645031862167,27.0002360160491,36.0632523011565
