"","nvar","r","d","het","iter","alpha","strategy","p1","p2","p3","p4","p5"
"1",165,0.8,0,0,10000,0.05,1,34.1279206986075,20.816615529856,17.819211706396,14.2081661552986,13.0280859098419
"2",165,0.8,0,0,10000,0.05,2,34.1279206986075,20.816615529856,17.819211706396,14.2081661552986,13.0280859098419
"3",165,0.8,0,0,10000,0.05,3,6.39603493037527,11.9188104791126,20.2029738022186,26.103375029502,35.3788057587916
