"","nvar","r","d","het","iter","alpha","strategy","p1","p2","p3","p4","p5"
"1",175,0.6,0,0,10000,0.05,1,41.4224826851359,20.9376664890783,15.6899307405434,12.1870005327651,9.76291955247736
"2",175,0.6,0,0,10000,0.05,2,41.4224826851359,20.9376664890783,15.6899307405434,12.1870005327651,9.76291955247736
"3",175,0.6,0,0,10000,0.05,3,8.9371337240277,16.1827384123601,20.9110282365477,25.1065530101225,28.8625466169419
