"","nvar","r","d","het","iter","alpha","strategy","p1","p2","p3","p4","p5"
"1",43,0.5,0,0,10000,0.05,1,32.986751635083,21.6837162502096,17.5582760355526,14.8247526412879,12.9465034378668
"2",43,0.5,0,0,10000,0.05,2,32.986751635083,21.6837162502096,17.5582760355526,14.8247526412879,12.9465034378668
"3",43,0.5,0,0,10000,0.05,3,13.1980546704679,17.6253563642462,20.9122924702331,23.0420929062552,25.2222035887976
