"","nvar","r","d","het","iter","alpha","strategy","p1","p2","p3","p4","p5"
"1",193,0.9,0,0,10000,0.05,1,29.6724470134875,20.8863198458574,17.6878612716763,16.4161849710983,15.3371868978805
"2",193,0.9,0,0,10000,0.05,2,29.6724470134875,20.8863198458574,17.6878612716763,16.4161849710983,15.3371868978805
"3",193,0.9,0,0,10000,0.05,3,4.77842003853565,9.2485549132948,15.9537572254335,26.5510597302505,43.4682080924855
