"","nvar","r","d","het","iter","alpha","strategy","p1","p2","p3","p4","p5"
"1",25,0.3,0,0,10000,0.05,1,31.3088665151023,23.0919129587528,17.4894446248782,15.5894771029555,12.5202987983111
"2",25,0.3,0,0,10000,0.05,2,31.3088665151023,23.0919129587528,17.4894446248782,15.5894771029555,12.5202987983111
"3",25,0.3,0,0,10000,0.05,3,18.2039623254303,19.4218902240987,20.0876908087041,21.581682364404,20.7047742773628
