"","nvar","r","d","het","iter","alpha","strategy","p1","p2","p3","p4","p5"
"1",49,0.5,0,0,10000,0.05,1,34.6749720491934,21.2905286695416,17.7767129851461,14.1670659639035,12.0907203322153
"2",49,0.5,0,0,10000,0.05,2,34.6749720491934,21.2905286695416,17.7767129851461,14.1670659639035,12.0907203322153
"3",49,0.5,0,0,10000,0.05,3,13.5761060533461,17.5850503114518,21.3065005590161,22.7759143906724,24.7564286855135
