"","nvar","r","d","het","iter","alpha","strategy","p1","p2","p3","p4","p5"
"1",95,0.2,0,0,10000,0.05,1,54.360824742268,24.1340206185567,12.6907216494845,5.63917525773196,3.17525773195876
"2",95,0.2,0,0,10000,0.05,2,54.360824742268,24.1340206185567,12.6907216494845,5.63917525773196,3.17525773195876
"3",95,0.2,0,0,10000,0.05,3,18.0824742268041,19.5567010309278,20.6288659793814,20.4742268041237,21.2577319587629
