"","nvar","r","d","het","iter","alpha","strategy","p1","p2","p3","p4","p5"
"1",35,0,0,0,10000,0.05,1,35.0035962598897,25.5334452169743,18.2090625749221,12.9705106689043,8.28338527930952
"2",35,0,0,0,10000,0.05,2,35.0035962598897,25.5334452169743,18.2090625749221,12.9705106689043,8.28338527930952
"3",35,0,0,0,10000,0.05,3,19.3478782066651,20.1030927835052,20.7624070966195,20.1750179812994,19.6116039319108
