"","nvar","r","d","het","iter","alpha","strategy","p1","p2","p3","p4","p5"
"1",81,0.5,0,0,10000,0.05,1,37.6048714479026,22.2462787550744,16.2652232746955,13.3017591339648,10.5818673883627
"2",81,0.5,0,0,10000,0.05,2,37.6048714479026,22.2462787550744,16.2652232746955,13.3017591339648,10.5818673883627
"3",81,0.5,0,0,10000,0.05,3,11.9621109607578,17.6995940460081,20.6630581867388,24.4654939106901,25.2097428958051
