"","nvar","r","d","het","iter","alpha","strategy","p1","p2","p3","p4","p5"
"1",179,0.7,0,0,10000,0.05,1,36.8667446915232,21.3676642701889,16.5691355960542,13.3255308476843,11.8709245945494
"2",179,0.7,0,0,10000,0.05,2,36.8667446915232,21.3676642701889,16.5691355960542,13.3255308476843,11.8709245945494
"3",179,0.7,0,0,10000,0.05,3,6.97207824778465,13.9441564955693,20.598562113359,26.1327537201137,32.3524494231734
