"","nvar","r","d","het","iter","alpha","strategy","p1","p2","p3","p4","p5"
"1",99,0.2,0,0,10000,0.05,1,55.1904176904177,24.5085995085995,11.537674037674,5.93775593775594,2.82555282555283
"2",99,0.2,0,0,10000,0.05,2,55.1904176904177,24.5085995085995,11.537674037674,5.93775593775594,2.82555282555283
"3",99,0.2,0,0,10000,0.05,3,17.5061425061425,20.526208026208,20.9152334152334,20.8845208845209,20.1678951678952
