"","nvar","r","d","het","iter","alpha","strategy","p1","p2","p3","p4","p5"
"1",57,0,0,0,10000,0.05,1,45.3698804106255,26.3625780505874,15.0280452957985,8.57233569689914,4.66716054608953
"2",57,0,0,0,10000,0.05,2,45.3698804106255,26.3625780505874,15.0280452957985,8.57233569689914,4.66716054608953
"3",57,0,0,0,10000,0.05,3,20.171446713938,19.557625145518,20.171446713938,20.139697322468,19.959784104138
