"","nvar","r","d","het","iter","alpha","strategy","p1","p2","p3","p4","p5"
"1",85,0,0,0,10000,0.05,1,58.5749037097101,24.9138455301034,10.5919318872897,4.18609365497669,1.73322521792013
"2",85,0,0,0,10000,0.05,2,58.5749037097101,24.9138455301034,10.5919318872897,4.18609365497669,1.73322521792013
"3",85,0,0,0,10000,0.05,3,20.271639975674,20.3324548956011,20.2412325157105,19.4100952767079,19.7445773363065
