"","nvar","r","d","het","iter","alpha","strategy","p1","p2","p3","p4","p5"
"1",175,0,0,0,10000,0.05,1,82.4164832966593,14.4928985797159,2.57051410282056,0.450090018003601,0.0700140028005601
"2",175,0,0,0,10000,0.05,2,82.4164832966593,14.4928985797159,2.57051410282056,0.450090018003601,0.0700140028005601
"3",175,0,0,0,10000,0.05,3,19.8539707941588,20.0340068013603,19.3938787757552,20.3340668133627,20.3840768153631
