"","nvar","r","d","het","iter","alpha","strategy","p1","p2","p3","p4","p5"
"1",179,0.1,0,0,10000,0.05,1,79.5377226335801,16.1496898138883,3.50210126075645,0.710426255753452,0.100060036021613
"2",179,0.1,0,0,10000,0.05,2,79.5377226335801,16.1496898138883,3.50210126075645,0.710426255753452,0.100060036021613
"3",179,0.1,0,0,10000,0.05,3,19.291574944967,20.2621572943766,19.9319591755053,20.9925955573344,19.5217130278167
