"","nvar","r","d","het","iter","alpha","strategy","p1","p2","p3","p4","p5"
"1",117,0.1,0,0,10000,0.05,1,66.589676641896,21.6308495681864,8.02369953805985,2.66117694316128,1.09459730869653
"2",117,0.1,0,0,10000,0.05,2,66.589676641896,21.6308495681864,8.02369953805985,2.66117694316128,1.09459730869653
"3",117,0.1,0,0,10000,0.05,3,19.4215705965053,19.8835107451295,19.5420767222334,20.727053625226,20.4257883109058
