"","nvar","r","d","het","iter","alpha","strategy","p1","p2","p3","p4","p5"
"1",99,0.3,0,0,10000,0.05,1,48.786717752235,23.9250744997871,13.6760323541933,8.82290336313325,4.78927203065134
"2",99,0.3,0,0,10000,0.05,2,48.786717752235,23.9250744997871,13.6760323541933,8.82290336313325,4.78927203065134
"3",99,0.3,0,0,10000,0.05,3,15.9748829289059,19.4231587909749,20.6683695189442,21.9667943805875,21.9667943805875
