"","nvar","r","d","het","iter","alpha","strategy","p1","p2","p3","p4","p5"
"1",99,0.6,0,0,10000,0.05,1,36.6539343009931,21.7723453017571,16.2719633307869,13.5217723453018,11.7799847211612
"2",99,0.6,0,0,10000,0.05,2,36.6539343009931,21.7723453017571,16.2719633307869,13.5217723453018,11.7799847211612
"3",99,0.6,0,0,10000,0.05,3,10.5729564553094,15.8135981665393,21.1917494270435,24.4155844155844,28.0061115355233
