"","nvar","r","d","het","iter","alpha","strategy","p1","p2","p3","p4","p5"
"1",89,0.9,0,0,10000,0.05,1,29.4849023090586,20.3374777975133,17.7175843694494,17.0959147424512,15.3641207815275
"2",89,0.9,0,0,10000,0.05,2,29.4849023090586,20.3374777975133,17.7175843694494,17.0959147424512,15.3641207815275
"3",89,0.9,0,0,10000,0.05,3,5.86145648312611,10.3019538188277,17.6287744227353,27.3534635879218,38.854351687389
