"","nvar","r","d","het","iter","alpha","strategy","p1","p2","p3","p4","p5"
"1",135,0.3,0,0,10000,0.05,1,55.8838617010362,23.6277829075613,11.6446085975172,5.85821278342054,2.98553401046476
"2",135,0.3,0,0,10000,0.05,2,55.8838617010362,23.6277829075613,11.6446085975172,5.85821278342054,2.98553401046476
"3",135,0.3,0,0,10000,0.05,3,16.3845285728942,19.3290243151739,19.6573304606546,21.7708012721863,22.858315379091
