"","nvar","r","d","het","iter","alpha","strategy","p1","p2","p3","p4","p5"
"1",109,0.5,0,0,10000,0.05,1,40.406065923048,22.308559969921,15.9293144504324,11.8185236245144,9.53753603208422
"2",109,0.5,0,0,10000,0.05,2,40.406065923048,22.308559969921,15.9293144504324,11.8185236245144,9.53753603208422
"3",109,0.5,0,0,10000,0.05,3,12.2195763880185,17.9721769645319,19.8145130968793,23.8250407319213,26.168692818649
