"","nvar","r","d","het","iter","alpha","strategy","p1","p2","p3","p4","p5"
"1",111,0.1,0,0,10000,0.05,1,64.7691843507996,22.3674947199035,8.42803982701398,3.23845921753998,1.19682188474304
"2",111,0.1,0,0,10000,0.05,2,64.7691843507996,22.3674947199035,8.42803982701398,3.23845921753998,1.19682188474304
"3",111,0.1,0,0,10000,0.05,3,19.0888061953133,20.1850548124309,20.0341949109927,20.0140802574676,20.6778638237956
