"","nvar","r","d","het","iter","alpha","strategy","p1","p2","p3","p4","p5"
"1",189,0.9,0,0,10000,0.05,1,31.1795642374155,19.6844477836213,16.6416228399699,16.9045830202855,15.5897821187077
"2",189,0.9,0,0,10000,0.05,2,31.1795642374155,19.6844477836213,16.6416228399699,16.9045830202855,15.5897821187077
"3",189,0.9,0,0,10000,0.05,3,5.14650638617581,8.86551465063862,16.0781367392938,27.3854244928625,42.5244177310293
