"","nvar","r","d","het","iter","alpha","strategy","p1","p2","p3","p4","p5"
"1",61,0,0,0,10000,0.05,1,48.6037025415752,25.1751908796151,14.4650141198619,7.57242966216923,4.18366279677858
"2",61,0,0,0,10000,0.05,2,48.6037025415752,25.1751908796151,14.4650141198619,7.57242966216923,4.18366279677858
"3",61,0,0,0,10000,0.05,3,19.7573475577868,20.0606631105533,19.9769898546177,20.3744378203117,19.8305616567305
