"","nvar","r","d","het","iter","alpha","strategy","p1","p2","p3","p4","p5"
"1",129,0.5,0,0,10000,0.05,1,42.6558395032243,21.7219966563172,15.5839503224266,12.2880343921662,7.75017912586577
"2",129,0.5,0,0,10000,0.05,2,42.6558395032243,21.7219966563172,15.5839503224266,12.2880343921662,7.75017912586577
"3",129,0.5,0,0,10000,0.05,3,11.7387150704562,17.3035586338667,21.2920945784571,24.3969429185574,25.2686887986625
