"","nvar","r","d","het","iter","alpha","strategy","p1","p2","p3","p4","p5"
"1",121,0.6,0,0,10000,0.05,1,38.303416328894,21.4678633468442,16.7342211928199,12.8546612623046,10.6398378691372
"2",121,0.6,0,0,10000,0.05,2,38.303416328894,21.4678633468442,16.7342211928199,12.8546612623046,10.6398378691372
"3",121,0.6,0,0,10000,0.05,3,9.5830920671685,16.0972785176607,21.2072958888246,24.6091488129705,28.5031847133758
