"","nvar","r","d","het","iter","alpha","strategy","p1","p2","p3","p4","p5"
"1",95,0.3,0,0,10000,0.05,1,48.1268624946786,23.9570029799915,13.9953171562367,8.50361856108982,5.41719880800341
"2",95,0.3,0,0,10000,0.05,2,48.1268624946786,23.9570029799915,13.9953171562367,8.50361856108982,5.41719880800341
"3",95,0.3,0,0,10000,0.05,3,16.6773094934014,18.9442315879097,20.2639421030226,21.4133673903789,22.7011494252874
