"","nvar","r","d","het","iter","alpha","strategy","p1","p2","p3","p4","p5"
"1",127,0.8,0,0,10000,0.05,1,32.7131782945736,21.1886304909561,17.1059431524548,14.5219638242894,14.4702842377261
"2",127,0.8,0,0,10000,0.05,2,32.7131782945736,21.1886304909561,17.1059431524548,14.5219638242894,14.4702842377261
"3",127,0.8,0,0,10000,0.05,3,5.65891472868217,12.4806201550388,20.2067183462532,26.3307493540052,35.3229974160207
