"","nvar","r","d","het","iter","alpha","strategy","p1","p2","p3","p4","p5"
"1",181,0,0,0,10000,0.05,1,83.4183418341834,13.8013801380138,2.36023602360236,0.35003500350035,0.07000700070007
"2",181,0,0,0,10000,0.05,2,83.4183418341834,13.8013801380138,2.36023602360236,0.35003500350035,0.07000700070007
"3",181,0,0,0,10000,0.05,3,19.8319831983198,20.6620662066207,19.6819681968197,19.95199519952,19.8719871987199
