"","nvar","r","d","het","iter","alpha","strategy","p1","p2","p3","p4","p5"
"1",195,0.8,0,0,10000,0.05,1,33.4183673469388,20.4777365491651,17.1382189239332,14.8654916512059,14.100185528757
"2",195,0.8,0,0,10000,0.05,2,33.4183673469388,20.4777365491651,17.1382189239332,14.8654916512059,14.100185528757
"3",195,0.8,0,0,10000,0.05,3,5.68181818181818,12.1057513914657,18.5064935064935,27.8293135435993,35.8766233766234
