"","nvar","r","d","het","iter","alpha","strategy","p1","p2","p3","p4","p5"
"1",141,0.2,0,0,10000,0.05,1,64.6017699115044,22.0836685438455,8.65848753016895,3.34875301689461,1.30732099758648
"2",141,0.2,0,0,10000,0.05,2,64.6017699115044,22.0836685438455,8.65848753016895,3.34875301689461,1.30732099758648
"3",141,0.2,0,0,10000,0.05,3,18.4432823813355,18.6444086886565,20.8970233306516,20.8065164923572,21.2087691069992
