"","nvar","r","d","het","iter","alpha","strategy","p1","p2","p3","p4","p5"
"1",75,0.2,0,0,10000,0.05,1,49.2191649845958,24.6786359290343,13.8744289811962,7.76585573143525,4.46191437373845
"2",75,0.2,0,0,10000,0.05,2,49.2191649845958,24.6786359290343,13.8744289811962,7.76585573143525,4.46191437373845
"3",75,0.2,0,0,10000,0.05,3,18.5381918623181,19.5155635822798,20.386699245724,20.5035589078933,21.0559864017848
