"","nvar","r","d","het","iter","alpha","strategy","p1","p2","p3","p4","p5"
"1",61,0.4,0,0,10000,0.05,1,37.2395163365063,22.7810650887574,16.8124517622845,12.8633907898122,10.3035760226396
"2",61,0.4,0,0,10000,0.05,2,37.2395163365063,22.7810650887574,16.8124517622845,12.8633907898122,10.3035760226396
"3",61,0.4,0,0,10000,0.05,3,14.1883200411629,18.4846925649601,20.8386930794958,22.7939284795472,23.6943658348341
