"","nvar","r","d","het","iter","alpha","strategy","p1","p2","p3","p4","p5"
"1",53,0.5,0,0,10000,0.05,1,34.0989128770479,22.7530240391977,17.6236410963099,13.9641708773542,11.5602511100903
"2",53,0.5,0,0,10000,0.05,2,34.0989128770479,22.7530240391977,17.6236410963099,13.9641708773542,11.5602511100903
"3",53,0.5,0,0,10000,0.05,3,12.8770479252794,18.4964017761445,20.9768794977798,22.9367631296892,24.712907671107
