"","nvar","r","d","het","iter","alpha","strategy","p1","p2","p3","p4","p5"
"1",119,0.5,0,0,10000,0.05,1,41.5240868826599,21.4537070743842,16.466448246572,11.721878412814,8.83387938356996
"2",119,0.5,0,0,10000,0.05,2,41.5240868826599,21.4537070743842,16.466448246572,11.721878412814,8.83387938356996
"3",119,0.5,0,0,10000,0.05,3,12.2679286494357,16.8304817376532,21.9390850624924,23.5529668729523,25.4095376774663
