"","nvar","r","d","het","iter","alpha","strategy","p1","p2","p3","p4","p5"
"1",47,0.8,0,0,10000,0.05,1,30.9798746288354,20.3563180468492,17.12306169581,16.133289343451,15.4074562850544
"2",47,0.8,0,0,10000,0.05,2,30.9798746288354,20.3563180468492,17.12306169581,16.133289343451,15.4074562850544
"3",47,0.8,0,0,10000,0.05,3,8.24810293632465,13.7578356977895,19.5974925767074,25.8330583965688,32.5635103926097
