"","nvar","r","d","het","iter","alpha","strategy","p1","p2","p3","p4","p5"
"1",11,0.9,0,0,10000,0.05,1,24.0449438202247,20.9737827715356,18.501872659176,19.9250936329588,16.5543071161049
"2",11,0.9,0,0,10000,0.05,2,24.0449438202247,20.9737827715356,18.501872659176,19.9250936329588,16.5543071161049
"3",11,0.9,0,0,10000,0.05,3,9.06367041198502,14.5318352059925,19.4007490636704,25.9176029962547,31.0861423220974
