"","nvar","r","d","het","iter","alpha","strategy","p1","p2","p3","p4","p5"
"1",37,0.8,0,0,10000,0.05,1,28.5766158315178,20.6608569353667,18.7363834422658,16.8845315904139,15.1416122004357
"2",37,0.8,0,0,10000,0.05,2,28.5766158315178,20.6608569353667,18.7363834422658,16.8845315904139,15.1416122004357
"3",37,0.8,0,0,10000,0.05,3,7.37109658678286,14.2701525054466,20.0072621641249,26.6158315177923,31.7356572258533
