"","nvar","r","d","het","iter","alpha","strategy","p1","p2","p3","p4","p5"
"1",147,0.6,0,0,10000,0.05,1,39.3497290537724,21.2727525357788,16.1317215506461,12.5468945393914,10.6989023204113
"2",147,0.6,0,0,10000,0.05,2,39.3497290537724,21.2727525357788,16.1317215506461,12.5468945393914,10.6989023204113
"3",147,0.6,0,0,10000,0.05,3,9.49006530498819,16.4235097957482,20.508545227178,24.4407391968876,29.137140475198
