"","nvar","r","d","het","iter","alpha","strategy","p1","p2","p3","p4","p5"
"1",19,0.2,0,0,10000,0.05,1,28.0131419678368,23.1021960919938,19.0731454262494,15.6493169635137,14.1621995504064
"2",19,0.2,0,0,10000,0.05,2,28.0131419678368,23.1021960919938,19.0731454262494,15.6493169635137,14.1621995504064
"3",19,0.2,0,0,10000,0.05,3,18.692720041501,19.8339961957462,20.4565104616981,20.3181739581532,20.6985993429016
