"","nvar","r","d","het","iter","alpha","strategy","p1","p2","p3","p4","p5"
"1",183,0.8,0,0,10000,0.05,1,33.2476635514019,19.6028037383178,17.7570093457944,16.7056074766355,12.6869158878505
"2",183,0.8,0,0,10000,0.05,2,33.2476635514019,19.6028037383178,17.7570093457944,16.7056074766355,12.6869158878505
"3",183,0.8,0,0,10000,0.05,3,5,11.5654205607477,19.9532710280374,27.3598130841122,36.1214953271028
