"","nvar","r","d","het","iter","alpha","strategy","p1","p2","p3","p4","p5"
"1",119,0,0,0,10000,0.05,1,70.4078564986472,20.9239402745766,6.13287904599659,1.90399839663293,0.631325784146708
"2",119,0,0,0,10000,0.05,2,70.4078564986472,20.9239402745766,6.13287904599659,1.90399839663293,0.631325784146708
"3",119,0,0,0,10000,0.05,3,20.0220462972242,20.2324882252731,19.7815412365969,19.6913518388616,20.2725724020443
