"","nvar","r","d","het","iter","alpha","strategy","p1","p2","p3","p4","p5"
"1",125,0.2,0,0,10000,0.05,1,62.122283981809,23.0520464881253,9.02475997978777,4.10308236483072,1.6978271854472
"2",125,0.2,0,0,10000,0.05,2,62.122283981809,23.0520464881253,9.02475997978777,4.10308236483072,1.6978271854472
"3",125,0.2,0,0,10000,0.05,3,18.2617483577564,19.2319353208691,20.5861546235472,20.6872157655381,21.232945932289
