"","nvar","r","d","het","iter","alpha","strategy","p1","p2","p3","p4","p5"
"1",161,0.9,0,0,10000,0.05,1,31.3057583130576,20.3568532035685,17.2343876723439,16.2611516626115,14.8418491484185
"2",161,0.9,0,0,10000,0.05,2,31.3057583130576,20.3568532035685,17.2343876723439,16.2611516626115,14.8418491484185
"3",161,0.9,0,0,10000,0.05,3,5.06893755068938,9.81346309813463,16.5044606650446,27.6155717761557,40.9975669099757
