"","nvar","r","d","het","iter","alpha","strategy","p1","p2","p3","p4","p5"
"1",21,0.5,0,0,10000,0.05,1,28.8633754305396,21.9747416762342,18.760045924225,15.4764638346728,14.9253731343284
"2",21,0.5,0,0,10000,0.05,2,28.8633754305396,21.9747416762342,18.760045924225,15.4764638346728,14.9253731343284
"3",21,0.5,0,0,10000,0.05,3,14.6268656716418,19.0126291618829,22.0665901262916,21.0103329506315,23.2835820895522
