"","nvar","r","d","het","iter","alpha","strategy","p1","p2","p3","p4","p5"
"1",23,0.2,0,0,10000,0.05,1,28.9073522495689,23.0443643204264,19.0155196739301,16.5072895438156,12.525474212259
"2",23,0.2,0,0,10000,0.05,2,28.9073522495689,23.0443643204264,19.0155196739301,16.5072895438156,12.525474212259
"3",23,0.2,0,0,10000,0.05,3,18.059256936824,19.9090766577834,20.0344881642891,21.0064273397084,20.9907509013952
