"","nvar","r","d","het","iter","alpha","strategy","p1","p2","p3","p4","p5"
"1",157,0.7,0,0,10000,0.05,1,37.2040781060999,20.7706929324348,16.3124243995162,14.0660100224641,11.6467945394851
"2",157,0.7,0,0,10000,0.05,2,37.2040781060999,20.7706929324348,16.3124243995162,14.0660100224641,11.6467945394851
"3",157,0.7,0,0,10000,0.05,3,7.49956799723518,14.3079315707621,20.2350095040608,26.5422498703992,31.4152410575428
