"","nvar","r","d","het","iter","alpha","strategy","p1","p2","p3","p4","p5"
"1",167,0.3,0,0,10000,0.05,1,60.6520858647226,22.7318752531389,10.1053057918185,4.67800729040097,1.832725799919
"2",167,0.3,0,0,10000,0.05,2,60.6520858647226,22.7318752531389,10.1053057918185,4.67800729040097,1.832725799919
"3",167,0.3,0,0,10000,0.05,3,15.9072498987444,19.1676792223572,20.0587282300527,21.7800729040097,23.086269744836
