"","nvar","r","d","het","iter","alpha","strategy","p1","p2","p3","p4","p5"
"1",59,0,0,0,10000,0.05,1,47.0872765509989,25.9411146161935,15.0473186119874,7.63406940063091,4.29022082018927
"2",59,0,0,0,10000,0.05,2,47.0872765509989,25.9411146161935,15.0473186119874,7.63406940063091,4.29022082018927
"3",59,0,0,0,10000,0.05,3,19.8422712933754,19.453207150368,20.7570977917981,20.0210304942166,19.9263932702419
