"","nvar","r","d","het","iter","alpha","strategy","p1","p2","p3","p4","p5"
"1",79,0.6,0,0,10000,0.05,1,36.094674556213,20.1183431952663,16.7817225509533,14.5463510848126,12.4589086127548
"2",79,0.6,0,0,10000,0.05,2,36.094674556213,20.1183431952663,16.7817225509533,14.5463510848126,12.4589086127548
"3",79,0.6,0,0,10000,0.05,3,10.1906640368179,15.9598948060487,21.1045364891519,24.819197896121,27.9257067718606
