"","nvar","r","d","het","iter","alpha","strategy","p1","p2","p3","p4","p5"
"1",93,0,0,0,10000,0.05,1,61.4608555286521,23.819612590799,9.70540758676352,3.59160613397902,1.4225181598063
"2",93,0,0,0,10000,0.05,2,61.4608555286521,23.819612590799,9.70540758676352,3.59160613397902,1.4225181598063
"3",93,0,0,0,10000,0.05,3,19.9455205811138,19.7235673930589,20.2179176755448,19.9253430185634,20.1876513317191
