"","nvar","r","d","het","iter","alpha","strategy","p1","p2","p3","p4","p5"
"1",107,0.8,0,0,10000,0.05,1,34.4900105152471,21.5036803364879,15.7728706624606,15.273396424816,12.9600420609884
"2",107,0.8,0,0,10000,0.05,2,34.4900105152471,21.5036803364879,15.7728706624606,15.273396424816,12.9600420609884
"3",107,0.8,0,0,10000,0.05,3,7.09779179810726,13.7749737118822,19.8475289169295,25.8149316508938,33.4647739221872
