"","nvar","r","d","het","iter","alpha","strategy","p1","p2","p3","p4","p5"
"1",81,0,0,0,10000,0.05,1,56.84167849179,25.1672410297993,11.2102169065477,4.71315629434421,2.06770727751875
"2",81,0,0,0,10000,0.05,2,56.84167849179,25.1672410297993,11.2102169065477,4.71315629434421,2.06770727751875
"3",81,0,0,0,10000,0.05,3,20.3932698155281,19.278329616866,19.5317251165619,19.9777011960268,20.8189742550172
