"","nvar","r","d","het","iter","alpha","strategy","p1","p2","p3","p4","p5"
"1",173,0.3,0,0,10000,0.05,1,61.3979912752359,22.6539515065436,9.74941665821244,4.31165669067668,1.88698386933144
"2",173,0.3,0,0,10000,0.05,2,61.3979912752359,22.6539515065436,9.74941665821244,4.31165669067668,1.88698386933144
"3",173,0.3,0,0,10000,0.05,3,15.9886375164857,19.0727401846404,20.3104392817287,21.7307497210105,22.8974332961347
