"","nvar","r","d","het","iter","alpha","strategy","p1","p2","p3","p4","p5"
"1",99,0.4,0,0,10000,0.05,1,44.7678369195923,22.2083805209513,15.4473386183465,10.0339750849377,7.54246885617214
"2",99,0.4,0,0,10000,0.05,2,44.7678369195923,22.2083805209513,15.4473386183465,10.0339750849377,7.54246885617214
"3",99,0.4,0,0,10000,0.05,3,14.5526613816535,18.3578708946772,20.5436013590034,22.2876557191393,24.2582106455266
