"","nvar","r","d","het","iter","alpha","strategy","p1","p2","p3","p4","p5"
"1",129,0.6,0,0,10000,0.05,1,38.2689556509299,22.3748211731044,16.1945636623748,12.761087267525,10.4005722460658
"2",129,0.6,0,0,10000,0.05,2,38.2689556509299,22.3748211731044,16.1945636623748,12.761087267525,10.4005722460658
"3",129,0.6,0,0,10000,0.05,3,10.1573676680973,16.5092989985694,20.414878397711,24.7353361945637,28.1831187410587
