"","nvar","r","d","het","iter","alpha","strategy","p1","p2","p3","p4","p5"
"1",113,0,0,0,10000,0.05,1,68.4495735072755,21.4851981936779,7.13497240341194,2.16758655293527,0.762669342699448
"2",113,0,0,0,10000,0.05,2,68.4495735072755,21.4851981936779,7.13497240341194,2.16758655293527,0.762669342699448
"3",113,0,0,0,10000,0.05,3,20.7927747114902,20.0702458605118,19.9397892624185,19.0165579528349,20.1806322127446
