"","nvar","r","d","het","iter","alpha","strategy","p1","p2","p3","p4","p5"
"1",57,0.3,0,0,10000,0.05,1,40.1444299751391,23.6296910145614,16.3371611222919,11.1400497217947,8.74866816621286
"2",57,0.3,0,0,10000,0.05,2,40.1444299751391,23.6296910145614,16.3371611222919,11.1400497217947,8.74866816621286
"3",57,0.3,0,0,10000,0.05,3,16.8698946371493,18.8114123357405,20.5516751509412,21.3566946845034,22.4103231916657
