"","nvar","r","d","het","iter","alpha","strategy","p1","p2","p3","p4","p5"
"1",131,0.5,0,0,10000,0.05,1,42.7636277076886,21.9233515829564,15.5201142585099,11.6638895501071,8.12901690073792
"2",131,0.5,0,0,10000,0.05,2,42.7636277076886,21.9233515829564,15.5201142585099,11.6638895501071,8.12901690073792
"3",131,0.5,0,0,10000,0.05,3,12.3780052368484,16.1985241609141,21.4353725303499,23.8990716496072,26.0890264222804
