"","nvar","r","d","het","iter","alpha","strategy","p1","p2","p3","p4","p5"
"1",129,0.2,0,0,10000,0.05,1,62.9147755925366,22.5113464447806,9.1880988401412,3.89309127584468,1.49268784669692
"2",129,0.2,0,0,10000,0.05,2,62.9147755925366,22.5113464447806,9.1880988401412,3.89309127584468,1.49268784669692
"3",129,0.2,0,0,10000,0.05,3,17.9626828038326,20.1311144730207,20.494200706001,20.5547150781644,20.8572869389813
