"","nvar","r","d","het","iter","alpha","strategy","p1","p2","p3","p4","p5"
"1",189,0.1,0,0,10000,0.05,1,81.9363872774555,14.6029205841168,2.83056611322264,0.490098019603921,0.14002800560112
"2",189,0.1,0,0,10000,0.05,2,81.9363872774555,14.6029205841168,2.83056611322264,0.490098019603921,0.14002800560112
"3",189,0.1,0,0,10000,0.05,3,20.1940388077616,18.8237647529506,20.1640328065613,20.0840168033607,20.7341468293659
