"","nvar","r","d","het","iter","alpha","strategy","p1","p2","p3","p4","p5"
"1",179,0.2,0,0,10000,0.05,1,73.3019434982969,18.3931075936686,6.02083750751352,1.76317371268283,0.520937687838109
"2",179,0.2,0,0,10000,0.05,2,73.3019434982969,18.3931075936686,6.02083750751352,1.76317371268283,0.520937687838109
"3",179,0.2,0,0,10000,0.05,3,18.0925666199158,19.0743338008415,20.2764976958525,21.1380484872771,21.418553396113
