"","nvar","r","d","het","iter","alpha","strategy","p1","p2","p3","p4","p5"
"1",49,0.9,0,0,10000,0.05,1,29.2452830188679,21.1022840119166,17.4776564051639,15.5412115193644,16.6335650446872
"2",49,0.9,0,0,10000,0.05,2,29.2452830188679,21.1022840119166,17.4776564051639,15.5412115193644,16.6335650446872
"3",49,0.9,0,0,10000,0.05,3,6.4051638530288,12.0655412115194,18.7189672293942,25.9682224428997,36.8421052631579
