"","nvar","r","d","het","iter","alpha","strategy","p1","p2","p3","p4","p5"
"1",63,0,0,0,10000,0.05,1,49.6258574101019,25.2650176678445,13.8224901267928,7.76345874038661,3.52317605487425
"2",63,0,0,0,10000,0.05,2,49.6258574101019,25.2650176678445,13.8224901267928,7.76345874038661,3.52317605487425
"3",63,0,0,0,10000,0.05,3,19.9958428601122,19.6113074204947,20.3907711494492,20.2244855539389,19.777593016005
