"","nvar","r","d","het","iter","alpha","strategy","p1","p2","p3","p4","p5"
"1",27,0.9,0,0,10000,0.05,1,26.8395657418577,22.0144752714113,17.6718938480097,16.8275030156815,16.6465621230398
"2",27,0.9,0,0,10000,0.05,2,26.8395657418577,22.0144752714113,17.6718938480097,16.8275030156815,16.6465621230398
"3",27,0.9,0,0,10000,0.05,3,8.26296743063932,13.2086851628468,18.8781664656212,26.7792521109771,32.8709288299156
