"","nvar","r","d","het","iter","alpha","strategy","p1","p2","p3","p4","p5"
"1",121,0,0,0,10000,0.05,1,69.9239086904285,21.4257108530236,6.23748498197837,1.78213856627954,0.630756908289948
"2",121,0,0,0,10000,0.05,2,69.9239086904285,21.4257108530236,6.23748498197837,1.78213856627954,0.630756908289948
"3",121,0,0,0,10000,0.05,3,19.8638366039247,19.3532238686424,20.5346415698839,19.8137765318382,20.4345214257109
