"","nvar","r","d","het","iter","alpha","strategy","p1","p2","p3","p4","p5"
"1",143,0.6,0,0,10000,0.05,1,39.8656061437191,21.0641799232035,16.1409764125069,12.7125617114646,10.2166758091059
"2",143,0.6,0,0,10000,0.05,2,39.8656061437191,21.0641799232035,16.1409764125069,12.7125617114646,10.2166758091059
"3",143,0.6,0,0,10000,0.05,3,9.94240263302249,16.3741086121777,20.6527701590784,24.7120131651125,28.3187054306089
