"","nvar","r","d","het","iter","alpha","strategy","p1","p2","p3","p4","p5"
"1",41,0.5,0,0,10000,0.05,1,33.6704954568832,21.2755014572261,18.549631407509,14.1265215155152,12.3778501628664
"2",41,0.5,0,0,10000,0.05,2,33.6704954568832,21.2755014572261,18.549631407509,14.1265215155152,12.3778501628664
"3",41,0.5,0,0,10000,0.05,3,13.4750557174696,18.9610834904852,21.3955083147608,22.2184124807132,23.9499399965712
