"","nvar","r","d","het","iter","alpha","strategy","p1","p2","p3","p4","p5"
"1",151,0.8,0,0,10000,0.05,1,33.7285264940721,20.6629566900557,16.5497217517542,15.412533268812,13.6462617953061
"2",151,0.8,0,0,10000,0.05,2,33.7285264940721,20.6629566900557,16.5497217517542,15.412533268812,13.6462617953061
"3",151,0.8,0,0,10000,0.05,3,5.78272441325913,11.7590128236148,19.0418582143721,27.7522380837164,35.6641664650375
