"","nvar","r","d","het","iter","alpha","strategy","p1","p2","p3","p4","p5"
"1",3,0.9,0,0,10000,0.05,1,20.8121827411168,19.2893401015228,21.0659898477157,18.0203045685279,20.8121827411168
"2",3,0.9,0,0,10000,0.05,2,20.8121827411168,19.2893401015228,21.0659898477157,18.0203045685279,20.8121827411168
"3",3,0.9,0,0,10000,0.05,3,14.2131979695431,15.3553299492386,22.5888324873096,22.3350253807107,25.507614213198
