"","nvar","r","d","het","iter","alpha","strategy","p1","p2","p3","p4","p5"
"1",137,0,0,0,10000,0.05,1,75.0875788209388,18.596737063357,4.83435091582424,1.1710539485537,0.310279251326194
"2",137,0,0,0,10000,0.05,2,75.0875788209388,18.596737063357,4.83435091582424,1.1710539485537,0.310279251326194
"3",137,0,0,0,10000,0.05,3,20.1781603443099,19.8979081173056,19.9379441497348,20.148133319988,19.8378540686618
