"","nvar","r","d","het","iter","alpha","strategy","p1","p2","p3","p4","p5"
"1",155,0.2,0,0,10000,0.05,1,67.6618415761962,21.562123039807,7.30800160836349,2.42259750703659,1.0454362685967
"2",155,0.2,0,0,10000,0.05,2,67.6618415761962,21.562123039807,7.30800160836349,2.42259750703659,1.0454362685967
"3",155,0.2,0,0,10000,0.05,3,17.4507438681142,19.4913550462405,20.0442299959791,21.7531162042622,21.2605548854041
