"","nvar","r","d","het","iter","alpha","strategy","p1","p2","p3","p4","p5"
"1",69,0.3,0,0,10000,0.05,1,42.4012673984384,24.43136811135,16.3177548941949,10.1391875070725,6.71042208894421
"2",69,0.3,0,0,10000,0.05,2,42.4012673984384,24.43136811135,16.3177548941949,10.1391875070725,6.71042208894421
"3",69,0.3,0,0,10000,0.05,3,16.2498585492814,19.2372977254724,21.3420844177888,21.127079325563,22.0436799818943
