"","nvar","r","d","het","iter","alpha","strategy","p1","p2","p3","p4","p5"
"1",55,0.5,0,0,10000,0.05,1,34.7514486123818,21.4242146996035,17.1393717596828,14.2878926501982,12.3970722781336
"2",55,0.5,0,0,10000,0.05,2,34.7514486123818,21.4242146996035,17.1393717596828,14.2878926501982,12.3970722781336
"3",55,0.5,0,0,10000,0.05,3,13.3424824641659,17.3223543763342,20.6312900274474,23.0863068008539,25.6175663311985
