"","nvar","r","d","het","iter","alpha","strategy","p1","p2","p3","p4","p5"
"1",19,0.4,0,0,10000,0.05,1,27.8242677824268,21.4225941422594,19.2259414225941,17.0292887029289,14.4979079497908
"2",19,0.4,0,0,10000,0.05,2,27.8242677824268,21.4225941422594,19.2259414225941,17.0292887029289,14.4979079497908
"3",19,0.4,0,0,10000,0.05,3,15.6066945606695,18.0334728033473,21.4225941422594,21.9665271966527,22.9707112970711
