"","nvar","r","d","het","iter","alpha","strategy","p1","p2","p3","p4","p5"
"1",107,0.1,0,0,10000,0.05,1,63.5235982250908,23.2855990318677,8.72327551432029,3.22710770471965,1.24041952400161
"2",107,0.1,0,0,10000,0.05,2,63.5235982250908,23.2855990318677,8.72327551432029,3.22710770471965,1.24041952400161
"3",107,0.1,0,0,10000,0.05,3,18.9693424768052,19.7761194029851,20.824929407019,19.6853569987898,20.744251714401
