"","nvar","r","d","het","iter","alpha","strategy","p1","p2","p3","p4","p5"
"1",17,0.5,0,0,10000,0.05,1,29.369918699187,22.2052845528455,17.9623983739837,15.9044715447154,14.5579268292683
"2",17,0.5,0,0,10000,0.05,2,29.369918699187,22.2052845528455,17.9623983739837,15.9044715447154,14.5579268292683
"3",17,0.5,0,0,10000,0.05,3,15.3201219512195,19.385162601626,20.5538617886179,21.0873983739837,23.6534552845528
