"","nvar","r","d","het","iter","alpha","strategy","p1","p2","p3","p4","p5"
"1",181,0.8,0,0,10000,0.05,1,33.6388634280477,20.6232813932172,17.8505957836847,15.0779101741522,12.8093492208983
"2",181,0.8,0,0,10000,0.05,2,33.6388634280477,20.6232813932172,17.8505957836847,15.0779101741522,12.8093492208983
"3",181,0.8,0,0,10000,0.05,3,5.56828597616865,12.4197983501375,19.6150320806599,27.2456461961503,35.1512373968836
