"","nvar","r","d","het","iter","alpha","strategy","p1","p2","p3","p4","p5"
"1",21,0.8,0,0,10000,0.05,1,27.4467159634624,21.8790778599391,18.3123096998695,16.7899086559374,15.5719878207916
"2",21,0.8,0,0,10000,0.05,2,27.4467159634624,21.8790778599391,18.3123096998695,16.7899086559374,15.5719878207916
"3",21,0.8,0,0,10000,0.05,3,9.09090909090909,15.9199652022619,21.2266202696825,24.3584167029143,29.4040887342323
