"","nvar","r","d","het","iter","alpha","strategy","p1","p2","p3","p4","p5"
"1",171,0,0,0,10000,0.05,1,81.6444933480044,15.0845253576073,2.68080424127238,0.500150045013504,0.0900270081024307
"2",171,0,0,0,10000,0.05,2,81.6444933480044,15.0845253576073,2.68080424127238,0.500150045013504,0.0900270081024307
"3",171,0,0,0,10000,0.05,3,19.7959387816345,19.815944783435,20.3761128338502,19.7759327798339,20.2360708212464
