"","nvar","r","d","het","iter","alpha","strategy","p1","p2","p3","p4","p5"
"1",179,0,0,0,10000,0.05,1,83.008300830083,14.4114411441144,2.17021702170217,0.35003500350035,0.06000600060006
"2",179,0,0,0,10000,0.05,2,83.008300830083,14.4114411441144,2.17021702170217,0.35003500350035,0.06000600060006
"3",179,0,0,0,10000,0.05,3,19.5419541954195,20.0820082008201,19.99199919992,20.6220622062206,19.7619761976198
