"","nvar","r","d","het","iter","alpha","strategy","p1","p2","p3","p4","p5"
"1",33,0.8,0,0,10000,0.05,1,28.5976505139501,21.1086637298091,18.9060205580029,16.776798825257,14.6108663729809
"2",33,0.8,0,0,10000,0.05,2,28.5976505139501,21.1086637298091,18.9060205580029,16.776798825257,14.6108663729809
"3",33,0.8,0,0,10000,0.05,3,8.59030837004405,14.28046989721,19.4199706314244,27.7533039647577,29.9559471365639
