"","nvar","r","d","het","iter","alpha","strategy","p1","p2","p3","p4","p5"
"1",183,0.7,0,0,10000,0.05,1,37.8655212291426,20.3039814967785,17.0328762597059,13.5635222203866,11.2340987939865
"2",183,0.7,0,0,10000,0.05,2,37.8655212291426,20.3039814967785,17.0328762597059,13.5635222203866,11.2340987939865
"3",183,0.7,0,0,10000,0.05,3,6.6743763423096,14.1913100941682,21.2952255080126,26.2018833636213,31.6372046918883
