"","nvar","r","d","het","iter","alpha","strategy","p1","p2","p3","p4","p5"
"1",69,0.6,0,0,10000,0.05,1,34.8388179986568,21.3398253861652,16.3028878441907,14.1034251175285,13.4150436534587
"2",69,0.6,0,0,10000,0.05,2,34.8388179986568,21.3398253861652,16.3028878441907,14.1034251175285,13.4150436534587
"3",69,0.6,0,0,10000,0.05,3,10.6783075889859,16.773002014775,19.9798522498321,24.3284083277367,28.2404298186702
