"","nvar","r","d","het","iter","alpha","strategy","p1","p2","p3","p4","p5"
"1",85,0.9,0,0,10000,0.05,1,29.6712802768166,20.3287197231834,17.4740484429066,16.0034602076125,16.522491349481
"2",85,0.9,0,0,10000,0.05,2,29.6712802768166,20.3287197231834,17.4740484429066,16.0034602076125,16.522491349481
"3",85,0.9,0,0,10000,0.05,3,4.93079584775086,10.6833910034602,17.7335640138408,26.3840830449827,40.2681660899654
