"","nvar","r","d","het","iter","alpha","strategy","p1","p2","p3","p4","p5"
"1",109,0.9,0,0,10000,0.05,1,29.4418406476353,20.9203238176395,17.8525777588411,16.3613123135918,15.4239454622923
"2",109,0.9,0,0,10000,0.05,2,29.4418406476353,20.9203238176395,17.8525777588411,16.3613123135918,15.4239454622923
"3",109,0.9,0,0,10000,0.05,3,5.28334043459736,9.62931401789518,17.2560715807414,27.5671069450362,40.2641670217299
