"","nvar","r","d","het","iter","alpha","strategy","p1","p2","p3","p4","p5"
"1",57,0.2,0,0,10000,0.05,1,42.3445509248941,24.782705593938,16.3249387118342,9.90639625585023,6.6414085134834
"2",57,0.2,0,0,10000,0.05,2,42.3445509248941,24.782705593938,16.3249387118342,9.90639625585023,6.6414085134834
"3",57,0.2,0,0,10000,0.05,3,18.3753064408291,20.381100958324,20.0802317806998,20.403387564074,20.7599732560731
