"","nvar","r","d","het","iter","alpha","strategy","p1","p2","p3","p4","p5"
"1",171,0.1,0,0,10000,0.05,1,78.3034910473142,16.6850055016505,4.14124237271181,0.710213063919176,0.160048014404321
"2",171,0.1,0,0,10000,0.05,2,78.3034910473142,16.6850055016505,4.14124237271181,0.710213063919176,0.160048014404321
"3",171,0.1,0,0,10000,0.05,3,20.0160048014404,20.4161248374512,19.1957587276183,20.1660498149445,20.2060618185456
