"","nvar","r","d","het","iter","alpha","strategy","p1","p2","p3","p4","p5"
"1",109,0.2,0,0,10000,0.05,1,57.3608708922576,23.6646657849222,11.3948519686642,5.50412045986367,2.0754908942924
"2",109,0.2,0,0,10000,0.05,2,57.3608708922576,23.6646657849222,11.3948519686642,5.50412045986367,2.0754908942924
"3",109,0.2,0,0,10000,0.05,3,17.6416726014854,20.0529046698545,20.4395157187913,20.8363007427002,21.0296062671686
