"","nvar","r","d","het","iter","alpha","strategy","p1","p2","p3","p4","p5"
"1",117,0.8,0,0,10000,0.05,1,33.4199584199584,20.9719334719335,17.1517671517672,15.1247401247401,13.3316008316008
"2",117,0.8,0,0,10000,0.05,2,33.4199584199584,20.9719334719335,17.1517671517672,15.1247401247401,13.3316008316008
"3",117,0.8,0,0,10000,0.05,3,6.28898128898129,12.7079002079002,20.2702702702703,26.533264033264,34.1995841995842
