"","nvar","r","d","het","iter","alpha","strategy","p1","p2","p3","p4","p5"
"1",79,0.1,0,0,10000,0.05,1,53.3272002453235,25.0638863334356,12.3888377798221,6.33752427680671,2.88255136461208
"2",79,0.1,0,0,10000,0.05,2,53.3272002453235,25.0638863334356,12.3888377798221,6.33752427680671,2.88255136461208
"3",79,0.1,0,0,10000,0.05,3,19.0739037105182,19.6974343248492,20.1267504855361,20.5151793928243,20.5867320862721
