"","nvar","r","d","het","iter","alpha","strategy","p1","p2","p3","p4","p5"
"1",9,0.7,0,0,10000,0.05,1,26.8722466960352,21.1453744493392,18.942731277533,17.9637787567303,15.0758688203622
"2",9,0.7,0,0,10000,0.05,2,26.8722466960352,21.1453744493392,18.942731277533,17.9637787567303,15.0758688203622
"3",9,0.7,0,0,10000,0.05,3,14.3416544297602,18.3064121390113,20.2153695545766,23.4948604992658,23.6417033773862
