"","nvar","r","d","het","iter","alpha","strategy","p1","p2","p3","p4","p5"
"1",199,0.5,0,0,10000,0.05,1,46.7338352524358,22.6085031000886,14.1718334809566,9.9977856510186,6.48804251550044
"2",199,0.5,0,0,10000,0.05,2,46.7338352524358,22.6085031000886,14.1718334809566,9.9977856510186,6.48804251550044
"3",199,0.5,0,0,10000,0.05,3,11.9242692648361,17.6594331266608,20.4716563330381,23.8596102745793,26.0850310008857
