"","nvar","r","d","het","iter","alpha","strategy","p1","p2","p3","p4","p5"
"1",97,0.6,0,0,10000,0.05,1,37.6347397597783,21.4813674160764,16.0763781952572,13.5355712965815,11.2719433323067
"2",97,0.6,0,0,10000,0.05,2,37.6347397597783,21.4813674160764,16.0763781952572,13.5355712965815,11.2719433323067
"3",97,0.6,0,0,10000,0.05,3,10.8099784416384,16.1533723437019,20.8808130582076,24.4995380351093,27.6562981213428
