"","nvar","r","d","het","iter","alpha","strategy","p1","p2","p3","p4","p5"
"1",155,0.9,0,0,10000,0.05,1,31.245011971269,21.3886671987231,16.7597765363128,16.6799680766161,13.926576217079
"2",155,0.9,0,0,10000,0.05,2,31.245011971269,21.3886671987231,16.7597765363128,16.6799680766161,13.926576217079
"3",155,0.9,0,0,10000,0.05,3,5.90582601755786,10.415003990423,16.6001596169194,28.6512370311253,38.4277733439745
