"","nvar","r","d","het","iter","alpha","strategy","p1","p2","p3","p4","p5"
"1",189,0.7,0,0,10000,0.05,1,37.3337711377442,21.2937120341487,15.8758824495157,13.5774092923986,11.9192250861927
"2",189,0.7,0,0,10000,0.05,2,37.3337711377442,21.2937120341487,15.8758824495157,13.5774092923986,11.9192250861927
"3",189,0.7,0,0,10000,0.05,3,7.01034312920703,14.6773928747332,20.8340174027253,26.4652766376621,31.0129699556723
