"","nvar","r","d","het","iter","alpha","strategy","p1","p2","p3","p4","p5"
"1",73,0.3,0,0,10000,0.05,1,44.0782814081656,23.4619277921494,15.5213136879991,10.1788325272748,6.7596445844112
"2",73,0.3,0,0,10000,0.05,2,44.0782814081656,23.4619277921494,15.5213136879991,10.1788325272748,6.7596445844112
"3",73,0.3,0,0,10000,0.05,3,16.4548419750309,19.1542008772916,19.9302665616916,21.8310651220335,22.6296254639523
