"","nvar","r","d","het","iter","alpha","strategy","p1","p2","p3","p4","p5"
"1",3,0.2,0,0,10000,0.05,1,19.7203826342899,19.793966151582,21.4128035320088,19.6467991169978,19.4260485651214
"2",3,0.2,0,0,10000,0.05,2,19.7203826342899,19.793966151582,21.4128035320088,19.6467991169978,19.4260485651214
"3",3,0.2,0,0,10000,0.05,3,18.616629874908,19.6467991169978,21.1184694628403,20.2354672553348,20.3826342899191
