"","nvar","r","d","het","iter","alpha","strategy","p1","p2","p3","p4","p5"
"1",137,0.5,0,0,10000,0.05,1,43.1850282485876,22.3046139359699,15.7250470809793,10.7933145009416,7.99199623352166
"2",137,0.5,0,0,10000,0.05,2,43.1850282485876,22.3046139359699,15.7250470809793,10.7933145009416,7.99199623352166
"3",137,0.5,0,0,10000,0.05,3,11.7113935969868,17.0315442561205,21.3983050847458,23.728813559322,26.1299435028249
