"","nvar","r","d","het","iter","alpha","strategy","p1","p2","p3","p4","p5"
"1",89,0.4,0,0,10000,0.05,1,42.2271352106121,22.7484291366069,15.790086106586,11.3334884803351,7.9008610658599
"2",89,0.4,0,0,10000,0.05,2,42.2271352106121,22.7484291366069,15.790086106586,11.3334884803351,7.9008610658599
"3",89,0.4,0,0,10000,0.05,3,14.1726786129858,18.4081917616942,20.9448452408657,23.1440539911566,23.3302303932977
