"","nvar","r","d","het","iter","alpha","strategy","p1","p2","p3","p4","p5"
"1",143,0.2,0,0,10000,0.05,1,65.8718180903511,21.3301136935305,8.32075661535366,3.15927155649462,1.31804004427005
"2",143,0.2,0,0,10000,0.05,2,65.8718180903511,21.3301136935305,8.32075661535366,3.15927155649462,1.31804004427005
"3",143,0.2,0,0,10000,0.05,3,17.9796760237448,19.8913371566556,20.7364926048898,20.9377200925646,20.4547741221451
