"","nvar","r","d","het","iter","alpha","strategy","p1","p2","p3","p4","p5"
"1",33,0.6,0,0,10000,0.05,1,30.8954203691046,21.5311004784689,17.4299384825701,15.9945317840055,14.149008885851
"2",33,0.6,0,0,10000,0.05,2,30.8954203691046,21.5311004784689,17.4299384825701,15.9945317840055,14.149008885851
"3",33,0.6,0,0,10000,0.05,3,11.2098427887902,17.6577808156756,20.6880838459786,24.0829346092504,26.3613579403053
