"","nvar","r","d","het","iter","alpha","strategy","p1","p2","p3","p4","p5"
"1",81,0.8,0,0,10000,0.05,1,32.3596792668958,20.7617411225659,18.0126002290951,15.1775486827033,13.68843069874
"2",81,0.8,0,0,10000,0.05,2,32.3596792668958,20.7617411225659,18.0126002290951,15.1775486827033,13.68843069874
"3",81,0.8,0,0,10000,0.05,3,6.84421534936999,13.659793814433,20.0744558991982,26.1168384879725,33.3046964490263
