"","nvar","r","d","het","iter","alpha","strategy","p1","p2","p3","p4","p5"
"1",153,0.1,0,0,10000,0.05,1,75.392932225448,18.3301631794974,4.64510962058264,1.33146461107218,0.30033036339974
"2",153,0.1,0,0,10000,0.05,2,75.392932225448,18.3301631794974,4.64510962058264,1.33146461107218,0.30033036339974
"3",153,0.1,0,0,10000,0.05,3,19.2511762939233,20.9530483531885,19.7016718390229,19.4113524877365,20.6827510261287
