"","nvar","r","d","het","iter","alpha","strategy","p1","p2","p3","p4","p5"
"1",73,0.5,0,0,10000,0.05,1,36.3179916317992,21.9804741980474,17.3640167364017,12.8870292887029,11.4504881450488
"2",73,0.5,0,0,10000,0.05,2,36.3179916317992,21.9804741980474,17.3640167364017,12.8870292887029,11.4504881450488
"3",73,0.5,0,0,10000,0.05,3,11.9804741980474,18.0334728033473,21.5620641562064,22.4267782426778,25.9972105997211
