"","nvar","r","d","het","iter","alpha","strategy","p1","p2","p3","p4","p5"
"1",159,0.2,0,0,10000,0.05,1,68.3041993168575,21.1673699015471,7.152903355435,2.45127586899739,0.92425155716295
"2",159,0.2,0,0,10000,0.05,2,68.3041993168575,21.1673699015471,7.152903355435,2.45127586899739,0.92425155716295
"3",159,0.2,0,0,10000,0.05,3,17.9927667269439,19.4996986136227,20.5143660839863,20.6550130600764,21.3381555153707
