"","nvar","r","d","het","iter","alpha","strategy","p1","p2","p3","p4","p5"
"1",131,0.8,0,0,10000,0.05,1,33.052792654935,20.6579954093344,17.776077531242,15.404233613874,13.1089007906146
"2",131,0.8,0,0,10000,0.05,2,33.052792654935,20.6579954093344,17.776077531242,15.404233613874,13.1089007906146
"3",131,0.8,0,0,10000,0.05,3,5.687324662076,12.8793675082887,19.9948992603928,27.49298648304,33.9454220862025
