"","nvar","r","d","het","iter","alpha","strategy","p1","p2","p3","p4","p5"
"1",193,0.6,0,0,10000,0.05,1,42.3241352506801,21.0389946884311,15.6496955564192,11.8150019432569,9.17217256121259
"2",193,0.6,0,0,10000,0.05,2,42.3241352506801,21.0389946884311,15.6496955564192,11.8150019432569,9.17217256121259
"3",193,0.6,0,0,10000,0.05,3,9.52195880295375,16.3492680399015,21.3887809301723,24.5886772898044,28.151314937168
