"","nvar","r","d","het","iter","alpha","strategy","p1","p2","p3","p4","p5"
"1",153,0.2,0,0,10000,0.05,1,67.6473541520233,21.5684305653178,7.41038256853098,2.57053921076413,0.803293503363791
"2",153,0.2,0,0,10000,0.05,2,67.6473541520233,21.5684305653178,7.41038256853098,2.57053921076413,0.803293503363791
"3",153,0.2,0,0,10000,0.05,3,17.6724570740034,19.700773169997,19.9317200522141,21.7792951099508,20.9157545938347
