"","nvar","r","d","het","iter","alpha","strategy","p1","p2","p3","p4","p5"
"1",107,0.6,0,0,10000,0.05,1,38.020365378856,21.4285714285714,15.9029649595687,13.6118598382749,11.036238394729
"2",107,0.6,0,0,10000,0.05,2,38.020365378856,21.4285714285714,15.9029649595687,13.6118598382749,11.036238394729
"3",107,0.6,0,0,10000,0.05,3,9.92812219227313,16.4270739742438,21.0542078466607,24.3486073674753,28.2419886193471
