"","nvar","r","d","het","iter","alpha","strategy","p1","p2","p3","p4","p5"
"1",185,0.3,0,0,10000,0.05,1,64.2344618494189,21.0611419909045,9.25720060636685,3.90096008084891,1.54623547246084
"2",185,0.3,0,0,10000,0.05,2,64.2344618494189,21.0611419909045,9.25720060636685,3.90096008084891,1.54623547246084
"3",185,0.3,0,0,10000,0.05,3,16.4931783729156,18.9287518948964,20.5760485093482,21.5058110156645,22.4962102071753
