"","nvar","r","d","het","iter","alpha","strategy","p1","p2","p3","p4","p5"
"1",149,0.9,0,0,10000,0.05,1,30.0927793465107,20.4114562323518,17.991125453812,16.0951996772892,15.4094392900363
"2",149,0.9,0,0,10000,0.05,2,30.0927793465107,20.4114562323518,17.991125453812,16.0951996772892,15.4094392900363
"3",149,0.9,0,0,10000,0.05,3,5.04235578862445,8.67285195643404,16.5792658329972,27.027027027027,42.6784993949173
