"","nvar","r","d","het","iter","alpha","strategy","p1","p2","p3","p4","p5"
"1",117,0.2,0,0,10000,0.05,1,59.5032944754181,22.9700963000507,10.8667004561581,4.7136340598074,1.94627470856564
"2",117,0.2,0,0,10000,0.05,2,59.5032944754181,22.9700963000507,10.8667004561581,4.7136340598074,1.94627470856564
"3",117,0.2,0,0,10000,0.05,3,17.9422199695895,19.4120628484541,20.7704004054739,21.1150532184491,20.7602635580335
