"","nvar","r","d","het","iter","alpha","strategy","p1","p2","p3","p4","p5"
"1",5,0.6,0,0,10000,0.05,1,23.6458940011648,21.6074548631334,17.7635410599884,20.442632498544,16.5404775771695
"2",5,0.6,0,0,10000,0.05,2,23.6458940011648,21.6074548631334,17.7635410599884,20.442632498544,16.5404775771695
"3",5,0.6,0,0,10000,0.05,3,16.7152009318579,20.0349446709377,19.9767035527082,22.6557949912638,20.6173558532324
