"","nvar","r","d","het","iter","alpha","strategy","p1","p2","p3","p4","p5"
"1",101,0.7,0,0,10000,0.05,1,34.026024470771,21.1691590600117,17.6539133812391,14.7018838609439,12.4490192270344
"2",101,0.7,0,0,10000,0.05,2,34.026024470771,21.1691590600117,17.6539133812391,14.7018838609439,12.4490192270344
"3",101,0.7,0,0,10000,0.05,3,7.16644008545349,14.7018838609439,21.6741114779569,25.402990872014,31.0545737036318
