"","nvar","r","d","het","iter","alpha","strategy","p1","p2","p3","p4","p5"
"1",163,0,0,0,10000,0.05,1,81.2625050020008,15.0960384153661,3.06122448979592,0.490196078431373,0.0900360144057623
"2",163,0,0,0,10000,0.05,2,81.2625050020008,15.0960384153661,3.06122448979592,0.490196078431373,0.0900360144057623
"3",163,0,0,0,10000,0.05,3,20.2781112444978,19.9479791916767,19.6478591436575,20.5382152861144,19.5878351340536
