"","nvar","r","d","het","iter","alpha","strategy","p1","p2","p3","p4","p5"
"1",63,0.7,0,0,10000,0.05,1,32.8877005347594,21.7691622103387,17.4465240641711,14.4162210338681,13.4803921568627
"2",63,0.7,0,0,10000,0.05,2,32.8877005347594,21.7691622103387,17.4465240641711,14.4162210338681,13.4803921568627
"3",63,0.7,0,0,10000,0.05,3,8.9572192513369,15.6639928698752,19.7638146167558,26.1363636363636,29.4786096256685
