"","nvar","r","d","het","iter","alpha","strategy","p1","p2","p3","p4","p5"
"1",145,0.8,0,0,10000,0.05,1,32.7615780445969,22.5925018377849,16.6380789022298,15.4864003920608,12.5214408233276
"2",145,0.8,0,0,10000,0.05,2,32.7615780445969,22.5925018377849,16.6380789022298,15.4864003920608,12.5214408233276
"3",145,0.8,0,0,10000,0.05,3,5.56236216613575,13.3055623621661,19.0884587111002,28.3508943886302,33.6927223719677
