"","nvar","r","d","het","iter","alpha","strategy","p1","p2","p3","p4","p5"
"1",147,0.2,0,0,10000,0.05,1,66.4856711915535,21.447963800905,7.98391151332328,2.95625942684766,1.12619406737054
"2",147,0.2,0,0,10000,0.05,2,66.4856711915535,21.447963800905,7.98391151332328,2.95625942684766,1.12619406737054
"3",147,0.2,0,0,10000,0.05,3,17.9989944695827,18.7430869783811,20.6737053795877,21.236802413273,21.3474107591755
