"","nvar","r","d","het","iter","alpha","strategy","p1","p2","p3","p4","p5"
"1",83,0.1,0,0,10000,0.05,1,55.7662893851331,24.5946772713368,11.389823595391,5.65922300397675,2.58998674416233
"2",83,0.1,0,0,10000,0.05,2,55.7662893851331,24.5946772713368,11.389823595391,5.65922300397675,2.58998674416233
"3",83,0.1,0,0,10000,0.05,3,20.0672988681554,19.9755276843071,19.5064749668604,19.9755276843071,20.4751707963699
