"","nvar","r","d","het","iter","alpha","strategy","p1","p2","p3","p4","p5"
"1",93,0.1,0,0,10000,0.05,1,58.5457499746116,24.5760129988829,10.3381740631664,4.64100741342541,1.89905554991368
"2",93,0.1,0,0,10000,0.05,2,58.5457499746116,24.5760129988829,10.3381740631664,4.64100741342541,1.89905554991368
"3",93,0.1,0,0,10000,0.05,3,18.807758708236,19.914694830913,20.0365593581802,20.2802884127145,20.9606986899563
