"","nvar","r","d","het","iter","alpha","strategy","p1","p2","p3","p4","p5"
"1",101,0.1,0,0,10000,0.05,1,60.9068010075567,24.2216624685139,9.4911838790932,3.83879093198992,1.54156171284635
"2",101,0.1,0,0,10000,0.05,2,60.9068010075567,24.2216624685139,9.4911838790932,3.83879093198992,1.54156171284635
"3",101,0.1,0,0,10000,0.05,3,19.2745591939547,19.7581863979849,19.9496221662469,20.5340050377834,20.4836272040302
