"","nvar","r","d","het","iter","alpha","strategy","p1","p2","p3","p4","p5"
"1",109,0.8,0,0,10000,0.05,1,31.9503171247357,21.4323467230444,17.6268498942918,15.3805496828753,13.6099365750529
"2",109,0.8,0,0,10000,0.05,2,31.9503171247357,21.4323467230444,17.6268498942918,15.3805496828753,13.6099365750529
"3",109,0.8,0,0,10000,0.05,3,5.76109936575053,12.4207188160677,19.1860465116279,27.7219873150106,34.9101479915433
