"","nvar","r","d","het","iter","alpha","strategy","p1","p2","p3","p4","p5"
"1",132,0.2,0.2,0,1000,0.05,1,83.9195979899498,10.3517587939699,4.22110552763819,1.30653266331658,0.201005025125628
"2",132,0.2,0.2,0,1000,0.05,2,83.9195979899498,10.3517587939699,4.22110552763819,1.30653266331658,0.201005025125628
"3",132,0.2,0.2,0,1000,0.05,3,28.8442211055276,18.9949748743719,19.1959798994975,17.7889447236181,15.1758793969849
