"","nvar","r","d","het","iter","alpha","strategy","p1","p2","p3","p4","p5"
"1",68,0,0.3,0,1000,0.05,1,93.5935935935936,4.4044044044044,0.800800800800801,0.4004004004004,0.2002002002002
"2",68,0,0.3,0,1000,0.05,2,93.5935935935936,4.4044044044044,0.800800800800801,0.4004004004004,0.2002002002002
"3",68,0,0.3,0,1000,0.05,3,41.3413413413413,18.1181181181181,15.3153153153153,14.8148148148148,10.3103103103103
