"","nvar","r","d","het","iter","alpha","strategy","p1","p2","p3","p4","p5"
"1",44,0.4,0.1,0,1000,0.05,1,46.1030383091149,19.8150594451783,12.6816380449141,11.3606340819022,10.0396301188904
"2",44,0.4,0.1,0,1000,0.05,2,46.1030383091149,19.8150594451783,12.6816380449141,11.3606340819022,10.0396301188904
"3",44,0.4,0.1,0,1000,0.05,3,21.2681638044914,17.3051519154557,21.2681638044914,19.550858652576,20.6076618229855
