"","nvar","r","d","het","iter","alpha","strategy","p1","p2","p3","p4","p5"
"1",36,0.4,0.1,0,1000,0.05,1,44.1176470588235,19.7478991596639,15.266106442577,11.2044817927171,9.66386554621849
"2",36,0.4,0.1,0,1000,0.05,2,44.1176470588235,19.7478991596639,15.266106442577,11.2044817927171,9.66386554621849
"3",36,0.4,0.1,0,1000,0.05,3,17.5070028011204,15.546218487395,22.1288515406162,20.3081232492997,24.5098039215686
