"","nvar","r","d","het","iter","alpha","strategy","p1","p2","p3","p4","p5"
"1",192,0.3,0.1,0,1000,0.05,1,76.0280842527583,14.6439317953862,5.91775325977934,2.10631895687061,1.30391173520562
"2",192,0.3,0.1,0,1000,0.05,2,76.0280842527583,14.6439317953862,5.91775325977934,2.10631895687061,1.30391173520562
"3",192,0.3,0.1,0,1000,0.05,3,20.6619859578736,17.4523570712136,19.7592778335005,19.8595787362086,22.2668004012036
