"","nvar","r","d","het","iter","alpha","strategy","p1","p2","p3","p4","p5"
"1",118,0.2,0.2,0,1000,0.05,1,82.5125628140703,11.356783919598,3.91959798994975,1.30653266331658,0.703517587939699
"2",118,0.2,0.2,0,1000,0.05,2,82.5125628140703,11.356783919598,3.91959798994975,1.30653266331658,0.703517587939699
"3",118,0.2,0.2,0,1000,0.05,3,28.9447236180904,18.894472361809,18.2914572864322,16.2814070351759,17.5879396984925
