"","nvar","r","d","het","iter","alpha","strategy","p1","p2","p3","p4","p5"
"1",54,0.1,0.1,0,1000,0.05,1,56.3086548488008,21.1678832116788,11.9916579770594,7.50782064650678,3.02398331595412
"2",54,0.1,0.1,0,1000,0.05,2,56.3086548488008,21.1678832116788,11.9916579770594,7.50782064650678,3.02398331595412
"3",54,0.1,0.1,0,1000,0.05,3,21.7935349322211,19.1866527632951,21.584984358707,18.3524504692388,19.0823774765381
