"","nvar","r","d","het","iter","alpha","strategy","p1","p2","p3","p4","p5"
"1",108,0.9,0.2,0,1000,0.05,1,51.4806378132118,15.2619589977221,13.4396355353075,10.9339407744875,8.88382687927107
"2",108,0.9,0.2,0,1000,0.05,2,51.4806378132118,15.2619589977221,13.4396355353075,10.9339407744875,8.88382687927107
"3",108,0.9,0.2,0,1000,0.05,3,17.3120728929385,15.4897494305239,14.123006833713,20.501138952164,32.5740318906606
