"","nvar","r","d","het","iter","alpha","strategy","p1","p2","p3","p4","p5"
"1",102,0.2,0.3,0,1000,0.05,1,86.8605817452357,7.32196589769308,3.10932798395186,1.10330992978937,0.802407221664995
"2",102,0.2,0.3,0,1000,0.05,2,86.8605817452357,7.32196589769308,3.10932798395186,1.10330992978937,0.802407221664995
"3",102,0.2,0.3,0,1000,0.05,3,36.5095285857573,15.7472417251755,18.0541624874624,15.7472417251755,13.741223671013
