"","nvar","r","d","het","iter","alpha","strategy","p1","p2","p3","p4","p5"
"1",154,0.3,0.1,0,1000,0.05,1,67.5456389452333,17.8498985801217,8.51926977687627,4.56389452332657,1.52129817444219
"2",154,0.3,0.1,0,1000,0.05,2,67.5456389452333,17.8498985801217,8.51926977687627,4.56389452332657,1.52129817444219
"3",154,0.3,0.1,0,1000,0.05,3,17.5456389452333,19.5740365111562,21.3995943204868,20.7910750507099,20.6896551724138
