"","nvar","r","d","het","iter","alpha","strategy","p1","p2","p3","p4","p5"
"1",16,0.9,0.1,0,1000,0.05,1,36.4864864864865,19.3693693693694,18.018018018018,14.4144144144144,11.7117117117117
"2",16,0.9,0.1,0,1000,0.05,2,36.4864864864865,19.3693693693694,18.018018018018,14.4144144144144,11.7117117117117
"3",16,0.9,0.1,0,1000,0.05,3,15.3153153153153,12.1621621621622,22.5225225225225,22.0720720720721,27.9279279279279
