"","nvar","r","d","het","iter","alpha","strategy","p1","p2","p3","p4","p5"
"1",152,0.6,0.1,0,1000,0.05,1,49.936628643853,17.617237008872,13.3079847908745,10.6463878326996,8.49176172370089
"2",152,0.6,0.1,0,1000,0.05,2,49.936628643853,17.617237008872,13.3079847908745,10.6463878326996,8.49176172370089
"3",152,0.6,0.1,0,1000,0.05,3,14.1951837769328,14.702154626109,18.1242078580482,25.2217997465146,27.7566539923954
