"","nvar","r","d","het","iter","alpha","strategy","p1","p2","p3","p4","p5"
"1",144,0.1,0.1,0,1000,0.05,1,81.2812812812813,13.7137137137137,3.4034034034034,1.3013013013013,0.3003003003003
"2",144,0.1,0.1,0,1000,0.05,2,81.2812812812813,13.7137137137137,3.4034034034034,1.3013013013013,0.3003003003003
"3",144,0.1,0.1,0,1000,0.05,3,22.6226226226226,19.8198198198198,20.5205205205205,17.3173173173173,19.7197197197197
