"","nvar","r","d","het","iter","alpha","strategy","p1","p2","p3","p4","p5"
"1",12,0.5,0.1,0,1000,0.05,1,38.0722891566265,20.4819277108434,15.9036144578313,13.4939759036145,12.0481927710843
"2",12,0.5,0.1,0,1000,0.05,2,38.0722891566265,20.4819277108434,15.9036144578313,13.4939759036145,12.0481927710843
"3",12,0.5,0.1,0,1000,0.05,3,21.4457831325301,19.7590361445783,20.7228915662651,20.4819277108434,17.5903614457831
