"","nvar","r","d","het","iter","alpha","strategy","p1","p2","p3","p4","p5"
"1",38,0.2,0.1,0,1000,0.05,1,44.8717948717949,20.6293706293706,15.8508158508159,11.7715617715618,6.87645687645688
"2",38,0.2,0.1,0,1000,0.05,2,44.8717948717949,20.6293706293706,15.8508158508159,11.7715617715618,6.87645687645688
"3",38,0.2,0.1,0,1000,0.05,3,21.4452214452214,18.997668997669,20.7459207459207,20.04662004662,18.7645687645688
