"","nvar","r","d","het","iter","alpha","strategy","p1","p2","p3","p4","p5"
"1",58,0.3,0.3,0,1000,0.05,1,78.046218487395,9.55882352941176,5.46218487394958,3.46638655462185,2.52100840336134
"2",58,0.3,0.3,0,1000,0.05,2,78.046218487395,9.55882352941176,5.46218487394958,3.46638655462185,2.52100840336134
"3",58,0.3,0.3,0,1000,0.05,3,35.609243697479,18.4873949579832,16.8067226890756,14.1806722689076,14.7058823529412
