"","nvar","r","d","het","iter","alpha","strategy","p1","p2","p3","p4","p5"
"1",184,0.8,0.1,0,1000,0.05,1,40.8477842003854,16.9556840077071,18.111753371869,12.3314065510597,11.7533718689788
"2",184,0.8,0.1,0,1000,0.05,2,40.8477842003854,16.9556840077071,18.111753371869,12.3314065510597,11.7533718689788
"3",184,0.8,0.1,0,1000,0.05,3,7.12909441233141,10.4046242774566,20.2312138728324,29.0944123314065,33.140655105973
