"","nvar","r","d","het","iter","alpha","strategy","p1","p2","p3","p4","p5"
"1",112,0.4,0.3,0,1000,0.05,1,79.7131147540984,9.22131147540984,6.65983606557377,2.66393442622951,1.22950819672131
"2",112,0.4,0.3,0,1000,0.05,2,79.7131147540984,9.22131147540984,6.65983606557377,2.66393442622951,1.22950819672131
"3",112,0.4,0.3,0,1000,0.05,3,32.0696721311475,19.1598360655738,17.6229508196721,15.0614754098361,16.0860655737705
