"","nvar","r","d","het","iter","alpha","strategy","p1","p2","p3","p4","p5"
"1",180,0.3,0.3,0,1000,0.05,1,88.6773547094188,7.11422845691383,1.70340681362725,1.30260521042084,0.200400801603206
"2",180,0.3,0.3,0,1000,0.05,2,88.6773547094188,7.11422845691383,1.70340681362725,1.30260521042084,0.200400801603206
"3",180,0.3,0.3,0,1000,0.05,3,34.2685370741483,19.5390781563126,18.937875751503,12.625250501002,14.2284569138277
