"","nvar","r","d","het","iter","alpha","strategy","p1","p2","p3","p4","p5"
"1",52,0.5,0.3,0,1000,0.05,1,69.8002350176263,12.6909518213866,7.52056404230317,5.64042303172738,3.76028202115159
"2",52,0.5,0.3,0,1000,0.05,2,69.8002350176263,12.6909518213866,7.52056404230317,5.64042303172738,3.76028202115159
"3",52,0.5,0.3,0,1000,0.05,3,30.7873090481786,19.2714453584019,16.9212690951821,17.978848413631,14.6886016451234
