"","nvar","r","d","het","iter","alpha","strategy","p1","p2","p3","p4","p5"
"1",184,0.5,0.3,0,1000,0.05,1,80.226570545829,9.26879505664264,4.84037075180227,3.50154479917611,1.64778578784758
"2",184,0.5,0.3,0,1000,0.05,2,80.226570545829,9.26879505664264,4.84037075180227,3.50154479917611,1.64778578784758
"3",184,0.5,0.3,0,1000,0.05,3,30.7929969104016,18.4346035015448,19.0525231719876,15.9629248197734,15.653964984552
