"","nvar","r","d","het","iter","alpha","strategy","p1","p2","p3","p4","p5"
"1",172,0.2,0.3,0,1000,0.05,1,93.3933933933934,4.5045045045045,1.4014014014014,0.2002002002002,0.1001001001001
"2",172,0.2,0.3,0,1000,0.05,2,93.3933933933934,4.5045045045045,1.4014014014014,0.2002002002002,0.1001001001001
"3",172,0.2,0.3,0,1000,0.05,3,35.5355355355355,19.5195195195195,14.8148148148148,16.2162162162162,13.9139139139139
