"","nvar","r","d","het","iter","alpha","strategy","p1","p2","p3","p4","p5"
"1",180,0.3,0.1,0,1000,0.05,1,70.0502512562814,18.391959798995,7.33668341708543,3.31658291457286,0.904522613065327
"2",180,0.3,0.1,0,1000,0.05,2,70.0502512562814,18.391959798995,7.33668341708543,3.31658291457286,0.904522613065327
"3",180,0.3,0.1,0,1000,0.05,3,19.6984924623116,21.0050251256281,19.5979899497487,19.3969849246231,20.3015075376884
