"","nvar","r","d","het","iter","alpha","strategy","p1","p2","p3","p4","p5"
"1",186,0.9,0.2,0,1000,0.05,1,51.673640167364,16.7364016736402,12.3430962343096,9.6234309623431,9.6234309623431
"2",186,0.9,0.2,0,1000,0.05,2,51.673640167364,16.7364016736402,12.3430962343096,9.6234309623431,9.6234309623431
"3",186,0.9,0.2,0,1000,0.05,3,18.6192468619247,12.5523012552301,11.5062761506276,22.8033472803347,34.5188284518828
