"","nvar","r","d","het","iter","alpha","strategy","p1","p2","p3","p4","p5"
"1",12,0.4,0.2,0,1000,0.05,1,52.8013582342954,20.0339558573854,12.9032258064516,8.31918505942275,5.94227504244482
"2",12,0.4,0.2,0,1000,0.05,2,52.8013582342954,20.0339558573854,12.9032258064516,8.31918505942275,5.94227504244482
"3",12,0.4,0.2,0,1000,0.05,3,29.0322580645161,23.9388794567063,19.8641765704584,13.4125636672326,13.7521222410866
