"","nvar","r","d","het","iter","alpha","strategy","p1","p2","p3","p4","p5"
"1",40,0.5,0.1,0,1000,0.05,1,44.4790046656299,18.3514774494557,13.3748055987558,12.9082426127527,10.8864696734059
"2",40,0.5,0.1,0,1000,0.05,2,44.4790046656299,18.3514774494557,13.3748055987558,12.9082426127527,10.8864696734059
"3",40,0.5,0.1,0,1000,0.05,3,16.796267496112,16.6407465007776,18.0404354587869,22.0839813374806,26.4385692068429
