"","nvar","r","d","het","iter","alpha","strategy","p1","p2","p3","p4","p5"
"1",68,0.4,0.2,0,1000,0.05,1,60.8315098468271,16.9584245076586,11.7067833698031,6.78336980306346,3.61050328227571
"2",68,0.4,0.2,0,1000,0.05,2,60.8315098468271,16.9584245076586,11.7067833698031,6.78336980306346,3.61050328227571
"3",68,0.4,0.2,0,1000,0.05,3,21.6630196936543,17.5054704595186,22.1006564551422,21.3347921225383,17.3960612691466
