"","nvar","r","d","het","iter","alpha","strategy","p1","p2","p3","p4","p5"
"1",10,0.1,0.3,0,1000,0.05,1,64.713216957606,14.4638403990025,8.85286783042394,6.23441396508728,5.36159600997506
"2",10,0.1,0.3,0,1000,0.05,2,64.713216957606,14.4638403990025,8.85286783042394,6.23441396508728,5.36159600997506
"3",10,0.1,0.3,0,1000,0.05,3,42.7680798004988,17.7057356608479,12.5935162094763,14.9625935162095,11.8453865336658
