"","nvar","r","d","het","iter","alpha","strategy","p1","p2","p3","p4","p5"
"1",54,0,0.2,0,1000,0.05,1,79.8994974874372,11.9597989949749,4.92462311557789,2.41206030150754,0.603015075376884
"2",54,0,0.2,0,1000,0.05,2,79.8994974874372,11.9597989949749,4.92462311557789,2.41206030150754,0.603015075376884
"3",54,0,0.2,0,1000,0.05,3,31.356783919598,20.8040201005025,18.7939698492462,14.3718592964824,14.6733668341709
