"","nvar","r","d","het","iter","alpha","strategy","p1","p2","p3","p4","p5"
"1",78,0.7,0.3,0,1000,0.05,1,63.6849132176235,14.8197596795728,9.74632843791722,4.93991989319092,5.74098798397864
"2",78,0.7,0.3,0,1000,0.05,2,63.6849132176235,14.8197596795728,9.74632843791722,4.93991989319092,5.74098798397864
"3",78,0.7,0.3,0,1000,0.05,3,26.1682242990654,18.6915887850467,17.0894526034713,16.6889185580774,21.0947930574099
