"","nvar","r","d","het","iter","alpha","strategy","p1","p2","p3","p4","p5"
"1",42,0.3,0.2,0,1000,0.05,1,63.4118967452301,16.1616161616162,9.76430976430976,6.50953984287318,4.04040404040404
"2",42,0.3,0.2,0,1000,0.05,2,63.4118967452301,16.1616161616162,9.76430976430976,6.50953984287318,4.04040404040404
"3",42,0.3,0.2,0,1000,0.05,3,27.8338945005612,19.304152637486,18.6307519640853,16.7227833894501,17.3961840628507
