"","nvar","r","d","het","iter","alpha","strategy","p1","p2","p3","p4","p5"
"1",16,0.2,0.3,0,1000,0.05,1,68.6549707602339,11.9298245614035,7.01754385964912,6.31578947368421,5.49707602339181
"2",16,0.2,0.3,0,1000,0.05,2,68.6549707602339,11.9298245614035,7.01754385964912,6.31578947368421,5.49707602339181
"3",16,0.2,0.3,0,1000,0.05,3,40.5847953216374,18.1286549707602,13.0994152046784,15.3216374269006,12.6315789473684
