"","nvar","r","d","het","iter","alpha","strategy","p1","p2","p3","p4","p5"
"1",150,0.6,0.2,0,1000,0.05,1,61.8990384615385,16.2259615384615,10.3365384615385,7.45192307692308,3.96634615384615
"2",150,0.6,0.2,0,1000,0.05,2,61.8990384615385,16.2259615384615,10.3365384615385,7.45192307692308,3.96634615384615
"3",150,0.6,0.2,0,1000,0.05,3,19.9519230769231,20.1923076923077,19.2307692307692,19.7115384615385,20.9134615384615
