"","nvar","r","d","het","iter","alpha","strategy","p1","p2","p3","p4","p5"
"1",66,0.2,0.3,0,1000,0.05,1,82.4064711830131,9.50455005055612,4.14560161779575,2.12335692618807,1.61779575328615
"2",66,0.2,0.3,0,1000,0.05,2,82.4064711830131,9.50455005055612,4.14560161779575,2.12335692618807,1.61779575328615
"3",66,0.2,0.3,0,1000,0.05,3,35.5915065722952,17.0879676440849,16.1779575328615,13.953488372093,17.1890798786653
