"","nvar","r","d","het","iter","alpha","strategy","p1","p2","p3","p4","p5"
"1",86,0,0.1,0,1000,0.05,1,76.2286860581745,16.148445336008,5.61685055165496,1.50451354062187,0.501504513540622
"2",86,0,0.1,0,1000,0.05,2,76.2286860581745,16.148445336008,5.61685055165496,1.50451354062187,0.501504513540622
"3",86,0,0.1,0,1000,0.05,3,25.1755265797392,18.7562688064193,17.9538615847543,19.7592778335005,18.3550651955868
