"","nvar","r","d","het","iter","alpha","strategy","p1","p2","p3","p4","p5"
"1",58,0.8,0.1,0,1000,0.05,1,39.5778364116095,21.1081794195251,13.1926121372032,13.9841688654354,12.1372031662269
"2",58,0.8,0.1,0,1000,0.05,2,39.5778364116095,21.1081794195251,13.1926121372032,13.9841688654354,12.1372031662269
"3",58,0.8,0.1,0,1000,0.05,3,10.2902374670185,15.5672823218997,17.4142480211082,26.1213720316623,30.6068601583113
