"","nvar","r","d","het","iter","alpha","strategy","p1","p2","p3","p4","p5"
"1",32,0.8,0.2,0,1000,0.05,1,52.9157667386609,16.1987041036717,14.0388768898488,9.93520518358531,6.91144708423326
"2",32,0.8,0.2,0,1000,0.05,2,52.9157667386609,16.1987041036717,14.0388768898488,9.93520518358531,6.91144708423326
"3",32,0.8,0.2,0,1000,0.05,3,20.9503239740821,17.4946004319654,18.1425485961123,20.9503239740821,22.4622030237581
