"","nvar","r","d","het","iter","alpha","strategy","p1","p2","p3","p4","p5"
"1",184,0.3,0.1,0,1000,0.05,1,72.5529767911201,17.255297679112,7.36629667003027,2.01816347124117,0.807265388496468
"2",184,0.3,0.1,0,1000,0.05,2,72.5529767911201,17.255297679112,7.36629667003027,2.01816347124117,0.807265388496468
"3",184,0.3,0.1,0,1000,0.05,3,19.8789101917255,21.3925327951564,20.1816347124117,18.4661957618567,20.0807265388496
