"","nvar","r","d","het","iter","alpha","strategy","p1","p2","p3","p4","p5"
"1",48,0.1,0.2,0,1000,0.05,1,72.7178423236515,13.6929460580913,7.15767634854772,3.94190871369295,2.38589211618257
"2",48,0.1,0.2,0,1000,0.05,2,72.7178423236515,13.6929460580913,7.15767634854772,3.94190871369295,2.38589211618257
"3",48,0.1,0.2,0,1000,0.05,3,28.8381742738589,19.6058091286307,18.7759336099585,16.3900414937759,16.3900414937759
