"","nvar","r","d","het","iter","alpha","strategy","p1","p2","p3","p4","p5"
"1",62,0,0.1,0,1000,0.05,1,64.8484848484848,19.1919191919192,9.5959595959596,4.34343434343434,2.02020202020202
"2",62,0,0.1,0,1000,0.05,2,64.8484848484848,19.1919191919192,9.5959595959596,4.34343434343434,2.02020202020202
"3",62,0,0.1,0,1000,0.05,3,25.2525252525253,19.5959595959596,19.1919191919192,17.3737373737374,18.5858585858586
