"","nvar","r","d","het","iter","alpha","strategy","p1","p2","p3","p4","p5"
"1",186,0.4,0.1,0,1000,0.05,1,62.111801242236,19.047619047619,10.6625258799172,5.79710144927536,2.38095238095238
"2",186,0.4,0.1,0,1000,0.05,2,62.111801242236,19.047619047619,10.6625258799172,5.79710144927536,2.38095238095238
"3",186,0.4,0.1,0,1000,0.05,3,16.4596273291925,18.4265010351967,21.5320910973085,21.7391304347826,21.8426501035197
