"","nvar","r","d","het","iter","alpha","strategy","p1","p2","p3","p4","p5"
"1",122,0.2,0.1,0,1000,0.05,1,70.7831325301205,17.9718875502008,7.0281124497992,3.4136546184739,0.803212851405622
"2",122,0.2,0.1,0,1000,0.05,2,70.7831325301205,17.9718875502008,7.0281124497992,3.4136546184739,0.803212851405622
"3",122,0.2,0.1,0,1000,0.05,3,20.9839357429719,19.3775100401606,18.6746987951807,20.3815261044177,20.5823293172691
