"","nvar","r","d","het","iter","alpha","strategy","p1","p2","p3","p4","p5"
"1",148,0.9,0.1,0,1000,0.05,1,41.042345276873,17.9153094462541,14.0065146579805,15.6351791530945,11.400651465798
"2",148,0.9,0.1,0,1000,0.05,2,41.042345276873,17.9153094462541,14.0065146579805,15.6351791530945,11.400651465798
"3",148,0.9,0.1,0,1000,0.05,3,10.4234527687296,10.0977198697068,17.2638436482085,26.3843648208469,35.8306188925081
