"","nvar","r","d","het","iter","alpha","strategy","p1","p2","p3","p4","p5"
"1",140,0.5,0.3,0,1000,0.05,1,78.3209351753454,9.56429330499469,6.05738575982997,3.40063761955367,1.80658873538789
"2",140,0.5,0.3,0,1000,0.05,2,78.3209351753454,9.56429330499469,6.05738575982997,3.40063761955367,1.80658873538789
"3",140,0.5,0.3,0,1000,0.05,3,29.2242295430393,14.240170031881,17.8533475026567,19.1285866099894,19.5536663124336
