"","nvar","r","d","het","iter","alpha","strategy","p1","p2","p3","p4","p5"
"1",56,0.1,0.2,0,1000,0.05,1,76.278118609407,14.2126789366053,5.52147239263804,2.04498977505112,1.84049079754601
"2",56,0.1,0.2,0,1000,0.05,2,76.278118609407,14.2126789366053,5.52147239263804,2.04498977505112,1.84049079754601
"3",56,0.1,0.2,0,1000,0.05,3,30.3680981595092,20.3476482617587,17.9959100204499,16.1554192229039,15.1329243353783
