"","nvar","r","d","het","iter","alpha","strategy","p1","p2","p3","p4","p5"
"1",108,0.4,0.1,0,1000,0.05,1,59.1397849462366,16.989247311828,12.0430107526882,7.63440860215054,4.19354838709677
"2",108,0.4,0.1,0,1000,0.05,2,59.1397849462366,16.989247311828,12.0430107526882,7.63440860215054,4.19354838709677
"3",108,0.4,0.1,0,1000,0.05,3,18.9247311827957,18.1720430107527,20.1075268817204,22.5806451612903,20.2150537634409
