"","nvar","r","d","het","iter","alpha","strategy","p1","p2","p3","p4","p5"
"1",42,0.4,0.1,0,1000,0.05,1,41.4507772020725,20.9844559585492,17.2279792746114,10.7512953367876,9.58549222797927
"2",42,0.4,0.1,0,1000,0.05,2,41.4507772020725,20.9844559585492,17.2279792746114,10.7512953367876,9.58549222797927
"3",42,0.4,0.1,0,1000,0.05,3,16.4507772020725,18.7823834196891,21.2435233160622,20.8549222797927,22.6683937823834
