"","nvar","r","d","het","iter","alpha","strategy","p1","p2","p3","p4","p5"
"1",102,0.5,0.2,0,1000,0.05,1,64.3020594965675,14.7597254004577,9.61098398169336,6.40732265446224,4.91990846681922
"2",102,0.5,0.2,0,1000,0.05,2,64.3020594965675,14.7597254004577,9.61098398169336,6.40732265446224,4.91990846681922
"3",102,0.5,0.2,0,1000,0.05,3,21.6247139588101,21.1670480549199,16.4759725400458,18.7643020594966,21.9679633867277
