"","nvar","r","d","het","iter","alpha","strategy","p1","p2","p3","p4","p5"
"1",20,0.4,0.3,0,1000,0.05,1,66.9620253164557,11.7721518987342,9.49367088607595,6.70886075949367,3.79746835443038
"2",20,0.4,0.3,0,1000,0.05,2,66.9620253164557,11.7721518987342,9.49367088607595,6.70886075949367,3.79746835443038
"3",20,0.4,0.3,0,1000,0.05,3,35.3164556962025,17.4683544303797,15.9493670886076,18.6075949367089,12.1518987341772
