"","nvar","r","d","het","iter","alpha","strategy","p1","p2","p3","p4","p5"
"1",128,0.2,0.1,0,1000,0.05,1,72.2444889779559,18.1362725450902,6.312625250501,2.80561122244489,0.501002004008016
"2",128,0.2,0.1,0,1000,0.05,2,72.2444889779559,18.1362725450902,6.312625250501,2.80561122244489,0.501002004008016
"3",128,0.2,0.1,0,1000,0.05,3,20.9418837675351,22.0440881763527,20.8416833667335,19.6392785571142,16.5330661322645
