"","nvar","r","d","het","iter","alpha","strategy","p1","p2","p3","p4","p5"
"1",94,0.9,0.2,0,1000,0.05,1,52.7352297592998,17.7242888402626,11.8161925601751,8.53391684901532,9.19037199124726
"2",94,0.9,0.2,0,1000,0.05,2,52.7352297592998,17.7242888402626,11.8161925601751,8.53391684901532,9.19037199124726
"3",94,0.9,0.2,0,1000,0.05,3,23.8512035010941,12.253829321663,17.2866520787746,18.3807439824945,28.2275711159737
