"","nvar","r","d","het","iter","alpha","strategy","p1","p2","p3","p4","p5"
"1",140,0.9,0.2,0,1000,0.05,1,51.9823788546256,17.6211453744493,8.14977973568282,12.9955947136564,9.2511013215859
"2",140,0.9,0.2,0,1000,0.05,2,51.9823788546256,17.6211453744493,8.14977973568282,12.9955947136564,9.2511013215859
"3",140,0.9,0.2,0,1000,0.05,3,18.5022026431718,13.215859030837,15.6387665198238,25.5506607929515,27.0925110132159
