"","nvar","r","d","het","iter","alpha","strategy","p1","p2","p3","p4","p5"
"1",52,0.6,0.3,0,1000,0.05,1,67.9151061173533,11.2359550561798,9.98751560549313,6.11735330836454,3.87016229712859
"2",52,0.6,0.3,0,1000,0.05,2,67.9151061173533,11.2359550561798,9.98751560549313,6.11735330836454,3.87016229712859
"3",52,0.6,0.3,0,1000,0.05,3,28.9637952559301,16.354556803995,18.8514357053683,17.6029962546816,18.1023720349563
