"","nvar","r","d","het","iter","alpha","strategy","p1","p2","p3","p4","p5"
"1",164,0.5,0.2,0,1000,0.05,1,68.0716543730242,13.3825079030558,8.64067439409905,5.05795574288725,4.84720758693361
"2",164,0.5,0.2,0,1000,0.05,2,68.0716543730242,13.3825079030558,8.64067439409905,5.05795574288725,4.84720758693361
"3",164,0.5,0.2,0,1000,0.05,3,24.0252897787144,17.0706006322445,18.1243414120126,18.3350895679663,22.4446786090622
