"","nvar","r","d","het","iter","alpha","strategy","p1","p2","p3","p4","p5"
"1",56,0.3,0.2,0,1000,0.05,1,65.5471289274106,16.1430119176598,9.534127843987,5.63380281690141,2.92524377031419
"2",56,0.3,0.2,0,1000,0.05,2,65.5471289274106,16.1430119176598,9.534127843987,5.63380281690141,2.92524377031419
"3",56,0.3,0.2,0,1000,0.05,3,28.2773564463705,17.8764897074756,19.284940411701,17.0097508125677,17.5514626218852
