"","nvar","r","d","het","iter","alpha","strategy","p1","p2","p3","p4","p5"
"1",110,0.3,0.1,0,1000,0.05,1,60.7253886010363,19.0673575129534,10.9844559585492,5.90673575129534,3.3160621761658
"2",110,0.3,0.1,0,1000,0.05,2,60.7253886010363,19.0673575129534,10.9844559585492,5.90673575129534,3.3160621761658
"3",110,0.3,0.1,0,1000,0.05,3,18.7564766839378,18.2383419689119,21.8652849740933,20.3108808290155,20.8290155440415
