"","nvar","r","d","het","iter","alpha","strategy","p1","p2","p3","p4","p5"
"1",160,0.6,0.3,0,1000,0.05,1,73.2807215332582,13.1905298759865,6.31341600901917,3.60766629086809,2.59301014656144
"2",160,0.6,0.3,0,1000,0.05,2,73.2807215332582,13.1905298759865,6.31341600901917,3.60766629086809,2.59301014656144
"3",160,0.6,0.3,0,1000,0.05,3,30.7779030439684,17.4746335963923,15.6708004509583,19.2784667418264,16.3472378804961
