"","nvar","r","d","het","iter","alpha","strategy","p1","p2","p3","p4","p5"
"1",20,0.6,0.3,0,1000,0.05,1,64.2356241234222,15.2875175315568,8.835904628331,5.61009817671809,5.32959326788219
"2",20,0.6,0.3,0,1000,0.05,2,64.2356241234222,15.2875175315568,8.835904628331,5.61009817671809,5.32959326788219
"3",20,0.6,0.3,0,1000,0.05,3,34.9228611500701,16.2692847124825,17.531556802244,14.8667601683029,16.1290322580645
