"","nvar","r","d","het","iter","alpha","strategy","p1","p2","p3","p4","p5"
"1",170,0.4,0.1,0,1000,0.05,1,61.7043121149897,18.1724845995893,10.9856262833676,5.3388090349076,3.79876796714579
"2",170,0.4,0.1,0,1000,0.05,2,61.7043121149897,18.1724845995893,10.9856262833676,5.3388090349076,3.79876796714579
"3",170,0.4,0.1,0,1000,0.05,3,18.0698151950719,18.1724845995893,18.3778234086242,21.3552361396304,24.0246406570842
