"","nvar","r","d","het","iter","alpha","strategy","p1","p2","p3","p4","p5"
"1",116,0.4,0.1,0,1000,0.05,1,55.0161812297735,19.7411003236246,11.6504854368932,8.84573894282632,4.74649406688242
"2",116,0.4,0.1,0,1000,0.05,2,55.0161812297735,19.7411003236246,11.6504854368932,8.84573894282632,4.74649406688242
"3",116,0.4,0.1,0,1000,0.05,3,17.5836030204962,18.4466019417476,20.7119741100324,22.0064724919094,21.2513484358145
