"","nvar","r","d","het","iter","alpha","strategy","p1","p2","p3","p4","p5"
"1",156,0.5,0.2,0,1000,0.05,1,67.9824561403509,13.4868421052632,9.42982456140351,5.48245614035088,3.61842105263158
"2",156,0.5,0.2,0,1000,0.05,2,67.9824561403509,13.4868421052632,9.42982456140351,5.48245614035088,3.61842105263158
"3",156,0.5,0.2,0,1000,0.05,3,22.5877192982456,19.1885964912281,18.530701754386,19.6271929824561,20.0657894736842
