"","nvar","r","d","het","iter","alpha","strategy","p1","p2","p3","p4","p5"
"1",78,0.5,0.1,0,1000,0.05,1,47.3548387096774,18.8387096774194,16.5161290322581,10.3225806451613,6.96774193548387
"2",78,0.5,0.1,0,1000,0.05,2,47.3548387096774,18.8387096774194,16.5161290322581,10.3225806451613,6.96774193548387
"3",78,0.5,0.1,0,1000,0.05,3,15.3548387096774,16.7741935483871,21.4193548387097,23.3548387096774,23.0967741935484
