"","nvar","r","d","het","iter","alpha","strategy","p1","p2","p3","p4","p5"
"1",34,0.8,0.2,0,1000,0.05,1,54.3137254901961,17.2549019607843,12.156862745098,9.41176470588235,6.86274509803922
"2",34,0.8,0.2,0,1000,0.05,2,54.3137254901961,17.2549019607843,12.156862745098,9.41176470588235,6.86274509803922
"3",34,0.8,0.2,0,1000,0.05,3,23.5294117647059,17.6470588235294,17.843137254902,20.9803921568627,20
