"","nvar","r","d","het","iter","alpha","strategy","p1","p2","p3","p4","p5"
"1",122,0.8,0.2,0,1000,0.05,1,55.2264808362369,14.1114982578397,12.7177700348432,8.88501742160279,9.05923344947735
"2",122,0.8,0.2,0,1000,0.05,2,55.2264808362369,14.1114982578397,12.7177700348432,8.88501742160279,9.05923344947735
"3",122,0.8,0.2,0,1000,0.05,3,17.595818815331,14.4599303135889,16.7247386759582,22.6480836236934,28.5714285714286
