"","nvar","r","d","het","iter","alpha","strategy","p1","p2","p3","p4","p5"
"1",200,0.2,0.1,0,1000,0.05,1,82.0820820820821,13.3133133133133,3.4034034034034,0.900900900900901,0.3003003003003
"2",200,0.2,0.1,0,1000,0.05,2,82.0820820820821,13.3133133133133,3.4034034034034,0.900900900900901,0.3003003003003
"3",200,0.2,0.1,0,1000,0.05,3,19.5195195195195,19.5195195195195,22.9229229229229,18.7187187187187,19.3193193193193
