"","nvar","r","d","het","iter","alpha","strategy","p1","p2","p3","p4","p5"
"1",114,0.2,0.1,0,1000,0.05,1,71.4429868819374,17.3562058526741,6.5590312815338,3.02724520686176,1.61453077699294
"2",114,0.2,0.1,0,1000,0.05,2,71.4429868819374,17.3562058526741,6.5590312815338,3.02724520686176,1.61453077699294
"3",114,0.2,0.1,0,1000,0.05,3,21.6952573158426,20.5852674066599,18.3652875882947,18.7689202825429,20.5852674066599
