"","nvar","r","d","het","iter","alpha","strategy","p1","p2","p3","p4","p5"
"1",114,0.5,0.2,0,1000,0.05,1,66.5914221218962,13.2054176072235,9.59367945823928,6.4334085778781,4.06320541760722
"2",114,0.5,0.2,0,1000,0.05,2,66.5914221218962,13.2054176072235,9.59367945823928,6.4334085778781,4.06320541760722
"3",114,0.5,0.2,0,1000,0.05,3,22.7990970654628,19.8645598194131,18.8487584650113,20.5417607223476,17.9458239277652
