"","nvar","r","d","het","iter","alpha","strategy","p1","p2","p3","p4","p5"
"1",50,0.4,0.2,0,1000,0.05,1,61.9103773584906,15.3301886792453,9.90566037735849,8.13679245283019,4.71698113207547
"2",50,0.4,0.2,0,1000,0.05,2,61.9103773584906,15.3301886792453,9.90566037735849,8.13679245283019,4.71698113207547
"3",50,0.4,0.2,0,1000,0.05,3,25.9433962264151,17.9245283018868,19.2216981132075,20.1650943396226,16.7452830188679
