"","nvar","r","d","het","iter","alpha","strategy","p1","p2","p3","p4","p5"
"1",190,0.4,0.1,0,1000,0.05,1,63.8319672131148,18.75,9.63114754098361,5.43032786885246,2.35655737704918
"2",190,0.4,0.1,0,1000,0.05,2,63.8319672131148,18.75,9.63114754098361,5.43032786885246,2.35655737704918
"3",190,0.4,0.1,0,1000,0.05,3,17.0081967213115,18.4426229508197,20.7991803278689,18.8524590163934,24.8975409836066
