"","nvar","r","d","het","iter","alpha","strategy","p1","p2","p3","p4","p5"
"1",116,0.2,0.2,0,1000,0.05,1,82.2110552763819,11.2562814070352,3.51758793969849,2.1105527638191,0.904522613065327
"2",116,0.2,0.2,0,1000,0.05,2,82.2110552763819,11.2562814070352,3.51758793969849,2.1105527638191,0.904522613065327
"3",116,0.2,0.2,0,1000,0.05,3,24.8241206030151,21.7085427135678,19.3969849246231,18.2914572864322,15.7788944723618
