"","nvar","r","d","het","iter","alpha","strategy","p1","p2","p3","p4","p5"
"1",128,0.5,0.1,0,1000,0.05,1,50.6343713956171,17.9930795847751,12.4567474048443,10.3806228373702,8.53517877739331
"2",128,0.5,0.1,0,1000,0.05,2,50.6343713956171,17.9930795847751,12.4567474048443,10.3806228373702,8.53517877739331
"3",128,0.5,0.1,0,1000,0.05,3,13.7254901960784,20.6459054209919,19.1464821222607,22.9527104959631,23.5294117647059
