"","nvar","r","d","het","iter","alpha","strategy","p1","p2","p3","p4","p5"
"1",130,0.5,0.2,0,1000,0.05,1,63.7350705754614,14.5494028230185,10.0977198697068,6.94896851248643,4.66883821932682
"2",130,0.5,0.2,0,1000,0.05,2,63.7350705754614,14.5494028230185,10.0977198697068,6.94896851248643,4.66883821932682
"3",130,0.5,0.2,0,1000,0.05,3,21.7155266015201,17.2638436482085,19.7611292073833,20.5211726384365,20.7383279044517
