"","nvar","r","d","het","iter","alpha","strategy","p1","p2","p3","p4","p5"
"1",126,0.5,0.1,0,1000,0.05,1,53.3957845433255,18.9695550351288,12.5292740046838,8.5480093676815,6.55737704918033
"2",126,0.5,0.1,0,1000,0.05,2,53.3957845433255,18.9695550351288,12.5292740046838,8.5480093676815,6.55737704918033
"3",126,0.5,0.1,0,1000,0.05,3,14.4028103044496,18.8524590163934,20.4918032786885,24.2388758782201,22.0140515222482
