"","nvar","r","d","het","iter","alpha","strategy","p1","p2","p3","p4","p5"
"1",146,0.6,0.1,0,1000,0.05,1,48.6180904522613,18.3417085427136,12.3115577889447,11.9346733668342,8.79396984924623
"2",146,0.6,0.1,0,1000,0.05,2,48.6180904522613,18.3417085427136,12.3115577889447,11.9346733668342,8.79396984924623
"3",146,0.6,0.1,0,1000,0.05,3,11.4321608040201,14.6984924623116,22.1105527638191,24.8743718592965,26.8844221105528
