"","nvar","r","d","het","iter","alpha","strategy","p1","p2","p3","p4","p5"
"1",66,0.6,0.3,0,1000,0.05,1,67.8876678876679,12.2100122100122,7.2039072039072,6.47130647130647,5.86080586080586
"2",66,0.6,0.3,0,1000,0.05,2,67.8876678876679,12.2100122100122,7.2039072039072,6.47130647130647,5.86080586080586
"3",66,0.6,0.3,0,1000,0.05,3,31.013431013431,15.1404151404151,15.7509157509158,18.9255189255189,19.047619047619
