"","nvar","r","d","het","iter","alpha","strategy","p1","p2","p3","p4","p5"
"1",64,0.7,0.1,0,1000,0.05,1,40,18.4761904761905,18.8571428571429,12.1904761904762,10.4761904761905
"2",64,0.7,0.1,0,1000,0.05,2,40,18.4761904761905,18.8571428571429,12.1904761904762,10.4761904761905
"3",64,0.7,0.1,0,1000,0.05,3,13.3333333333333,15.047619047619,22.6666666666667,23.047619047619,25.9047619047619
