"","nvar","r","d","het","iter","alpha","strategy","p1","p2","p3","p4","p5"
"1",94,0.8,0.2,0,1000,0.05,1,54.4789762340037,16.4533820840951,11.3345521023766,8.95795246800731,8.77513711151737
"2",94,0.8,0.2,0,1000,0.05,2,54.4789762340037,16.4533820840951,11.3345521023766,8.95795246800731,8.77513711151737
"3",94,0.8,0.2,0,1000,0.05,3,18.4643510054845,15.3564899451554,17.5502742230347,23.0347349177331,25.5941499085923
