"","nvar","r","d","het","iter","alpha","strategy","p1","p2","p3","p4","p5"
"1",50,0.6,0.3,0,1000,0.05,1,66.8316831683168,14.1089108910891,8.66336633663366,4.95049504950495,4.57920792079208
"2",50,0.6,0.3,0,1000,0.05,2,66.8316831683168,14.1089108910891,8.66336633663366,4.95049504950495,4.57920792079208
"3",50,0.6,0.3,0,1000,0.05,3,31.6831683168317,17.6980198019802,16.9554455445545,16.460396039604,16.7079207920792
