"","nvar","r","d","het","iter","alpha","strategy","p1","p2","p3","p4","p5"
"1",106,0.6,0.2,0,1000,0.05,1,62.5964010282776,13.3676092544987,10.1542416452442,7.84061696658098,6.04113110539846
"2",106,0.6,0.2,0,1000,0.05,2,62.5964010282776,13.3676092544987,10.1542416452442,7.84061696658098,6.04113110539846
"3",106,0.6,0.2,0,1000,0.05,3,19.9228791773779,16.8380462724936,19.9228791773779,21.2082262210797,22.107969151671
