"","nvar","r","d","het","iter","alpha","strategy","p1","p2","p3","p4","p5"
"1",30,0.3,0.1,0,1000,0.05,1,44.7988904299584,21.3592233009709,14.1470180305132,11.0957004160888,8.59916782246879
"2",30,0.3,0.1,0,1000,0.05,2,44.7988904299584,21.3592233009709,14.1470180305132,11.0957004160888,8.59916782246879
"3",30,0.3,0.1,0,1000,0.05,3,21.0818307905687,20.9431345353675,19.5561719833564,18.5852981969487,19.8335644937587
