"","nvar","r","d","het","iter","alpha","strategy","p1","p2","p3","p4","p5"
"1",36,0.7,0.2,0,1000,0.05,1,52.2842639593909,19.2893401015228,12.1827411167513,8.46023688663283,7.7834179357022
"2",36,0.7,0.2,0,1000,0.05,2,52.2842639593909,19.2893401015228,12.1827411167513,8.46023688663283,7.7834179357022
"3",36,0.7,0.2,0,1000,0.05,3,20.3045685279188,19.4585448392555,19.2893401015228,19.6277495769882,21.3197969543147
