"","nvar","r","d","het","iter","alpha","strategy","p1","p2","p3","p4","p5"
"1",144,0.4,0.2,0,1000,0.05,1,71.4583333333333,13.4375,8.4375,3.85416666666667,2.70833333333333
"2",144,0.4,0.2,0,1000,0.05,2,71.4583333333333,13.4375,8.4375,3.85416666666667,2.70833333333333
"3",144,0.4,0.2,0,1000,0.05,3,22.9166666666667,16.7708333333333,21.1458333333333,17.8125,21.3541666666667
