"","nvar","r","d","het","iter","alpha","strategy","p1","p2","p3","p4","p5"
"1",110,0.3,0.3,0,1000,0.05,1,81.7356205852674,10.1917255297679,3.22906155398587,2.4217961654894,1.51362260343088
"2",110,0.3,0.3,0,1000,0.05,2,81.7356205852674,10.1917255297679,3.22906155398587,2.4217961654894,1.51362260343088
"3",110,0.3,0.3,0,1000,0.05,3,35.7214934409687,17.0534813319879,15.6407669021191,17.15438950555,14.2280524722503
