"","nvar","r","d","het","iter","alpha","strategy","p1","p2","p3","p4","p5"
"1",60,0.1,0.3,0,1000,0.05,1,86.3590772316951,8.82647943831494,2.60782347041123,0.802407221664995,0.401203610832498
"2",60,0.1,0.3,0,1000,0.05,2,86.3590772316951,8.82647943831494,2.60782347041123,0.802407221664995,0.401203610832498
"3",60,0.1,0.3,0,1000,0.05,3,39.4182547642929,18.6559679037111,13.9418254764293,14.0421263791374,13.741223671013
