"","nvar","r","d","het","iter","alpha","strategy","p1","p2","p3","p4","p5"
"1",90,0.8,0.1,0,1000,0.05,1,42.789598108747,18.4397163120567,14.4208037825059,13.9479905437352,10.4018912529551
"2",90,0.8,0.1,0,1000,0.05,2,42.789598108747,18.4397163120567,14.4208037825059,13.9479905437352,10.4018912529551
"3",90,0.8,0.1,0,1000,0.05,3,10.4018912529551,13.7115839243499,20.5673758865248,24.5862884160757,30.7328605200946
