"","nvar","r","d","het","iter","alpha","strategy","p1","p2","p3","p4","p5"
"1",2,0.2,0.1,0,1000,0.05,1,34.5454545454545,20,16.3636363636364,12.1212121212121,16.969696969697
"2",2,0.2,0.1,0,1000,0.05,2,34.5454545454545,20,16.3636363636364,12.1212121212121,16.969696969697
"3",2,0.2,0.1,0,1000,0.05,3,33.3333333333333,19.3939393939394,16.3636363636364,12.7272727272727,18.1818181818182
