"","nvar","r","d","het","iter","alpha","strategy","p1","p2","p3","p4","p5"
"1",140,0.4,0.2,0,1000,0.05,1,72.3029045643154,14.2116182572614,7.15767634854772,4.149377593361,2.17842323651452
"2",140,0.4,0.2,0,1000,0.05,2,72.3029045643154,14.2116182572614,7.15767634854772,4.149377593361,2.17842323651452
"3",140,0.4,0.2,0,1000,0.05,3,25.3112033195021,19.0871369294606,17.5311203319502,19.2946058091286,18.7759336099585
