"","nvar","r","d","het","iter","alpha","strategy","p1","p2","p3","p4","p5"
"1",70,0.5,0.3,0,1000,0.05,1,71.5871254162042,12.7635960044395,5.43840177580466,4.99445061043285,4.21753607103219
"2",70,0.5,0.3,0,1000,0.05,2,71.5871254162042,12.7635960044395,5.43840177580466,4.99445061043285,4.21753607103219
"3",70,0.5,0.3,0,1000,0.05,3,29.7447280799112,19.7558268590455,14.2064372918979,17.5360710321865,18.645948945616
