"","nvar","r","d","het","iter","alpha","strategy","p1","p2","p3","p4","p5"
"1",14,0.1,0.3,0,1000,0.05,1,67.8200692041522,13.4948096885813,9.68858131487889,4.26758938869665,4.1522491349481
"2",14,0.1,0.3,0,1000,0.05,2,67.8200692041522,13.4948096885813,9.68858131487889,4.26758938869665,4.1522491349481
"3",14,0.1,0.3,0,1000,0.05,3,40.3690888119954,19.2618223760092,16.6089965397924,11.7647058823529,11.8800461361015
