"","nvar","r","d","het","iter","alpha","strategy","p1","p2","p3","p4","p5"
"1",14,0,0.1,0,1000,0.05,1,39.6284829721362,19.969040247678,17.3374613003096,12.0743034055728,10.9907120743034
"2",14,0,0.1,0,1000,0.05,2,39.6284829721362,19.969040247678,17.3374613003096,12.0743034055728,10.9907120743034
"3",14,0,0.1,0,1000,0.05,3,26.9349845201238,18.7306501547988,19.1950464396285,17.3374613003096,17.8018575851393
