"","nvar","r","d","het","iter","alpha","strategy","p1","p2","p3","p4","p5"
"1",124,0.5,0.2,0,1000,0.05,1,64.9122807017544,15.8991228070175,8.7719298245614,6.35964912280702,3.94736842105263
"2",124,0.5,0.2,0,1000,0.05,2,64.9122807017544,15.8991228070175,8.7719298245614,6.35964912280702,3.94736842105263
"3",124,0.5,0.2,0,1000,0.05,3,20.9429824561404,19.2982456140351,19.0789473684211,20.1754385964912,20.5043859649123
