"","nvar","r","d","het","iter","alpha","strategy","p1","p2","p3","p4","p5"
"1",170,0.4,0.2,0,1000,0.05,1,73.4631147540984,14.4467213114754,6.76229508196721,3.27868852459016,2.04918032786885
"2",170,0.4,0.2,0,1000,0.05,2,73.4631147540984,14.4467213114754,6.76229508196721,3.27868852459016,2.04918032786885
"3",170,0.4,0.2,0,1000,0.05,3,22.3360655737705,20.594262295082,18.2377049180328,19.7745901639344,19.0573770491803
