"","nvar","r","d","het","iter","alpha","strategy","p1","p2","p3","p4","p5"
"1",80,0.7,0.3,0,1000,0.05,1,62.7096774193548,14.3225806451613,9.03225806451613,7.35483870967742,5.29032258064516
"2",80,0.7,0.3,0,1000,0.05,2,62.7096774193548,14.3225806451613,9.03225806451613,7.35483870967742,5.29032258064516
"3",80,0.7,0.3,0,1000,0.05,3,28.258064516129,17.9354838709677,14.1935483870968,19.0967741935484,19.741935483871
