"","nvar","r","d","het","iter","alpha","strategy","p1","p2","p3","p4","p5"
"1",190,0.7,0.1,0,1000,0.05,1,47.8915662650602,17.7710843373494,14.0060240963855,12.9518072289157,7.37951807228916
"2",190,0.7,0.1,0,1000,0.05,2,47.8915662650602,17.7710843373494,14.0060240963855,12.9518072289157,7.37951807228916
"3",190,0.7,0.1,0,1000,0.05,3,10.9939759036145,15.8132530120482,20.0301204819277,23.4939759036145,29.6686746987952
