"","nvar","r","d","het","iter","alpha","strategy","p1","p2","p3","p4","p5"
"1",194,0.6,0.1,0,1000,0.05,1,49.3444576877235,19.6662693682956,13.5876042908224,9.53516090584029,7.86650774731824
"2",194,0.6,0.1,0,1000,0.05,2,49.3444576877235,19.6662693682956,13.5876042908224,9.53516090584029,7.86650774731824
"3",194,0.6,0.1,0,1000,0.05,3,11.0846245530393,13.5876042908224,20.6197854588796,23.9570917759237,30.7508939213349
