"","nvar","r","d","het","iter","alpha","strategy","p1","p2","p3","p4","p5"
"1",88,0.1,0.1,0,1000,0.05,1,71.225937183384,16.3120567375887,7.70010131712259,3.03951367781155,1.72239108409321
"2",88,0.1,0.1,0,1000,0.05,2,71.225937183384,16.3120567375887,7.70010131712259,3.03951367781155,1.72239108409321
"3",88,0.1,0.1,0,1000,0.05,3,22.5937183383992,20.7700101317123,20.0607902735562,17.0212765957447,19.5542046605876
