"","nvar","r","d","het","iter","alpha","strategy","p1","p2","p3","p4","p5"
"1",124,0.8,0.2,0,1000,0.05,1,52.5663716814159,15.929203539823,11.1504424778761,12.7433628318584,7.61061946902655
"2",124,0.8,0.2,0,1000,0.05,2,52.5663716814159,15.929203539823,11.1504424778761,12.7433628318584,7.61061946902655
"3",124,0.8,0.2,0,1000,0.05,3,16.4601769911504,14.5132743362832,19.8230088495575,24.7787610619469,24.4247787610619
