"","nvar","r","d","het","iter","alpha","strategy","p1","p2","p3","p4","p5"
"1",104,0,0.2,0,1000,0.05,1,93.2932932932933,5.50550550550551,0.800800800800801,0.3003003003003,0.1001001001001
"2",104,0,0.2,0,1000,0.05,2,93.2932932932933,5.50550550550551,0.800800800800801,0.3003003003003,0.1001001001001
"3",104,0,0.2,0,1000,0.05,3,31.7317317317317,20.5205205205205,19.1191191191191,14.014014014014,14.6146146146146
