"","nvar","r","d","het","iter","alpha","strategy","p1","p2","p3","p4","p5"
"1",164,0.5,0.1,0,1000,0.05,1,53.3260632497274,17.9934569247546,12.5408942202835,9.70556161395856,6.4340239912759
"2",164,0.5,0.1,0,1000,0.05,2,53.3260632497274,17.9934569247546,12.5408942202835,9.70556161395856,6.4340239912759
"3",164,0.5,0.1,0,1000,0.05,3,15.0490730643402,16.030534351145,17.6663031624864,23.8822246455834,27.3718647764449
