"","nvar","r","d","het","iter","alpha","strategy","p1","p2","p3","p4","p5"
"1",174,0.6,0.3,0,1000,0.05,1,69.3512304250559,12.5279642058166,7.94183445190157,4.58612975391499,4.58612975391499
"2",174,0.6,0.3,0,1000,0.05,2,69.3512304250559,12.5279642058166,7.94183445190157,4.58612975391499,4.58612975391499
"3",174,0.6,0.3,0,1000,0.05,3,29.082774049217,18.6800894854586,16.8903803131991,17.0022371364653,18.2326621923937
