"","nvar","r","d","het","iter","alpha","strategy","p1","p2","p3","p4","p5"
"1",78,0.5,0.3,0,1000,0.05,1,70.7126948775056,11.9153674832962,7.90645879732739,5.456570155902,3.34075723830735
"2",78,0.5,0.3,0,1000,0.05,2,70.7126948775056,11.9153674832962,7.90645879732739,5.456570155902,3.34075723830735
"3",78,0.5,0.3,0,1000,0.05,3,30.6236080178174,18.1514476614699,16.369710467706,17.706013363029,16.9265033407572
