"","nvar","r","d","het","iter","alpha","strategy","p1","p2","p3","p4","p5"
"1",12,0.4,0.3,0,1000,0.05,1,65.546218487395,11.9047619047619,8.68347338935574,7.28291316526611,5.74229691876751
"2",12,0.4,0.3,0,1000,0.05,2,65.546218487395,11.9047619047619,8.68347338935574,7.28291316526611,5.74229691876751
"3",12,0.4,0.3,0,1000,0.05,3,39.0756302521008,16.8067226890756,13.7254901960784,16.2464985994398,13.8655462184874
