"","nvar","r","d","het","iter","alpha","strategy","p1","p2","p3","p4","p5"
"1",110,0.9,0.2,0,1000,0.05,1,50.4651162790698,16.2790697674419,14.4186046511628,10.4651162790698,8.13953488372093
"2",110,0.9,0.2,0,1000,0.05,2,50.4651162790698,16.2790697674419,14.4186046511628,10.4651162790698,8.13953488372093
"3",110,0.9,0.2,0,1000,0.05,3,22.7906976744186,12.3255813953488,16.5116279069767,20.4651162790698,27.906976744186
