"","nvar","r","d","het","iter","alpha","strategy","p1","p2","p3","p4","p5"
"1",172,0.8,0.1,0,1000,0.05,1,42.3480083857442,21.5932914046122,14.2557651991614,11.7400419287212,10.062893081761
"2",172,0.8,0.1,0,1000,0.05,2,42.3480083857442,21.5932914046122,14.2557651991614,11.7400419287212,10.062893081761
"3",172,0.8,0.1,0,1000,0.05,3,10.6918238993711,13.8364779874214,16.7714884696017,25.7861635220126,32.9140461215933
