"","nvar","r","d","het","iter","alpha","strategy","p1","p2","p3","p4","p5"
"1",56,0.8,0.1,0,1000,0.05,1,39.5408163265306,26.2755102040816,14.030612244898,10.969387755102,9.18367346938776
"2",56,0.8,0.1,0,1000,0.05,2,39.5408163265306,26.2755102040816,14.030612244898,10.969387755102,9.18367346938776
"3",56,0.8,0.1,0,1000,0.05,3,11.4795918367347,15.0510204081633,22.9591836734694,26.0204081632653,24.4897959183673
