"","nvar","r","d","het","iter","alpha","strategy","p1","p2","p3","p4","p5"
"1",178,0.9,0.1,0,1000,0.05,1,38.8571428571429,22,15.4285714285714,13.7142857142857,10
"2",178,0.9,0.1,0,1000,0.05,2,38.8571428571429,22,15.4285714285714,13.7142857142857,10
"3",178,0.9,0.1,0,1000,0.05,3,10.2857142857143,12.5714285714286,17.4285714285714,24,35.7142857142857
