"","nvar","r","d","het","iter","alpha","strategy","p1","p2","p3","p4","p5"
"1",164,0.8,0.2,0,1000,0.05,1,52.2462562396007,17.1381031613977,13.1447587354409,8.15307820299501,9.15141430948419
"2",164,0.8,0.2,0,1000,0.05,2,52.2462562396007,17.1381031613977,13.1447587354409,8.15307820299501,9.15141430948419
"3",164,0.8,0.2,0,1000,0.05,3,16.9717138103161,13.477537437604,18.9683860232945,20.1331114808652,30.4492512479201
