"","nvar","r","d","het","iter","alpha","strategy","p1","p2","p3","p4","p5"
"1",82,0.7,0.3,0,1000,0.05,1,65.7030223390276,12.6149802890933,7.88436268068331,6.96452036793692,5.65045992115637
"2",82,0.7,0.3,0,1000,0.05,2,65.7030223390276,12.6149802890933,7.88436268068331,6.96452036793692,5.65045992115637
"3",82,0.7,0.3,0,1000,0.05,3,26.9382391590013,17.8712220762155,17.6084099868594,17.6084099868594,19.4480946123522
