"","nvar","r","d","het","iter","alpha","strategy","p1","p2","p3","p4","p5"
"1",160,0.8,0.2,0,1000,0.05,1,51.6295025728988,18.3533447684391,13.5506003430532,8.57632933104631,7.89022298456261
"2",160,0.8,0.2,0,1000,0.05,2,51.6295025728988,18.3533447684391,13.5506003430532,8.57632933104631,7.89022298456261
"3",160,0.8,0.2,0,1000,0.05,3,18.1818181818182,12.6929674099485,18.696397941681,22.8130360205832,27.6157804459691
