"","nvar","r","d","het","iter","alpha","strategy","p1","p2","p3","p4","p5"
"1",108,0.3,0.2,0,1000,0.05,1,74.5901639344262,12.3975409836066,6.55737704918033,4.40573770491803,1.84426229508197
"2",108,0.3,0.2,0,1000,0.05,2,74.5901639344262,12.3975409836066,6.55737704918033,4.40573770491803,1.84426229508197
"3",108,0.3,0.2,0,1000,0.05,3,28.0737704918033,20.4918032786885,16.3934426229508,16.905737704918,18.1352459016393
