"","nvar","r","d","het","iter","alpha","strategy","p1","p2","p3","p4","p5"
"1",128,0.9,0.1,0,1000,0.05,1,40.9722222222222,18.0555555555556,15.625,12.1527777777778,13.1944444444444
"2",128,0.9,0.1,0,1000,0.05,2,40.9722222222222,18.0555555555556,15.625,12.1527777777778,13.1944444444444
"3",128,0.9,0.1,0,1000,0.05,3,10.4166666666667,11.8055555555556,19.7916666666667,25,32.9861111111111
