"","nvar","r","d","het","iter","alpha","strategy","p1","p2","p3","p4","p5"
"1",158,0.4,0.3,0,1000,0.05,1,81.5762538382805,8.49539406345957,4.29887410440123,2.45649948822927,1.84237461617195
"2",158,0.4,0.3,0,1000,0.05,2,81.5762538382805,8.49539406345957,4.29887410440123,2.45649948822927,1.84237461617195
"3",158,0.4,0.3,0,1000,0.05,3,32.9580348004094,16.9907881269191,15.5578300921187,18.2190378710338,16.171954964176
