"","nvar","r","d","het","iter","alpha","strategy","p1","p2","p3","p4","p5"
"1",94,0.2,0.2,0,1000,0.05,1,77.3185483870968,12.6008064516129,5.34274193548387,2.92338709677419,1.71370967741935
"2",94,0.2,0.2,0,1000,0.05,2,77.3185483870968,12.6008064516129,5.34274193548387,2.92338709677419,1.71370967741935
"3",94,0.2,0.2,0,1000,0.05,3,26.9153225806452,21.875,16.633064516129,17.3387096774194,17.2379032258065
