"","nvar","r","d","het","iter","alpha","strategy","p1","p2","p3","p4","p5"
"1",70,0.6,0.2,0,1000,0.05,1,58.9167767503302,14.2668428005284,12.1532364597094,7.52972258916777,7.1334214002642
"2",70,0.6,0.2,0,1000,0.05,2,58.9167767503302,14.2668428005284,12.1532364597094,7.52972258916777,7.1334214002642
"3",70,0.6,0.2,0,1000,0.05,3,21.003963011889,16.776750330251,18.0977542932629,22.0607661822985,22.0607661822985
