"","nvar","r","d","het","iter","alpha","strategy","p1","p2","p3","p4","p5"
"1",166,0.6,0.1,0,1000,0.05,1,45.1282051282051,19.2307692307692,15.5128205128205,11.025641025641,9.1025641025641
"2",166,0.6,0.1,0,1000,0.05,2,45.1282051282051,19.2307692307692,15.5128205128205,11.025641025641,9.1025641025641
"3",166,0.6,0.1,0,1000,0.05,3,11.7948717948718,15.6410256410256,22.3076923076923,22.1794871794872,28.0769230769231
