"","nvar","r","d","het","iter","alpha","strategy","p1","p2","p3","p4","p5"
"1",44,0.7,0.1,0,1000,0.05,1,44.9691991786448,16.6324435318275,14.1683778234086,13.9630390143737,10.2669404517454
"2",44,0.7,0.1,0,1000,0.05,2,44.9691991786448,16.6324435318275,14.1683778234086,13.9630390143737,10.2669404517454
"3",44,0.7,0.1,0,1000,0.05,3,15.1950718685832,17.0431211498973,20.7392197125257,21.7659137577002,25.2566735112936
