"","nvar","r","d","het","iter","alpha","strategy","p1","p2","p3","p4","p5"
"1",22,0.7,0.2,0,1000,0.05,1,52.1178637200737,19.1528545119705,12.1546961325967,8.28729281767956,8.28729281767956
"2",22,0.7,0.2,0,1000,0.05,2,52.1178637200737,19.1528545119705,12.1546961325967,8.28729281767956,8.28729281767956
"3",22,0.7,0.2,0,1000,0.05,3,24.3093922651934,18.4162062615101,16.7587476979742,20.2578268876611,20.2578268876611
