"","nvar","r","d","het","iter","alpha","strategy","p1","p2","p3","p4","p5"
"1",76,0.1,0.1,0,1000,0.05,1,64.3654822335025,20.507614213198,8.73096446700508,3.75634517766497,2.63959390862944
"2",76,0.1,0.1,0,1000,0.05,2,64.3654822335025,20.507614213198,8.73096446700508,3.75634517766497,2.63959390862944
"3",76,0.1,0.1,0,1000,0.05,3,23.756345177665,21.6243654822335,19.6954314720812,18.1725888324873,16.751269035533
