"","nvar","r","d","het","iter","alpha","strategy","p1","p2","p3","p4","p5"
"1",164,0.9,0.2,0,1000,0.05,1,51.2941176470588,16.9411764705882,12.9411764705882,13.1764705882353,5.64705882352941
"2",164,0.9,0.2,0,1000,0.05,2,51.2941176470588,16.9411764705882,12.9411764705882,13.1764705882353,5.64705882352941
"3",164,0.9,0.2,0,1000,0.05,3,20,13.1764705882353,16.7058823529412,20.9411764705882,29.1764705882353
