"","nvar","r","d","het","iter","alpha","strategy","p1","p2","p3","p4","p5"
"1",54,0,0.1,0,1000,0.05,1,61.7373319544985,21.6132368148914,10.134436401241,4.86039296794209,1.65460186142709
"2",54,0,0.1,0,1000,0.05,2,61.7373319544985,21.6132368148914,10.134436401241,4.86039296794209,1.65460186142709
"3",54,0,0.1,0,1000,0.05,3,23.5780765253361,21.0961737331954,19.8552223371251,18.6142709410548,16.8562564632885
