"","nvar","r","d","het","iter","alpha","strategy","p1","p2","p3","p4","p5"
"1",162,0.4,0.2,0,1000,0.05,1,73.1481481481482,15.6378600823045,6.37860082304527,3.39506172839506,1.33744855967078
"2",162,0.4,0.2,0,1000,0.05,2,73.1481481481482,15.6378600823045,6.37860082304527,3.39506172839506,1.33744855967078
"3",162,0.4,0.2,0,1000,0.05,3,21.1934156378601,18.9300411522634,21.0905349794239,19.6502057613169,19.1358024691358
