"","nvar","r","d","het","iter","alpha","strategy","p1","p2","p3","p4","p5"
"1",186,0.4,0.2,0,1000,0.05,1,73.7755102040816,14.1836734693878,6.93877551020408,3.97959183673469,1.12244897959184
"2",186,0.4,0.2,0,1000,0.05,2,73.7755102040816,14.1836734693878,6.93877551020408,3.97959183673469,1.12244897959184
"3",186,0.4,0.2,0,1000,0.05,3,25.2040816326531,20.9183673469388,16.6326530612245,19.4897959183673,17.7551020408163
