"","nvar","r","d","het","iter","alpha","strategy","p1","p2","p3","p4","p5"
"1",56,0,0.3,0,1000,0.05,1,90.990990990991,4.9049049049049,2.6026026026026,0.2002002002002,0.1001001001001
"2",56,0,0.3,0,1000,0.05,2,90.990990990991,4.9049049049049,2.6026026026026,0.2002002002002,0.1001001001001
"3",56,0,0.3,0,1000,0.05,3,39.7397397397397,17.8178178178178,15.6156156156156,13.3133133133133,13.2132132132132
