"","nvar","r","d","het","iter","alpha","strategy","p1","p2","p3","p4","p5"
"1",154,0.4,0.1,0,1000,0.05,1,60.7515657620042,19.1022964509395,10.4384133611691,6.05427974947808,3.65344467640919
"2",154,0.4,0.1,0,1000,0.05,2,60.7515657620042,19.1022964509395,10.4384133611691,6.05427974947808,3.65344467640919
"3",154,0.4,0.1,0,1000,0.05,3,16.2839248434238,19.6242171189979,20.5636743215031,20.6680584551148,22.8601252609603
