"","nvar","r","d","het","iter","alpha","strategy","p1","p2","p3","p4","p5"
"1",174,0.3,0.1,0,1000,0.05,1,70.1718907987866,17.4924165824065,7.0778564206269,4.04448938321537,1.21334681496461
"2",174,0.3,0.1,0,1000,0.05,2,70.1718907987866,17.4924165824065,7.0778564206269,4.04448938321537,1.21334681496461
"3",174,0.3,0.1,0,1000,0.05,3,19.4135490394338,18.8068756319515,22.1435793731041,19.9191102123357,19.7168857431749
