"","nvar","r","d","het","iter","alpha","strategy","p1","p2","p3","p4","p5"
"1",110,0.4,0.2,0,1000,0.05,1,69.1410392364793,14.1039236479321,8.37751855779427,5.19618239660657,3.1813361611877
"2",110,0.4,0.2,0,1000,0.05,2,69.1410392364793,14.1039236479321,8.37751855779427,5.19618239660657,3.1813361611877
"3",110,0.4,0.2,0,1000,0.05,3,25.1325556733828,18.2396606574761,16.9671261930011,19.1940615058325,20.4665959703075
