"","nvar","r","d","het","iter","alpha","strategy","p1","p2","p3","p4","p5"
"1",96,0.2,0.2,0,1000,0.05,1,78.8152610441767,11.9477911646586,6.02409638554217,2.00803212851406,1.10441767068273
"2",96,0.2,0.2,0,1000,0.05,2,78.8152610441767,11.9477911646586,6.02409638554217,2.00803212851406,1.10441767068273
"3",96,0.2,0.2,0,1000,0.05,3,28.3132530120482,22.0883534136546,18.6746987951807,15.0602409638554,15.863453815261
