"","nvar","r","d","het","iter","alpha","strategy","p1","p2","p3","p4","p5"
"1",18,0.1,0.1,0,1000,0.05,1,42.3802612481858,19.1582002902758,15.0943396226415,12.6269956458636,10.7402031930334
"2",18,0.1,0.1,0,1000,0.05,2,42.3802612481858,19.1582002902758,15.0943396226415,12.6269956458636,10.7402031930334
"3",18,0.1,0.1,0,1000,0.05,3,27.5761973875181,17.5616835994194,18.577648766328,19.1582002902758,17.1262699564586
