"","nvar","r","d","het","iter","alpha","strategy","p1","p2","p3","p4","p5"
"1",76,0.8,0.1,0,1000,0.05,1,38.0530973451327,20.1327433628319,14.8230088495575,11.283185840708,15.7079646017699
"2",76,0.8,0.1,0,1000,0.05,2,38.0530973451327,20.1327433628319,14.8230088495575,11.283185840708,15.7079646017699
"3",76,0.8,0.1,0,1000,0.05,3,11.0619469026549,12.6106194690265,19.9115044247788,21.9026548672566,34.5132743362832
