"","nvar","r","d","het","iter","alpha","strategy","p1","p2","p3","p4","p5"
"1",14,0.9,0.2,0,1000,0.05,1,51.4880952380952,15.7738095238095,12.202380952381,14.2857142857143,6.25
"2",14,0.9,0.2,0,1000,0.05,2,51.4880952380952,15.7738095238095,12.202380952381,14.2857142857143,6.25
"3",14,0.9,0.2,0,1000,0.05,3,29.1666666666667,12.797619047619,16.3690476190476,22.0238095238095,19.6428571428571
