"","nvar","r","d","het","iter","alpha","strategy","p1","p2","p3","p4","p5"
"1",56,0.5,0.2,0,1000,0.05,1,59.1989987484355,17.3967459324155,10.5131414267835,6.5081351689612,6.38297872340426
"2",56,0.5,0.2,0,1000,0.05,2,59.1989987484355,17.3967459324155,10.5131414267835,6.5081351689612,6.38297872340426
"3",56,0.5,0.2,0,1000,0.05,3,24.6558197747184,19.0237797246558,21.2765957446809,15.7697121401752,19.2740926157697
