"","nvar","r","d","het","iter","alpha","strategy","p1","p2","p3","p4","p5"
"1",178,0.6,0.2,0,1000,0.05,1,61.5740740740741,16.7824074074074,8.68055555555556,8.68055555555556,4.28240740740741
"2",178,0.6,0.2,0,1000,0.05,2,61.5740740740741,16.7824074074074,8.68055555555556,8.68055555555556,4.28240740740741
"3",178,0.6,0.2,0,1000,0.05,3,19.212962962963,17.2453703703704,19.0972222222222,22.337962962963,22.1064814814815
