"","nvar","r","d","het","iter","alpha","strategy","p1","p2","p3","p4","p5"
"1",28,0.9,0.2,0,1000,0.05,1,50.8021390374332,17.6470588235294,11.4973262032086,10.1604278074866,9.89304812834225
"2",28,0.9,0.2,0,1000,0.05,2,50.8021390374332,17.6470588235294,11.4973262032086,10.1604278074866,9.89304812834225
"3",28,0.9,0.2,0,1000,0.05,3,21.3903743315508,12.8342245989305,19.5187165775401,23.2620320855615,22.9946524064171
