"","nvar","r","d","het","iter","alpha","strategy","p1","p2","p3","p4","p5"
"1",82,0.5,0.2,0,1000,0.05,1,62.037037037037,16.7824074074074,9.83796296296296,6.13425925925926,5.09259259259259
"2",82,0.5,0.2,0,1000,0.05,2,62.037037037037,16.7824074074074,9.83796296296296,6.13425925925926,5.09259259259259
"3",82,0.5,0.2,0,1000,0.05,3,25.2314814814815,18.1712962962963,19.9074074074074,16.7824074074074,19.9074074074074
