"","nvar","r","d","het","iter","alpha","strategy","p1","p2","p3","p4","p5"
"1",72,0.7,0.3,0,1000,0.05,1,67.479674796748,14.3631436314363,7.18157181571816,5.82655826558266,4.74254742547426
"2",72,0.7,0.3,0,1000,0.05,2,67.479674796748,14.3631436314363,7.18157181571816,5.82655826558266,4.74254742547426
"3",72,0.7,0.3,0,1000,0.05,3,27.10027100271,17.6151761517615,18.0216802168022,18.4281842818428,18.6991869918699
