"","nvar","r","d","het","iter","alpha","strategy","p1","p2","p3","p4","p5"
"1",8,0.7,0.2,0,1000,0.05,1,47.3262032085562,17.1122994652406,12.8342245989305,13.903743315508,8.82352941176471
"2",8,0.7,0.2,0,1000,0.05,2,47.3262032085562,17.1122994652406,12.8342245989305,13.903743315508,8.82352941176471
"3",8,0.7,0.2,0,1000,0.05,3,29.9465240641711,16.5775401069519,17.1122994652406,20.3208556149733,16.0427807486631
