"","nvar","r","d","het","iter","alpha","strategy","p1","p2","p3","p4","p5"
"1",88,0.8,0.1,0,1000,0.05,1,44.3935926773455,17.162471395881,14.41647597254,13.0434782608696,10.9839816933638
"2",88,0.8,0.1,0,1000,0.05,2,44.3935926773455,17.162471395881,14.41647597254,13.0434782608696,10.9839816933638
"3",88,0.8,0.1,0,1000,0.05,3,12.3569794050343,13.7299771167048,16.4759725400458,25.858123569794,31.578947368421
