"","nvar","r","d","het","iter","alpha","strategy","p1","p2","p3","p4","p5"
"1",104,0.4,0.2,0,1000,0.05,1,68.6772486772487,13.4391534391534,8.99470899470899,4.33862433862434,4.55026455026455
"2",104,0.4,0.2,0,1000,0.05,2,68.6772486772487,13.4391534391534,8.99470899470899,4.33862433862434,4.55026455026455
"3",104,0.4,0.2,0,1000,0.05,3,25.9259259259259,18.7301587301587,20,18.8359788359788,16.5079365079365
