"","nvar","r","d","het","iter","alpha","strategy","p1","p2","p3","p4","p5"
"1",182,0.4,0.1,0,1000,0.05,1,63.1958762886598,18.0412371134021,10,5.4639175257732,3.29896907216495
"2",182,0.4,0.1,0,1000,0.05,2,63.1958762886598,18.0412371134021,10,5.4639175257732,3.29896907216495
"3",182,0.4,0.1,0,1000,0.05,3,15.4639175257732,18.1443298969072,21.4432989690722,22.680412371134,22.2680412371134
