"","nvar","r","d","het","iter","alpha","strategy","p1","p2","p3","p4","p5"
"1",30,0.6,0.3,0,1000,0.05,1,65.2815013404826,15.1474530831099,8.31099195710456,5.22788203753351,5.22788203753351
"2",30,0.6,0.3,0,1000,0.05,2,65.2815013404826,15.1474530831099,8.31099195710456,5.22788203753351,5.22788203753351
"3",30,0.6,0.3,0,1000,0.05,3,30.4289544235925,19.0348525469169,17.5603217158177,17.6943699731903,14.8793565683646
