"","nvar","r","d","het","iter","alpha","strategy","p1","p2","p3","p4","p5"
"1",156,0.4,0.1,0,1000,0.05,1,58.9876033057851,21.2809917355372,9.81404958677686,5.99173553719008,3.92561983471074
"2",156,0.4,0.1,0,1000,0.05,2,58.9876033057851,21.2809917355372,9.81404958677686,5.99173553719008,3.92561983471074
"3",156,0.4,0.1,0,1000,0.05,3,15.8057851239669,21.1776859504132,20.6611570247934,21.900826446281,20.4545454545455
