"","nvar","r","d","het","iter","alpha","strategy","p1","p2","p3","p4","p5"
"1",62,0.1,0.2,0,1000,0.05,1,77.6422764227642,12.2967479674797,5.38617886178862,2.94715447154472,1.6260162601626
"2",62,0.1,0.2,0,1000,0.05,2,77.6422764227642,12.2967479674797,5.38617886178862,2.94715447154472,1.6260162601626
"3",62,0.1,0.2,0,1000,0.05,3,30.5894308943089,20.2235772357724,17.6829268292683,15.8536585365854,15.5487804878049
