"","nvar","r","d","het","iter","alpha","strategy","p1","p2","p3","p4","p5"
"1",118,0.7,0.1,0,1000,0.05,1,43.8220757825371,17.4629324546952,14.003294892916,13.5090609555189,11.2026359143328
"2",118,0.7,0.1,0,1000,0.05,2,43.8220757825371,17.4629324546952,14.003294892916,13.5090609555189,11.2026359143328
"3",118,0.7,0.1,0,1000,0.05,3,12.6853377265239,14.168039538715,17.6276771004942,26.6886326194399,28.830313014827
