"","nvar","r","d","het","iter","alpha","strategy","p1","p2","p3","p4","p5"
"1",158,0.3,0.1,0,1000,0.05,1,67.8498985801217,18.1541582150101,8.62068965517241,4.05679513184584,1.3184584178499
"2",158,0.3,0.1,0,1000,0.05,2,67.8498985801217,18.1541582150101,8.62068965517241,4.05679513184584,1.3184584178499
"3",158,0.3,0.1,0,1000,0.05,3,19.1683569979716,20.4868154158215,20.3853955375254,19.8782961460446,20.0811359026369
