"","nvar","r","d","het","iter","alpha","strategy","p1","p2","p3","p4","p5"
"1",74,0.8,0.2,0,1000,0.05,1,51.0204081632653,14.4712430426716,12.6159554730983,12.2448979591837,9.64749536178108
"2",74,0.8,0.2,0,1000,0.05,2,51.0204081632653,14.4712430426716,12.6159554730983,12.2448979591837,9.64749536178108
"3",74,0.8,0.2,0,1000,0.05,3,18.1818181818182,14.8423005565863,17.4397031539889,24.860853432282,24.6753246753247
