"","nvar","r","d","het","iter","alpha","strategy","p1","p2","p3","p4","p5"
"1",28,0.4,0.3,0,1000,0.05,1,69.6407879490151,11.7033603707995,8.45886442641947,5.44611819235226,4.05561993047509
"2",28,0.4,0.3,0,1000,0.05,2,69.6407879490151,11.7033603707995,8.45886442641947,5.44611819235226,4.05561993047509
"3",28,0.4,0.3,0,1000,0.05,3,34.6465816917729,15.5272305909618,14.9478563151796,17.9606025492468,16.8018539976825
