"","nvar","r","d","het","iter","alpha","strategy","p1","p2","p3","p4","p5"
"1",176,0.7,0.1,0,1000,0.05,1,44.309559939302,19.5751138088012,16.0849772382398,10.7738998482549,9.25644916540212
"2",176,0.7,0.1,0,1000,0.05,2,44.309559939302,19.5751138088012,16.0849772382398,10.7738998482549,9.25644916540212
"3",176,0.7,0.1,0,1000,0.05,3,11.3808801213961,13.6570561456753,23.3687405159332,23.0652503793627,28.5280728376328
