"","nvar","r","d","het","iter","alpha","strategy","p1","p2","p3","p4","p5"
"1",126,0.3,0.3,0,1000,0.05,1,86.5792129162462,7.56811301715439,2.72452068617558,1.31180625630676,0.70635721493441
"2",126,0.3,0.3,0,1000,0.05,2,86.5792129162462,7.56811301715439,2.72452068617558,1.31180625630676,0.70635721493441
"3",126,0.3,0.3,0,1000,0.05,3,31.3824419778002,16.8516649848638,18.6680121089808,16.4480322906155,16.2462159434914
