"","nvar","r","d","het","iter","alpha","strategy","p1","p2","p3","p4","p5"
"1",60,0,0.2,0,1000,0.05,1,84.6774193548387,9.87903225806452,3.62903225806452,1.31048387096774,0.504032258064516
"2",60,0,0.2,0,1000,0.05,2,84.6774193548387,9.87903225806452,3.62903225806452,1.31048387096774,0.504032258064516
"3",60,0,0.2,0,1000,0.05,3,31.7540322580645,20.3629032258065,17.9435483870968,13.7096774193548,16.2298387096774
