"","nvar","r","d","het","iter","alpha","strategy","p1","p2","p3","p4","p5"
"1",118,0.1,0.2,0,1000,0.05,1,89.3893893893894,7.40740740740741,2.1021021021021,0.600600600600601,0.3003003003003
"2",118,0.1,0.2,0,1000,0.05,2,89.3893893893894,7.40740740740741,2.1021021021021,0.600600600600601,0.3003003003003
"3",118,0.1,0.2,0,1000,0.05,3,30.9309309309309,19.7197197197197,18.2182182182182,16.3163163163163,14.8148148148148
