"","nvar","r","d","het","iter","alpha","strategy","p1","p2","p3","p4","p5"
"1",8,0.4,0.1,0,1000,0.05,1,32.8083989501312,21.5223097112861,16.5354330708661,16.010498687664,13.1233595800525
"2",8,0.4,0.1,0,1000,0.05,2,32.8083989501312,21.5223097112861,16.5354330708661,16.010498687664,13.1233595800525
"3",8,0.4,0.1,0,1000,0.05,3,19.1601049868766,23.3595800524934,18.6351706036745,20.7349081364829,18.1102362204724
