"","nvar","r","d","het","iter","alpha","strategy","p1","p2","p3","p4","p5"
"1",160,0.5,0.1,0,1000,0.05,1,50.0570125427594,22.0068415051311,10.7183580387685,11.2884834663626,5.92930444697834
"2",160,0.5,0.1,0,1000,0.05,2,50.0570125427594,22.0068415051311,10.7183580387685,11.2884834663626,5.92930444697834
"3",160,0.5,0.1,0,1000,0.05,3,16.3055872291904,19.1562143671608,16.1915621436716,24.4013683010262,23.945267958951
