"","nvar","r","d","het","iter","alpha","strategy","p1","p2","p3","p4","p5"
"1",124,0.4,0.3,0,1000,0.05,1,77.258883248731,11.3705583756345,4.9746192893401,3.95939086294416,1.7258883248731
"2",124,0.4,0.3,0,1000,0.05,2,77.258883248731,11.3705583756345,4.9746192893401,3.95939086294416,1.7258883248731
"3",124,0.4,0.3,0,1000,0.05,3,29.746192893401,19.5939086294416,18.6802030456853,16.3451776649746,15.5329949238579
