"","nvar","r","d","het","iter","alpha","strategy","p1","p2","p3","p4","p5"
"1",152,0.5,0.3,0,1000,0.05,1,74.8421052631579,10.8421052631579,6.31578947368421,4.42105263157895,2.31578947368421
"2",152,0.5,0.3,0,1000,0.05,2,74.8421052631579,10.8421052631579,6.31578947368421,4.42105263157895,2.31578947368421
"3",152,0.5,0.3,0,1000,0.05,3,26.9473684210526,16.9473684210526,19.1578947368421,19.7894736842105,16.9473684210526
