"","nvar","r","d","het","iter","alpha","strategy","p1","p2","p3","p4","p5"
"1",152,0.8,0.1,0,1000,0.05,1,44.7478991596639,18.9075630252101,17.0168067226891,10.7142857142857,8.61344537815126
"2",152,0.8,0.1,0,1000,0.05,2,44.7478991596639,18.9075630252101,17.0168067226891,10.7142857142857,8.61344537815126
"3",152,0.8,0.1,0,1000,0.05,3,10.7142857142857,15.1260504201681,17.436974789916,24.7899159663866,31.9327731092437
