"","nvar","r","d","het","iter","alpha","strategy","p1","p2","p3","p4","p5"
"1",6,0.1,0.3,0,1000,0.05,1,60.6194690265487,14.4542772861357,10.1769911504425,7.81710914454277,6.34218289085546
"2",6,0.1,0.3,0,1000,0.05,2,60.6194690265487,14.4542772861357,10.1769911504425,7.81710914454277,6.34218289085546
"3",6,0.1,0.3,0,1000,0.05,3,43.8053097345133,15.7817109144543,16.0766961651917,12.5368731563422,11.5044247787611
