"","nvar","r","d","het","iter","alpha","strategy","p1","p2","p3","p4","p5"
"1",34,0,0.1,0,1000,0.05,1,53.4501642935378,19.2771084337349,14.6768893756846,7.88608981380066,4.70974808324206
"2",34,0,0.1,0,1000,0.05,2,53.4501642935378,19.2771084337349,14.6768893756846,7.88608981380066,4.70974808324206
"3",34,0,0.1,0,1000,0.05,3,24.6440306681271,22.0153340635268,20.1533406352683,17.8532311062432,15.3340635268346
