"","nvar","r","d","het","iter","alpha","strategy","p1","p2","p3","p4","p5"
"1",28,0.1,0.2,0,1000,0.05,1,61.5553121577218,16.6484118291347,11.0624315443593,5.47645125958379,5.25739320920044
"2",28,0.1,0.2,0,1000,0.05,2,61.5553121577218,16.6484118291347,11.0624315443593,5.47645125958379,5.25739320920044
"3",28,0.1,0.2,0,1000,0.05,3,28.039430449069,19.60569550931,18.8389923329682,16.210295728368,17.3055859802848
