"","nvar","r","d","het","iter","alpha","strategy","p1","p2","p3","p4","p5"
"1",10,0.3,0.2,0,1000,0.05,1,56.3356164383562,15.0684931506849,10.958904109589,8.39041095890411,9.24657534246575
"2",10,0.3,0.2,0,1000,0.05,2,56.3356164383562,15.0684931506849,10.958904109589,8.39041095890411,9.24657534246575
"3",10,0.3,0.2,0,1000,0.05,3,33.3904109589041,18.3219178082192,17.1232876712329,16.0958904109589,15.0684931506849
