"","nvar","r","d","het","iter","alpha","strategy","p1","p2","p3","p4","p5"
"1",110,0.7,0.2,0,1000,0.05,1,59.0973201692525,14.3864598025388,8.60366713681241,10.296191819464,7.475317348378
"2",110,0.7,0.2,0,1000,0.05,2,59.0973201692525,14.3864598025388,8.60366713681241,10.296191819464,7.475317348378
"3",110,0.7,0.2,0,1000,0.05,3,19.3229901269394,18.1946403385049,17.3483779971791,20.3102961918195,24.8236953455571
