"","nvar","r","d","het","iter","alpha","strategy","p1","p2","p3","p4","p5"
"1",36,0.1,0.1,0,1000,0.05,1,48.3428571428571,19.8857142857143,16.4571428571429,8.11428571428571,7.2
"2",36,0.1,0.1,0,1000,0.05,2,48.3428571428571,19.8857142857143,16.4571428571429,8.11428571428571,7.2
"3",36,0.1,0.1,0,1000,0.05,3,23.4285714285714,20.6857142857143,20.5714285714286,18.9714285714286,16.3428571428571
