"","nvar","r","d","het","iter","alpha","strategy","p1","p2","p3","p4","p5"
"1",130,0.2,0.2,0,1000,0.05,1,84.0361445783133,10.9437751004016,3.01204819277108,1.60642570281124,0.401606425702811
"2",130,0.2,0.2,0,1000,0.05,2,84.0361445783133,10.9437751004016,3.01204819277108,1.60642570281124,0.401606425702811
"3",130,0.2,0.2,0,1000,0.05,3,26.4056224899598,18.7751004016064,19.8795180722892,17.9718875502008,16.9678714859438
