"","nvar","r","d","het","iter","alpha","strategy","p1","p2","p3","p4","p5"
"1",160,0.9,0.1,0,1000,0.05,1,37.5816993464052,24.8366013071895,14.7058823529412,9.47712418300654,13.3986928104575
"2",160,0.9,0.1,0,1000,0.05,2,37.5816993464052,24.8366013071895,14.7058823529412,9.47712418300654,13.3986928104575
"3",160,0.9,0.1,0,1000,0.05,3,9.47712418300654,9.15032679738562,19.6078431372549,23.5294117647059,38.2352941176471
