"","nvar","r","d","het","iter","alpha","strategy","p1","p2","p3","p4","p5"
"1",64,0.2,0.1,0,1000,0.05,1,56.3559322033898,21.2923728813559,11.6525423728814,7.73305084745763,2.96610169491525
"2",64,0.2,0.1,0,1000,0.05,2,56.3559322033898,21.2923728813559,11.6525423728814,7.73305084745763,2.96610169491525
"3",64,0.2,0.1,0,1000,0.05,3,22.0338983050847,19.7033898305085,20.2330508474576,20.5508474576271,17.478813559322
