"","nvar","r","d","het","iter","alpha","strategy","p1","p2","p3","p4","p5"
"1",150,0.4,0.2,0,1000,0.05,1,72.1243523316062,14.7150259067358,6.83937823834197,3.83419689119171,2.48704663212435
"2",150,0.4,0.2,0,1000,0.05,2,72.1243523316062,14.7150259067358,6.83937823834197,3.83419689119171,2.48704663212435
"3",150,0.4,0.2,0,1000,0.05,3,25.2849740932642,19.0673575129534,16.7875647668394,20.1036269430052,18.7564766839378
