"","nvar","r","d","het","iter","alpha","strategy","p1","p2","p3","p4","p5"
"1",52,0,0.1,0,1000,0.05,1,63.0122950819672,19.8770491803279,9.93852459016393,4.8155737704918,2.35655737704918
"2",52,0,0.1,0,1000,0.05,2,63.0122950819672,19.8770491803279,9.93852459016393,4.8155737704918,2.35655737704918
"3",52,0,0.1,0,1000,0.05,3,24.2827868852459,20.2868852459016,19.3647540983607,18.2377049180328,17.827868852459
