"","nvar","r","d","het","iter","alpha","strategy","p1","p2","p3","p4","p5"
"1",168,0.5,0.3,0,1000,0.05,1,77.3922187171399,9.14826498422713,5.88853838065195,3.99579390115668,2.20820189274448
"2",168,0.5,0.3,0,1000,0.05,2,77.3922187171399,9.14826498422713,5.88853838065195,3.99579390115668,2.20820189274448
"3",168,0.5,0.3,0,1000,0.05,3,27.5499474237645,16.7192429022082,18.2965299684543,17.7707676130389,19.1377497371188
