"","nvar","r","d","het","iter","alpha","strategy","p1","p2","p3","p4","p5"
"1",148,0.3,0.2,0,1000,0.05,1,80.9283551967709,10.6962663975782,4.23814328960646,2.32088799192735,1.71543895055499
"2",148,0.3,0.2,0,1000,0.05,2,80.9283551967709,10.6962663975782,4.23814328960646,2.32088799192735,1.71543895055499
"3",148,0.3,0.2,0,1000,0.05,3,28.3551967709384,19.7780020181635,16.9525731584258,17.255297679112,17.6589303733602
