"","nvar","r","d","het","iter","alpha","strategy","p1","p2","p3","p4","p5"
"1",74,0.6,0.2,0,1000,0.05,1,57.1049136786189,18.3266932270916,10.2257636122178,7.83532536520584,6.50730411686587
"2",74,0.6,0.2,0,1000,0.05,2,57.1049136786189,18.3266932270916,10.2257636122178,7.83532536520584,6.50730411686587
"3",74,0.6,0.2,0,1000,0.05,3,19.2563081009296,16.6002656042497,20.0531208499336,20.7171314741036,23.3731739707835
