"","nvar","r","d","het","iter","alpha","strategy","p1","p2","p3","p4","p5"
"1",148,0.6,0.1,0,1000,0.05,1,50.1282051282051,17.948717948718,13.4615384615385,10.6410256410256,7.82051282051282
"2",148,0.6,0.1,0,1000,0.05,2,50.1282051282051,17.948717948718,13.4615384615385,10.6410256410256,7.82051282051282
"3",148,0.6,0.1,0,1000,0.05,3,11.4102564102564,15.8974358974359,21.4102564102564,24.7435897435897,26.5384615384615
