"","nvar","r","d","het","iter","alpha","strategy","p1","p2","p3","p4","p5"
"1",186,0.6,0.2,0,1000,0.05,1,63.8540478905359,14.0250855188141,9.23603192702394,7.63968072976055,5.24515393386545
"2",186,0.6,0.2,0,1000,0.05,2,63.8540478905359,14.0250855188141,9.23603192702394,7.63968072976055,5.24515393386545
"3",186,0.6,0.2,0,1000,0.05,3,19.2702394526796,17.2177879133409,18.3580387685291,22.1208665906499,23.0330672748005
