"","nvar","r","d","het","iter","alpha","strategy","p1","p2","p3","p4","p5"
"1",2,0.6,0.2,0,1000,0.05,1,40.5511811023622,16.1417322834646,15.748031496063,13.3858267716535,14.1732283464567
"2",2,0.6,0.2,0,1000,0.05,2,40.5511811023622,16.1417322834646,15.748031496063,13.3858267716535,14.1732283464567
"3",2,0.6,0.2,0,1000,0.05,3,35.4330708661417,17.7165354330709,16.1417322834646,13.7795275590551,16.9291338582677
