"","nvar","r","d","het","iter","alpha","strategy","p1","p2","p3","p4","p5"
"1",42,0.8,0.1,0,1000,0.05,1,36.2944162436548,18.0203045685279,18.0203045685279,15.4822335025381,12.1827411167513
"2",42,0.8,0.1,0,1000,0.05,2,36.2944162436548,18.0203045685279,18.0203045685279,15.4822335025381,12.1827411167513
"3",42,0.8,0.1,0,1000,0.05,3,12.4365482233503,14.4670050761421,20.3045685279188,26.3959390862944,26.3959390862944
