"","nvar","r","d","het","iter","alpha","strategy","p1","p2","p3","p4","p5"
"1",192,0.4,0.3,0,1000,0.05,1,83.6528758829465,8.07265388496468,3.43087790110999,2.9263370332997,1.00908173562059
"2",192,0.4,0.3,0,1000,0.05,2,83.6528758829465,8.07265388496468,3.43087790110999,2.9263370332997,1.00908173562059
"3",192,0.4,0.3,0,1000,0.05,3,33.4006054490414,17.8607467204844,16.4480322906155,16.3471241170535,15.9434914228052
