"","nvar","r","d","het","iter","alpha","strategy","p1","p2","p3","p4","p5"
"1",76,0.5,0.3,0,1000,0.05,1,71.7002237136465,13.5346756152125,5.14541387024608,5.2572706935123,3.69127516778524
"2",76,0.5,0.3,0,1000,0.05,2,71.7002237136465,13.5346756152125,5.14541387024608,5.2572706935123,3.69127516778524
"3",76,0.5,0.3,0,1000,0.05,3,29.6420581655481,19.0156599552573,17.6733780760626,16.331096196868,17.1140939597315
