"","nvar","r","d","het","iter","alpha","strategy","p1","p2","p3","p4","p5"
"1",34,0,0.2,0,1000,0.05,1,69.95841995842,15.4885654885655,8.52390852390852,3.22245322245322,2.80665280665281
"2",34,0,0.2,0,1000,0.05,2,69.95841995842,15.4885654885655,8.52390852390852,3.22245322245322,2.80665280665281
"3",34,0,0.2,0,1000,0.05,3,31.0810810810811,20.7900207900208,18.0873180873181,15.8004158004158,14.2411642411642
