"","nvar","r","d","het","iter","alpha","strategy","p1","p2","p3","p4","p5"
"1",114,0.2,0.2,0,1000,0.05,1,80.9475806451613,12.0967741935484,4.53629032258065,1.71370967741935,0.705645161290323
"2",114,0.2,0.2,0,1000,0.05,2,80.9475806451613,12.0967741935484,4.53629032258065,1.71370967741935,0.705645161290323
"3",114,0.2,0.2,0,1000,0.05,3,31.1491935483871,18.0443548387097,17.8427419354839,15.2217741935484,17.741935483871
