"","nvar","r","d","het","iter","alpha","strategy","p1","p2","p3","p4","p5"
"1",42,0.3,0.1,0,1000,0.05,1,47.0223325062035,20.3473945409429,13.6476426799007,10.7940446650124,8.18858560794045
"2",42,0.3,0.1,0,1000,0.05,2,47.0223325062035,20.3473945409429,13.6476426799007,10.7940446650124,8.18858560794045
"3",42,0.3,0.1,0,1000,0.05,3,21.5880893300248,16.7493796526055,19.6029776674938,21.5880893300248,20.4714640198511
