"","nvar","r","d","het","iter","alpha","strategy","p1","p2","p3","p4","p5"
"1",40,0.5,0.2,0,1000,0.05,1,56.282722513089,17.5392670157068,10.6020942408377,9.03141361256544,6.41361256544503
"2",40,0.5,0.2,0,1000,0.05,2,56.282722513089,17.5392670157068,10.6020942408377,9.03141361256544,6.41361256544503
"3",40,0.5,0.2,0,1000,0.05,3,25.130890052356,19.7643979057592,17.0157068062827,21.0732984293194,17.0157068062827
