"","nvar","r","d","het","iter","alpha","strategy","p1","p2","p3","p4","p5"
"1",188,0.8,0.1,0,1000,0.05,1,38.1404174573055,22.2011385199241,18.2163187855787,12.7134724857685,8.72865275142315
"2",188,0.8,0.1,0,1000,0.05,2,38.1404174573055,22.2011385199241,18.2163187855787,12.7134724857685,8.72865275142315
"3",188,0.8,0.1,0,1000,0.05,3,7.77988614800759,14.0417457305503,18.595825426945,30.1707779886148,29.4117647058824
