"","nvar","r","d","het","iter","alpha","strategy","p1","p2","p3","p4","p5"
"1",146,0.1,0.1,0,1000,0.05,1,83.9679358717435,11.3226452905812,3.50701402805611,0.801603206412826,0.400801603206413
"2",146,0.1,0.1,0,1000,0.05,2,83.9679358717435,11.3226452905812,3.50701402805611,0.801603206412826,0.400801603206413
"3",146,0.1,0.1,0,1000,0.05,3,23.9478957915832,19.0380761523046,19.3386773547094,18.0360721442886,19.6392785571142
