"","nvar","r","d","het","iter","alpha","strategy","p1","p2","p3","p4","p5"
"1",110,0.6,0.3,0,1000,0.05,1,68.75,12.962962962963,7.98611111111111,5.09259259259259,4.05092592592593
"2",110,0.6,0.3,0,1000,0.05,2,68.75,12.962962962963,7.98611111111111,5.09259259259259,4.05092592592593
"3",110,0.6,0.3,0,1000,0.05,3,27.0833333333333,17.5925925925926,19.0972222222222,17.1296296296296,18.5185185185185
