"","nvar","r","d","het","iter","alpha","strategy","p1","p2","p3","p4","p5"
"1",152,0.8,0.2,0,1000,0.05,1,54.5008183306056,16.20294599018,11.9476268412439,9.65630114566285,7.69230769230769
"2",152,0.8,0.2,0,1000,0.05,2,54.5008183306056,16.20294599018,11.9476268412439,9.65630114566285,7.69230769230769
"3",152,0.8,0.2,0,1000,0.05,3,17.3486088379705,14.7299509001637,18.494271685761,21.6039279869067,27.823240589198
