"","nvar","r","d","het","iter","alpha","strategy","p1","p2","p3","p4","p5"
"1",180,0.8,0.2,0,1000,0.05,1,55.3366174055829,15.927750410509,12.4794745484401,9.19540229885057,7.0607553366174
"2",180,0.8,0.2,0,1000,0.05,2,55.3366174055829,15.927750410509,12.4794745484401,9.19540229885057,7.0607553366174
"3",180,0.8,0.2,0,1000,0.05,3,17.5697865353038,15.927750410509,17.2413793103448,23.4811165845649,25.7799671592775
