"","nvar","r","d","het","iter","alpha","strategy","p1","p2","p3","p4","p5"
"1",40,0.8,0.1,0,1000,0.05,1,36.6666666666667,20,17.7777777777778,12.7777777777778,12.7777777777778
"2",40,0.8,0.1,0,1000,0.05,2,36.6666666666667,20,17.7777777777778,12.7777777777778,12.7777777777778
"3",40,0.8,0.1,0,1000,0.05,3,13.0555555555556,16.6666666666667,20.2777777777778,21.3888888888889,28.6111111111111
