"","nvar","r","d","het","iter","alpha","strategy","p1","p2","p3","p4","p5"
"1",6,0.4,0.1,0,1000,0.05,1,33.5329341317365,20.3592814371257,17.6646706586826,14.9700598802395,13.4730538922156
"2",6,0.4,0.1,0,1000,0.05,2,33.5329341317365,20.3592814371257,17.6646706586826,14.9700598802395,13.4730538922156
"3",6,0.4,0.1,0,1000,0.05,3,23.9520958083832,20.9580838323353,16.7664670658683,19.7604790419162,18.562874251497
