"","nvar","r","d","het","iter","alpha","strategy","p1","p2","p3","p4","p5"
"1",196,0.7,0.2,0,1000,0.05,1,59.7855227882037,14.8793565683646,9.51742627345844,8.57908847184987,7.10455764075067
"2",196,0.7,0.2,0,1000,0.05,2,59.7855227882037,14.8793565683646,9.51742627345844,8.57908847184987,7.10455764075067
"3",196,0.7,0.2,0,1000,0.05,3,18.7667560321716,16.0857908847185,17.6943699731903,22.2520107238606,25.201072386059
