"","nvar","r","d","het","iter","alpha","strategy","p1","p2","p3","p4","p5"
"1",176,0.5,0.1,0,1000,0.05,1,54.774972557629,18.3315038419319,12.0746432491767,8.23271130625686,6.58616904500549
"2",176,0.5,0.1,0,1000,0.05,2,54.774972557629,18.3315038419319,12.0746432491767,8.23271130625686,6.58616904500549
"3",176,0.5,0.1,0,1000,0.05,3,16.6849615806806,16.794731064764,22.0636663007684,22.1734357848518,22.2832052689352
