"","nvar","r","d","het","iter","alpha","strategy","p1","p2","p3","p4","p5"
"1",46,0.6,0.1,0,1000,0.05,1,41.025641025641,20,15.8974358974359,12.8205128205128,10.2564102564103
"2",46,0.6,0.1,0,1000,0.05,2,41.025641025641,20,15.8974358974359,12.8205128205128,10.2564102564103
"3",46,0.6,0.1,0,1000,0.05,3,14.1880341880342,16.5811965811966,22.5641025641026,22.5641025641026,24.1025641025641
