"","nvar","r","d","het","iter","alpha","strategy","p1","p2","p3","p4","p5"
"1",72,0.2,0.3,0,1000,0.05,1,85.6420626895854,7.88675429726997,2.83114256825076,2.02224469160768,0.910010111223458
"2",72,0.2,0.3,0,1000,0.05,2,85.6420626895854,7.88675429726997,2.83114256825076,2.02224469160768,0.910010111223458
"3",72,0.2,0.3,0,1000,0.05,3,35.6926188068756,19.0091001011122,14.8634984833165,15.9757330637007,14.3579373104146
