"","nvar","r","d","het","iter","alpha","strategy","p1","p2","p3","p4","p5"
"1",104,0.4,0.1,0,1000,0.05,1,52.1881838074398,19.2560175054705,13.7855579868709,9.08096280087527,5.68927789934355
"2",104,0.4,0.1,0,1000,0.05,2,52.1881838074398,19.2560175054705,13.7855579868709,9.08096280087527,5.68927789934355
"3",104,0.4,0.1,0,1000,0.05,3,17.6148796498906,20.0218818380744,20.2407002188184,22.6477024070022,19.4748358862144
