"","nvar","r","d","het","iter","alpha","strategy","p1","p2","p3","p4","p5"
"1",200,0.8,0.1,0,1000,0.05,1,42.5093632958801,20.4119850187266,14.6067415730337,11.0486891385768,11.4232209737828
"2",200,0.8,0.1,0,1000,0.05,2,42.5093632958801,20.4119850187266,14.6067415730337,11.0486891385768,11.4232209737828
"3",200,0.8,0.1,0,1000,0.05,3,8.98876404494382,11.0486891385768,19.1011235955056,27.7153558052434,33.1460674157303
