"","nvar","r","d","het","iter","alpha","strategy","p1","p2","p3","p4","p5"
"1",36,0.8,0.2,0,1000,0.05,1,50.3225806451613,18.2795698924731,12.9032258064516,9.03225806451613,9.46236559139785
"2",36,0.8,0.2,0,1000,0.05,2,50.3225806451613,18.2795698924731,12.9032258064516,9.03225806451613,9.46236559139785
"3",36,0.8,0.2,0,1000,0.05,3,21.0752688172043,15.2688172043011,16.989247311828,23.010752688172,23.6559139784946
