"","nvar","r","d","het","iter","alpha","strategy","p1","p2","p3","p4","p5"
"1",116,0.4,0.2,0,1000,0.05,1,69.1268191268191,14.2411642411642,8.31600831600832,5.09355509355509,3.11850311850312
"2",116,0.4,0.2,0,1000,0.05,2,69.1268191268191,14.2411642411642,8.31600831600832,5.09355509355509,3.11850311850312
"3",116,0.4,0.2,0,1000,0.05,3,22.6611226611227,17.6715176715177,19.3347193347193,21.3097713097713,19.022869022869
