"","nvar","r","d","het","iter","alpha","strategy","p1","p2","p3","p4","p5"
"1",28,0.1,0.3,0,1000,0.05,1,77.4765380604797,10.5318039624609,6.36079249217935,3.02398331595412,1.87695516162669
"2",28,0.1,0.3,0,1000,0.05,2,77.4765380604797,10.5318039624609,6.36079249217935,3.02398331595412,1.87695516162669
"3",28,0.1,0.3,0,1000,0.05,3,40.2502606882169,17.9353493222106,15.9541188738269,14.2857142857143,11.3660062565172
