"","nvar","r","d","het","iter","alpha","strategy","p1","p2","p3","p4","p5"
"1",186,0.8,0.1,0,1000,0.05,1,45.2793834296724,19.8458574181118,13.4874759152216,8.86319845857418,12.52408477842
"2",186,0.8,0.1,0,1000,0.05,2,45.2793834296724,19.8458574181118,13.4874759152216,8.86319845857418,12.52408477842
"3",186,0.8,0.1,0,1000,0.05,3,8.86319845857418,15.606936416185,16.7630057803468,24.2774566473988,34.4894026974952
