"","nvar","r","d","het","iter","alpha","strategy","p1","p2","p3","p4","p5"
"1",152,0.7,0.1,0,1000,0.05,1,47.9674796747967,16.9105691056911,14.7967479674797,12.3577235772358,7.96747967479675
"2",152,0.7,0.1,0,1000,0.05,2,47.9674796747967,16.9105691056911,14.7967479674797,12.3577235772358,7.96747967479675
"3",152,0.7,0.1,0,1000,0.05,3,11.0569105691057,15.7723577235772,23.2520325203252,24.2276422764228,25.6910569105691
