"","nvar","r","d","het","iter","alpha","strategy","p1","p2","p3","p4","p5"
"1",136,0.3,0.1,0,1000,0.05,1,63.6548223350254,18.8832487309645,9.84771573604061,5.48223350253807,2.13197969543147
"2",136,0.3,0.1,0,1000,0.05,2,63.6548223350254,18.8832487309645,9.84771573604061,5.48223350253807,2.13197969543147
"3",136,0.3,0.1,0,1000,0.05,3,21.6243654822335,17.8680203045685,18.9847715736041,21.4213197969543,20.1015228426396
