"","nvar","r","d","het","iter","alpha","strategy","p1","p2","p3","p4","p5"
"1",48,0.6,0.2,0,1000,0.05,1,57.532281205165,14.0602582496413,11.9081779053085,9.03873744619799,7.31707317073171
"2",48,0.6,0.2,0,1000,0.05,2,57.532281205165,14.0602582496413,11.9081779053085,9.03873744619799,7.31707317073171
"3",48,0.6,0.2,0,1000,0.05,3,22.5251076040172,17.0731707317073,20.3730272596844,20.9469153515065,19.0817790530846
