"","nvar","r","d","het","iter","alpha","strategy","p1","p2","p3","p4","p5"
"1",144,0.4,0.1,0,1000,0.05,1,60.5932203389831,19.1737288135593,10.593220338983,5.40254237288136,4.23728813559322
"2",144,0.4,0.1,0,1000,0.05,2,60.5932203389831,19.1737288135593,10.593220338983,5.40254237288136,4.23728813559322
"3",144,0.4,0.1,0,1000,0.05,3,16.8432203389831,17.7966101694915,21.6101694915254,22.2457627118644,21.5042372881356
