"","nvar","r","d","het","iter","alpha","strategy","p1","p2","p3","p4","p5"
"1",66,0.4,0.2,0,1000,0.05,1,64.5652173913044,13.695652173913,9.78260869565217,7.28260869565217,4.67391304347826
"2",66,0.4,0.2,0,1000,0.05,2,64.5652173913044,13.695652173913,9.78260869565217,7.28260869565217,4.67391304347826
"3",66,0.4,0.2,0,1000,0.05,3,20.5434782608696,18.804347826087,20.3260869565217,20.8695652173913,19.4565217391304
