"","nvar","r","d","het","iter","alpha","strategy","p1","p2","p3","p4","p5"
"1",150,0.8,0.2,0,1000,0.05,1,55.1260504201681,17.4789915966387,11.5966386554622,9.91596638655462,5.88235294117647
"2",150,0.8,0.2,0,1000,0.05,2,55.1260504201681,17.4789915966387,11.5966386554622,9.91596638655462,5.88235294117647
"3",150,0.8,0.2,0,1000,0.05,3,17.9831932773109,17.4789915966387,16.6386554621849,22.6890756302521,25.2100840336134
