"","nvar","r","d","het","iter","alpha","strategy","p1","p2","p3","p4","p5"
"1",96,0.3,0.3,0,1000,0.05,1,81.6326530612245,8.97959183673469,4.79591836734694,2.6530612244898,1.42857142857143
"2",96,0.3,0.3,0,1000,0.05,2,81.6326530612245,8.97959183673469,4.79591836734694,2.6530612244898,1.42857142857143
"3",96,0.3,0.3,0,1000,0.05,3,32.8571428571429,18.3673469387755,16.9387755102041,16.734693877551,14.7959183673469
