"","nvar","r","d","het","iter","alpha","strategy","p1","p2","p3","p4","p5"
"1",78,0,0.2,0,1000,0.05,1,88.3883883883884,8.60860860860861,2.6026026026026,0.4004004004004,0
"2",78,0,0.2,0,1000,0.05,2,88.3883883883884,8.60860860860861,2.6026026026026,0.4004004004004,0
"3",78,0,0.2,0,1000,0.05,3,33.4334334334334,19.7197197197197,16.016016016016,16.016016016016,14.8148148148148
