"","nvar","r","d","het","iter","alpha","strategy","p1","p2","p3","p4","p5"
"1",40,0.1,0.2,0,1000,0.05,1,71.3684210526316,14.3157894736842,7.89473684210526,3.68421052631579,2.52631578947368
"2",40,0.1,0.2,0,1000,0.05,2,71.3684210526316,14.3157894736842,7.89473684210526,3.68421052631579,2.52631578947368
"3",40,0.1,0.2,0,1000,0.05,3,33.2631578947368,20.5263157894737,16,14.8421052631579,15.2631578947368
