"","nvar","r","d","het","iter","alpha","strategy","p1","p2","p3","p4","p5"
"1",42,0.1,0.2,0,1000,0.05,1,72.528616024974,14.7762747138398,7.59625390218522,3.12174817898023,1.97710718002081
"2",42,0.1,0.2,0,1000,0.05,2,72.528616024974,14.7762747138398,7.59625390218522,3.12174817898023,1.97710718002081
"3",42,0.1,0.2,0,1000,0.05,3,31.8418314255983,20.4994797086368,16.8574401664932,17.6899063475546,13.111342351717
