"","nvar","r","d","het","iter","alpha","strategy","p1","p2","p3","p4","p5"
"1",14,0.9,0.1,0,1000,0.05,1,36.7149758454106,21.7391304347826,11.5942028985507,16.4251207729469,13.5265700483092
"2",14,0.9,0.1,0,1000,0.05,2,36.7149758454106,21.7391304347826,11.5942028985507,16.4251207729469,13.5265700483092
"3",14,0.9,0.1,0,1000,0.05,3,14.4927536231884,17.3913043478261,12.56038647343,25.6038647342995,29.951690821256
