"","nvar","r","d","het","iter","alpha","strategy","p1","p2","p3","p4","p5"
"1",74,0.9,0.1,0,1000,0.05,1,37.4074074074074,18.8888888888889,17.037037037037,14.4444444444444,12.2222222222222
"2",74,0.9,0.1,0,1000,0.05,2,37.4074074074074,18.8888888888889,17.037037037037,14.4444444444444,12.2222222222222
"3",74,0.9,0.1,0,1000,0.05,3,12.2222222222222,12.2222222222222,18.5185185185185,26.6666666666667,30.3703703703704
