"","nvar","r","d","het","iter","alpha","strategy","p1","p2","p3","p4","p5"
"1",116,0.5,0.1,0,1000,0.05,1,51.1709601873536,20.1405152224824,11.8266978922717,9.4847775175644,7.37704918032787
"2",116,0.5,0.1,0,1000,0.05,2,51.1709601873536,20.1405152224824,11.8266978922717,9.4847775175644,7.37704918032787
"3",116,0.5,0.1,0,1000,0.05,3,13.7002341920375,19.672131147541,19.5550351288056,21.4285714285714,25.6440281030445
