"","nvar","r","d","het","iter","alpha","strategy","p1","p2","p3","p4","p5"
"1",20,0.5,0.3,0,1000,0.05,1,62.982689747004,15.0466045272969,6.79094540612517,8.5219707057257,5.72569906790945
"2",20,0.5,0.3,0,1000,0.05,2,62.982689747004,15.0466045272969,6.79094540612517,8.5219707057257,5.72569906790945
"3",20,0.5,0.3,0,1000,0.05,3,31.4247669773635,20.3728362183755,15.1797603195739,18.2423435419441,14.647137150466
