"","nvar","r","d","het","iter","alpha","strategy","p1","p2","p3","p4","p5"
"1",52,0.9,0.2,0,1000,0.05,1,46.1748633879781,21.3114754098361,10.655737704918,11.7486338797814,10.1092896174863
"2",52,0.9,0.2,0,1000,0.05,2,46.1748633879781,21.3114754098361,10.655737704918,11.7486338797814,10.1092896174863
"3",52,0.9,0.2,0,1000,0.05,3,21.5846994535519,13.1147540983607,13.9344262295082,21.5846994535519,29.7814207650273
