"","nvar","r","d","het","iter","alpha","strategy","p1","p2","p3","p4","p5"
"1",158,0.6,0.2,0,1000,0.05,1,60.2594339622642,15.6839622641509,10.377358490566,7.78301886792453,5.77830188679245
"2",158,0.6,0.2,0,1000,0.05,2,60.2594339622642,15.6839622641509,10.377358490566,7.78301886792453,5.77830188679245
"3",158,0.6,0.2,0,1000,0.05,3,21.1084905660377,15.8018867924528,20.0471698113208,20.0471698113208,22.9952830188679
