"","nvar","r","d","het","iter","alpha","strategy","p1","p2","p3","p4","p5"
"1",22,0.8,0.2,0,1000,0.05,1,50.5938242280285,16.6270783847981,13.0641330166271,10.9263657957245,8.55106888361045
"2",22,0.8,0.2,0,1000,0.05,2,50.5938242280285,16.6270783847981,13.0641330166271,10.9263657957245,8.55106888361045
"3",22,0.8,0.2,0,1000,0.05,3,21.8527315914489,17.1021377672209,18.2897862232779,21.8527315914489,20.9026128266033
