"","nvar","r","d","het","iter","alpha","strategy","p1","p2","p3","p4","p5"
"1",194,0.6,0.3,0,1000,0.05,1,73.3188720173536,10.3036876355748,8.35140997830803,4.33839479392625,3.25379609544469
"2",194,0.6,0.3,0,1000,0.05,2,73.3188720173536,10.3036876355748,8.35140997830803,4.33839479392625,3.25379609544469
"3",194,0.6,0.3,0,1000,0.05,3,26.4642082429501,16.7028199566161,16.7028199566161,18.6550976138829,21.2581344902386
