"","nvar","r","d","het","iter","alpha","strategy","p1","p2","p3","p4","p5"
"1",62,0.7,0.2,0,1000,0.05,1,51.0172143974961,14.7104851330203,12.9890453834116,10.4851330203443,10.7981220657277
"2",62,0.7,0.2,0,1000,0.05,2,51.0172143974961,14.7104851330203,12.9890453834116,10.4851330203443,10.7981220657277
"3",62,0.7,0.2,0,1000,0.05,3,18.4663536776213,15.0234741784038,18.9358372456964,22.848200312989,24.7261345852895
