"","nvar","r","d","het","iter","alpha","strategy","p1","p2","p3","p4","p5"
"1",144,0.8,0.1,0,1000,0.05,1,45.5486542443064,19.6687370600414,14.2857142857143,13.2505175983437,7.2463768115942
"2",144,0.8,0.1,0,1000,0.05,2,45.5486542443064,19.6687370600414,14.2857142857143,13.2505175983437,7.2463768115942
"3",144,0.8,0.1,0,1000,0.05,3,9.93788819875776,13.871635610766,18.6335403726708,26.0869565217391,31.4699792960663
