"","nvar","r","d","het","iter","alpha","strategy","p1","p2","p3","p4","p5"
"1",40,0.8,0.2,0,1000,0.05,1,56.1368209255533,14.8893360160966,11.6700201207243,9.25553319919517,7.84708249496982
"2",40,0.8,0.2,0,1000,0.05,2,56.1368209255533,14.8893360160966,11.6700201207243,9.25553319919517,7.84708249496982
"3",40,0.8,0.2,0,1000,0.05,3,21.7303822937626,17.907444668008,18.5110663983903,20.3219315895372,21.5291750503018
