"","nvar","r","d","het","iter","alpha","strategy","p1","p2","p3","p4","p5"
"1",164,0.4,0.2,0,1000,0.05,1,71.7213114754098,14.7540983606557,6.45491803278689,4.0983606557377,2.97131147540984
"2",164,0.4,0.2,0,1000,0.05,2,71.7213114754098,14.7540983606557,6.45491803278689,4.0983606557377,2.97131147540984
"3",164,0.4,0.2,0,1000,0.05,3,24.5901639344262,17.4180327868852,21.0040983606557,18.2377049180328,18.75
