"","nvar","r","d","het","iter","alpha","strategy","p1","p2","p3","p4","p5"
"1",46,0.4,0.2,0,1000,0.05,1,58.9182968929804,14.614499424626,11.1622554660529,8.28538550057537,7.01956271576525
"2",46,0.4,0.2,0,1000,0.05,2,58.9182968929804,14.614499424626,11.1622554660529,8.28538550057537,7.01956271576525
"3",46,0.4,0.2,0,1000,0.05,3,24.2807825086306,18.0667433831991,18.9873417721519,18.6421173762946,20.0230149597238
