"","nvar","r","d","het","iter","alpha","strategy","p1","p2","p3","p4","p5"
"1",92,0.6,0.2,0,1000,0.05,1,60.7369758576874,15.7560355781449,10.292249047014,8.00508259212198,5.20965692503177
"2",92,0.6,0.2,0,1000,0.05,2,60.7369758576874,15.7560355781449,10.292249047014,8.00508259212198,5.20965692503177
"3",92,0.6,0.2,0,1000,0.05,3,18.4243964421855,18.8055908513342,19.5679796696315,20.8386277001271,22.3634053367217
