"","nvar","r","d","het","iter","alpha","strategy","p1","p2","p3","p4","p5"
"1",70,0.6,0.3,0,1000,0.05,1,67.2705314009662,16.1835748792271,6.52173913043478,5.31400966183575,3.98550724637681
"2",70,0.6,0.3,0,1000,0.05,2,67.2705314009662,16.1835748792271,6.52173913043478,5.31400966183575,3.98550724637681
"3",70,0.6,0.3,0,1000,0.05,3,28.0193236714976,21.6183574879227,15.3381642512077,16.5458937198068,18.3574879227053
