"","nvar","r","d","het","iter","alpha","strategy","p1","p2","p3","p4","p5"
"1",112,0.6,0.2,0,1000,0.05,1,60.0247524752475,14.9752475247525,11.1386138613861,7.7970297029703,6.06435643564356
"2",112,0.6,0.2,0,1000,0.05,2,60.0247524752475,14.9752475247525,11.1386138613861,7.7970297029703,6.06435643564356
"3",112,0.6,0.2,0,1000,0.05,3,20.0495049504951,18.9356435643564,17.9455445544554,22.1534653465347,20.9158415841584
