"","nvar","r","d","het","iter","alpha","strategy","p1","p2","p3","p4","p5"
"1",82,0.3,0.1,0,1000,0.05,1,55.6975505857295,19.2758253461129,14.6964856230032,7.02875399361022,3.3013844515442
"2",82,0.3,0.1,0,1000,0.05,2,55.6975505857295,19.2758253461129,14.6964856230032,7.02875399361022,3.3013844515442
"3",82,0.3,0.1,0,1000,0.05,3,18.5303514376997,17.8913738019169,23.2161874334398,20.8732694355698,19.4888178913738
