"","nvar","r","d","het","iter","alpha","strategy","p1","p2","p3","p4","p5"
"1",72,0.3,0.3,0,1000,0.05,1,79.8136645962733,8.17805383022774,6.7287784679089,2.5879917184265,1.44927536231884
"2",72,0.3,0.3,0,1000,0.05,2,79.8136645962733,8.17805383022774,6.7287784679089,2.5879917184265,1.44927536231884
"3",72,0.3,0.3,0,1000,0.05,3,32.815734989648,18.8405797101449,17.5983436853002,15.4244306418219,15.3209109730849
