"","nvar","r","d","het","iter","alpha","strategy","p1","p2","p3","p4","p5"
"1",172,0.6,0.3,0,1000,0.05,1,73.6203090507726,8.60927152317881,8.27814569536424,5.07726269315673,4.08388520971302
"2",172,0.6,0.3,0,1000,0.05,2,73.6203090507726,8.60927152317881,8.27814569536424,5.07726269315673,4.08388520971302
"3",172,0.6,0.3,0,1000,0.05,3,29.0286975717439,16.5562913907285,17.2185430463576,17.8807947019868,19.205298013245
