"","nvar","r","d","het","iter","alpha","strategy","p1","p2","p3","p4","p5"
"1",64,0.3,0.1,0,1000,0.05,1,55.3215077605321,18.4035476718404,12.5277161862528,8.64745011086474,5.09977827050998
"2",64,0.3,0.1,0,1000,0.05,2,55.3215077605321,18.4035476718404,12.5277161862528,8.64745011086474,5.09977827050998
"3",64,0.3,0.1,0,1000,0.05,3,21.2860310421286,17.8492239467849,19.4013303769401,18.9578713968958,22.5055432372506
