"","nvar","r","d","het","iter","alpha","strategy","p1","p2","p3","p4","p5"
"1",98,0.3,0.3,0,1000,0.05,1,82.8571428571429,8.6734693877551,4.59183673469388,2.04081632653061,1.02040816326531
"2",98,0.3,0.3,0,1000,0.05,2,82.8571428571429,8.6734693877551,4.59183673469388,2.04081632653061,1.02040816326531
"3",98,0.3,0.3,0,1000,0.05,3,35.4081632653061,19.4897959183673,16.6326530612245,15.1020408163265,13.265306122449
