"","nvar","r","d","het","iter","alpha","strategy","p1","p2","p3","p4","p5"
"1",166,0.6,0.2,0,1000,0.05,1,64.5714285714286,14.5142857142857,8.22857142857143,8.11428571428571,4.45714285714286
"2",166,0.6,0.2,0,1000,0.05,2,64.5714285714286,14.5142857142857,8.22857142857143,8.11428571428571,4.45714285714286
"3",166,0.6,0.2,0,1000,0.05,3,20.3428571428571,19.4285714285714,18.6285714285714,20.2285714285714,21.3714285714286
