"","nvar","r","d","het","iter","alpha","strategy","p1","p2","p3","p4","p5"
"1",10,0.4,0.3,0,1000,0.05,1,61.3702623906705,16.4723032069971,10.0583090379009,5.83090379008746,5.83090379008746
"2",10,0.4,0.3,0,1000,0.05,2,61.3702623906705,16.4723032069971,10.0583090379009,5.83090379008746,5.83090379008746
"3",10,0.4,0.3,0,1000,0.05,3,38.4839650145773,19.0962099125364,16.7638483965015,12.8279883381924,12.6822157434402
