"","nvar","r","d","het","iter","alpha","strategy","p1","p2","p3","p4","p5"
"1",88,0.9,0.2,0,1000,0.05,1,50.9661835748792,16.4251207729469,11.1111111111111,13.5265700483092,7.97101449275362
"2",88,0.9,0.2,0,1000,0.05,2,50.9661835748792,16.4251207729469,11.1111111111111,13.5265700483092,7.97101449275362
"3",88,0.9,0.2,0,1000,0.05,3,20.5314009661836,11.3526570048309,17.3913043478261,22.7053140096618,28.0193236714976
