"","nvar","r","d","het","iter","alpha","strategy","p1","p2","p3","p4","p5"
"1",34,0.5,0.3,0,1000,0.05,1,64.3118148599269,14.6163215590743,8.28258221680877,6.45554202192448,5.48112058465286
"2",34,0.5,0.3,0,1000,0.05,2,64.3118148599269,14.6163215590743,8.28258221680877,6.45554202192448,5.48112058465286
"3",34,0.5,0.3,0,1000,0.05,3,33.373934226553,18.3922046285018,15.9561510353228,16.1997563946407,15.8343483556638
