"","nvar","r","d","het","iter","alpha","strategy","p1","p2","p3","p4","p5"
"1",200,0.6,0.3,0,1000,0.05,1,75.4045307443366,10.4638619201726,6.25674217907228,3.88349514563107,3.23624595469256
"2",200,0.6,0.3,0,1000,0.05,2,75.4045307443366,10.4638619201726,6.25674217907228,3.88349514563107,3.23624595469256
"3",200,0.6,0.3,0,1000,0.05,3,29.4498381877023,17.4757281553398,16.9363538295577,17.1521035598706,18.6623516720604
