"","nvar","r","d","het","iter","alpha","strategy","p1","p2","p3","p4","p5"
"1",140,0.7,0.2,0,1000,0.05,1,56.8767908309456,14.8997134670487,11.3180515759312,10.0286532951289,6.73352435530086
"2",140,0.7,0.2,0,1000,0.05,2,56.8767908309456,14.8997134670487,11.3180515759312,10.0286532951289,6.73352435530086
"3",140,0.7,0.2,0,1000,0.05,3,17.621776504298,15.9025787965616,15.9025787965616,24.3553008595989,26.2177650429799
