"","nvar","r","d","het","iter","alpha","strategy","p1","p2","p3","p4","p5"
"1",146,0.5,0.3,0,1000,0.05,1,76.5690376569038,10.8786610878661,5.3347280334728,3.45188284518828,2.71966527196653
"2",146,0.5,0.3,0,1000,0.05,2,76.5690376569038,10.8786610878661,5.3347280334728,3.45188284518828,2.71966527196653
"3",146,0.5,0.3,0,1000,0.05,3,31.6945606694561,18.3054393305439,15.2719665271967,16.4225941422594,18.0962343096234
