"","nvar","r","d","het","iter","alpha","strategy","p1","p2","p3","p4","p5"
"1",90,0.4,0.3,0,1000,0.05,1,76.9628099173554,11.2603305785124,5.16528925619835,3.20247933884297,2.06611570247934
"2",90,0.4,0.3,0,1000,0.05,2,76.9628099173554,11.2603305785124,5.16528925619835,3.20247933884297,2.06611570247934
"3",90,0.4,0.3,0,1000,0.05,3,32.1280991735537,17.6652892561983,17.3553719008264,14.5661157024793,17.4586776859504
