"","nvar","r","d","het","iter","alpha","strategy","p1","p2","p3","p4","p5"
"1",60,0.8,0.1,0,1000,0.05,1,36.0902255639098,26.0651629072682,14.0350877192982,13.7844611528822,10.0250626566416
"2",60,0.8,0.1,0,1000,0.05,2,36.0902255639098,26.0651629072682,14.0350877192982,13.7844611528822,10.0250626566416
"3",60,0.8,0.1,0,1000,0.05,3,10.5263157894737,15.5388471177945,21.3032581453634,24.5614035087719,28.0701754385965
