"","nvar","r","d","het","iter","alpha","strategy","p1","p2","p3","p4","p5"
"1",174,0.8,0.1,0,1000,0.05,1,42.5,19.6153846153846,14.8076923076923,14.2307692307692,8.84615384615385
"2",174,0.8,0.1,0,1000,0.05,2,42.5,19.6153846153846,14.8076923076923,14.2307692307692,8.84615384615385
"3",174,0.8,0.1,0,1000,0.05,3,10.3846153846154,12.8846153846154,21.3461538461538,26.9230769230769,28.4615384615385
