"","nvar","r","d","het","iter","alpha","strategy","p1","p2","p3","p4","p5"
"1",134,0.6,0.3,0,1000,0.05,1,70.2341137123746,11.5942028985507,8.4726867335563,4.0133779264214,4.57079152731327
"2",134,0.6,0.3,0,1000,0.05,2,70.2341137123746,11.5942028985507,8.4726867335563,4.0133779264214,4.57079152731327
"3",134,0.6,0.3,0,1000,0.05,3,26.9788182831661,19.17502787068,16.2764771460424,17.7257525083612,19.7324414715719
