"","nvar","r","d","het","iter","alpha","strategy","p1","p2","p3","p4","p5"
"1",56,0.6,0.1,0,1000,0.05,1,46.3986599664992,16.2479061976549,15.5778894472362,11.892797319933,9.88274706867672
"2",56,0.6,0.1,0,1000,0.05,2,46.3986599664992,16.2479061976549,15.5778894472362,11.892797319933,9.88274706867672
"3",56,0.6,0.1,0,1000,0.05,3,15.7453936348409,14.9078726968174,22.6130653266332,22.1105527638191,24.6231155778894
