"","nvar","r","d","het","iter","alpha","strategy","p1","p2","p3","p4","p5"
"1",88,0,0.1,0,1000,0.05,1,74.7241725175527,17.8535606820461,5.51654964894684,1.30391173520562,0.601805416248746
"2",88,0,0.1,0,1000,0.05,2,74.7241725175527,17.8535606820461,5.51654964894684,1.30391173520562,0.601805416248746
"3",88,0,0.1,0,1000,0.05,3,22.6680040120361,20.8625877632899,18.2547642928786,17.4523570712136,20.7622868605817
