"","nvar","r","d","het","iter","alpha","strategy","p1","p2","p3","p4","p5"
"1",188,0.2,0.3,0,1000,0.05,1,92.9859719438878,5.41082164328657,0.901803607214429,0.100200400801603,0.100200400801603
"2",188,0.2,0.3,0,1000,0.05,2,92.9859719438878,5.41082164328657,0.901803607214429,0.100200400801603,0.100200400801603
"3",188,0.2,0.3,0,1000,0.05,3,34.2685370741483,20.2404809619238,16.5330661322645,15.5310621242485,13.2264529058116
