"","nvar","r","d","het","iter","alpha","strategy","p1","p2","p3","p4","p5"
"1",10,0.3,0.3,0,1000,0.05,1,60.0274725274725,13.7362637362637,10.989010989011,7.28021978021978,6.18131868131868
"2",10,0.3,0.3,0,1000,0.05,2,60.0274725274725,13.7362637362637,10.989010989011,7.28021978021978,6.18131868131868
"3",10,0.3,0.3,0,1000,0.05,3,38.3241758241758,17.032967032967,16.6208791208791,13.8736263736264,12.9120879120879
