"","nvar","r","d","het","iter","alpha","strategy","p1","p2","p3","p4","p5"
"1",22,0.1,0.2,0,1000,0.05,1,61.1368909512761,15.661252900232,10.9048723897912,7.19257540603248,5.10440835266821
"2",22,0.1,0.2,0,1000,0.05,2,61.1368909512761,15.661252900232,10.9048723897912,7.19257540603248,5.10440835266821
"3",22,0.1,0.2,0,1000,0.05,3,32.4825986078886,17.9814385150812,18.2134570765661,15.7772621809745,15.5452436194896
