"","nvar","r","d","het","iter","alpha","strategy","p1","p2","p3","p4","p5"
"1",34,0.8,0.1,0,1000,0.05,1,41.2868632707775,20.1072386058981,13.4048257372654,13.1367292225201,12.0643431635389
"2",34,0.8,0.1,0,1000,0.05,2,41.2868632707775,20.1072386058981,13.4048257372654,13.1367292225201,12.0643431635389
"3",34,0.8,0.1,0,1000,0.05,3,14.4772117962466,15.5495978552279,21.1796246648794,22.2520107238606,26.5415549597855
