"","nvar","r","d","het","iter","alpha","strategy","p1","p2","p3","p4","p5"
"1",66,0.1,0.2,0,1000,0.05,1,75.8341759352882,15.267947421638,4.95449949443883,2.62891809908999,1.314459049545
"2",66,0.1,0.2,0,1000,0.05,2,75.8341759352882,15.267947421638,4.95449949443883,2.62891809908999,1.314459049545
"3",66,0.1,0.2,0,1000,0.05,3,29.6258847320526,20.7280080889788,16.4812942366026,15.3690596562184,17.7957532861476
