"","nvar","r","d","het","iter","alpha","strategy","p1","p2","p3","p4","p5"
"1",108,0.4,0.3,0,1000,0.05,1,76.978417266187,12.0246659815005,5.2415210688592,3.18602261048304,1.74717368961973
"2",108,0.4,0.3,0,1000,0.05,2,76.978417266187,12.0246659815005,5.2415210688592,3.18602261048304,1.74717368961973
"3",108,0.4,0.3,0,1000,0.05,3,29.7019527235355,17.5745118191161,18.191161356629,17.3689619732785,16.9578622816033
