"","nvar","r","d","het","iter","alpha","strategy","p1","p2","p3","p4","p5"
"1",50,0.1,0.1,0,1000,0.05,1,52.9780564263323,21.2121212121212,13.5841170323929,7.94148380355277,4.28422152560084
"2",50,0.1,0.1,0,1000,0.05,2,52.9780564263323,21.2121212121212,13.5841170323929,7.94148380355277,4.28422152560084
"3",50,0.1,0.1,0,1000,0.05,3,23.1974921630094,21.2121212121212,16.9278996865204,19.644723092999,19.0177638453501
