"","nvar","r","d","het","iter","alpha","strategy","p1","p2","p3","p4","p5"
"1",120,0.2,0.1,0,1000,0.05,1,71.5577889447236,16.8844221105528,7.8391959798995,2.21105527638191,1.50753768844221
"2",120,0.2,0.1,0,1000,0.05,2,71.5577889447236,16.8844221105528,7.8391959798995,2.21105527638191,1.50753768844221
"3",120,0.2,0.1,0,1000,0.05,3,20.1005025125628,18.2914572864322,21.3065326633166,19.8994974874372,20.4020100502513
