"","nvar","r","d","het","iter","alpha","strategy","p1","p2","p3","p4","p5"
"1",40,0.1,0.1,0,1000,0.05,1,52.0044543429844,20.1559020044543,13.8084632516704,9.13140311804009,4.89977728285078
"2",40,0.1,0.1,0,1000,0.05,2,52.0044543429844,20.1559020044543,13.8084632516704,9.13140311804009,4.89977728285078
"3",40,0.1,0.1,0,1000,0.05,3,22.71714922049,18.3741648106904,19.3763919821826,20.3786191536748,19.1536748329621
