"","nvar","r","d","het","iter","alpha","strategy","p1","p2","p3","p4","p5"
"1",62,0,0.2,0,1000,0.05,1,83.3333333333333,10.7429718875502,4.41767068273092,0.903614457831325,0.602409638554217
"2",62,0,0.2,0,1000,0.05,2,83.3333333333333,10.7429718875502,4.41767068273092,0.903614457831325,0.602409638554217
"3",62,0,0.2,0,1000,0.05,3,33.2329317269076,18.6746987951807,19.3775100401606,14.4578313253012,14.2570281124498
