"","nvar","r","d","het","iter","alpha","strategy","p1","p2","p3","p4","p5"
"1",18,0.7,0.1,0,1000,0.05,1,36.7952522255193,15.13353115727,16.9139465875371,15.13353115727,16.0237388724036
"2",18,0.7,0.1,0,1000,0.05,2,36.7952522255193,15.13353115727,16.9139465875371,15.13353115727,16.0237388724036
"3",18,0.7,0.1,0,1000,0.05,3,11.5727002967359,16.9139465875371,21.0682492581602,21.9584569732938,28.486646884273
