"","nvar","r","d","het","iter","alpha","strategy","p1","p2","p3","p4","p5"
"1",176,0.2,0.3,0,1000,0.05,1,93.3933933933934,4.2042042042042,1.1011011011011,0.3003003003003,0
"2",176,0.2,0.3,0,1000,0.05,2,93.3933933933934,4.2042042042042,1.1011011011011,0.3003003003003,0
"3",176,0.2,0.3,0,1000,0.05,3,37.2372372372372,17.3173173173173,16.3163163163163,14.6146146146146,14.4144144144144
