"","nvar","r","d","het","iter","alpha","strategy","p1","p2","p3","p4","p5"
"1",150,0.7,0.1,0,1000,0.05,1,45.9866220735786,19.3979933110368,15.7190635451505,11.0367892976589,7.85953177257525
"2",150,0.7,0.1,0,1000,0.05,2,45.9866220735786,19.3979933110368,15.7190635451505,11.0367892976589,7.85953177257525
"3",150,0.7,0.1,0,1000,0.05,3,10.8695652173913,17.3913043478261,21.4046822742475,27.0903010033445,23.2441471571906
