"","nvar","r","d","het","iter","alpha","strategy","p1","p2","p3","p4","p5"
"1",146,0.3,0.2,0,1000,0.05,1,80.2845528455285,10.0609756097561,4.47154471544715,3.65853658536585,1.42276422764228
"2",146,0.3,0.2,0,1000,0.05,2,80.2845528455285,10.0609756097561,4.47154471544715,3.65853658536585,1.42276422764228
"3",146,0.3,0.2,0,1000,0.05,3,28.5569105691057,19.3089430894309,17.479674796748,17.479674796748,17.1747967479675
