"","nvar","r","d","het","iter","alpha","strategy","p1","p2","p3","p4","p5"
"1",60,0.9,0.1,0,1000,0.05,1,38.5496183206107,21.7557251908397,14.5038167938931,12.9770992366412,12.2137404580153
"2",60,0.9,0.1,0,1000,0.05,2,38.5496183206107,21.7557251908397,14.5038167938931,12.9770992366412,12.2137404580153
"3",60,0.9,0.1,0,1000,0.05,3,12.2137404580153,9.16030534351145,18.7022900763359,25.5725190839695,34.3511450381679
