"","nvar","r","d","het","iter","alpha","strategy","p1","p2","p3","p4","p5"
"1",146,0.2,0.3,0,1000,0.05,1,93.0792377131394,4.61384152457372,0.902708124373119,0.401203610832498,0.401203610832498
"2",146,0.2,0.3,0,1000,0.05,2,93.0792377131394,4.61384152457372,0.902708124373119,0.401203610832498,0.401203610832498
"3",146,0.2,0.3,0,1000,0.05,3,35.4062186559679,19.8595787362086,15.8475426278837,16.3490471414243,12.4373119358074
