"","nvar","r","d","het","iter","alpha","strategy","p1","p2","p3","p4","p5"
"1",132,0.3,0.2,0,1000,0.05,1,75.530839231547,13.953488372093,5.96562184024267,2.52780586450961,2.02224469160768
"2",132,0.3,0.2,0,1000,0.05,2,75.530839231547,13.953488372093,5.96562184024267,2.52780586450961,2.02224469160768
"3",132,0.3,0.2,0,1000,0.05,3,24.1658240647118,18.6046511627907,18.7057633973711,19.0091001011122,19.5146612740142
