"","nvar","r","d","het","iter","alpha","strategy","p1","p2","p3","p4","p5"
"1",114,0.3,0.2,0,1000,0.05,1,75.9918616480163,13.1230925737538,5.59511698880977,3.56052899287894,1.7293997965412
"2",114,0.3,0.2,0,1000,0.05,2,75.9918616480163,13.1230925737538,5.59511698880977,3.56052899287894,1.7293997965412
"3",114,0.3,0.2,0,1000,0.05,3,24.5167853509664,20.0406917599186,19.5320447609359,16.4801627670397,19.4303153611394
