"","nvar","r","d","het","iter","alpha","strategy","p1","p2","p3","p4","p5"
"1",180,0.5,0.3,0,1000,0.05,1,76.8115942028985,9.93788819875776,6.31469979296066,3.83022774327122,2.38095238095238
"2",180,0.5,0.3,0,1000,0.05,2,76.8115942028985,9.93788819875776,6.31469979296066,3.83022774327122,2.38095238095238
"3",180,0.5,0.3,0,1000,0.05,3,26.6045548654244,19.2546583850932,15.6314699792961,18.7370600414079,19.4616977225673
