"","nvar","r","d","het","iter","alpha","strategy","p1","p2","p3","p4","p5"
"1",134,0.7,0.1,0,1000,0.05,1,40.4423380726698,19.7472353870458,15.6398104265403,13.5860979462875,10.5845181674566
"2",134,0.7,0.1,0,1000,0.05,2,40.4423380726698,19.7472353870458,15.6398104265403,13.5860979462875,10.5845181674566
"3",134,0.7,0.1,0,1000,0.05,3,11.3744075829384,15.4818325434439,19.4312796208531,24.3285939968404,29.3838862559242
