"","nvar","r","d","het","iter","alpha","strategy","p1","p2","p3","p4","p5"
"1",150,0.3,0.1,0,1000,0.05,1,65.4545454545455,21.010101010101,7.77777777777778,4.04040404040404,1.71717171717172
"2",150,0.3,0.1,0,1000,0.05,2,65.4545454545455,21.010101010101,7.77777777777778,4.04040404040404,1.71717171717172
"3",150,0.3,0.1,0,1000,0.05,3,17.979797979798,22.1212121212121,19.1919191919192,19.1919191919192,21.5151515151515
