"","nvar","r","d","het","iter","alpha","strategy","p1","p2","p3","p4","p5"
"1",114,0.4,0.1,0,1000,0.05,1,56.243213897937,20.1954397394137,12.0521172638436,7.38327904451683,4.12595005428882
"2",114,0.4,0.1,0,1000,0.05,2,56.243213897937,20.1954397394137,12.0521172638436,7.38327904451683,4.12595005428882
"3",114,0.4,0.1,0,1000,0.05,3,16.1780673181325,20.4125950054289,20.5211726384365,23.1270358306189,19.7611292073833
