"","nvar","r","d","het","iter","alpha","strategy","p1","p2","p3","p4","p5"
"1",46,0.3,0.2,0,1000,0.05,1,66.1036036036036,15.0900900900901,7.77027027027027,5.85585585585586,5.18018018018018
"2",46,0.3,0.2,0,1000,0.05,2,66.1036036036036,15.0900900900901,7.77027027027027,5.85585585585586,5.18018018018018
"3",46,0.3,0.2,0,1000,0.05,3,30.7432432432432,16.6666666666667,17.6801801801802,17.3423423423423,17.5675675675676
