"","nvar","r","d","het","iter","alpha","strategy","p1","p2","p3","p4","p5"
"1",174,0.2,0.1,0,1000,0.05,1,78.5785785785786,15.4154154154154,4.3043043043043,0.900900900900901,0.800800800800801
"2",174,0.2,0.1,0,1000,0.05,2,78.5785785785786,15.4154154154154,4.3043043043043,0.900900900900901,0.800800800800801
"3",174,0.2,0.1,0,1000,0.05,3,22.2222222222222,20.4204204204204,17.6176176176176,19.4194194194194,20.3203203203203
