"","nvar","r","d","het","iter","alpha","strategy","p1","p2","p3","p4","p5"
"1",52,0.6,0.2,0,1000,0.05,1,54.8611111111111,17.6388888888889,11.5277777777778,9.86111111111111,5.97222222222222
"2",52,0.6,0.2,0,1000,0.05,2,54.8611111111111,17.6388888888889,11.5277777777778,9.86111111111111,5.97222222222222
"3",52,0.6,0.2,0,1000,0.05,3,21.1111111111111,20.8333333333333,18.8888888888889,18.8888888888889,20.2777777777778
