"","nvar","r","d","het","iter","alpha","strategy","p1","p2","p3","p4","p5"
"1",182,0.1,0.2,0,1000,0.05,1,95.4954954954955,3.6036036036036,0.500500500500501,0.2002002002002,0
"2",182,0.1,0.2,0,1000,0.05,2,95.4954954954955,3.6036036036036,0.500500500500501,0.2002002002002,0
"3",182,0.1,0.2,0,1000,0.05,3,32.4324324324324,16.7167167167167,17.4174174174174,18.3183183183183,15.1151151151151
