"","nvar","r","d","het","iter","alpha","strategy","p1","p2","p3","p4","p5"
"1",40,0.3,0.1,0,1000,0.05,1,47.5716064757161,20.0498132004981,14.8194271481943,9.83810709838107,7.72104607721046
"2",40,0.3,0.1,0,1000,0.05,2,47.5716064757161,20.0498132004981,14.8194271481943,9.83810709838107,7.72104607721046
"3",40,0.3,0.1,0,1000,0.05,3,21.5442092154421,20.1743462017435,19.5516811955168,19.5516811955168,19.1780821917808
