"","nvar","r","d","het","iter","alpha","strategy","p1","p2","p3","p4","p5"
"1",98,0.9,0.1,0,1000,0.05,1,40.4040404040404,26.2626262626263,12.1212121212121,10.4377104377104,10.7744107744108
"2",98,0.9,0.1,0,1000,0.05,2,40.4040404040404,26.2626262626263,12.1212121212121,10.4377104377104,10.7744107744108
"3",98,0.9,0.1,0,1000,0.05,3,9.42760942760943,15.4882154882155,15.8249158249158,28.2828282828283,30.976430976431
