"","nvar","r","d","het","iter","alpha","strategy","p1","p2","p3","p4","p5"
"1",146,0.7,0.2,0,1000,0.05,1,59.8591549295775,16.7605633802817,10.4225352112676,7.6056338028169,5.35211267605634
"2",146,0.7,0.2,0,1000,0.05,2,59.8591549295775,16.7605633802817,10.4225352112676,7.6056338028169,5.35211267605634
"3",146,0.7,0.2,0,1000,0.05,3,21.9718309859155,15.6338028169014,17.887323943662,20.9859154929577,23.5211267605634
