"","nvar","r","d","het","iter","alpha","strategy","p1","p2","p3","p4","p5"
"1",124,0.3,0.1,0,1000,0.05,1,62.5256673511294,21.9712525667351,8.52156057494867,4.82546201232033,2.15605749486653
"2",124,0.3,0.1,0,1000,0.05,2,62.5256673511294,21.9712525667351,8.52156057494867,4.82546201232033,2.15605749486653
"3",124,0.3,0.1,0,1000,0.05,3,19.8151950718686,19.1991786447639,18.8911704312115,21.047227926078,21.047227926078
