"","nvar","r","d","het","iter","alpha","strategy","p1","p2","p3","p4","p5"
"1",54,0.2,0.2,0,1000,0.05,1,71.4733542319749,14.3155694879833,7.7324973876698,3.55276907001045,2.82131661442006
"2",54,0.2,0.2,0,1000,0.05,2,71.4733542319749,14.3155694879833,7.7324973876698,3.55276907001045,2.82131661442006
"3",54,0.2,0.2,0,1000,0.05,3,27.7951933124347,22.7795193312435,17.4503657262278,16.5099268547544,15.4649947753396
