"","nvar","r","d","het","iter","alpha","strategy","p1","p2","p3","p4","p5"
"1",64,0.1,0.2,0,1000,0.05,1,78.6220871327254,12.4620060790274,6.18034447821682,1.62107396149949,1.1144883485309
"2",64,0.1,0.2,0,1000,0.05,2,78.6220871327254,12.4620060790274,6.18034447821682,1.62107396149949,1.1144883485309
"3",64,0.1,0.2,0,1000,0.05,3,32.3201621073962,19.4528875379939,17.7304964539007,15.7041540020263,14.7922998986829
