"","nvar","r","d","het","iter","alpha","strategy","p1","p2","p3","p4","p5"
"1",50,0.2,0.3,0,1000,0.05,1,79.1411042944785,10.6339468302658,5.21472392638037,2.55623721881391,1.53374233128834
"2",50,0.2,0.3,0,1000,0.05,2,79.1411042944785,10.6339468302658,5.21472392638037,2.55623721881391,1.53374233128834
"3",50,0.2,0.3,0,1000,0.05,3,35.6850715746421,18.0981595092025,16.1554192229039,15.8486707566462,13.8036809815951
