"","nvar","r","d","het","iter","alpha","strategy","p1","p2","p3","p4","p5"
"1",20,0.5,0.1,0,1000,0.05,1,38.5964912280702,21.0526315789474,17.9337231968811,12.6705653021442,9.74658869395711
"2",20,0.5,0.1,0,1000,0.05,2,38.5964912280702,21.0526315789474,17.9337231968811,12.6705653021442,9.74658869395711
"3",20,0.5,0.1,0,1000,0.05,3,19.2982456140351,19.4931773879142,22.0272904483431,20.0779727095517,19.1033138401559
