"","nvar","r","d","het","iter","alpha","strategy","p1","p2","p3","p4","p5"
"1",196,0.2,0.1,0,1000,0.05,1,83.4834834834835,11.6116116116116,3.5035035035035,1.1011011011011,0.3003003003003
"2",196,0.2,0.1,0,1000,0.05,2,83.4834834834835,11.6116116116116,3.5035035035035,1.1011011011011,0.3003003003003
"3",196,0.2,0.1,0,1000,0.05,3,22.6226226226226,21.2212212212212,20.5205205205205,16.9169169169169,18.7187187187187
