"","nvar","r","d","het","iter","alpha","strategy","p1","p2","p3","p4","p5"
"1",2,0.1,0.2,0,1000,0.05,1,47.3867595818815,17.0731707317073,11.4982578397213,12.5435540069686,11.4982578397213
"2",2,0.1,0.2,0,1000,0.05,2,47.3867595818815,17.0731707317073,11.4982578397213,12.5435540069686,11.4982578397213
"3",2,0.1,0.2,0,1000,0.05,3,42.1602787456446,18.1184668989547,12.8919860627178,13.9372822299652,12.8919860627178
