"","nvar","r","d","het","iter","alpha","strategy","p1","p2","p3","p4","p5"
"1",10,0.1,0.2,0,1000,0.05,1,52.2522522522522,16.966966966967,13.5135135135135,8.55855855855856,8.70870870870871
"2",10,0.1,0.2,0,1000,0.05,2,52.2522522522522,16.966966966967,13.5135135135135,8.55855855855856,8.70870870870871
"3",10,0.1,0.2,0,1000,0.05,3,31.6816816816817,22.0720720720721,15.9159159159159,14.4144144144144,15.9159159159159
