"","nvar","r","d","het","iter","alpha","strategy","p1","p2","p3","p4","p5"
"1",180,0.4,0.3,0,1000,0.05,1,82.6787512588117,9.76837865055388,3.52467270896274,2.01409869083585,1.20845921450151
"2",180,0.4,0.3,0,1000,0.05,2,82.6787512588117,9.76837865055388,3.52467270896274,2.01409869083585,1.20845921450151
"3",180,0.4,0.3,0,1000,0.05,3,32.3262839879154,19.6374622356495,16.6163141993958,14.7029204431017,16.6163141993958
