"","nvar","r","d","het","iter","alpha","strategy","p1","p2","p3","p4","p5"
"1",34,0.3,0.1,0,1000,0.05,1,44.3396226415094,21.0242587601078,14.8247978436658,11.7250673854447,8.08625336927224
"2",34,0.3,0.1,0,1000,0.05,2,44.3396226415094,21.0242587601078,14.8247978436658,11.7250673854447,8.08625336927224
"3",34,0.3,0.1,0,1000,0.05,3,20.0808625336927,17.9245283018868,18.4636118598383,22.911051212938,20.6199460916442
