"","nvar","r","d","het","iter","alpha","strategy","p1","p2","p3","p4","p5"
"1",124,0.6,0.1,0,1000,0.05,1,44.8275862068966,21.8832891246684,13.5278514588859,9.94694960212202,9.81432360742706
"2",124,0.6,0.1,0,1000,0.05,2,44.8275862068966,21.8832891246684,13.5278514588859,9.94694960212202,9.81432360742706
"3",124,0.6,0.1,0,1000,0.05,3,13.262599469496,17.5066312997347,20.6896551724138,22.5464190981432,25.9946949602122
