"","nvar","r","d","het","iter","alpha","strategy","p1","p2","p3","p4","p5"
"1",54,0.9,0.2,0,1000,0.05,1,51.413881748072,15.1670951156812,13.1105398457584,13.6246786632391,6.68380462724936
"2",54,0.9,0.2,0,1000,0.05,2,51.413881748072,15.1670951156812,13.1105398457584,13.6246786632391,6.68380462724936
"3",54,0.9,0.2,0,1000,0.05,3,21.3367609254499,12.3393316195373,15.681233933162,24.4215938303342,26.2210796915167
