"","nvar","r","d","het","iter","alpha","strategy","p1","p2","p3","p4","p5"
"1",158,0.4,0.1,0,1000,0.05,1,59.086188992731,20.1453790238837,11.7341640706127,5.39979231568017,3.63447559709242
"2",158,0.4,0.1,0,1000,0.05,2,59.086188992731,20.1453790238837,11.7341640706127,5.39979231568017,3.63447559709242
"3",158,0.4,0.1,0,1000,0.05,3,16.926272066459,18.6915887850467,21.8068535825545,21.9106957424714,20.6645898234683
