"","nvar","r","d","het","iter","alpha","strategy","p1","p2","p3","p4","p5"
"1",152,0.5,0.2,0,1000,0.05,1,64.0659340659341,16.2637362637363,8.68131868131868,6.81318681318681,4.17582417582418
"2",152,0.5,0.2,0,1000,0.05,2,64.0659340659341,16.2637362637363,8.68131868131868,6.81318681318681,4.17582417582418
"3",152,0.5,0.2,0,1000,0.05,3,23.4065934065934,16.1538461538462,20.8791208791209,19.7802197802198,19.7802197802198
