"","nvar","r","d","het","iter","alpha","strategy","p1","p2","p3","p4","p5"
"1",114,0.1,0.1,0,1000,0.05,1,77.5325977933801,14.8445336008024,5.31594784353059,2.00601805416249,0.300902708124373
"2",114,0.1,0.1,0,1000,0.05,2,77.5325977933801,14.8445336008024,5.31594784353059,2.00601805416249,0.300902708124373
"3",114,0.1,0.1,0,1000,0.05,3,23.7713139418255,18.6559679037111,19.6589769307924,20.5616850551655,17.3520561685055
