"","nvar","r","d","het","iter","alpha","strategy","p1","p2","p3","p4","p5"
"1",162,0.6,0.3,0,1000,0.05,1,72.6057906458797,11.1358574610245,7.34966592427617,5.01113585746102,3.00668151447661
"2",162,0.6,0.3,0,1000,0.05,2,72.6057906458797,11.1358574610245,7.34966592427617,5.01113585746102,3.00668151447661
"3",162,0.6,0.3,0,1000,0.05,3,27.1714922048998,17.5946547884187,18.5968819599109,17.706013363029,18.4855233853007
