"","nvar","r","d","het","iter","alpha","strategy","p1","p2","p3","p4","p5"
"1",200,0.4,0.3,0,1000,0.05,1,84.0886203423968,8.86203423967775,3.02114803625378,2.11480362537764,0.80563947633434
"2",200,0.4,0.3,0,1000,0.05,2,84.0886203423968,8.86203423967775,3.02114803625378,2.11480362537764,0.80563947633434
"3",200,0.4,0.3,0,1000,0.05,3,32.3262839879154,18.3282980866062,16.1127895266868,17.0191339375629,16.1127895266868
