"","nvar","r","d","het","iter","alpha","strategy","p1","p2","p3","p4","p5"
"1",82,0,0.1,0,1000,0.05,1,72.5903614457831,18.0722891566265,6.32530120481928,2.10843373493976,0.903614457831325
"2",82,0,0.1,0,1000,0.05,2,72.5903614457831,18.0722891566265,6.32530120481928,2.10843373493976,0.903614457831325
"3",82,0,0.1,0,1000,0.05,3,24.7991967871486,19.1767068273092,19.2771084337349,19.3775100401606,17.3694779116466
