"","nvar","r","d","het","iter","alpha","strategy","p1","p2","p3","p4","p5"
"1",164,0.3,0.3,0,1000,0.05,1,86.9739478957916,7.31462925851703,3.1062124248497,1.40280561122244,0.30060120240481
"2",164,0.3,0.3,0,1000,0.05,2,86.9739478957916,7.31462925851703,3.1062124248497,1.40280561122244,0.30060120240481
"3",164,0.3,0.3,0,1000,0.05,3,31.4629258517034,20.0400801603206,16.4328657314629,15.9318637274549,15.7314629258517
