"","nvar","r","d","het","iter","alpha","strategy","p1","p2","p3","p4","p5"
"1",156,0.6,0.1,0,1000,0.05,1,49.1293532338308,20.3980099502488,12.4378109452736,11.1940298507463,6.8407960199005
"2",156,0.6,0.1,0,1000,0.05,2,49.1293532338308,20.3980099502488,12.4378109452736,11.1940298507463,6.8407960199005
"3",156,0.6,0.1,0,1000,0.05,3,12.8109452736318,13.9303482587065,20.5223880597015,26.3681592039801,26.3681592039801
