"","nvar","r","d","het","iter","alpha","strategy","p1","p2","p3","p4","p5"
"1",28,0,0.3,0,1000,0.05,1,79.7338792221085,10.5424769703173,4.503582395087,2.55885363357216,1.22824974411464
"2",28,0,0.3,0,1000,0.05,2,79.7338792221085,10.5424769703173,4.503582395087,2.55885363357216,1.22824974411464
"3",28,0,0.3,0,1000,0.05,3,42.9887410440123,14.7389969293756,15.9672466734903,13.4083930399181,12.3848515864893
