"","nvar","r","d","het","iter","alpha","strategy","p1","p2","p3","p4","p5"
"1",42,0.1,0.3,0,1000,0.05,1,82.020202020202,9.4949494949495,4.34343434343434,1.31313131313131,1.51515151515152
"2",42,0.1,0.3,0,1000,0.05,2,82.020202020202,9.4949494949495,4.34343434343434,1.31313131313131,1.51515151515152
"3",42,0.1,0.3,0,1000,0.05,3,38.1818181818182,18.4848484848485,16.4646464646465,13.1313131313131,13.3333333333333
