"","nvar","r","d","het","iter","alpha","strategy","p1","p2","p3","p4","p5"
"1",142,0.6,0.1,0,1000,0.05,1,48.5639686684073,19.3211488250653,13.1853785900783,9.92167101827676,9.00783289817232
"2",142,0.6,0.1,0,1000,0.05,2,48.5639686684073,19.3211488250653,13.1853785900783,9.92167101827676,9.00783289817232
"3",142,0.6,0.1,0,1000,0.05,3,11.8798955613577,15.9268929503916,19.4516971279373,24.5430809399478,28.1984334203655
