"","nvar","r","d","het","iter","alpha","strategy","p1","p2","p3","p4","p5"
"1",94,0.2,0.1,0,1000,0.05,1,63.7948717948718,19.8974358974359,8.41025641025641,5.33333333333333,2.56410256410256
"2",94,0.2,0.1,0,1000,0.05,2,63.7948717948718,19.8974358974359,8.41025641025641,5.33333333333333,2.56410256410256
"3",94,0.2,0.1,0,1000,0.05,3,21.4358974358974,20.9230769230769,19.6923076923077,19.3846153846154,18.5641025641026
