"","nvar","r","d","het","iter","alpha","strategy","p1","p2","p3","p4","p5"
"1",106,0.2,0.3,0,1000,0.05,1,89.1783567134269,6.312625250501,2.50501002004008,0.801603206412826,0.400801603206413
"2",106,0.2,0.3,0,1000,0.05,2,89.1783567134269,6.312625250501,2.50501002004008,0.801603206412826,0.400801603206413
"3",106,0.2,0.3,0,1000,0.05,3,33.6673346693387,19.7394789579158,18.3366733466934,15.4308617234469,12.7254509018036
