"","nvar","r","d","het","iter","alpha","strategy","p1","p2","p3","p4","p5"
"1",58,0.4,0.1,0,1000,0.05,1,46.1152882205514,21.9298245614035,14.0350877192982,9.77443609022556,8.1453634085213
"2",58,0.4,0.1,0,1000,0.05,2,46.1152882205514,21.9298245614035,14.0350877192982,9.77443609022556,8.1453634085213
"3",58,0.4,0.1,0,1000,0.05,3,17.7944862155388,19.5488721804511,18.922305764411,20.4260651629073,23.3082706766917
