"","nvar","r","d","het","iter","alpha","strategy","p1","p2","p3","p4","p5"
"1",166,0.4,0.3,0,1000,0.05,1,82.3886639676113,9.31174089068826,3.4412955465587,2.63157894736842,1.11336032388664
"2",166,0.4,0.3,0,1000,0.05,2,82.3886639676113,9.31174089068826,3.4412955465587,2.63157894736842,1.11336032388664
"3",166,0.4,0.3,0,1000,0.05,3,32.4898785425101,17.2064777327935,19.2307692307692,14.9797570850202,15.6882591093117
