"","nvar","r","d","het","iter","alpha","strategy","p1","p2","p3","p4","p5"
"1",40,0.6,0.2,0,1000,0.05,1,56.6517189835576,16.4424514200299,10.3139013452915,8.22122571001495,8.37070254110613
"2",40,0.6,0.2,0,1000,0.05,2,56.6517189835576,16.4424514200299,10.3139013452915,8.22122571001495,8.37070254110613
"3",40,0.6,0.2,0,1000,0.05,3,24.6636771300448,20.4783258594918,16.1434977578475,19.5814648729447,19.1330343796712
