"","nvar","r","d","het","iter","alpha","strategy","p1","p2","p3","p4","p5"
"1",100,0.3,0.1,0,1000,0.05,1,61.6424116424116,20.0623700623701,9.97920997920998,4.98960498960499,3.32640332640333
"2",100,0.3,0.1,0,1000,0.05,2,61.6424116424116,20.0623700623701,9.97920997920998,4.98960498960499,3.32640332640333
"3",100,0.3,0.1,0,1000,0.05,3,20.5821205821206,19.8544698544699,18.3991683991684,21.9334719334719,19.2307692307692
