"","nvar","r","d","het","iter","alpha","strategy","p1","p2","p3","p4","p5"
"1",78,0.1,0.2,0,1000,0.05,1,80.9428284854564,11.4343029087262,4.71414242728185,2.00601805416249,0.802407221664995
"2",78,0.1,0.2,0,1000,0.05,2,80.9428284854564,11.4343029087262,4.71414242728185,2.00601805416249,0.802407221664995
"3",78,0.1,0.2,0,1000,0.05,3,29.4884653961886,19.1574724172518,19.4583751253761,15.2457372116349,16.6499498495486
