"","nvar","r","d","het","iter","alpha","strategy","p1","p2","p3","p4","p5"
"1",94,0.3,0.2,0,1000,0.05,1,72.0452209660843,13.9773895169579,8.01644398766701,4.41932168550874,1.54162384378212
"2",94,0.3,0.2,0,1000,0.05,2,72.0452209660843,13.9773895169579,8.01644398766701,4.41932168550874,1.54162384378212
"3",94,0.3,0.2,0,1000,0.05,3,25.1798561151079,20.1438848920863,18.3967112024666,18.2939362795478,17.9856115107914
