"","nvar","r","d","het","iter","alpha","strategy","p1","p2","p3","p4","p5"
"1",98,0.7,0.1,0,1000,0.05,1,43.979057591623,18.499127399651,14.4851657940663,12.565445026178,10.4712041884817
"2",98,0.7,0.1,0,1000,0.05,2,43.979057591623,18.499127399651,14.4851657940663,12.565445026178,10.4712041884817
"3",98,0.7,0.1,0,1000,0.05,3,12.9144851657941,16.0558464223386,20.4188481675393,22.8621291448517,27.7486910994764
