"","nvar","r","d","het","iter","alpha","strategy","p1","p2","p3","p4","p5"
"1",24,0.8,0.2,0,1000,0.05,1,49.4172494172494,17.2494172494172,12.5874125874126,11.1888111888112,9.55710955710956
"2",24,0.8,0.2,0,1000,0.05,2,49.4172494172494,17.2494172494172,12.5874125874126,11.1888111888112,9.55710955710956
"3",24,0.8,0.2,0,1000,0.05,3,27.039627039627,15.8508158508159,17.016317016317,19.5804195804196,20.5128205128205
