"","nvar","r","d","het","iter","alpha","strategy","p1","p2","p3","p4","p5"
"1",8,0.7,0.1,0,1000,0.05,1,37.410071942446,17.9856115107914,16.9064748201439,14.7482014388489,12.9496402877698
"2",8,0.7,0.1,0,1000,0.05,2,37.410071942446,17.9856115107914,16.9064748201439,14.7482014388489,12.9496402877698
"3",8,0.7,0.1,0,1000,0.05,3,18.3453237410072,16.5467625899281,18.3453237410072,23.021582733813,23.7410071942446
