"","nvar","r","d","het","iter","alpha","strategy","p1","p2","p3","p4","p5"
"1",102,0.5,0.3,0,1000,0.05,1,73.0936819172113,10.1307189542484,6.20915032679739,5.99128540305011,3.59477124183007
"2",102,0.5,0.3,0,1000,0.05,2,73.0936819172113,10.1307189542484,6.20915032679739,5.99128540305011,3.59477124183007
"3",102,0.5,0.3,0,1000,0.05,3,26.797385620915,19.9346405228758,16.2309368191721,18.9542483660131,17.9738562091503
