"","nvar","r","d","het","iter","alpha","strategy","p1","p2","p3","p4","p5"
"1",70,0.8,0.2,0,1000,0.05,1,52.7573529411765,19.4852941176471,12.5,6.98529411764706,8.27205882352941
"2",70,0.8,0.2,0,1000,0.05,2,52.7573529411765,19.4852941176471,12.5,6.98529411764706,8.27205882352941
"3",70,0.8,0.2,0,1000,0.05,3,22.2426470588235,15.625,18.3823529411765,21.3235294117647,22.4264705882353
