"","nvar","r","d","het","iter","alpha","strategy","p1","p2","p3","p4","p5"
"1",196,0.5,0.1,0,1000,0.05,1,56.2293274531422,18.9636163175303,11.3561190738699,7.82800441014333,5.62293274531422
"2",196,0.5,0.1,0,1000,0.05,2,56.2293274531422,18.9636163175303,11.3561190738699,7.82800441014333,5.62293274531422
"3",196,0.5,0.1,0,1000,0.05,3,14.9944873208379,17.4200661521499,18.7431091510474,22.4917309812569,26.3506063947078
