"","nvar","r","d","het","iter","alpha","strategy","p1","p2","p3","p4","p5"
"1",174,0.5,0.2,0,1000,0.05,1,64.034151547492,15.4749199573106,10.6723585912487,5.12273212379936,4.58911419423693
"2",174,0.5,0.2,0,1000,0.05,2,64.034151547492,15.4749199573106,10.6723585912487,5.12273212379936,4.58911419423693
"3",174,0.5,0.2,0,1000,0.05,3,19.3169690501601,16.4354322305229,19.6371398078975,23.0522945570971,21.5581643543223
