"","nvar","r","d","het","iter","alpha","strategy","p1","p2","p3","p4","p5"
"1",4,0.6,0.1,0,1000,0.05,1,30.6930693069307,23.2673267326733,18.3168316831683,14.8514851485149,12.8712871287129
"2",4,0.6,0.1,0,1000,0.05,2,30.6930693069307,23.2673267326733,18.3168316831683,14.8514851485149,12.8712871287129
"3",4,0.6,0.1,0,1000,0.05,3,23.2673267326733,20.7920792079208,20.2970297029703,17.8217821782178,17.8217821782178
