"","nvar","r","d","het","iter","alpha","strategy","p1","p2","p3","p4","p5"
"1",178,0.3,0.1,0,1000,0.05,1,69.1532258064516,17.3387096774194,8.56854838709677,3.62903225806452,1.31048387096774
"2",178,0.3,0.1,0,1000,0.05,2,69.1532258064516,17.3387096774194,8.56854838709677,3.62903225806452,1.31048387096774
"3",178,0.3,0.1,0,1000,0.05,3,17.1370967741935,19.3548387096774,21.0685483870968,20.9677419354839,21.4717741935484
