"","nvar","r","d","het","iter","alpha","strategy","p1","p2","p3","p4","p5"
"1",158,0.7,0.2,0,1000,0.05,1,60,16.4137931034483,11.448275862069,6.62068965517241,5.51724137931035
"2",158,0.7,0.2,0,1000,0.05,2,60,16.4137931034483,11.448275862069,6.62068965517241,5.51724137931035
"3",158,0.7,0.2,0,1000,0.05,3,18.2068965517241,14.8965517241379,21.3793103448276,21.2413793103448,24.2758620689655
