"","nvar","r","d","het","iter","alpha","strategy","p1","p2","p3","p4","p5"
"1",20,0.2,0.1,0,1000,0.05,1,44.213649851632,21.9584569732938,13.2047477744807,12.6112759643917,8.01186943620178
"2",20,0.2,0.1,0,1000,0.05,2,44.213649851632,21.9584569732938,13.2047477744807,12.6112759643917,8.01186943620178
"3",20,0.2,0.1,0,1000,0.05,3,24.3323442136499,21.2166172106825,17.9525222551929,18.3976261127596,18.1008902077151
