"","nvar","r","d","het","iter","alpha","strategy","p1","p2","p3","p4","p5"
"1",32,0.8,0.1,0,1000,0.05,1,33.1378299120235,22.8739002932551,14.6627565982405,16.4222873900293,12.9032258064516
"2",32,0.8,0.1,0,1000,0.05,2,33.1378299120235,22.8739002932551,14.6627565982405,16.4222873900293,12.9032258064516
"3",32,0.8,0.1,0,1000,0.05,3,11.7302052785924,15.5425219941349,19.3548387096774,23.4604105571848,29.9120234604106
