"","nvar","r","d","het","iter","alpha","strategy","p1","p2","p3","p4","p5"
"1",28,0.2,0.1,0,1000,0.05,1,43.4500648508431,20.8819714656291,15.4345006485084,11.8028534370947,8.43060959792477
"2",28,0.2,0.1,0,1000,0.05,2,43.4500648508431,20.8819714656291,15.4345006485084,11.8028534370947,8.43060959792477
"3",28,0.2,0.1,0,1000,0.05,3,22.0492866407263,20.1037613488975,18.8067444876783,20.3631647211414,18.6770428015564
