"","nvar","r","d","het","iter","alpha","strategy","p1","p2","p3","p4","p5"
"1",8,0.8,0.1,0,1000,0.05,1,37.3333333333333,17.7777777777778,16.4444444444444,14.2222222222222,14.2222222222222
"2",8,0.8,0.1,0,1000,0.05,2,37.3333333333333,17.7777777777778,16.4444444444444,14.2222222222222,14.2222222222222
"3",8,0.8,0.1,0,1000,0.05,3,16.4444444444444,20.4444444444444,19.5555555555556,23.1111111111111,20.4444444444444
