"","nvar","r","d","het","iter","alpha","strategy","p1","p2","p3","p4","p5"
"1",14,0.2,0.2,0,1000,0.05,1,55.5090655509066,17.4337517433752,11.7154811715481,8.78661087866109,6.55509065550907
"2",14,0.2,0.2,0,1000,0.05,2,55.5090655509066,17.4337517433752,11.7154811715481,8.78661087866109,6.55509065550907
"3",14,0.2,0.2,0,1000,0.05,3,32.0781032078103,21.8967921896792,16.4574616457462,15.4811715481172,14.0864714086471
