"","nvar","r","d","het","iter","alpha","strategy","p1","p2","p3","p4","p5"
"1",82,0.8,0.1,0,1000,0.05,1,42.6829268292683,20.9756097560976,16.3414634146341,9.51219512195122,10.4878048780488
"2",82,0.8,0.1,0,1000,0.05,2,42.6829268292683,20.9756097560976,16.3414634146341,9.51219512195122,10.4878048780488
"3",82,0.8,0.1,0,1000,0.05,3,12.1951219512195,15.609756097561,18.0487804878049,26.0975609756098,28.0487804878049
