"","nvar","r","d","het","iter","alpha","strategy","p1","p2","p3","p4","p5"
"1",116,0.6,0.2,0,1000,0.05,1,59.4561186650185,16.1928306551298,11.2484548825711,7.16934487021014,5.93325092707046
"2",116,0.6,0.2,0,1000,0.05,2,59.4561186650185,16.1928306551298,11.2484548825711,7.16934487021014,5.93325092707046
"3",116,0.6,0.2,0,1000,0.05,3,16.9344870210136,19.283065512979,18.7886279357231,21.5080346106304,23.4857849196539
