"","nvar","r","d","het","iter","alpha","strategy","p1","p2","p3","p4","p5"
"1",32,0.4,0.1,0,1000,0.05,1,43.5435435435435,19.6696696696697,15.015015015015,12.7627627627628,9.00900900900901
"2",32,0.4,0.1,0,1000,0.05,2,43.5435435435435,19.6696696696697,15.015015015015,12.7627627627628,9.00900900900901
"3",32,0.4,0.1,0,1000,0.05,3,19.0690690690691,18.3183183183183,18.6186186186186,24.4744744744745,19.5195195195195
