"","nvar","r","d","het","iter","alpha","strategy","p1","p2","p3","p4","p5"
"1",50,0.7,0.2,0,1000,0.05,1,55.3333333333333,18.5,10.3333333333333,9.16666666666667,6.66666666666667
"2",50,0.7,0.2,0,1000,0.05,2,55.3333333333333,18.5,10.3333333333333,9.16666666666667,6.66666666666667
"3",50,0.7,0.2,0,1000,0.05,3,21.3333333333333,16.5,21.3333333333333,19.5,21.3333333333333
