"","nvar","r","d","het","iter","alpha","strategy","p1","p2","p3","p4","p5"
"1",174,0.6,0.1,0,1000,0.05,1,52.212389380531,17.1934260429836,13.9064475347661,9.60809102402023,7.07964601769912
"2",174,0.6,0.1,0,1000,0.05,2,52.212389380531,17.1934260429836,13.9064475347661,9.60809102402023,7.07964601769912
"3",174,0.6,0.1,0,1000,0.05,3,12.2629582806574,16.4348925410872,18.3312262958281,25.1580278128951,27.8128950695322
