"","nvar","r","d","het","iter","alpha","strategy","p1","p2","p3","p4","p5"
"1",72,0.6,0.1,0,1000,0.05,1,43.581616481775,18.5419968304279,14.1045958795563,13.4706814580032,10.3011093502377
"2",72,0.6,0.1,0,1000,0.05,2,43.581616481775,18.5419968304279,14.1045958795563,13.4706814580032,10.3011093502377
"3",72,0.6,0.1,0,1000,0.05,3,13.3122028526149,18.0665610142631,20.4437400950872,24.8811410459588,23.2963549920761
