"","nvar","r","d","het","iter","alpha","strategy","p1","p2","p3","p4","p5"
"1",4,0.9,0.1,0,1000,0.05,1,33.8461538461538,15.3846153846154,14.6153846153846,14.6153846153846,21.5384615384615
"2",4,0.9,0.1,0,1000,0.05,2,33.8461538461538,15.3846153846154,14.6153846153846,14.6153846153846,21.5384615384615
"3",4,0.9,0.1,0,1000,0.05,3,21.5384615384615,13.0769230769231,16.1538461538462,24.6153846153846,24.6153846153846
