"","nvar","r","d","het","iter","alpha","strategy","p1","p2","p3","p4","p5"
"1",116,0.2,0.1,0,1000,0.05,1,71.2411705348133,15.7416750756811,8.07265388496468,3.63269424823411,1.31180625630676
"2",116,0.2,0.1,0,1000,0.05,2,71.2411705348133,15.7416750756811,8.07265388496468,3.63269424823411,1.31180625630676
"3",116,0.2,0.1,0,1000,0.05,3,21.6952573158426,19.8789101917255,18.3652875882947,19.7780020181635,20.2825428859738
