"","nvar","r","d","het","iter","alpha","strategy","p1","p2","p3","p4","p5"
"1",44,0,0.1,0,1000,0.05,1,56.4533053515215,20.3567681007345,12.906610703043,6.40083945435467,3.88247639034627
"2",44,0,0.1,0,1000,0.05,2,56.4533053515215,20.3567681007345,12.906610703043,6.40083945435467,3.88247639034627
"3",44,0,0.1,0,1000,0.05,3,23.7145855194124,19.6222455403987,21.511017838405,18.3630640083945,16.7890870933893
