"","nvar","r","d","het","iter","alpha","strategy","p1","p2","p3","p4","p5"
"1",170,0.5,0.2,0,1000,0.05,1,68.0084745762712,14.406779661017,7.6271186440678,6.35593220338983,3.49576271186441
"2",170,0.5,0.2,0,1000,0.05,2,68.0084745762712,14.406779661017,7.6271186440678,6.35593220338983,3.49576271186441
"3",170,0.5,0.2,0,1000,0.05,3,22.1398305084746,18.75,18.75,19.0677966101695,21.2923728813559
