"","nvar","r","d","het","iter","alpha","strategy","p1","p2","p3","p4","p5"
"1",66,0.5,0.3,0,1000,0.05,1,73.120728929385,11.3895216400911,6.1503416856492,4.78359908883827,3.41685649202733
"2",66,0.5,0.3,0,1000,0.05,2,73.120728929385,11.3895216400911,6.1503416856492,4.78359908883827,3.41685649202733
"3",66,0.5,0.3,0,1000,0.05,3,33.371298405467,18.4510250569476,15.8314350797267,16.4009111617312,15.6036446469248
