"","nvar","r","d","het","iter","alpha","strategy","p1","p2","p3","p4","p5"
"1",122,0.1,0.1,0,1000,0.05,1,79.8192771084337,13.5542168674699,4.71887550200803,1.30522088353414,0.602409638554217
"2",122,0.1,0.1,0,1000,0.05,2,79.8192771084337,13.5542168674699,4.71887550200803,1.30522088353414,0.602409638554217
"3",122,0.1,0.1,0,1000,0.05,3,24.4979919678715,20.5823293172691,20.281124497992,16.4658634538153,18.1726907630522
