"","nvar","r","d","het","iter","alpha","strategy","p1","p2","p3","p4","p5"
"1",18,0.4,0.2,0,1000,0.05,1,52.3099850968703,15.7973174366617,14.0089418777943,9.68703427719821,8.19672131147541
"2",18,0.4,0.2,0,1000,0.05,2,52.3099850968703,15.7973174366617,14.0089418777943,9.68703427719821,8.19672131147541
"3",18,0.4,0.2,0,1000,0.05,3,28.0178837555887,15.946348733234,20.2682563338301,17.1385991058122,18.628912071535
