"","nvar","r","d","het","iter","alpha","strategy","p1","p2","p3","p4","p5"
"1",22,0.9,0.1,0,1000,0.05,1,41.9491525423729,20.3389830508475,14.406779661017,12.2881355932203,11.0169491525424
"2",22,0.9,0.1,0,1000,0.05,2,41.9491525423729,20.3389830508475,14.406779661017,12.2881355932203,11.0169491525424
"3",22,0.9,0.1,0,1000,0.05,3,14.8305084745763,17.3728813559322,13.5593220338983,25,29.2372881355932
