"","nvar","r","d","het","iter","alpha","strategy","p1","p2","p3","p4","p5"
"1",50,0.8,0.2,0,1000,0.05,1,53.9393939393939,16.969696969697,11.9191919191919,10.5050505050505,6.66666666666667
"2",50,0.8,0.2,0,1000,0.05,2,53.9393939393939,16.969696969697,11.9191919191919,10.5050505050505,6.66666666666667
"3",50,0.8,0.2,0,1000,0.05,3,21.8181818181818,14.5454545454545,19.5959595959596,23.6363636363636,20.4040404040404
