"","nvar","r","d","het","iter","alpha","strategy","p1","p2","p3","p4","p5"
"1",56,0,0.1,0,1000,0.05,1,65.1282051282051,21.3333333333333,8.41025641025641,3.69230769230769,1.43589743589744
"2",56,0,0.1,0,1000,0.05,2,65.1282051282051,21.3333333333333,8.41025641025641,3.69230769230769,1.43589743589744
"3",56,0,0.1,0,1000,0.05,3,25.8461538461538,21.025641025641,17.4358974358974,18.4615384615385,17.2307692307692
