"","nvar","r","d","het","iter","alpha","strategy","p1","p2","p3","p4","p5"
"1",154,0.4,0.2,0,1000,0.05,1,71.4285714285714,15.2106885919836,7.29701952723535,4.0082219938335,2.05549845837616
"2",154,0.4,0.2,0,1000,0.05,2,71.4285714285714,15.2106885919836,7.29701952723535,4.0082219938335,2.05549845837616
"3",154,0.4,0.2,0,1000,0.05,3,22.0966084275437,18.0883864337102,21.2744090441932,18.2939362795478,20.2466598150051
