"","nvar","r","d","het","iter","alpha","strategy","p1","p2","p3","p4","p5"
"1",174,0.2,0.3,0,1000,0.05,1,93.5935935935936,2.9029029029029,1.1011011011011,0.3003003003003,0.1001001001001
"2",174,0.2,0.3,0,1000,0.05,2,93.5935935935936,2.9029029029029,1.1011011011011,0.3003003003003,0.1001001001001
"3",174,0.2,0.3,0,1000,0.05,3,37.6376376376376,17.1171171171171,16.016016016016,14.014014014014,14.9149149149149
