"","nvar","r","d","het","iter","alpha","strategy","p1","p2","p3","p4","p5"
"1",48,0.3,0.2,0,1000,0.05,1,64.7651006711409,15.4362416107383,9.95525727069351,6.3758389261745,3.4675615212528
"2",48,0.3,0.2,0,1000,0.05,2,64.7651006711409,15.4362416107383,9.95525727069351,6.3758389261745,3.4675615212528
"3",48,0.3,0.2,0,1000,0.05,3,28.2997762863535,20.3579418344519,17.5615212527964,18.2326621923937,15.5480984340045
