"","nvar","r","d","het","iter","alpha","strategy","p1","p2","p3","p4","p5"
"1",92,0.2,0.2,0,1000,0.05,1,78.0487804878049,12.8048780487805,5.79268292682927,1.82926829268293,1.52439024390244
"2",92,0.2,0.2,0,1000,0.05,2,78.0487804878049,12.8048780487805,5.79268292682927,1.82926829268293,1.52439024390244
"3",92,0.2,0.2,0,1000,0.05,3,28.150406504065,20.020325203252,18.0894308943089,16.0569105691057,17.6829268292683
