"","nvar","r","d","het","iter","alpha","strategy","p1","p2","p3","p4","p5"
"1",168,0.4,0.3,0,1000,0.05,1,83.8220424671385,7.28008088978766,4.04448938321537,2.42669362992922,1.21334681496461
"2",168,0.4,0.3,0,1000,0.05,2,83.8220424671385,7.28008088978766,4.04448938321537,2.42669362992922,1.21334681496461
"3",168,0.4,0.3,0,1000,0.05,3,32.355915065723,15.9757330637007,16.9868554095045,16.6835187057634,17.7957532861476
