"","nvar","r","d","het","iter","alpha","strategy","p1","p2","p3","p4","p5"
"1",62,0.5,0.2,0,1000,0.05,1,62.3279098873592,15.1439299123905,9.88735919899875,7.13391739674593,5.50688360450563
"2",62,0.5,0.2,0,1000,0.05,2,62.3279098873592,15.1439299123905,9.88735919899875,7.13391739674593,5.50688360450563
"3",62,0.5,0.2,0,1000,0.05,3,24.1551939924906,17.7722152690864,18.3979974968711,19.1489361702128,20.5256570713392
