"","nvar","r","d","het","iter","alpha","strategy","p1","p2","p3","p4","p5"
"1",78,0.6,0.1,0,1000,0.05,1,42.6666666666667,19.4074074074074,16,11.2592592592593,10.6666666666667
"2",78,0.6,0.1,0,1000,0.05,2,42.6666666666667,19.4074074074074,16,11.2592592592593,10.6666666666667
"3",78,0.6,0.1,0,1000,0.05,3,13.037037037037,16.7407407407407,19.5555555555556,24.8888888888889,25.7777777777778
