"","nvar","r","d","het","iter","alpha","strategy","p1","p2","p3","p4","p5"
"1",90,0,0.1,0,1000,0.05,1,76.8537074148297,15.9318637274549,5.31062124248497,1.70340681362725,0.200400801603206
"2",90,0,0.1,0,1000,0.05,2,76.8537074148297,15.9318637274549,5.31062124248497,1.70340681362725,0.200400801603206
"3",90,0,0.1,0,1000,0.05,3,21.7434869739479,20.3406813627255,20.2404809619238,19.1382765531062,18.5370741482966
