"","nvar","r","d","het","iter","alpha","strategy","p1","p2","p3","p4","p5"
"1",192,0.4,0.1,0,1000,0.05,1,62.4355005159959,19.9174406604747,10.7327141382869,4.85036119711042,2.0639834881321
"2",192,0.4,0.1,0,1000,0.05,2,62.4355005159959,19.9174406604747,10.7327141382869,4.85036119711042,2.0639834881321
"3",192,0.4,0.1,0,1000,0.05,3,15.1702786377709,18.5758513931889,19.7110423116615,24.1486068111455,22.3942208462332
