"","nvar","r","d","het","iter","alpha","strategy","p1","p2","p3","p4","p5"
"1",20,0.6,0.2,0,1000,0.05,1,52.5773195876289,15.4639175257732,14.2611683848797,9.96563573883162,7.7319587628866
"2",20,0.6,0.2,0,1000,0.05,2,52.5773195876289,15.4639175257732,14.2611683848797,9.96563573883162,7.7319587628866
"3",20,0.6,0.2,0,1000,0.05,3,22.5085910652921,18.3848797250859,19.9312714776632,18.7285223367698,20.446735395189
