"","nvar","r","d","het","iter","alpha","strategy","p1","p2","p3","p4","p5"
"1",114,0.8,0.2,0,1000,0.05,1,56.369982547993,14.3106457242583,10.4712041884817,10.6457242582897,8.20244328097731
"2",114,0.8,0.2,0,1000,0.05,2,56.369982547993,14.3106457242583,10.4712041884817,10.6457242582897,8.20244328097731
"3",114,0.8,0.2,0,1000,0.05,3,15.7068062827225,15.7068062827225,18.499127399651,24.0837696335079,26.0034904013962
