"","nvar","r","d","het","iter","alpha","strategy","p1","p2","p3","p4","p5"
"1",64,0.1,0.1,0,1000,0.05,1,61.993769470405,20.8722741433022,8.20353063343718,6.12668743509865,2.80373831775701
"2",64,0.1,0.1,0,1000,0.05,2,61.993769470405,20.8722741433022,8.20353063343718,6.12668743509865,2.80373831775701
"3",64,0.1,0.1,0,1000,0.05,3,22.0145379023884,20.8722741433022,20.4569055036345,19.2107995846314,17.4454828660436
