"","nvar","r","d","het","iter","alpha","strategy","p1","p2","p3","p4","p5"
"1",72,0.2,0.2,0,1000,0.05,1,71.7766497461929,14.4162436548223,6.29441624365482,5.48223350253807,2.03045685279188
"2",72,0.2,0.2,0,1000,0.05,2,71.7766497461929,14.4162436548223,6.29441624365482,5.48223350253807,2.03045685279188
"3",72,0.2,0.2,0,1000,0.05,3,27.8172588832487,18.8832487309645,17.258883248731,18.6802030456853,17.3604060913706
