"","nvar","r","d","het","iter","alpha","strategy","p1","p2","p3","p4","p5"
"1",82,0.1,0.2,0,1000,0.05,1,83.0321285140562,11.144578313253,3.4136546184739,2.10843373493976,0.301204819277108
"2",82,0.1,0.2,0,1000,0.05,2,83.0321285140562,11.144578313253,3.4136546184739,2.10843373493976,0.301204819277108
"3",82,0.1,0.2,0,1000,0.05,3,32.1285140562249,19.2771084337349,17.0682730923695,16.9678714859438,14.5582329317269
