"","nvar","r","d","het","iter","alpha","strategy","p1","p2","p3","p4","p5"
"1",136,0.2,0.3,0,1000,0.05,1,91.9839679358717,4.60921843687375,1.90380761523046,0.501002004008016,0
"2",136,0.2,0.3,0,1000,0.05,2,91.9839679358717,4.60921843687375,1.90380761523046,0.501002004008016,0
"3",136,0.2,0.3,0,1000,0.05,3,33.7675350701403,21.1422845691383,16.4328657314629,14.9298597194389,13.627254509018
