"","nvar","r","d","het","iter","alpha","strategy","p1","p2","p3","p4","p5"
"1",152,0.6,0.2,0,1000,0.05,1,61.5942028985507,15.8212560386473,8.33333333333333,5.79710144927536,8.45410628019324
"2",152,0.6,0.2,0,1000,0.05,2,61.5942028985507,15.8212560386473,8.33333333333333,5.79710144927536,8.45410628019324
"3",152,0.6,0.2,0,1000,0.05,3,19.8067632850242,16.304347826087,15.9420289855072,20.6521739130435,27.2946859903382
