"","nvar","r","d","het","iter","alpha","strategy","p1","p2","p3","p4","p5"
"1",66,0.9,0.1,0,1000,0.05,1,36.9491525423729,23.3898305084746,15.2542372881356,12.2033898305085,12.2033898305085
"2",66,0.9,0.1,0,1000,0.05,2,36.9491525423729,23.3898305084746,15.2542372881356,12.2033898305085,12.2033898305085
"3",66,0.9,0.1,0,1000,0.05,3,13.8983050847458,11.5254237288136,17.6271186440678,22.3728813559322,34.5762711864407
