"","nvar","r","d","het","iter","alpha","strategy","p1","p2","p3","p4","p5"
"1",24,0,0.3,0,1000,0.05,1,77.9713114754098,12.5,4.8155737704918,2.76639344262295,1.74180327868852
"2",24,0,0.3,0,1000,0.05,2,77.9713114754098,12.5,4.8155737704918,2.76639344262295,1.74180327868852
"3",24,0,0.3,0,1000,0.05,3,40.266393442623,17.9303278688525,15.7786885245902,14.344262295082,11.6803278688525
