"","nvar","r","d","het","iter","alpha","strategy","p1","p2","p3","p4","p5"
"1",108,0.6,0.1,0,1000,0.05,1,47.3324213406293,20.9302325581395,14.9110807113543,8.75512995896033,8.07113543091655
"2",108,0.6,0.1,0,1000,0.05,2,47.3324213406293,20.9302325581395,14.9110807113543,8.75512995896033,8.07113543091655
"3",108,0.6,0.1,0,1000,0.05,3,14.9110807113543,18.6046511627907,19.2886456908345,23.1190150478796,24.0766073871409
