"","nvar","r","d","het","iter","alpha","strategy","p1","p2","p3","p4","p5"
"1",184,0.6,0.3,0,1000,0.05,1,73.7073707370737,11.5511551155116,7.37073707370737,4.29042904290429,2.86028602860286
"2",184,0.6,0.3,0,1000,0.05,2,73.7073707370737,11.5511551155116,7.37073707370737,4.29042904290429,2.86028602860286
"3",184,0.6,0.3,0,1000,0.05,3,24.4224422442244,16.3916391639164,20.4620462046205,20.02200220022,18.5918591859186
