"","nvar","r","d","het","iter","alpha","strategy","p1","p2","p3","p4","p5"
"1",8,0.2,0.1,0,1000,0.05,1,33.6538461538462,21.6346153846154,22.5961538461538,11.0576923076923,11.0576923076923
"2",8,0.2,0.1,0,1000,0.05,2,33.6538461538462,21.6346153846154,22.5961538461538,11.0576923076923,11.0576923076923
"3",8,0.2,0.1,0,1000,0.05,3,25,20.4326923076923,25,14.9038461538462,14.6634615384615
