"","nvar","r","d","het","iter","alpha","strategy","p1","p2","p3","p4","p5"
"1",66,0.3,0.1,0,1000,0.05,1,54.7592385218365,20.4927211646137,10.9742441209406,7.95072788353863,5.82306830907055
"2",66,0.3,0.1,0,1000,0.05,2,54.7592385218365,20.4927211646137,10.9742441209406,7.95072788353863,5.82306830907055
"3",66,0.3,0.1,0,1000,0.05,3,22.2844344904815,19.036954087346,18.9249720044793,17.5811870100784,22.1724524076148
