"","nvar","r","d","het","iter","alpha","strategy","p1","p2","p3","p4","p5"
"1",84,0.5,0.2,0,1000,0.05,1,62.1993127147766,15.1202749140893,10.1947308132875,7.21649484536082,5.15463917525773
"2",84,0.5,0.2,0,1000,0.05,2,62.1993127147766,15.1202749140893,10.1947308132875,7.21649484536082,5.15463917525773
"3",84,0.5,0.2,0,1000,0.05,3,19.5876288659794,19.1294387170676,18.5567010309278,21.0767468499427,21.6494845360825
