"","nvar","r","d","het","iter","alpha","strategy","p1","p2","p3","p4","p5"
"1",188,0.6,0.3,0,1000,0.05,1,69.7826086956522,13.5869565217391,7.28260869565217,4.23913043478261,4.34782608695652
"2",188,0.6,0.3,0,1000,0.05,2,69.7826086956522,13.5869565217391,7.28260869565217,4.23913043478261,4.34782608695652
"3",188,0.6,0.3,0,1000,0.05,3,26.7391304347826,16.304347826087,17.8260869565217,17.9347826086957,21.0869565217391
