"","nvar","r","d","het","iter","alpha","strategy","p1","p2","p3","p4","p5"
"1",70,0.8,0.1,0,1000,0.05,1,40.9200968523002,20.3389830508475,16.9491525423729,10.1694915254237,11.6222760290557
"2",70,0.8,0.1,0,1000,0.05,2,40.9200968523002,20.3389830508475,16.9491525423729,10.1694915254237,11.6222760290557
"3",70,0.8,0.1,0,1000,0.05,3,11.864406779661,12.8329297820823,17.6755447941889,25.4237288135593,32.2033898305085
