"","nvar","r","d","het","iter","alpha","strategy","p1","p2","p3","p4","p5"
"1",52,0.6,0.1,0,1000,0.05,1,42.1900161030596,18.0354267310789,16.1030595813205,14.0096618357488,9.66183574879227
"2",52,0.6,0.1,0,1000,0.05,2,42.1900161030596,18.0354267310789,16.1030595813205,14.0096618357488,9.66183574879227
"3",52,0.6,0.1,0,1000,0.05,3,14.4927536231884,17.0692431561997,20.2898550724638,25.2818035426731,22.866344605475
