"","nvar","r","d","het","iter","alpha","strategy","p1","p2","p3","p4","p5"
"1",80,0.4,0.1,0,1000,0.05,1,50.2325581395349,21.6279069767442,12.4418604651163,9.65116279069767,6.04651162790698
"2",80,0.4,0.1,0,1000,0.05,2,50.2325581395349,21.6279069767442,12.4418604651163,9.65116279069767,6.04651162790698
"3",80,0.4,0.1,0,1000,0.05,3,16.3953488372093,19.5348837209302,20.9302325581395,20.3488372093023,22.7906976744186
