"","nvar","r","d","het","iter","alpha","strategy","p1","p2","p3","p4","p5"
"1",68,0.7,0.3,0,1000,0.05,1,67.1052631578947,12.8947368421053,8.42105263157895,5.6578947368421,5.52631578947368
"2",68,0.7,0.3,0,1000,0.05,2,67.1052631578947,12.8947368421053,8.42105263157895,5.6578947368421,5.52631578947368
"3",68,0.7,0.3,0,1000,0.05,3,28.0263157894737,17.1052631578947,18.0263157894737,19.3421052631579,17.3684210526316
