"","nvar","r","d","het","iter","alpha","strategy","p1","p2","p3","p4","p5"
"1",36,0.6,0.1,0,1000,0.05,1,43.0909090909091,17.4545454545455,15.6363636363636,11.4545454545455,12.3636363636364
"2",36,0.6,0.1,0,1000,0.05,2,43.0909090909091,17.4545454545455,15.6363636363636,11.4545454545455,12.3636363636364
"3",36,0.6,0.1,0,1000,0.05,3,18,17.4545454545455,20.5454545454545,18.1818181818182,25.8181818181818
