"","nvar","r","d","het","iter","alpha","strategy","p1","p2","p3","p4","p5"
"1",4,0.4,0.3,0,1000,0.05,1,55.7768924302789,13.9442231075697,12.3505976095618,10.3585657370518,7.17131474103586
"2",4,0.4,0.3,0,1000,0.05,2,55.7768924302789,13.9442231075697,12.3505976095618,10.3585657370518,7.17131474103586
"3",4,0.4,0.3,0,1000,0.05,3,40.8366533864542,18.7250996015936,14.7410358565737,14.5418326693227,10.9561752988048
