"","nvar","r","d","het","iter","alpha","strategy","p1","p2","p3","p4","p5"
"1",162,0.9,0.1,0,1000,0.05,1,41.4110429447853,20.8588957055215,14.4171779141104,13.4969325153374,9.8159509202454
"2",162,0.9,0.1,0,1000,0.05,2,41.4110429447853,20.8588957055215,14.4171779141104,13.4969325153374,9.8159509202454
"3",162,0.9,0.1,0,1000,0.05,3,6.44171779141104,11.6564417177914,18.7116564417178,24.2331288343558,38.9570552147239
