"","nvar","r","d","het","iter","alpha","strategy","p1","p2","p3","p4","p5"
"1",80,0.6,0.3,0,1000,0.05,1,69.131455399061,12.0892018779343,7.3943661971831,6.2206572769953,4.34272300469484
"2",80,0.6,0.3,0,1000,0.05,2,69.131455399061,12.0892018779343,7.3943661971831,6.2206572769953,4.34272300469484
"3",80,0.6,0.3,0,1000,0.05,3,29.9295774647887,16.4319248826291,17.9577464788732,17.4882629107981,17.9577464788732
