"","nvar","r","d","het","iter","alpha","strategy","p1","p2","p3","p4","p5"
"1",14,0,0.3,0,1000,0.05,1,68.4901531728665,13.3479212253829,8.7527352297593,4.92341356673961,3.93873085339168
"2",14,0,0.3,0,1000,0.05,2,68.4901531728665,13.3479212253829,8.7527352297593,4.92341356673961,3.93873085339168
"3",14,0,0.3,0,1000,0.05,3,40.1531728665208,18.4901531728665,14.7702407002188,13.4573304157549,12.910284463895
