"","nvar","r","d","het","iter","alpha","strategy","p1","p2","p3","p4","p5"
"1",94,0.2,0.3,0,1000,0.05,1,86.2725450901804,6.81362725450902,3.30661322645291,1.80360721442886,0.601202404809619
"2",94,0.2,0.3,0,1000,0.05,2,86.2725450901804,6.81362725450902,3.30661322645291,1.80360721442886,0.601202404809619
"3",94,0.2,0.3,0,1000,0.05,3,33.6673346693387,18.0360721442886,17.7354709418838,14.8296593186373,15.4308617234469
