"","nvar","r","d","het","iter","alpha","strategy","p1","p2","p3","p4","p5"
"1",28,0.7,0.1,0,1000,0.05,1,39.5939086294416,20.3045685279188,15.7360406091371,12.9441624365482,11.4213197969543
"2",28,0.7,0.1,0,1000,0.05,2,39.5939086294416,20.3045685279188,15.7360406091371,12.9441624365482,11.4213197969543
"3",28,0.7,0.1,0,1000,0.05,3,15.2284263959391,19.2893401015228,20.0507614213198,22.8426395939086,22.5888324873096
