"","nvar","r","d","het","iter","alpha","strategy","p1","p2","p3","p4","p5"
"1",70,0,0.1,0,1000,0.05,1,66.1957618567104,19.9798183652876,9.28355196770938,2.52270433905146,2.01816347124117
"2",70,0,0.1,0,1000,0.05,2,66.1957618567104,19.9798183652876,9.28355196770938,2.52270433905146,2.01816347124117
"3",70,0,0.1,0,1000,0.05,3,24.9243188698285,19.4752774974773,18.8698284561049,17.0534813319879,19.6770938446014
