"","nvar","r","d","het","iter","alpha","strategy","p1","p2","p3","p4","p5"
"1",12,0.3,0.3,0,1000,0.05,1,65.3439153439153,13.7566137566138,8.2010582010582,6.48148148148148,5.95238095238095
"2",12,0.3,0.3,0,1000,0.05,2,65.3439153439153,13.7566137566138,8.2010582010582,6.48148148148148,5.95238095238095
"3",12,0.3,0.3,0,1000,0.05,3,35.3174603174603,21.2962962962963,17.5925925925926,12.6984126984127,13.0952380952381
