"","nvar","r","d","het","iter","alpha","strategy","p1","p2","p3","p4","p5"
"1",142,0.6,0.2,0,1000,0.05,1,60.2395209580838,16.1676646706587,10.2994011976048,8.02395209580838,5.26946107784431
"2",142,0.6,0.2,0,1000,0.05,2,60.2395209580838,16.1676646706587,10.2994011976048,8.02395209580838,5.26946107784431
"3",142,0.6,0.2,0,1000,0.05,3,17.6047904191617,16.6467065868263,18.4431137724551,23.1137724550898,24.1916167664671
