"","nvar","r","d","het","iter","alpha","strategy","p1","p2","p3","p4","p5"
"1",116,0.3,0.2,0,1000,0.05,1,76.0692464358452,12.6272912423625,6.61914460285132,3.15682281059063,1.32382892057026
"2",116,0.3,0.2,0,1000,0.05,2,76.0692464358452,12.6272912423625,6.61914460285132,3.15682281059063,1.32382892057026
"3",116,0.3,0.2,0,1000,0.05,3,27.8004073319756,17.7189409368635,18.9409368635438,18.2281059063136,17.3116089613035
