"","nvar","r","d","het","iter","alpha","strategy","p1","p2","p3","p4","p5"
"1",160,0.3,0.3,0,1000,0.05,1,88.5885885885886,7.00700700700701,1.9019019019019,1.2012012012012,0.4004004004004
"2",160,0.3,0.3,0,1000,0.05,2,88.5885885885886,7.00700700700701,1.9019019019019,1.2012012012012,0.4004004004004
"3",160,0.3,0.3,0,1000,0.05,3,32.4324324324324,18.5185185185185,16.5165165165165,16.4164164164164,15.8158158158158
