"","nvar","r","d","het","iter","alpha","strategy","p1","p2","p3","p4","p5"
"1",120,0.9,0.2,0,1000,0.05,1,52.6829268292683,14.6341463414634,15.1219512195122,9.51219512195122,8.04878048780488
"2",120,0.9,0.2,0,1000,0.05,2,52.6829268292683,14.6341463414634,15.1219512195122,9.51219512195122,8.04878048780488
"3",120,0.9,0.2,0,1000,0.05,3,19.2682926829268,12.4390243902439,18.780487804878,22.4390243902439,27.0731707317073
