"","nvar","r","d","het","iter","alpha","strategy","p1","p2","p3","p4","p5"
"1",152,0.2,0.2,0,1000,0.05,1,88.1881881881882,7.30730730730731,2.9029029029029,1.1011011011011,0.500500500500501
"2",152,0.2,0.2,0,1000,0.05,2,88.1881881881882,7.30730730730731,2.9029029029029,1.1011011011011,0.500500500500501
"3",152,0.2,0.2,0,1000,0.05,3,27.4274274274274,19.6196196196196,17.1171171171171,17.8178178178178,18.018018018018
