"","nvar","r","d","het","iter","alpha","strategy","p1","p2","p3","p4","p5"
"1",170,0.6,0.2,0,1000,0.05,1,63.2250580046404,12.9930394431555,9.97679814385151,7.54060324825986,6.26450116009281
"2",170,0.6,0.2,0,1000,0.05,2,63.2250580046404,12.9930394431555,9.97679814385151,7.54060324825986,6.26450116009281
"3",170,0.6,0.2,0,1000,0.05,3,21.5777262180974,17.4013921113689,16.4733178654292,21.3457076566125,23.2018561484919
