"","nvar","r","d","het","iter","alpha","strategy","p1","p2","p3","p4","p5"
"1",38,0.7,0.2,0,1000,0.05,1,55,14.4827586206897,11.7241379310345,9.82758620689655,8.79310344827586
"2",38,0.7,0.2,0,1000,0.05,2,55,14.4827586206897,11.7241379310345,9.82758620689655,8.79310344827586
"3",38,0.7,0.2,0,1000,0.05,3,22.0689655172414,15.5172413793103,19.8275862068966,21.3793103448276,21.2068965517241
