"","nvar","r","d","het","iter","alpha","strategy","p1","p2","p3","p4","p5"
"1",34,0.7,0.3,0,1000,0.05,1,61.3740458015267,15.1145038167939,11.7557251908397,5.64885496183206,5.49618320610687
"2",34,0.7,0.3,0,1000,0.05,2,61.3740458015267,15.1145038167939,11.7557251908397,5.64885496183206,5.49618320610687
"3",34,0.7,0.3,0,1000,0.05,3,28.8549618320611,16.9465648854962,17.0992366412214,18.4732824427481,18.4732824427481
