"","nvar","r","d","het","iter","alpha","strategy","p1","p2","p3","p4","p5"
"1",6,0.3,0.3,0,1000,0.05,1,58.0031695721078,12.6782884310618,11.0935023771791,10.3011093502377,6.81458003169572
"2",6,0.3,0.3,0,1000,0.05,2,58.0031695721078,12.6782884310618,11.0935023771791,10.3011093502377,6.81458003169572
"3",6,0.3,0.3,0,1000,0.05,3,41.0459587955626,17.1156893819334,15.8478605388273,15.3724247226624,10.3011093502377
