"","nvar","r","d","het","iter","alpha","strategy","p1","p2","p3","p4","p5"
"1",140,0.6,0.2,0,1000,0.05,1,62.4078624078624,16.2162162162162,9.33660933660934,6.01965601965602,6.01965601965602
"2",140,0.6,0.2,0,1000,0.05,2,62.4078624078624,16.2162162162162,9.33660933660934,6.01965601965602,6.01965601965602
"3",140,0.6,0.2,0,1000,0.05,3,19.4103194103194,19.041769041769,19.9017199017199,20.6388206388206,21.007371007371
