"","nvar","r","d","het","iter","alpha","strategy","p1","p2","p3","p4","p5"
"1",182,0.7,0.1,0,1000,0.05,1,48.7062404870624,17.8082191780822,12.937595129376,11.1111111111111,9.43683409436834
"2",182,0.7,0.1,0,1000,0.05,2,48.7062404870624,17.8082191780822,12.937595129376,11.1111111111111,9.43683409436834
"3",182,0.7,0.1,0,1000,0.05,3,9.43683409436834,12.937595129376,25.5707762557078,24.6575342465753,27.3972602739726
