"","nvar","r","d","het","iter","alpha","strategy","p1","p2","p3","p4","p5"
"1",64,0.5,0.1,0,1000,0.05,1,44.7957839262187,20.5533596837945,15.0197628458498,10.1449275362319,9.48616600790514
"2",64,0.5,0.1,0,1000,0.05,2,44.7957839262187,20.5533596837945,15.0197628458498,10.1449275362319,9.48616600790514
"3",64,0.5,0.1,0,1000,0.05,3,16.0737812911726,15.9420289855072,21.870882740448,23.3201581027668,22.7931488801054
