"","nvar","r","d","het","iter","alpha","strategy","p1","p2","p3","p4","p5"
"1",172,0.7,0.2,0,1000,0.05,1,55.6944444444444,17.2222222222222,13.3333333333333,7.63888888888889,6.11111111111111
"2",172,0.7,0.2,0,1000,0.05,2,55.6944444444444,17.2222222222222,13.3333333333333,7.63888888888889,6.11111111111111
"3",172,0.7,0.2,0,1000,0.05,3,16.25,16.6666666666667,21.3888888888889,22.0833333333333,23.6111111111111
