"","nvar","r","d","het","iter","alpha","strategy","p1","p2","p3","p4","p5"
"1",122,0.7,0.1,0,1000,0.05,1,45.6053067993366,19.7346600331675,13.4328358208955,11.9402985074627,9.28689883913764
"2",122,0.7,0.1,0,1000,0.05,2,45.6053067993366,19.7346600331675,13.4328358208955,11.9402985074627,9.28689883913764
"3",122,0.7,0.1,0,1000,0.05,3,9.61857379767828,14.0961857379768,22.7197346600332,25.5389718076285,28.0265339966833
