"","nvar","r","d","het","iter","alpha","strategy","p1","p2","p3","p4","p5"
"1",42,0.5,0.3,0,1000,0.05,1,69.4835680751174,11.2676056338028,7.15962441314554,5.75117370892019,5.75117370892019
"2",42,0.5,0.3,0,1000,0.05,2,69.4835680751174,11.2676056338028,7.15962441314554,5.75117370892019,5.75117370892019
"3",42,0.5,0.3,0,1000,0.05,3,32.0422535211268,18.7793427230047,17.018779342723,15.8450704225352,16.1971830985916
