"","nvar","r","d","het","iter","alpha","strategy","p1","p2","p3","p4","p5"
"1",56,0.4,0.1,0,1000,0.05,1,44.9760765550239,23.6842105263158,13.0382775119617,10.4066985645933,7.89473684210526
"2",56,0.4,0.1,0,1000,0.05,2,44.9760765550239,23.6842105263158,13.0382775119617,10.4066985645933,7.89473684210526
"3",56,0.4,0.1,0,1000,0.05,3,17.5837320574163,19.4976076555024,20.4545454545455,18.8995215311005,23.5645933014354
