"","nvar","r","d","het","iter","alpha","strategy","p1","p2","p3","p4","p5"
"1",50,0.4,0.1,0,1000,0.05,1,45.8281444582814,20.1743462017435,15.5666251556663,10.4607721046077,7.97011207970112
"2",50,0.4,0.1,0,1000,0.05,2,45.8281444582814,20.1743462017435,15.5666251556663,10.4607721046077,7.97011207970112
"3",50,0.4,0.1,0,1000,0.05,3,18.1818181818182,17.9327521793275,21.1706102117061,20.2988792029888,22.4159402241594
