"","nvar","r","d","het","iter","alpha","strategy","p1","p2","p3","p4","p5"
"1",78,0.6,0.3,0,1000,0.05,1,66.8280871670702,14.6489104116223,6.77966101694915,5.93220338983051,4.9636803874092
"2",78,0.6,0.3,0,1000,0.05,2,66.8280871670702,14.6489104116223,6.77966101694915,5.93220338983051,4.9636803874092
"3",78,0.6,0.3,0,1000,0.05,3,26.634382566586,18.8861985472155,15.4963680387409,19.0072639225182,19.6125907990315
