"","nvar","r","d","het","iter","alpha","strategy","p1","p2","p3","p4","p5"
"1",62,0.7,0.3,0,1000,0.05,1,64.4268774703557,12.9117259552042,10.4084321475626,6.58761528326746,5.53359683794466
"2",62,0.7,0.3,0,1000,0.05,2,64.4268774703557,12.9117259552042,10.4084321475626,6.58761528326746,5.53359683794466
"3",62,0.7,0.3,0,1000,0.05,3,28.0632411067194,13.965744400527,18.9723320158103,18.3135704874835,20.5533596837945
