"","nvar","r","d","het","iter","alpha","strategy","p1","p2","p3","p4","p5"
"1",170,0.6,0.3,0,1000,0.05,1,72.0670391061452,13.072625698324,5.81005586592179,4.58100558659218,3.79888268156425
"2",170,0.6,0.3,0,1000,0.05,2,72.0670391061452,13.072625698324,5.81005586592179,4.58100558659218,3.79888268156425
"3",170,0.6,0.3,0,1000,0.05,3,27.4860335195531,18.3240223463687,17.4301675977654,18.3240223463687,18.2122905027933
