"","nvar","r","d","het","iter","alpha","strategy","p1","p2","p3","p4","p5"
"1",68,0.1,0.1,0,1000,0.05,1,62.8600823045268,19.238683127572,10.082304526749,5.24691358024691,2.57201646090535
"2",68,0.1,0.1,0,1000,0.05,2,62.8600823045268,19.238683127572,10.082304526749,5.24691358024691,2.57201646090535
"3",68,0.1,0.1,0,1000,0.05,3,23.4567901234568,19.3415637860082,18.724279835391,19.9588477366255,18.5185185185185
