"","nvar","r","d","het","iter","alpha","strategy","p1","p2","p3","p4","p5"
"1",198,0.4,0.3,0,1000,0.05,1,85.5846774193548,7.86290322580645,3.93145161290323,1.20967741935484,0.604838709677419
"2",198,0.4,0.3,0,1000,0.05,2,85.5846774193548,7.86290322580645,3.93145161290323,1.20967741935484,0.604838709677419
"3",198,0.4,0.3,0,1000,0.05,3,29.5362903225806,18.4475806451613,18.5483870967742,16.3306451612903,16.7338709677419
