"","nvar","r","d","het","iter","alpha","strategy","p1","p2","p3","p4","p5"
"1",78,0.6,0.2,0,1000,0.05,1,54.9537648612946,19.4187582562748,10.9643328929987,8.3223249669749,6.20871862615588
"2",78,0.6,0.2,0,1000,0.05,2,54.9537648612946,19.4187582562748,10.9643328929987,8.3223249669749,6.20871862615588
"3",78,0.6,0.2,0,1000,0.05,3,19.4187582562748,19.0224570673712,17.5693527080581,22.0607661822985,21.9286657859974
