"","nvar","r","d","het","iter","alpha","strategy","p1","p2","p3","p4","p5"
"1",16,0,0.1,0,1000,0.05,1,40.9090909090909,21.2609970674487,17.0087976539589,12.6099706744868,8.21114369501466
"2",16,0,0.1,0,1000,0.05,2,40.9090909090909,21.2609970674487,17.0087976539589,12.6099706744868,8.21114369501466
"3",16,0,0.1,0,1000,0.05,3,25.5131964809384,20.3812316715543,20.3812316715543,18.475073313783,15.2492668621701
