"","nvar","r","d","het","iter","alpha","strategy","p1","p2","p3","p4","p5"
"1",70,0.4,0.1,0,1000,0.05,1,47.2578763127188,24.1540256709452,12.8354725787631,10.3850641773629,5.36756126021004
"2",70,0.4,0.1,0,1000,0.05,2,47.2578763127188,24.1540256709452,12.8354725787631,10.3850641773629,5.36756126021004
"3",70,0.4,0.1,0,1000,0.05,3,14.9358226371062,19.953325554259,20.0700116686114,24.0373395565928,21.0035005834306
