"","nvar","r","d","het","iter","alpha","strategy","p1","p2","p3","p4","p5"
"1",16,0,0.3,0,1000,0.05,1,68.6965811965812,13.4615384615385,8.76068376068376,5.02136752136752,3.41880341880342
"2",16,0,0.3,0,1000,0.05,2,68.6965811965812,13.4615384615385,8.76068376068376,5.02136752136752,3.41880341880342
"3",16,0,0.3,0,1000,0.05,3,40.2777777777778,18.6965811965812,15.7051282051282,13.1410256410256,12.1794871794872
