"","nvar","r","d","het","iter","alpha","strategy","p1","p2","p3","p4","p5"
"1",88,0.2,0.3,0,1000,0.05,1,87.1717171717172,7.67676767676768,2.22222222222222,0.909090909090909,0.909090909090909
"2",88,0.2,0.3,0,1000,0.05,2,87.1717171717172,7.67676767676768,2.22222222222222,0.909090909090909,0.909090909090909
"3",88,0.2,0.3,0,1000,0.05,3,34.4444444444444,19.3939393939394,15.959595959596,15.8585858585859,14.040404040404
