"","nvar","r","d","het","iter","alpha","strategy","p1","p2","p3","p4","p5"
"1",164,0.7,0.2,0,1000,0.05,1,56.4802182810368,14.324693042292,13.2332878581173,9.00409276944066,6.95770804911323
"2",164,0.7,0.2,0,1000,0.05,2,56.4802182810368,14.324693042292,13.2332878581173,9.00409276944066,6.95770804911323
"3",164,0.7,0.2,0,1000,0.05,3,15.9618008185539,15.6889495225102,21.0095497953615,21.9645293315143,25.37517053206
