"","nvar","r","d","het","iter","alpha","strategy","p1","p2","p3","p4","p5"
"1",90,0.5,0.1,0,1000,0.05,1,47.1554993678888,21.4917825537295,16.6877370417193,7.71175726927939,6.95322376738306
"2",90,0.5,0.1,0,1000,0.05,2,47.1554993678888,21.4917825537295,16.6877370417193,7.71175726927939,6.95322376738306
"3",90,0.5,0.1,0,1000,0.05,3,15.929203539823,18.4576485461441,23.6409608091024,19.4690265486726,22.5031605562579
