"","nvar","r","d","het","iter","alpha","strategy","p1","p2","p3","p4","p5"
"1",96,0.7,0.2,0,1000,0.05,1,54.8961424332344,18.9910979228487,11.1275964391691,7.71513353115727,7.2700296735905
"2",96,0.7,0.2,0,1000,0.05,2,54.8961424332344,18.9910979228487,11.1275964391691,7.71513353115727,7.2700296735905
"3",96,0.7,0.2,0,1000,0.05,3,20.6231454005935,17.5074183976261,18.3976261127596,19.1394658753709,24.3323442136499
