"","nvar","r","d","het","iter","alpha","strategy","p1","p2","p3","p4","p5"
"1",74,0.2,0.1,0,1000,0.05,1,61.6977225672878,19.1511387163561,10.351966873706,5.48654244306418,3.31262939958592
"2",74,0.2,0.1,0,1000,0.05,2,61.6977225672878,19.1511387163561,10.351966873706,5.48654244306418,3.31262939958592
"3",74,0.2,0.1,0,1000,0.05,3,22.7743271221532,18.1159420289855,19.8757763975155,19.7722567287785,19.4616977225673
