"","nvar","r","d","het","iter","alpha","strategy","p1","p2","p3","p4","p5"
"1",84,0.5,0.1,0,1000,0.05,1,48.2630272952854,20.5955334987593,11.5384615384615,11.0421836228288,8.56079404466501
"2",84,0.5,0.1,0,1000,0.05,2,48.2630272952854,20.5955334987593,11.5384615384615,11.0421836228288,8.56079404466501
"3",84,0.5,0.1,0,1000,0.05,3,14.6401985111663,19.4789081885856,19.6029776674938,21.8362282878412,24.4416873449132
