"","nvar","r","d","het","iter","alpha","strategy","p1","p2","p3","p4","p5"
"1",2,0.5,0.2,0,1000,0.05,1,47.1042471042471,18.5328185328185,12.7413127413127,12.3552123552124,9.26640926640927
"2",2,0.5,0.2,0,1000,0.05,2,47.1042471042471,18.5328185328185,12.7413127413127,12.3552123552124,9.26640926640927
"3",2,0.5,0.2,0,1000,0.05,3,40.5405405405405,16.988416988417,15.0579150579151,14.6718146718147,12.7413127413127
