"","nvar","r","d","het","iter","alpha","strategy","p1","p2","p3","p4","p5"
"1",14,0.7,0.3,0,1000,0.05,1,58.09199318569,17.5468483816014,11.0732538330494,6.81431005110733,6.30323679727428
"2",14,0.7,0.3,0,1000,0.05,2,58.09199318569,17.5468483816014,11.0732538330494,6.81431005110733,6.30323679727428
"3",14,0.7,0.3,0,1000,0.05,3,32.3679727427598,17.8875638841567,19.4207836456559,14.1396933560477,16.0136286201022
