"","nvar","r","d","het","iter","alpha","strategy","p1","p2","p3","p4","p5"
"1",186,0.7,0.2,0,1000,0.05,1,57.5510204081633,15.3741496598639,11.156462585034,8.16326530612245,7.61904761904762
"2",186,0.7,0.2,0,1000,0.05,2,57.5510204081633,15.3741496598639,11.156462585034,8.16326530612245,7.61904761904762
"3",186,0.7,0.2,0,1000,0.05,3,18.0952380952381,14.5578231292517,20.6802721088435,21.4965986394558,25.1700680272109
