"","nvar","r","d","het","iter","alpha","strategy","p1","p2","p3","p4","p5"
"1",146,0.3,0.1,0,1000,0.05,1,67.6798378926038,18.7436676798379,7.59878419452887,4.15400202634245,1.82370820668693
"2",146,0.3,0.1,0,1000,0.05,2,67.6798378926038,18.7436676798379,7.59878419452887,4.15400202634245,1.82370820668693
"3",146,0.3,0.1,0,1000,0.05,3,21.1752786220871,19.3515704154002,17.5278622087133,18.1357649442756,23.8095238095238
