"","nvar","r","d","het","iter","alpha","strategy","p1","p2","p3","p4","p5"
"1",168,0.2,0.1,0,1000,0.05,1,76.3763763763764,16.5165165165165,4.9049049049049,1.8018018018018,0.4004004004004
"2",168,0.2,0.1,0,1000,0.05,2,76.3763763763764,16.5165165165165,4.9049049049049,1.8018018018018,0.4004004004004
"3",168,0.2,0.1,0,1000,0.05,3,20.02002002002,20.1201201201201,17.5175175175175,20.8208208208208,21.5215215215215
