"","nvar","r","d","het","iter","alpha","strategy","p1","p2","p3","p4","p5"
"1",82,0,0.2,0,1000,0.05,1,86.986986986987,9.60960960960961,2.002002002002,0.900900900900901,0.2002002002002
"2",82,0,0.2,0,1000,0.05,2,86.986986986987,9.60960960960961,2.002002002002,0.900900900900901,0.2002002002002
"3",82,0,0.2,0,1000,0.05,3,33.2332332332332,19.2192192192192,16.5165165165165,16.3163163163163,14.7147147147147
