"","nvar","r","d","het","iter","alpha","strategy","p1","p2","p3","p4","p5"
"1",140,0.9,0.1,0,1000,0.05,1,40.327868852459,19.344262295082,16.7213114754098,11.8032786885246,11.8032786885246
"2",140,0.9,0.1,0,1000,0.05,2,40.327868852459,19.344262295082,16.7213114754098,11.8032786885246,11.8032786885246
"3",140,0.9,0.1,0,1000,0.05,3,9.18032786885246,12.4590163934426,19.344262295082,25.9016393442623,33.1147540983607
