"","nvar","r","d","het","iter","alpha","strategy","p1","p2","p3","p4","p5"
"1",86,0,0.2,0,1000,0.05,1,89.0890890890891,7.90790790790791,2.3023023023023,0.500500500500501,0.1001001001001
"2",86,0,0.2,0,1000,0.05,2,89.0890890890891,7.90790790790791,2.3023023023023,0.500500500500501,0.1001001001001
"3",86,0,0.2,0,1000,0.05,3,30.6306306306306,20.6206206206206,17.6176176176176,15.1151151151151,16.016016016016
