"","nvar","r","d","het","iter","alpha","strategy","p1","p2","p3","p4","p5"
"1",42,0,0.2,0,1000,0.05,1,74.5901639344262,15.983606557377,5.5327868852459,2.76639344262295,1.12704918032787
"2",42,0,0.2,0,1000,0.05,2,74.5901639344262,15.983606557377,5.5327868852459,2.76639344262295,1.12704918032787
"3",42,0,0.2,0,1000,0.05,3,33.8114754098361,20.4918032786885,17.0081967213115,15.0614754098361,13.6270491803279
