"","nvar","r","d","het","iter","alpha","strategy","p1","p2","p3","p4","p5"
"1",38,0.1,0.1,0,1000,0.05,1,52.3281596452328,21.2860310421286,12.9711751662971,8.2039911308204,5.21064301552106
"2",38,0.1,0.1,0,1000,0.05,2,52.3281596452328,21.2860310421286,12.9711751662971,8.2039911308204,5.21064301552106
"3",38,0.1,0.1,0,1000,0.05,3,24.9445676274945,21.0643015521064,19.5121951219512,17.8492239467849,16.629711751663
