"","nvar","r","d","het","iter","alpha","strategy","p1","p2","p3","p4","p5"
"1",14,0.4,0.2,0,1000,0.05,1,51.7684887459807,17.2025723472669,12.0578778135048,11.8971061093248,7.07395498392283
"2",14,0.4,0.2,0,1000,0.05,2,51.7684887459807,17.2025723472669,12.0578778135048,11.8971061093248,7.07395498392283
"3",14,0.4,0.2,0,1000,0.05,3,28.7781350482315,19.935691318328,17.8456591639871,16.3987138263666,17.0418006430868
