"","nvar","r","d","het","iter","alpha","strategy","p1","p2","p3","p4","p5"
"1",190,0.3,0.3,0,1000,0.05,1,88.5771543086172,6.51302605210421,2.80561122244489,1.10220440881764,0.30060120240481
"2",190,0.3,0.3,0,1000,0.05,2,88.5771543086172,6.51302605210421,2.80561122244489,1.10220440881764,0.30060120240481
"3",190,0.3,0.3,0,1000,0.05,3,34.6693386773547,17.5350701402806,17.6352705410822,14.3286573146293,15.6312625250501
