"","nvar","r","d","het","iter","alpha","strategy","p1","p2","p3","p4","p5"
"1",148,0.2,0.1,0,1000,0.05,1,76.4056224899598,15.6626506024096,5.42168674698795,1.60642570281124,0.903614457831325
"2",148,0.2,0.1,0,1000,0.05,2,76.4056224899598,15.6626506024096,5.42168674698795,1.60642570281124,0.903614457831325
"3",148,0.2,0.1,0,1000,0.05,3,22.3895582329317,19.578313253012,17.7710843373494,20.3815261044177,19.8795180722892
