"","nvar","r","d","het","iter","alpha","strategy","p1","p2","p3","p4","p5"
"1",200,0.4,0.1,0,1000,0.05,1,64.8318042813456,18.8583078491335,7.84913353720693,5.19877675840979,3.26197757390418
"2",200,0.4,0.1,0,1000,0.05,2,64.8318042813456,18.8583078491335,7.84913353720693,5.19877675840979,3.26197757390418
"3",200,0.4,0.1,0,1000,0.05,3,16.3098878695209,19.8776758409786,20.3873598369011,23.4454638124363,19.9796126401631
