"","nvar","r","d","het","iter","alpha","strategy","p1","p2","p3","p4","p5"
"1",198,0.7,0.2,0,1000,0.05,1,60.5479452054795,16.1643835616438,7.3972602739726,9.31506849315068,6.57534246575342
"2",198,0.7,0.2,0,1000,0.05,2,60.5479452054795,16.1643835616438,7.3972602739726,9.31506849315068,6.57534246575342
"3",198,0.7,0.2,0,1000,0.05,3,18.6301369863014,14.3835616438356,15.4794520547945,21.6438356164384,29.8630136986301
