"","nvar","r","d","het","iter","alpha","strategy","p1","p2","p3","p4","p5"
"1",100,0.1,0.1,0,1000,0.05,1,74.8738647830474,15.8425832492432,6.45812310797175,2.21997981836529,0.605449041372351
"2",100,0.1,0.1,0,1000,0.05,2,74.8738647830474,15.8425832492432,6.45812310797175,2.21997981836529,0.605449041372351
"3",100,0.1,0.1,0,1000,0.05,3,25.1261352169526,20.1816347124117,19.2734611503532,18.970736629667,16.4480322906155
