"","nvar","r","d","het","iter","alpha","strategy","p1","p2","p3","p4","p5"
"1",100,0.6,0.1,0,1000,0.05,1,49.4475138121547,20.4419889502762,12.8453038674033,9.11602209944751,8.14917127071823
"2",100,0.6,0.1,0,1000,0.05,2,49.4475138121547,20.4419889502762,12.8453038674033,9.11602209944751,8.14917127071823
"3",100,0.6,0.1,0,1000,0.05,3,15.4696132596685,18.646408839779,19.6132596685083,20.8563535911602,25.414364640884
