"","nvar","r","d","het","iter","alpha","strategy","p1","p2","p3","p4","p5"
"1",180,0.6,0.1,0,1000,0.05,1,49.937106918239,20.6289308176101,13.8364779874214,9.0566037735849,6.54088050314465
"2",180,0.6,0.1,0,1000,0.05,2,49.937106918239,20.6289308176101,13.8364779874214,9.0566037735849,6.54088050314465
"3",180,0.6,0.1,0,1000,0.05,3,10.062893081761,19.3710691823899,20.6289308176101,24.9056603773585,25.0314465408805
