"","nvar","r","d","het","iter","alpha","strategy","p1","p2","p3","p4","p5"
"1",22,0.3,0.3,0,1000,0.05,1,70.0348432055749,12.4274099883856,8.01393728222996,5.34262485481998,3.94889663182346
"2",22,0.3,0.3,0,1000,0.05,2,70.0348432055749,12.4274099883856,8.01393728222996,5.34262485481998,3.94889663182346
"3",22,0.3,0.3,0,1000,0.05,3,36.2369337979094,19.2799070847851,14.0534262485482,15.5632984901278,14.7502903600465
