"","nvar","r","d","het","iter","alpha","strategy","p1","p2","p3","p4","p5"
"1",126,0.7,0.1,0,1000,0.05,1,44.8096885813149,20.4152249134948,13.6678200692042,11.5916955017301,9.51557093425606
"2",126,0.7,0.1,0,1000,0.05,2,44.8096885813149,20.4152249134948,13.6678200692042,11.5916955017301,9.51557093425606
"3",126,0.7,0.1,0,1000,0.05,3,10.0346020761246,13.4948096885813,21.4532871972318,25.4325259515571,29.5847750865052
