"","nvar","r","d","het","iter","alpha","strategy","p1","p2","p3","p4","p5"
"1",70,0.3,0.3,0,1000,0.05,1,79.7311271975181,10.7549120992761,5.27404343329886,2.58531540847983,1.13753877973113
"2",70,0.3,0.3,0,1000,0.05,2,79.7311271975181,10.7549120992761,5.27404343329886,2.58531540847983,1.13753877973113
"3",70,0.3,0.3,0,1000,0.05,3,34.5398138572906,17.7869700103413,17.7869700103413,15.3050672182006,14.4777662874871
