"","nvar","r","d","het","iter","alpha","strategy","p1","p2","p3","p4","p5"
"1",200,0.6,0.1,0,1000,0.05,1,53.2199270959903,17.3754556500608,10.44957472661,11.0571081409478,7.89793438639125
"2",200,0.6,0.1,0,1000,0.05,2,53.2199270959903,17.3754556500608,10.44957472661,11.0571081409478,7.89793438639125
"3",200,0.6,0.1,0,1000,0.05,3,13.6087484811665,15.4313487241798,18.7120291616039,23.6938031591738,28.5540704738761
