"","nvar","r","d","het","iter","alpha","strategy","p1","p2","p3","p4","p5"
"1",6,0.6,0.1,0,1000,0.05,1,40.4494382022472,16.8539325842697,13.1086142322097,16.8539325842697,12.7340823970037
"2",6,0.6,0.1,0,1000,0.05,2,40.4494382022472,16.8539325842697,13.1086142322097,16.8539325842697,12.7340823970037
"3",6,0.6,0.1,0,1000,0.05,3,22.0973782771536,17.6029962546816,18.7265917602996,23.2209737827715,18.3520599250936
