"","nvar","r","d","het","iter","alpha","strategy","p1","p2","p3","p4","p5"
"1",72,0.5,0.3,0,1000,0.05,1,68.6383928571429,13.5044642857143,7.03125,5.46875,4.35267857142857
"2",72,0.5,0.3,0,1000,0.05,2,68.6383928571429,13.5044642857143,7.03125,5.46875,4.35267857142857
"3",72,0.5,0.3,0,1000,0.05,3,29.3526785714286,18.0803571428571,16.8526785714286,18.1919642857143,17.2991071428571
