"","nvar","r","d","het","iter","alpha","strategy","p1","p2","p3","p4","p5"
"1",120,0,0.1,0,1000,0.05,1,84.4844844844845,11.4114114114114,3.1031031031031,0.900900900900901,0.1001001001001
"2",120,0,0.1,0,1000,0.05,2,84.4844844844845,11.4114114114114,3.1031031031031,0.900900900900901,0.1001001001001
"3",120,0,0.1,0,1000,0.05,3,24.9249249249249,21.2212212212212,17.4174174174174,18.3183183183183,18.1181181181181
