"","nvar","r","d","het","iter","alpha","strategy","p1","p2","p3","p4","p5"
"1",134,0.7,0.2,0,1000,0.05,1,56.2674094707521,16.016713091922,11.8384401114206,8.63509749303621,7.24233983286908
"2",134,0.7,0.2,0,1000,0.05,2,56.2674094707521,16.016713091922,11.8384401114206,8.63509749303621,7.24233983286908
"3",134,0.7,0.2,0,1000,0.05,3,16.4345403899721,16.016713091922,21.866295264624,22.0055710306407,23.6768802228412
