"","nvar","r","d","het","iter","alpha","strategy","p1","p2","p3","p4","p5"
"1",76,0.9,0.1,0,1000,0.05,1,37.123745819398,22.0735785953177,13.3779264214047,13.0434782608696,14.38127090301
"2",76,0.9,0.1,0,1000,0.05,2,37.123745819398,22.0735785953177,13.3779264214047,13.0434782608696,14.38127090301
"3",76,0.9,0.1,0,1000,0.05,3,11.371237458194,11.0367892976589,16.7224080267559,24.4147157190635,36.4548494983278
