"","nvar","r","d","het","iter","alpha","strategy","p1","p2","p3","p4","p5"
"1",110,0.8,0.1,0,1000,0.05,1,43.6681222707424,17.0305676855895,15.5021834061135,13.5371179039301,10.2620087336245
"2",110,0.8,0.1,0,1000,0.05,2,43.6681222707424,17.0305676855895,15.5021834061135,13.5371179039301,10.2620087336245
"3",110,0.8,0.1,0,1000,0.05,3,11.5720524017467,13.9737991266376,19.8689956331878,27.5109170305677,27.0742358078603
