"","nvar","r","d","het","iter","alpha","strategy","p1","p2","p3","p4","p5"
"1",198,0.5,0.1,0,1000,0.05,1,56.7099567099567,20.7792207792208,10.8225108225108,7.03463203463204,4.65367965367965
"2",198,0.5,0.1,0,1000,0.05,2,56.7099567099567,20.7792207792208,10.8225108225108,7.03463203463204,4.65367965367965
"3",198,0.5,0.1,0,1000,0.05,3,16.5584415584416,18.0735930735931,21.1038961038961,21.3203463203463,22.9437229437229
