"","nvar","r","d","het","iter","alpha","strategy","p1","p2","p3","p4","p5"
"1",72,0.4,0.3,0,1000,0.05,1,74.3617021276596,11.2765957446809,6.38297872340426,3.40425531914894,3.51063829787234
"2",72,0.4,0.3,0,1000,0.05,2,74.3617021276596,11.2765957446809,6.38297872340426,3.40425531914894,3.51063829787234
"3",72,0.4,0.3,0,1000,0.05,3,34.6808510638298,16.9148936170213,16.7021276595745,14.7872340425532,16.7021276595745
