"","nvar","r","d","het","iter","alpha","strategy","p1","p2","p3","p4","p5"
"1",182,0.7,0.2,0,1000,0.05,1,58.5561497326203,14.8395721925134,11.8983957219251,8.02139037433155,6.41711229946524
"2",182,0.7,0.2,0,1000,0.05,2,58.5561497326203,14.8395721925134,11.8983957219251,8.02139037433155,6.41711229946524
"3",182,0.7,0.2,0,1000,0.05,3,18.4491978609626,13.2352941176471,21.6577540106952,22.4598930481283,24.1978609625668
