"","nvar","r","d","het","iter","alpha","strategy","p1","p2","p3","p4","p5"
"1",110,0.9,0.1,0,1000,0.05,1,32.8813559322034,23.3898305084746,17.2881355932203,13.5593220338983,12.8813559322034
"2",110,0.9,0.1,0,1000,0.05,2,32.8813559322034,23.3898305084746,17.2881355932203,13.5593220338983,12.8813559322034
"3",110,0.9,0.1,0,1000,0.05,3,10.5084745762712,7.45762711864407,17.9661016949153,27.7966101694915,36.271186440678
