"","nvar","r","d","het","iter","alpha","strategy","p1","p2","p3","p4","p5"
"1",134,0.6,0.2,0,1000,0.05,1,61.9458128078818,17.7339901477833,8.49753694581281,6.89655172413793,4.92610837438424
"2",134,0.6,0.2,0,1000,0.05,2,61.9458128078818,17.7339901477833,8.49753694581281,6.89655172413793,4.92610837438424
"3",134,0.6,0.2,0,1000,0.05,3,20.6896551724138,18.8423645320197,18.8423645320197,21.0591133004926,20.5665024630542
