"","nvar","r","d","het","iter","alpha","strategy","p1","p2","p3","p4","p5"
"1",96,0.9,0.1,0,1000,0.05,1,35.4166666666667,21.1805555555556,13.8888888888889,15.9722222222222,13.5416666666667
"2",96,0.9,0.1,0,1000,0.05,2,35.4166666666667,21.1805555555556,13.8888888888889,15.9722222222222,13.5416666666667
"3",96,0.9,0.1,0,1000,0.05,3,12.8472222222222,10.0694444444444,15.2777777777778,27.0833333333333,34.7222222222222
