"","nvar","r","d","het","iter","alpha","strategy","p1","p2","p3","p4","p5"
"1",84,0,0.1,0,1000,0.05,1,76.008064516129,17.0362903225806,5.14112903225806,1.00806451612903,0.806451612903226
"2",84,0,0.1,0,1000,0.05,2,76.008064516129,17.0362903225806,5.14112903225806,1.00806451612903,0.806451612903226
"3",84,0,0.1,0,1000,0.05,3,25,18.1451612903226,18.6491935483871,18.0443548387097,20.1612903225806
