"","nvar","r","d","het","iter","alpha","strategy","p1","p2","p3","p4","p5"
"1",4,0,0.1,0,1000,0.05,1,31.095406360424,19.434628975265,16.6077738515901,16.9611307420495,15.9010600706714
"2",4,0,0.1,0,1000,0.05,2,31.095406360424,19.434628975265,16.6077738515901,16.9611307420495,15.9010600706714
"3",4,0,0.1,0,1000,0.05,3,26.1484098939929,19.7879858657244,17.3144876325088,18.7279151943463,18.0212014134276
