"","nvar","r","d","het","iter","alpha","strategy","p1","p2","p3","p4","p5"
"1",44,0.6,0.3,0,1000,0.05,1,66.883963494133,12.7770534550196,8.99608865710561,5.9973924380704,4.43285528031291
"2",44,0.6,0.3,0,1000,0.05,2,66.883963494133,12.7770534550196,8.99608865710561,5.9973924380704,4.43285528031291
"3",44,0.6,0.3,0,1000,0.05,3,31.2907431551499,18.122555410691,16.5580182529335,16.6883963494133,17.2099087353325
