"","nvar","r","d","het","iter","alpha","strategy","p1","p2","p3","p4","p5"
"1",176,0.4,0.3,0,1000,0.05,1,83.8742393509128,8.31643002028398,3.44827586206897,2.53549695740365,0.912778904665314
"2",176,0.4,0.3,0,1000,0.05,2,83.8742393509128,8.31643002028398,3.44827586206897,2.53549695740365,0.912778904665314
"3",176,0.4,0.3,0,1000,0.05,3,29.6146044624746,19.5740365111562,18.3569979716024,16.8356997971602,15.4158215010142
