"","nvar","r","d","het","iter","alpha","strategy","p1","p2","p3","p4","p5"
"1",186,0.5,0.2,0,1000,0.05,1,67.9569892473118,15.3763440860215,8.06451612903226,5.59139784946237,3.01075268817204
"2",186,0.5,0.2,0,1000,0.05,2,67.9569892473118,15.3763440860215,8.06451612903226,5.59139784946237,3.01075268817204
"3",186,0.5,0.2,0,1000,0.05,3,22.1505376344086,19.8924731182796,18.1720430107527,20.5376344086022,19.247311827957
