"","nvar","r","d","het","iter","alpha","strategy","p1","p2","p3","p4","p5"
"1",122,0.1,0.2,0,1000,0.05,1,87.6876876876877,9.60960960960961,1.7017017017017,0.700700700700701,0
"2",122,0.1,0.2,0,1000,0.05,2,87.6876876876877,9.60960960960961,1.7017017017017,0.700700700700701,0
"3",122,0.1,0.2,0,1000,0.05,3,31.031031031031,20.8208208208208,16.016016016016,16.3163163163163,15.8158158158158
