"","nvar","r","d","het","iter","alpha","strategy","p1","p2","p3","p4","p5"
"1",46,0.7,0.2,0,1000,0.05,1,56.8695652173913,15.4782608695652,12.3478260869565,9.91304347826087,5.39130434782609
"2",46,0.7,0.2,0,1000,0.05,2,56.8695652173913,15.4782608695652,12.3478260869565,9.91304347826087,5.39130434782609
"3",46,0.7,0.2,0,1000,0.05,3,22.2608695652174,18.0869565217391,21.5652173913043,18.0869565217391,20
