"","nvar","r","d","het","iter","alpha","strategy","p1","p2","p3","p4","p5"
"1",118,0.6,0.2,0,1000,0.05,1,62.192118226601,14.5320197044335,10.2216748768473,7.63546798029557,5.41871921182266
"2",118,0.6,0.2,0,1000,0.05,2,62.192118226601,14.5320197044335,10.2216748768473,7.63546798029557,5.41871921182266
"3",118,0.6,0.2,0,1000,0.05,3,20.8128078817734,18.5960591133005,18.4729064039409,20.935960591133,21.1822660098522
