"","nvar","r","d","het","iter","alpha","strategy","p1","p2","p3","p4","p5"
"1",100,0.1,0.3,0,1000,0.05,1,93.6936936936937,3.6036036036036,1.3013013013013,0.4004004004004,0.1001001001001
"2",100,0.1,0.3,0,1000,0.05,2,93.6936936936937,3.6036036036036,1.3013013013013,0.4004004004004,0.1001001001001
"3",100,0.1,0.3,0,1000,0.05,3,41.041041041041,20.02002002002,14.4144144144144,14.2142142142142,10.1101101101101
