"","nvar","r","d","het","iter","alpha","strategy","p1","p2","p3","p4","p5"
"1",106,0.5,0.1,0,1000,0.05,1,50.5376344086022,18.6379928315412,13.3811230585424,9.55794504181601,7.88530465949821
"2",106,0.5,0.1,0,1000,0.05,2,50.5376344086022,18.6379928315412,13.3811230585424,9.55794504181601,7.88530465949821
"3",106,0.5,0.1,0,1000,0.05,3,15.4121863799283,17.6821983273596,20.7885304659498,22.1027479091995,24.0143369175627
