"","nvar","r","d","het","iter","alpha","strategy","p1","p2","p3","p4","p5"
"1",18,0.3,0.2,0,1000,0.05,1,56.6360052562418,17.8712220762155,9.72404730617608,9.32982917214192,6.4388961892247
"2",18,0.3,0.2,0,1000,0.05,2,56.6360052562418,17.8712220762155,9.72404730617608,9.32982917214192,6.4388961892247
"3",18,0.3,0.2,0,1000,0.05,3,31.011826544021,19.053876478318,15.3745072273325,18.3968462549277,16.1629434954008
