"","nvar","r","d","het","iter","alpha","strategy","p1","p2","p3","p4","p5"
"1",62,0.8,0.2,0,1000,0.05,1,53.6585365853659,16.5103189493433,13.8836772983114,9.38086303939962,6.56660412757974
"2",62,0.8,0.2,0,1000,0.05,2,53.6585365853659,16.5103189493433,13.8836772983114,9.38086303939962,6.56660412757974
"3",62,0.8,0.2,0,1000,0.05,3,18.7617260787992,18.3864915572233,19.5121951219512,20.2626641651032,23.0769230769231
