"","nvar","r","d","het","iter","alpha","strategy","p1","p2","p3","p4","p5"
"1",168,0.7,0.1,0,1000,0.05,1,42.8125,21.25,12.8125,12.8125,10.3125
"2",168,0.7,0.1,0,1000,0.05,2,42.8125,21.25,12.8125,12.8125,10.3125
"3",168,0.7,0.1,0,1000,0.05,3,11.71875,13.125,17.1875,26.09375,31.875
