"","nvar","r","d","het","iter","alpha","strategy","p1","p2","p3","p4","p5"
"1",60,0.1,0.1,0,1000,0.05,1,59.1794871794872,22.3589743589744,10.8717948717949,5.74358974358974,1.84615384615385
"2",60,0.1,0.1,0,1000,0.05,2,59.1794871794872,22.3589743589744,10.8717948717949,5.74358974358974,1.84615384615385
"3",60,0.1,0.1,0,1000,0.05,3,22.4615384615385,21.2307692307692,19.2820512820513,17.5384615384615,19.4871794871795
