"","nvar","r","d","het","iter","alpha","strategy","p1","p2","p3","p4","p5"
"1",162,0.7,0.1,0,1000,0.05,1,42.4427480916031,19.3893129770992,13.8931297709924,12.0610687022901,12.2137404580153
"2",162,0.7,0.1,0,1000,0.05,2,42.4427480916031,19.3893129770992,13.8931297709924,12.0610687022901,12.2137404580153
"3",162,0.7,0.1,0,1000,0.05,3,9.9236641221374,13.587786259542,20.9160305343511,23.5114503816794,32.0610687022901
