"","nvar","r","d","het","iter","alpha","strategy","p1","p2","p3","p4","p5"
"1",4,0.3,0.1,0,1000,0.05,1,30.4526748971193,23.4567901234568,19.7530864197531,11.9341563786008,14.40329218107
"2",4,0.3,0.1,0,1000,0.05,2,30.4526748971193,23.4567901234568,19.7530864197531,11.9341563786008,14.40329218107
"3",4,0.3,0.1,0,1000,0.05,3,23.4567901234568,22.6337448559671,22.6337448559671,13.9917695473251,17.283950617284
