"","nvar","r","d","het","iter","alpha","strategy","p1","p2","p3","p4","p5"
"1",42,0.5,0.2,0,1000,0.05,1,60.5830164765526,14.1951837769328,12.0405576679341,8.61850443599493,4.56273764258555
"2",42,0.5,0.2,0,1000,0.05,2,60.5830164765526,14.1951837769328,12.0405576679341,8.61850443599493,4.56273764258555
"3",42,0.5,0.2,0,1000,0.05,3,26.1089987325729,17.9974651457541,19.6451204055767,19.2648922686945,16.9835234474018
