"","nvar","r","d","het","iter","alpha","strategy","p1","p2","p3","p4","p5"
"1",50,0.7,0.1,0,1000,0.05,1,42.6501035196687,18.4265010351967,15.9420289855072,13.0434782608696,9.93788819875776
"2",50,0.7,0.1,0,1000,0.05,2,42.6501035196687,18.4265010351967,15.9420289855072,13.0434782608696,9.93788819875776
"3",50,0.7,0.1,0,1000,0.05,3,8.69565217391304,20.0828157349896,19.6687370600414,24.8447204968944,26.7080745341615
