"","nvar","r","d","het","iter","alpha","strategy","p1","p2","p3","p4","p5"
"1",194,0.4,0.1,0,1000,0.05,1,64.40329218107,16.8724279835391,9.77366255144033,6.27572016460905,2.67489711934156
"2",194,0.4,0.1,0,1000,0.05,2,64.40329218107,16.8724279835391,9.77366255144033,6.27572016460905,2.67489711934156
"3",194,0.4,0.1,0,1000,0.05,3,18.2098765432099,17.3868312757202,20.7818930041152,21.9135802469136,21.7078189300412
