"","nvar","r","d","het","iter","alpha","strategy","p1","p2","p3","p4","p5"
"1",186,0.3,0.1,0,1000,0.05,1,74.1448692152917,16.7002012072435,5.83501006036217,2.61569416498994,0.704225352112676
"2",186,0.3,0.1,0,1000,0.05,2,74.1448692152917,16.7002012072435,5.83501006036217,2.61569416498994,0.704225352112676
"3",186,0.3,0.1,0,1000,0.05,3,19.7183098591549,20.0201207243461,20.4225352112676,19.4164989939638,20.4225352112676
