"","nvar","r","d","het","iter","alpha","strategy","p1","p2","p3","p4","p5"
"1",138,0.5,0.1,0,1000,0.05,1,51.7754868270332,18.9003436426117,12.7147766323024,9.73654066437572,6.87285223367698
"2",138,0.5,0.1,0,1000,0.05,2,51.7754868270332,18.9003436426117,12.7147766323024,9.73654066437572,6.87285223367698
"3",138,0.5,0.1,0,1000,0.05,3,13.631156930126,17.7548682703322,21.9931271477663,23.5967926689576,23.0240549828179
