"","nvar","r","d","het","iter","alpha","strategy","p1","p2","p3","p4","p5"
"1",126,0.8,0.1,0,1000,0.05,1,43.0703624733475,17.27078891258,14.2857142857143,14.0724946695096,11.3006396588486
"2",126,0.8,0.1,0,1000,0.05,2,43.0703624733475,17.27078891258,14.2857142857143,14.0724946695096,11.3006396588486
"3",126,0.8,0.1,0,1000,0.05,3,10.8742004264392,11.3006396588486,19.1897654584222,28.5714285714286,30.0639658848614
