"","nvar","r","d","het","iter","alpha","strategy","p1","p2","p3","p4","p5"
"1",132,0.4,0.1,0,1000,0.05,1,55.379746835443,18.9873417721519,13.2911392405063,7.48945147679325,4.85232067510549
"2",132,0.4,0.1,0,1000,0.05,2,55.379746835443,18.9873417721519,13.2911392405063,7.48945147679325,4.85232067510549
"3",132,0.4,0.1,0,1000,0.05,3,17.1940928270042,16.9831223628692,22.3628691983122,20.3586497890295,23.1012658227848
