"","nvar","r","d","het","iter","alpha","strategy","p1","p2","p3","p4","p5"
"1",18,0.2,0.3,0,1000,0.05,1,66.6666666666667,13.6781609195402,9.42528735632184,5.40229885057471,3.90804597701149
"2",18,0.2,0.3,0,1000,0.05,2,66.6666666666667,13.6781609195402,9.42528735632184,5.40229885057471,3.90804597701149
"3",18,0.2,0.3,0,1000,0.05,3,39.4252873563218,15.9770114942529,17.9310344827586,13.3333333333333,12.9885057471264
