"","nvar","r","d","het","iter","alpha","strategy","p1","p2","p3","p4","p5"
"1",132,0.4,0.3,0,1000,0.05,1,81.0699588477366,8.74485596707819,5.55555555555556,2.05761316872428,1.64609053497942
"2",132,0.4,0.3,0,1000,0.05,2,81.0699588477366,8.74485596707819,5.55555555555556,2.05761316872428,1.64609053497942
"3",132,0.4,0.3,0,1000,0.05,3,30.9670781893004,18.4156378600823,17.0781893004115,16.0493827160494,16.9753086419753
