"","nvar","r","d","het","iter","alpha","strategy","p1","p2","p3","p4","p5"
"1",34,0.7,0.2,0,1000,0.05,1,53.75,16.7857142857143,10.7142857142857,11.0714285714286,7.67857142857143
"2",34,0.7,0.2,0,1000,0.05,2,53.75,16.7857142857143,10.7142857142857,11.0714285714286,7.67857142857143
"3",34,0.7,0.2,0,1000,0.05,3,20.8928571428571,19.4642857142857,16.7857142857143,20.8928571428571,21.9642857142857
