"","nvar","r","d","het","iter","alpha","strategy","p1","p2","p3","p4","p5"
"1",84,0.9,0.1,0,1000,0.05,1,42.8044280442804,20.6642066420664,14.0221402214022,9.96309963099631,12.5461254612546
"2",84,0.9,0.1,0,1000,0.05,2,42.8044280442804,20.6642066420664,14.0221402214022,9.96309963099631,12.5461254612546
"3",84,0.9,0.1,0,1000,0.05,3,12.1771217712177,12.5461254612546,13.6531365313653,25.830258302583,35.7933579335793
