"","nvar","r","d","het","iter","alpha","strategy","p1","p2","p3","p4","p5"
"1",160,0.4,0.2,0,1000,0.05,1,71.1794871794872,15.8974358974359,7.58974358974359,3.28205128205128,2.05128205128205
"2",160,0.4,0.2,0,1000,0.05,2,71.1794871794872,15.8974358974359,7.58974358974359,3.28205128205128,2.05128205128205
"3",160,0.4,0.2,0,1000,0.05,3,21.4358974358974,20.3076923076923,19.0769230769231,19.2820512820513,19.8974358974359
