"","nvar","r","d","het","iter","alpha","strategy","p1","p2","p3","p4","p5"
"1",142,0.3,0.2,0,1000,0.05,1,80.0405268490375,11.144883485309,4.55927051671733,2.43161094224924,1.72239108409321
"2",142,0.3,0.2,0,1000,0.05,2,80.0405268490375,11.144883485309,4.55927051671733,2.43161094224924,1.72239108409321
"3",142,0.3,0.2,0,1000,0.05,3,24.2147922998987,18.5410334346505,18.4397163120567,19.8581560283688,18.9463019250253
