"","nvar","r","d","het","iter","alpha","strategy","p1","p2","p3","p4","p5"
"1",74,0.1,0.1,0,1000,0.05,1,65.5172413793103,19.47261663286,8.21501014198783,3.7525354969574,3.04259634888438
"2",74,0.1,0.1,0,1000,0.05,2,65.5172413793103,19.47261663286,8.21501014198783,3.7525354969574,3.04259634888438
"3",74,0.1,0.1,0,1000,0.05,3,25.2535496957404,17.342799188641,18.3569979716024,18.8640973630832,20.1825557809331
