"","nvar","r","d","het","iter","alpha","strategy","p1","p2","p3","p4","p5"
"1",24,0.1,0.1,0,1000,0.05,1,44.750656167979,21.5223097112861,15.2230971128609,11.8110236220472,6.69291338582677
"2",24,0.1,0.1,0,1000,0.05,2,44.750656167979,21.5223097112861,15.2230971128609,11.8110236220472,6.69291338582677
"3",24,0.1,0.1,0,1000,0.05,3,24.4094488188976,19.6850393700787,18.6351706036745,18.6351706036745,18.6351706036745
