"","nvar","r","d","het","iter","alpha","strategy","p1","p2","p3","p4","p5"
"1",12,0.5,0.3,0,1000,0.05,1,60.6015037593985,14.7368421052632,10.9774436090226,7.81954887218045,5.26315789473684
"2",12,0.5,0.3,0,1000,0.05,2,60.6015037593985,14.7368421052632,10.9774436090226,7.81954887218045,5.26315789473684
"3",12,0.5,0.3,0,1000,0.05,3,36.6917293233083,17.4436090225564,16.390977443609,15.3383458646617,13.8345864661654
