"","nvar","r","d","het","iter","alpha","strategy","p1","p2","p3","p4","p5"
"1",94,0.4,0.2,0,1000,0.05,1,68.2692307692308,13.4615384615385,6.73076923076923,6.1965811965812,5.34188034188034
"2",94,0.4,0.2,0,1000,0.05,2,68.2692307692308,13.4615384615385,6.73076923076923,6.1965811965812,5.34188034188034
"3",94,0.4,0.2,0,1000,0.05,3,25.1068376068376,18.0555555555556,17.3076923076923,19.017094017094,20.5128205128205
