"","nvar","r","d","het","iter","alpha","strategy","p1","p2","p3","p4","p5"
"1",172,0.5,0.2,0,1000,0.05,1,66.7025862068966,14.2241379310345,9.69827586206897,6.14224137931034,3.125
"2",172,0.5,0.2,0,1000,0.05,2,66.7025862068966,14.2241379310345,9.69827586206897,6.14224137931034,3.125
"3",172,0.5,0.2,0,1000,0.05,3,23.1681034482759,16.9181034482759,19.9353448275862,19.6120689655172,20.3663793103448
