"","nvar","r","d","het","iter","alpha","strategy","p1","p2","p3","p4","p5"
"1",54,0.2,0.3,0,1000,0.05,1,81.9387755102041,9.79591836734694,3.77551020408163,2.24489795918367,1.53061224489796
"2",54,0.2,0.3,0,1000,0.05,2,81.9387755102041,9.79591836734694,3.77551020408163,2.24489795918367,1.53061224489796
"3",54,0.2,0.3,0,1000,0.05,3,37.6530612244898,19.4897959183673,16.6326530612245,12.8571428571429,13.1632653061224
