"","nvar","r","d","het","iter","alpha","strategy","p1","p2","p3","p4","p5"
"1",60,0.3,0.1,0,1000,0.05,1,50.7214206437292,20.6437291897891,14.3174250832408,7.54716981132075,6.77025527192009
"2",60,0.3,0.1,0,1000,0.05,2,50.7214206437292,20.6437291897891,14.3174250832408,7.54716981132075,6.77025527192009
"3",60,0.3,0.1,0,1000,0.05,3,19.9778024417314,18.9789123196448,21.1986681465039,18.2019977802442,21.6426193118757
