"","nvar","r","d","het","iter","alpha","strategy","p1","p2","p3","p4","p5"
"1",132,0.6,0.3,0,1000,0.05,1,70.6896551724138,12.0689655172414,7.70114942528736,5.17241379310345,3.44827586206897
"2",132,0.6,0.3,0,1000,0.05,2,70.6896551724138,12.0689655172414,7.70114942528736,5.17241379310345,3.44827586206897
"3",132,0.6,0.3,0,1000,0.05,3,27.3563218390805,16.7816091954023,18.5057471264368,18.5057471264368,18.2758620689655
