"","nvar","r","d","het","iter","alpha","strategy","p1","p2","p3","p4","p5"
"1",102,0.6,0.3,0,1000,0.05,1,69.661610268378,13.3022170361727,7.70128354725788,4.31738623103851,4.20070011668611
"2",102,0.6,0.3,0,1000,0.05,2,69.661610268378,13.3022170361727,7.70128354725788,4.31738623103851,4.20070011668611
"3",102,0.6,0.3,0,1000,0.05,3,29.171528588098,16.8028004667445,19.2532088681447,16.4527421236873,18.2030338389732
