"","nvar","r","d","het","iter","alpha","strategy","p1","p2","p3","p4","p5"
"1",34,0.3,0.2,0,1000,0.05,1,60,17.4418604651163,11.2790697674419,7.2093023255814,3.72093023255814
"2",34,0.3,0.2,0,1000,0.05,2,60,17.4418604651163,11.2790697674419,7.2093023255814,3.72093023255814
"3",34,0.3,0.2,0,1000,0.05,3,30.1162790697674,19.5348837209302,18.8372093023256,17.2093023255814,14.3023255813953
