"","nvar","r","d","het","iter","alpha","strategy","p1","p2","p3","p4","p5"
"1",198,0.7,0.1,0,1000,0.05,1,47.7862595419847,19.236641221374,14.1984732824427,10.5343511450382,8.24427480916031
"2",198,0.7,0.1,0,1000,0.05,2,47.7862595419847,19.236641221374,14.1984732824427,10.5343511450382,8.24427480916031
"3",198,0.7,0.1,0,1000,0.05,3,9.46564885496183,15.7251908396947,22.5954198473282,23.969465648855,28.2442748091603
