"","nvar","r","d","het","iter","alpha","strategy","p1","p2","p3","p4","p5"
"1",132,0.8,0.1,0,1000,0.05,1,42.3076923076923,15.8119658119658,17.5213675213675,13.8888888888889,10.4700854700855
"2",132,0.8,0.1,0,1000,0.05,2,42.3076923076923,15.8119658119658,17.5213675213675,13.8888888888889,10.4700854700855
"3",132,0.8,0.1,0,1000,0.05,3,8.33333333333333,12.8205128205128,17.0940170940171,28.2051282051282,33.5470085470085
