"","nvar","r","d","het","iter","alpha","strategy","p1","p2","p3","p4","p5"
"1",38,0.1,0.2,0,1000,0.05,1,71.4889123548046,14.5723336853221,6.44139387539599,4.32946145723337,3.0623020063358
"2",38,0.1,0.2,0,1000,0.05,2,71.4889123548046,14.5723336853221,6.44139387539599,4.32946145723337,3.0623020063358
"3",38,0.1,0.2,0,1000,0.05,3,30.3062302006336,19.8521647307286,18.3738120380148,16.156282998944,15.311510031679
