"","nvar","r","d","het","iter","alpha","strategy","p1","p2","p3","p4","p5"
"1",86,0.8,0.2,0,1000,0.05,1,54.2805100182149,15.4826958105647,12.9326047358834,8.37887067395264,8.92531876138433
"2",86,0.8,0.2,0,1000,0.05,2,54.2805100182149,15.4826958105647,12.9326047358834,8.37887067395264,8.92531876138433
"3",86,0.8,0.2,0,1000,0.05,3,20.7650273224044,14.936247723133,18.7613843351548,20.2185792349727,25.3187613843352
