"","nvar","r","d","het","iter","alpha","strategy","p1","p2","p3","p4","p5"
"1",34,0.9,0.1,0,1000,0.05,1,35.6846473029046,17.4273858921162,16.597510373444,17.4273858921162,12.8630705394191
"2",34,0.9,0.1,0,1000,0.05,2,35.6846473029046,17.4273858921162,16.597510373444,17.4273858921162,12.8630705394191
"3",34,0.9,0.1,0,1000,0.05,3,11.6182572614108,14.5228215767635,18.6721991701245,28.2157676348548,26.9709543568465
