"","nvar","r","d","het","iter","alpha","strategy","p1","p2","p3","p4","p5"
"1",112,0.3,0.1,0,1000,0.05,1,63.347022587269,18.3778234086242,8.93223819301848,5.74948665297741,3.59342915811088
"2",112,0.3,0.1,0,1000,0.05,2,63.347022587269,18.3778234086242,8.93223819301848,5.74948665297741,3.59342915811088
"3",112,0.3,0.1,0,1000,0.05,3,21.1498973305955,18.993839835729,17.7618069815195,18.4804928131417,23.6139630390144
