"","nvar","r","d","het","iter","alpha","strategy","p1","p2","p3","p4","p5"
"1",28,0.3,0.2,0,1000,0.05,1,56.4294631710362,17.3533083645443,13.1086142322097,6.74157303370786,6.36704119850187
"2",28,0.3,0.2,0,1000,0.05,2,56.4294631710362,17.3533083645443,13.1086142322097,6.74157303370786,6.36704119850187
"3",28,0.3,0.2,0,1000,0.05,3,27.8401997503121,20.5992509363296,19.1011235955056,15.980024968789,16.4794007490637
