"","nvar","r","d","het","iter","alpha","strategy","p1","p2","p3","p4","p5"
"1",46,0.4,0.1,0,1000,0.05,1,44.3579766536965,20.4928664072633,14.9156939040208,12.0622568093385,8.17120622568093
"2",46,0.4,0.1,0,1000,0.05,2,44.3579766536965,20.4928664072633,14.9156939040208,12.0622568093385,8.17120622568093
"3",46,0.4,0.1,0,1000,0.05,3,16.3424124513619,20.3631647211414,20.3631647211414,22.0492866407263,20.8819714656291
