"","nvar","r","d","het","iter","alpha","strategy","p1","p2","p3","p4","p5"
"1",182,0.4,0.3,0,1000,0.05,1,81.4964610717897,9.70677451971689,4.14560161779575,2.42669362992922,1.21334681496461
"2",182,0.4,0.3,0,1000,0.05,2,81.4964610717897,9.70677451971689,4.14560161779575,2.42669362992922,1.21334681496461
"3",182,0.4,0.3,0,1000,0.05,3,32.2548028311426,17.896865520728,17.3913043478261,16.3801820020222,16.0768452982811
