"","nvar","r","d","het","iter","alpha","strategy","p1","p2","p3","p4","p5"
"1",160,0.3,0.1,0,1000,0.05,1,66.9362992922144,18.9079878665319,9.10010111223458,3.8422649140546,1.21334681496461
"2",160,0.3,0.1,0,1000,0.05,2,66.9362992922144,18.9079878665319,9.10010111223458,3.8422649140546,1.21334681496461
"3",160,0.3,0.1,0,1000,0.05,3,17.7957532861476,20.0202224469161,19.5146612740142,20.7280080889788,21.9413549039434
