"","nvar","r","d","het","iter","alpha","strategy","p1","p2","p3","p4","p5"
"1",24,0.1,0.3,0,1000,0.05,1,73.6730360934182,13.0573248407643,6.15711252653928,3.71549893842887,2.76008492569002
"2",24,0.1,0.3,0,1000,0.05,2,73.6730360934182,13.0573248407643,6.15711252653928,3.71549893842887,2.76008492569002
"3",24,0.1,0.3,0,1000,0.05,3,37.6857749469214,19.2144373673036,16.348195329087,13.4819532908705,13.0573248407643
