"","nvar","r","d","het","iter","alpha","strategy","p1","p2","p3","p4","p5"
"1",168,0.2,0.2,0,1000,0.05,1,86.2862862862863,9.40940940940941,2.9029029029029,1.001001001001,0.3003003003003
"2",168,0.2,0.2,0,1000,0.05,2,86.2862862862863,9.40940940940941,2.9029029029029,1.001001001001,0.3003003003003
"3",168,0.2,0.2,0,1000,0.05,3,27.6276276276276,19.8198198198198,18.3183183183183,16.6166166166166,17.6176176176176
