"","nvar","r","d","het","iter","alpha","strategy","p1","p2","p3","p4","p5"
"1",120,0.6,0.2,0,1000,0.05,1,62.4378109452736,14.4278606965174,10.4477611940298,6.71641791044776,5.84577114427861
"2",120,0.6,0.2,0,1000,0.05,2,62.4378109452736,14.4278606965174,10.4477611940298,6.71641791044776,5.84577114427861
"3",120,0.6,0.2,0,1000,0.05,3,18.6567164179104,18.6567164179104,18.7810945273632,21.8905472636816,22.0149253731343
