"","nvar","r","d","het","iter","alpha","strategy","p1","p2","p3","p4","p5"
"1",4,0,0.2,0,1000,0.05,1,46.8546637744035,19.3058568329718,13.4490238611714,10.6290672451193,9.54446854663774
"2",4,0,0.2,0,1000,0.05,2,46.8546637744035,19.3058568329718,13.4490238611714,10.6290672451193,9.54446854663774
"3",4,0,0.2,0,1000,0.05,3,38.6117136659436,19.9566160520607,16.2689804772234,12.1475054229935,13.0151843817787
