"","nvar","r","d","het","iter","alpha","strategy","p1","p2","p3","p4","p5"
"1",170,0.7,0.1,0,1000,0.05,1,46.3414634146341,18.140243902439,12.8048780487805,14.0243902439024,8.6890243902439
"2",170,0.7,0.1,0,1000,0.05,2,46.3414634146341,18.140243902439,12.8048780487805,14.0243902439024,8.6890243902439
"3",170,0.7,0.1,0,1000,0.05,3,10.3658536585366,16.9207317073171,19.0548780487805,24.8475609756098,28.8109756097561
