"","nvar","r","d","het","iter","alpha","strategy","p1","p2","p3","p4","p5"
"1",74,0.2,0.2,0,1000,0.05,1,76.3803680981595,12.5766871165644,7.36196319018405,2.55623721881391,1.12474437627812
"2",74,0.2,0.2,0,1000,0.05,2,76.3803680981595,12.5766871165644,7.36196319018405,2.55623721881391,1.12474437627812
"3",74,0.2,0.2,0,1000,0.05,3,28.4253578732106,19.2229038854806,17.4846625766871,17.280163599182,17.5869120654397
