"","nvar","r","d","het","iter","alpha","strategy","p1","p2","p3","p4","p5"
"1",26,0,0.2,0,1000,0.05,1,65.4584221748401,16.5245202558635,8.31556503198294,6.39658848614073,3.30490405117271
"2",26,0,0.2,0,1000,0.05,2,65.4584221748401,16.5245202558635,8.31556503198294,6.39658848614073,3.30490405117271
"3",26,0,0.2,0,1000,0.05,3,34.1151385927505,18.5501066098081,16.8443496801706,16.2046908315565,14.2857142857143
