"","nvar","r","d","het","iter","alpha","strategy","p1","p2","p3","p4","p5"
"1",170,0.6,0.1,0,1000,0.05,1,47.8535353535354,21.2121212121212,13.3838383838384,9.72222222222222,7.82828282828283
"2",170,0.6,0.1,0,1000,0.05,2,47.8535353535354,21.2121212121212,13.3838383838384,9.72222222222222,7.82828282828283
"3",170,0.6,0.1,0,1000,0.05,3,13.2575757575758,16.4141414141414,20.959595959596,24.4949494949495,24.8737373737374
