"","nvar","r","d","het","iter","alpha","strategy","p1","p2","p3","p4","p5"
"1",6,0.7,0.2,0,1000,0.05,1,49.8637602179836,17.4386920980926,11.716621253406,10.0817438692098,10.8991825613079
"2",6,0.7,0.2,0,1000,0.05,2,49.8637602179836,17.4386920980926,11.716621253406,10.0817438692098,10.8991825613079
"3",6,0.7,0.2,0,1000,0.05,3,29.4277929155313,17.4386920980926,16.0762942779292,17.4386920980926,19.6185286103542
