"","nvar","r","d","het","iter","alpha","strategy","p1","p2","p3","p4","p5"
"1",88,0.4,0.3,0,1000,0.05,1,75.8298755186722,11.0995850622407,5.91286307053942,3.7344398340249,2.9045643153527
"2",88,0.4,0.3,0,1000,0.05,2,75.8298755186722,11.0995850622407,5.91286307053942,3.7344398340249,2.9045643153527
"3",88,0.4,0.3,0,1000,0.05,3,31.0165975103734,20.3319502074689,16.701244813278,15.6639004149378,16.1825726141079
