"","nvar","r","d","het","iter","alpha","strategy","p1","p2","p3","p4","p5"
"1",92,0,0.1,0,1000,0.05,1,76.2286860581745,15.7472417251755,5.71715145436309,1.50451354062187,0.802407221664995
"2",92,0,0.1,0,1000,0.05,2,76.2286860581745,15.7472417251755,5.71715145436309,1.50451354062187,0.802407221664995
"3",92,0,0.1,0,1000,0.05,3,25.3761283851555,18.9568706118355,20.160481444333,16.3490471414243,19.1574724172518
