"","nvar","r","d","het","iter","alpha","strategy","p1","p2","p3","p4","p5"
"1",148,0.4,0.1,0,1000,0.05,1,61.7309697601668,18.978102189781,10.5318039624609,5.42231491136601,3.33680917622523
"2",148,0.4,0.1,0,1000,0.05,2,61.7309697601668,18.978102189781,10.5318039624609,5.42231491136601,3.33680917622523
"3",148,0.4,0.1,0,1000,0.05,3,15.9541188738269,18.1438998957247,20.9593326381648,21.8978102189781,23.0448383733055
