"","nvar","r","d","het","iter","alpha","strategy","p1","p2","p3","p4","p5"
"1",92,0.5,0.2,0,1000,0.05,1,59.515570934256,19.2618223760092,10.1499423298731,6.80507497116494,4.26758938869665
"2",92,0.5,0.2,0,1000,0.05,2,59.515570934256,19.2618223760092,10.1499423298731,6.80507497116494,4.26758938869665
"3",92,0.5,0.2,0,1000,0.05,3,22.3760092272203,21.4532871972318,17.9930795847751,19.4925028835063,18.6851211072664
