"","nvar","r","d","het","iter","alpha","strategy","p1","p2","p3","p4","p5"
"1",90,0.7,0.1,0,1000,0.05,1,45.8762886597938,19.4158075601375,13.9175257731959,13.0584192439863,7.7319587628866
"2",90,0.7,0.1,0,1000,0.05,2,45.8762886597938,19.4158075601375,13.9175257731959,13.0584192439863,7.7319587628866
"3",90,0.7,0.1,0,1000,0.05,3,10.3092783505155,19.2439862542955,19.7594501718213,26.4604810996564,24.2268041237113
