"","nvar","r","d","het","iter","alpha","strategy","p1","p2","p3","p4","p5"
"1",16,0.4,0.2,0,1000,0.05,1,55.5031446540881,15.0943396226415,12.4213836477987,9.11949685534591,7.86163522012579
"2",16,0.4,0.2,0,1000,0.05,2,55.5031446540881,15.0943396226415,12.4213836477987,9.11949685534591,7.86163522012579
"3",16,0.4,0.2,0,1000,0.05,3,30.0314465408805,18.7106918238994,17.6100628930818,15.0943396226415,18.5534591194969
