"","nvar","r","d","het","iter","alpha","strategy","p1","p2","p3","p4","p5"
"1",196,0.8,0.1,0,1000,0.05,1,45.3629032258064,18.9516129032258,14.9193548387097,11.491935483871,9.2741935483871
"2",196,0.8,0.1,0,1000,0.05,2,45.3629032258064,18.9516129032258,14.9193548387097,11.491935483871,9.2741935483871
"3",196,0.8,0.1,0,1000,0.05,3,8.66935483870968,12.9032258064516,21.3709677419355,24.1935483870968,32.8629032258064
