"","nvar","r","d","het","iter","alpha","strategy","p1","p2","p3","p4","p5"
"1",136,0.9,0.2,0,1000,0.05,1,47.3557692307692,19.9519230769231,10.8173076923077,10.0961538461538,11.7788461538462
"2",136,0.9,0.2,0,1000,0.05,2,47.3557692307692,19.9519230769231,10.8173076923077,10.0961538461538,11.7788461538462
"3",136,0.9,0.2,0,1000,0.05,3,19.2307692307692,9.85576923076923,16.1057692307692,22.5961538461538,32.2115384615385
