"","nvar","r","d","het","iter","alpha","strategy","p1","p2","p3","p4","p5"
"1",190,0.4,0.2,0,1000,0.05,1,74.435318275154,13.0390143737166,7.80287474332649,2.77207392197125,1.84804928131417
"2",190,0.4,0.2,0,1000,0.05,2,74.435318275154,13.0390143737166,7.80287474332649,2.77207392197125,1.84804928131417
"3",190,0.4,0.2,0,1000,0.05,3,20.7392197125257,19.8151950718686,18.3778234086242,20.7392197125257,20.3285420944559
