"","nvar","r","d","het","iter","alpha","strategy","p1","p2","p3","p4","p5"
"1",186,0,0.1,0,1000,0.05,1,94.0940940940941,5.4054054054054,0.500500500500501,0,0
"2",186,0,0.1,0,1000,0.05,2,94.0940940940941,5.4054054054054,0.500500500500501,0,0
"3",186,0,0.1,0,1000,0.05,3,24.2242242242242,20.8208208208208,20.02002002002,18.5185185185185,16.4164164164164
