"","nvar","r","d","het","iter","alpha","strategy","p1","p2","p3","p4","p5"
"1",110,0.5,0.1,0,1000,0.05,1,54.5454545454545,17.2494172494172,11.5384615384615,9.20745920745921,7.45920745920746
"2",110,0.5,0.1,0,1000,0.05,2,54.5454545454545,17.2494172494172,11.5384615384615,9.20745920745921,7.45920745920746
"3",110,0.5,0.1,0,1000,0.05,3,16.6666666666667,16.6666666666667,20.5128205128205,22.3776223776224,23.7762237762238
