"","nvar","r","d","het","iter","alpha","strategy","p1","p2","p3","p4","p5"
"1",72,0,0.3,0,1000,0.05,1,93.8938938938939,3.4034034034034,1.001001001001,0.4004004004004,0.2002002002002
"2",72,0,0.3,0,1000,0.05,2,93.8938938938939,3.4034034034034,1.001001001001,0.4004004004004,0.2002002002002
"3",72,0,0.3,0,1000,0.05,3,43.043043043043,17.017017017017,13.2132132132132,14.014014014014,12.6126126126126
