"","nvar","r","d","het","iter","alpha","strategy","p1","p2","p3","p4","p5"
"1",82,0.9,0.2,0,1000,0.05,1,51.8433179723502,14.9769585253456,11.7511520737327,11.0599078341014,10.36866359447
"2",82,0.9,0.2,0,1000,0.05,2,51.8433179723502,14.9769585253456,11.7511520737327,11.0599078341014,10.36866359447
"3",82,0.9,0.2,0,1000,0.05,3,20.5069124423963,11.9815668202765,15.4377880184332,19.815668202765,32.258064516129
