"","nvar","r","d","het","iter","alpha","strategy","p1","p2","p3","p4","p5"
"1",158,0.4,0.2,0,1000,0.05,1,73.6139630390144,14.2710472279261,7.39219712525667,2.77207392197125,1.95071868583162
"2",158,0.4,0.2,0,1000,0.05,2,73.6139630390144,14.2710472279261,7.39219712525667,2.77207392197125,1.95071868583162
"3",158,0.4,0.2,0,1000,0.05,3,22.3819301848049,21.7659137577002,18.8911704312115,18.4804928131417,18.4804928131417
