"","nvar","r","d","het","iter","alpha","strategy","p1","p2","p3","p4","p5"
"1",86,0.2,0.3,0,1000,0.05,1,87.1743486973948,8.31663326653307,2.60521042084168,0.701402805611222,0.400801603206413
"2",86,0.2,0.3,0,1000,0.05,2,87.1743486973948,8.31663326653307,2.60521042084168,0.701402805611222,0.400801603206413
"3",86,0.2,0.3,0,1000,0.05,3,36.372745490982,21.3426853707415,15.4308617234469,12.124248496994,14.4288577154309
