"","nvar","r","d","het","iter","alpha","strategy","p1","p2","p3","p4","p5"
"1",180,0.5,0.2,0,1000,0.05,1,69.2796610169492,14.7245762711864,6.99152542372881,5.50847457627119,3.49576271186441
"2",180,0.5,0.2,0,1000,0.05,2,69.2796610169492,14.7245762711864,6.99152542372881,5.50847457627119,3.49576271186441
"3",180,0.5,0.2,0,1000,0.05,3,20.1271186440678,16.8432203389831,20.1271186440678,20.3389830508475,22.5635593220339
