"","nvar","r","d","het","iter","alpha","strategy","p1","p2","p3","p4","p5"
"1",92,0,0.2,0,1000,0.05,1,90.8817635270541,6.71342685370741,1.90380761523046,0.400801603206413,0.100200400801603
"2",92,0,0.2,0,1000,0.05,2,90.8817635270541,6.71342685370741,1.90380761523046,0.400801603206413,0.100200400801603
"3",92,0,0.2,0,1000,0.05,3,34.2685370741483,20.4408817635271,16.7334669338677,15.8316633266533,12.7254509018036
