"","nvar","r","d","het","iter","alpha","strategy","p1","p2","p3","p4","p5"
"1",42,0.6,0.3,0,1000,0.05,1,68.6299615877081,13.0601792573624,7.68245838668374,5.24967989756722,4.73751600512164
"2",42,0.6,0.3,0,1000,0.05,2,68.6299615877081,13.0601792573624,7.68245838668374,5.24967989756722,4.73751600512164
"3",42,0.6,0.3,0,1000,0.05,3,32.5224071702945,16.51728553137,16.7733674775928,14.7247119078105,19.2061459667093
