"","nvar","r","d","het","iter","alpha","strategy","p1","p2","p3","p4","p5"
"1",112,0.2,0.1,0,1000,0.05,1,68.9271255060729,17.7125506072875,8.19838056680162,3.03643724696356,2.12550607287449
"2",112,0.2,0.1,0,1000,0.05,2,68.9271255060729,17.7125506072875,8.19838056680162,3.03643724696356,2.12550607287449
"3",112,0.2,0.1,0,1000,0.05,3,20.2429149797571,20.1417004048583,19.4331983805668,19.7368421052632,20.4453441295547
