"","nvar","r","d","het","iter","alpha","strategy","p1","p2","p3","p4","p5"
"1",84,0.3,0.2,0,1000,0.05,1,73.096976016684,12.6173096976017,8.96767466110532,3.2325338894682,2.08550573514077
"2",84,0.3,0.2,0,1000,0.05,2,73.096976016684,12.6173096976017,8.96767466110532,3.2325338894682,2.08550573514077
"3",84,0.3,0.2,0,1000,0.05,3,26.1730969760167,22.1063607924922,18.6652763295099,16.0583941605839,16.9968717413973
