"","nvar","r","d","het","iter","alpha","strategy","p1","p2","p3","p4","p5"
"1",72,0.1,0.2,0,1000,0.05,1,81.3953488372093,11.324570273003,3.94337714863498,1.71890798786653,1.61779575328615
"2",72,0.1,0.2,0,1000,0.05,2,81.3953488372093,11.324570273003,3.94337714863498,1.71890798786653,1.61779575328615
"3",72,0.1,0.2,0,1000,0.05,3,31.7492416582406,18.7057633973711,18.4024266936299,15.0657229524773,16.0768452982811
