"","nvar","r","d","het","iter","alpha","strategy","p1","p2","p3","p4","p5"
"1",32,0.6,0.1,0,1000,0.05,1,45.0413223140496,16.9421487603306,15.0826446280992,13.6363636363636,9.29752066115702
"2",32,0.6,0.1,0,1000,0.05,2,45.0413223140496,16.9421487603306,15.0826446280992,13.6363636363636,9.29752066115702
"3",32,0.6,0.1,0,1000,0.05,3,19.4214876033058,16.7355371900826,19.8347107438017,23.3471074380165,20.6611570247934
