"","nvar","r","d","het","iter","alpha","strategy","p1","p2","p3","p4","p5"
"1",82,0.6,0.2,0,1000,0.05,1,59.7385620915033,15.6862745098039,10.9803921568627,7.84313725490196,5.7516339869281
"2",82,0.6,0.2,0,1000,0.05,2,59.7385620915033,15.6862745098039,10.9803921568627,7.84313725490196,5.7516339869281
"3",82,0.6,0.2,0,1000,0.05,3,21.6993464052288,16.7320261437908,17.6470588235294,21.0457516339869,22.8758169934641
