"","nvar","r","d","het","iter","alpha","strategy","p1","p2","p3","p4","p5"
"1",68,0,0.1,0,1000,0.05,1,69.2849949647533,19.1339375629406,7.65357502517623,3.02114803625378,0.906344410876133
"2",68,0,0.1,0,1000,0.05,2,69.2849949647533,19.1339375629406,7.65357502517623,3.02114803625378,0.906344410876133
"3",68,0,0.1,0,1000,0.05,3,24.8741188318228,20.5438066465257,19.8388721047331,17.8247734138973,16.9184290030211
