"","nvar","r","d","het","iter","alpha","strategy","p1","p2","p3","p4","p5"
"1",12,0.7,0.3,0,1000,0.05,1,59.4827586206897,11.7241379310345,11.8965517241379,9.6551724137931,6.72413793103448
"2",12,0.7,0.3,0,1000,0.05,2,59.4827586206897,11.7241379310345,11.8965517241379,9.6551724137931,6.72413793103448
"3",12,0.7,0.3,0,1000,0.05,3,33.6206896551724,19.8275862068966,14.8275862068966,18.6206896551724,13.1034482758621
