"","nvar","r","d","het","iter","alpha","strategy","p1","p2","p3","p4","p5"
"1",28,0.7,0.3,0,1000,0.05,1,61.5499254843517,14.903129657228,10.1341281669151,7.00447093889717,5.66318926974665
"2",28,0.7,0.3,0,1000,0.05,2,61.5499254843517,14.903129657228,10.1341281669151,7.00447093889717,5.66318926974665
"3",28,0.7,0.3,0,1000,0.05,3,32.9359165424739,16.3934426229508,13.8599105812221,17.8837555886736,18.4798807749627
