"","nvar","r","d","het","iter","alpha","strategy","p1","p2","p3","p4","p5"
"1",136,0.3,0.3,0,1000,0.05,1,85.8148893360161,8.35010060362173,3.62173038229376,0.603621730382294,0.603621730382294
"2",136,0.3,0.3,0,1000,0.05,2,85.8148893360161,8.35010060362173,3.62173038229376,0.603621730382294,0.603621730382294
"3",136,0.3,0.3,0,1000,0.05,3,34.0040241448692,21.5291750503018,18.1086519114688,13.2796780684105,12.8772635814889
