"","nvar","r","d","het","iter","alpha","strategy","p1","p2","p3","p4","p5"
"1",80,0.5,0.2,0,1000,0.05,1,61.4849187935035,16.3573085846868,9.04872389791183,8.35266821345708,4.75638051044084
"2",80,0.5,0.2,0,1000,0.05,2,61.4849187935035,16.3573085846868,9.04872389791183,8.35266821345708,4.75638051044084
"3",80,0.5,0.2,0,1000,0.05,3,21.8097447795824,17.169373549884,17.5174013921114,23.4338747099768,20.0696055684455
