"","nvar","r","d","het","iter","alpha","strategy","p1","p2","p3","p4","p5"
"1",108,0.2,0.1,0,1000,0.05,1,68.8508064516129,17.5403225806452,7.96370967741935,3.93145161290323,1.71370967741935
"2",108,0.2,0.1,0,1000,0.05,2,68.8508064516129,17.5403225806452,7.96370967741935,3.93145161290323,1.71370967741935
"3",108,0.2,0.1,0,1000,0.05,3,20.2620967741935,23.5887096774194,17.8427419354839,21.0685483870968,17.2379032258065
