"","nvar","r","d","het","iter","alpha","strategy","p1","p2","p3","p4","p5"
"1",70,0.7,0.1,0,1000,0.05,1,41.9540229885057,20.6896551724138,15.9003831417625,9.19540229885057,12.2605363984674
"2",70,0.7,0.1,0,1000,0.05,2,41.9540229885057,20.6896551724138,15.9003831417625,9.19540229885057,12.2605363984674
"3",70,0.7,0.1,0,1000,0.05,3,10.727969348659,15.3256704980843,22.7969348659004,23.9463601532567,27.2030651340996
