"","nvar","r","d","het","iter","alpha","strategy","p1","p2","p3","p4","p5"
"1",98,0.2,0.1,0,1000,0.05,1,68.3198380566802,18.2186234817814,8.09716599190283,4.1497975708502,1.21457489878543
"2",98,0.2,0.1,0,1000,0.05,2,68.3198380566802,18.2186234817814,8.09716599190283,4.1497975708502,1.21457489878543
"3",98,0.2,0.1,0,1000,0.05,3,21.5587044534413,18.7246963562753,20.3441295546559,20.9514170040486,18.4210526315789
