"","nvar","r","d","het","iter","alpha","strategy","p1","p2","p3","p4","p5"
"1",60,0.6,0.1,0,1000,0.05,1,44.2244224422442,20.2970297029703,14.8514851485149,11.2211221122112,9.4059405940594
"2",60,0.6,0.1,0,1000,0.05,2,44.2244224422442,20.2970297029703,14.8514851485149,11.2211221122112,9.4059405940594
"3",60,0.6,0.1,0,1000,0.05,3,14.1914191419142,17.986798679868,20.2970297029703,22.4422442244224,25.0825082508251
