"","nvar","r","d","het","iter","alpha","strategy","p1","p2","p3","p4","p5"
"1",16,0,0.2,0,1000,0.05,1,55.4631828978622,19.4774346793349,11.8764845605701,6.88836104513064,6.29453681710214
"2",16,0,0.2,0,1000,0.05,2,55.4631828978622,19.4774346793349,11.8764845605701,6.88836104513064,6.29453681710214
"3",16,0,0.2,0,1000,0.05,3,32.6603325415677,21.3776722090261,16.6270783847981,15.083135391924,14.2517814726841
