"","nvar","r","d","het","iter","alpha","strategy","p1","p2","p3","p4","p5"
"1",154,0.7,0.2,0,1000,0.05,1,59.8079561042524,14.9519890260631,9.73936899862826,7.95610425240055,7.54458161865569
"2",154,0.7,0.2,0,1000,0.05,2,59.8079561042524,14.9519890260631,9.73936899862826,7.95610425240055,7.54458161865569
"3",154,0.7,0.2,0,1000,0.05,3,19.2043895747599,15.0891632373114,19.8902606310014,22.2222222222222,23.5939643347051
