"","nvar","r","d","het","iter","alpha","strategy","p1","p2","p3","p4","p5"
"1",50,0.2,0.2,0,1000,0.05,1,69.968387776607,14.8577449947313,8.00842992623815,4.32033719704953,2.84510010537408
"2",50,0.2,0.2,0,1000,0.05,2,69.968387776607,14.8577449947313,8.00842992623815,4.32033719704953,2.84510010537408
"3",50,0.2,0.2,0,1000,0.05,3,28.0295047418335,19.3888303477345,19.072708113804,16.6491043203372,16.8598524762908
