"","nvar","r","d","het","iter","alpha","strategy","p1","p2","p3","p4","p5"
"1",2,0,0.1,0,1000,0.05,1,31.0126582278481,18.3544303797468,20.8860759493671,16.4556962025316,13.2911392405063
"2",2,0,0.1,0,1000,0.05,2,31.0126582278481,18.3544303797468,20.8860759493671,16.4556962025316,13.2911392405063
"3",2,0,0.1,0,1000,0.05,3,30.379746835443,18.3544303797468,20.8860759493671,16.4556962025316,13.9240506329114
