"","nvar","r","d","het","iter","alpha","strategy","p1","p2","p3","p4","p5"
"1",110,0.7,0.1,0,1000,0.05,1,45.9715639810426,18.957345971564,12.9541864139021,11.0584518167457,11.0584518167457
"2",110,0.7,0.1,0,1000,0.05,2,45.9715639810426,18.957345971564,12.9541864139021,11.0584518167457,11.0584518167457
"3",110,0.7,0.1,0,1000,0.05,3,10.9004739336493,18.6413902053712,18.7993680884676,21.1690363349131,30.4897314375987
