"","nvar","r","d","het","iter","alpha","strategy","p1","p2","p3","p4","p5"
"1",136,0.8,0.2,0,1000,0.05,1,58.642972536349,16.6397415185784,9.8546042003231,8.40064620355412,6.46203554119548
"2",136,0.8,0.2,0,1000,0.05,2,58.642972536349,16.6397415185784,9.8546042003231,8.40064620355412,6.46203554119548
"3",136,0.8,0.2,0,1000,0.05,3,18.2552504038772,14.3780290791599,20.032310177706,23.7479806138934,23.5864297253635
