"","nvar","r","d","het","iter","alpha","strategy","p1","p2","p3","p4","p5"
"1",100,0.2,0.3,0,1000,0.05,1,87.7510040160643,6.32530120481928,2.61044176706827,1.60642570281124,0.803212851405622
"2",100,0.2,0.3,0,1000,0.05,2,87.7510040160643,6.32530120481928,2.61044176706827,1.60642570281124,0.803212851405622
"3",100,0.2,0.3,0,1000,0.05,3,37.2489959839357,16.9678714859438,15.9638554216867,13.7550200803213,15.9638554216867
