"","nvar","r","d","het","iter","alpha","strategy","p1","p2","p3","p4","p5"
"1",30,0.1,0.1,0,1000,0.05,1,47.3809523809524,20.7142857142857,14.7619047619048,9.64285714285714,7.5
"2",30,0.1,0.1,0,1000,0.05,2,47.3809523809524,20.7142857142857,14.7619047619048,9.64285714285714,7.5
"3",30,0.1,0.1,0,1000,0.05,3,24.2857142857143,19.4047619047619,18.8095238095238,18.0952380952381,19.4047619047619
