"","nvar","r","d","het","iter","alpha","strategy","p1","p2","p3","p4","p5"
"1",86,0.5,0.2,0,1000,0.05,1,63.6363636363636,15.2680652680653,7.57575757575758,7.69230769230769,5.71095571095571
"2",86,0.5,0.2,0,1000,0.05,2,63.6363636363636,15.2680652680653,7.57575757575758,7.69230769230769,5.71095571095571
"3",86,0.5,0.2,0,1000,0.05,3,24.1258741258741,18.4149184149184,15.8508158508159,18.6480186480186,22.960372960373
