"","nvar","r","d","het","iter","alpha","strategy","p1","p2","p3","p4","p5"
"1",184,0.6,0.2,0,1000,0.05,1,63.0105017502917,16.2193698949825,8.98483080513419,6.30105017502917,5.36756126021004
"2",184,0.6,0.2,0,1000,0.05,2,63.0105017502917,16.2193698949825,8.98483080513419,6.30105017502917,5.36756126021004
"3",184,0.6,0.2,0,1000,0.05,3,17.3862310385064,18.4364060676779,21.3535589264877,20.3033838973162,22.5204200700117
