"","nvar","r","d","het","iter","alpha","strategy","p1","p2","p3","p4","p5"
"1",102,0.1,0.1,0,1000,0.05,1,73.8430583501006,14.989939637827,6.94164989939638,3.21931589537223,1.00603621730382
"2",102,0.1,0.1,0,1000,0.05,2,73.8430583501006,14.989939637827,6.94164989939638,3.21931589537223,1.00603621730382
"3",102,0.1,0.1,0,1000,0.05,3,23.3400402414487,19.3158953722334,20.0201207243461,18.9134808853119,18.41046277666
