"","nvar","r","d","het","iter","alpha","strategy","p1","p2","p3","p4","p5"
"1",30,0.4,0.3,0,1000,0.05,1,68.6274509803922,12.3414071510957,8.53517877739331,4.72895040369089,5.42099192618224
"2",30,0.4,0.3,0,1000,0.05,2,68.6274509803922,12.3414071510957,8.53517877739331,4.72895040369089,5.42099192618224
"3",30,0.4,0.3,0,1000,0.05,3,32.7566320645905,19.4925028835063,17.0703575547866,13.3794694348328,17.3010380622837
