"","nvar","r","d","het","iter","alpha","strategy","p1","p2","p3","p4","p5"
"1",22,0.8,0.1,0,1000,0.05,1,42,19.3333333333333,15,11.6666666666667,12
"2",22,0.8,0.1,0,1000,0.05,2,42,19.3333333333333,15,11.6666666666667,12
"3",22,0.8,0.1,0,1000,0.05,3,14.3333333333333,16,19.6666666666667,21.3333333333333,28.6666666666667
