"","nvar","r","d","het","iter","alpha","strategy","p1","p2","p3","p4","p5"
"1",150,0.4,0.1,0,1000,0.05,1,59.0909090909091,19.1331923890063,12.1564482029598,6.553911205074,3.06553911205074
"2",150,0.4,0.1,0,1000,0.05,2,59.0909090909091,19.1331923890063,12.1564482029598,6.553911205074,3.06553911205074
"3",150,0.4,0.1,0,1000,0.05,3,15.1162790697674,15.9619450317125,22.6215644820296,23.3615221987315,22.938689217759
