"","nvar","r","d","het","iter","alpha","strategy","p1","p2","p3","p4","p5"
"1",176,0.3,0.3,0,1000,0.05,1,88.2530120481928,6.82730923694779,3.11244979919679,0.803212851405622,0.401606425702811
"2",176,0.3,0.3,0,1000,0.05,2,88.2530120481928,6.82730923694779,3.11244979919679,0.803212851405622,0.401606425702811
"3",176,0.3,0.3,0,1000,0.05,3,33.3333333333333,20.3815261044177,18.1726907630522,14.2570281124498,13.855421686747
