"","nvar","r","d","het","iter","alpha","strategy","p1","p2","p3","p4","p5"
"1",152,0.4,0.1,0,1000,0.05,1,58.3592938733126,20.0415368639668,11.214953271028,6.43821391484943,3.9460020768432
"2",152,0.4,0.1,0,1000,0.05,2,58.3592938733126,20.0415368639668,11.214953271028,6.43821391484943,3.9460020768432
"3",152,0.4,0.1,0,1000,0.05,3,17.5493250259605,19.1069574247144,21.079958463136,19.9376947040498,22.3260643821391
