"","nvar","r","d","het","iter","alpha","strategy","p1","p2","p3","p4","p5"
"1",24,0.4,0.2,0,1000,0.05,1,57.2214580467675,16.7812929848693,10.5914718019257,8.80330123796424,6.60247592847318
"2",24,0.4,0.2,0,1000,0.05,2,57.2214580467675,16.7812929848693,10.5914718019257,8.80330123796424,6.60247592847318
"3",24,0.4,0.2,0,1000,0.05,3,28.4731774415406,18.8445667125172,18.707015130674,17.6066024759285,16.3686382393398
