"","nvar","r","d","het","iter","alpha","strategy","p1","p2","p3","p4","p5"
"1",94,0.4,0.1,0,1000,0.05,1,55.2026286966046,18.4008762322015,12.9244249726177,8.76232201533406,4.70974808324206
"2",94,0.4,0.1,0,1000,0.05,2,55.2026286966046,18.4008762322015,12.9244249726177,8.76232201533406,4.70974808324206
"3",94,0.4,0.1,0,1000,0.05,3,15.7721796276013,18.2913472070099,21.6867469879518,22.0153340635268,22.2343921139102
