"","nvar","r","d","het","iter","alpha","strategy","p1","p2","p3","p4","p5"
"1",110,0.1,0.2,0,1000,0.05,1,87.5875875875876,8.80880880880881,2.5025025025025,0.600600600600601,0.3003003003003
"2",110,0.1,0.2,0,1000,0.05,2,87.5875875875876,8.80880880880881,2.5025025025025,0.600600600600601,0.3003003003003
"3",110,0.1,0.2,0,1000,0.05,3,29.9299299299299,20.9209209209209,19.2192192192192,14.4144144144144,15.5155155155155
