"","nvar","r","d","het","iter","alpha","strategy","p1","p2","p3","p4","p5"
"1",120,0.6,0.1,0,1000,0.05,1,43.978349120433,19.2151556156969,15.426251691475,11.5020297699594,9.87821380243572
"2",120,0.6,0.1,0,1000,0.05,2,43.978349120433,19.2151556156969,15.426251691475,11.5020297699594,9.87821380243572
"3",120,0.6,0.1,0,1000,0.05,3,13.8024357239513,16.1028416779432,19.4857916102842,21.6508795669824,28.958051420839
