"","nvar","r","d","het","iter","alpha","strategy","p1","p2","p3","p4","p5"
"1",2,0.8,0.1,0,1000,0.05,1,27.1186440677966,25.4237288135593,16.9491525423729,20.3389830508475,10.1694915254237
"2",2,0.8,0.1,0,1000,0.05,2,27.1186440677966,25.4237288135593,16.9491525423729,20.3389830508475,10.1694915254237
"3",2,0.8,0.1,0,1000,0.05,3,23.728813559322,22.8813559322034,18.6440677966102,20.3389830508475,14.406779661017
