"","nvar","r","d","het","iter","alpha","strategy","p1","p2","p3","p4","p5"
"1",106,0.4,0.3,0,1000,0.05,1,79.6875,9.58333333333333,5.20833333333333,3.02083333333333,1.77083333333333
"2",106,0.4,0.3,0,1000,0.05,2,79.6875,9.58333333333333,5.20833333333333,3.02083333333333,1.77083333333333
"3",106,0.4,0.3,0,1000,0.05,3,31.3541666666667,17.5,19.4791666666667,16.1458333333333,15.4166666666667
