"","nvar","r","d","het","iter","alpha","strategy","p1","p2","p3","p4","p5"
"1",14,0.6,0.3,0,1000,0.05,1,63.0331753554502,15.4818325434439,8.21484992101106,7.58293838862559,5.05529225908373
"2",14,0.6,0.3,0,1000,0.05,2,63.0331753554502,15.4818325434439,8.21484992101106,7.58293838862559,5.05529225908373
"3",14,0.6,0.3,0,1000,0.05,3,38.7045813586098,15.0078988941548,15.4818325434439,16.7456556082149,13.4281200631912
