"","nvar","r","d","het","iter","alpha","strategy","p1","p2","p3","p4","p5"
"1",154,0.3,0.3,0,1000,0.05,1,88.3417085427136,7.1356783919598,1.80904522613065,1.20603015075377,0.402010050251256
"2",154,0.3,0.3,0,1000,0.05,2,88.3417085427136,7.1356783919598,1.80904522613065,1.20603015075377,0.402010050251256
"3",154,0.3,0.3,0,1000,0.05,3,34.3718592964824,17.5879396984925,18.1909547738693,17.0854271356784,12.5628140703518
