"","nvar","r","d","het","iter","alpha","strategy","p1","p2","p3","p4","p5"
"1",166,0.7,0.2,0,1000,0.05,1,59.9472990777339,13.8339920948617,12.3847167325428,7.2463768115942,6.58761528326746
"2",166,0.7,0.2,0,1000,0.05,2,59.9472990777339,13.8339920948617,12.3847167325428,7.2463768115942,6.58761528326746
"3",166,0.7,0.2,0,1000,0.05,3,17.3913043478261,16.2055335968379,22.1343873517787,20.6851119894598,23.5836627140975
