"","nvar","r","d","het","iter","alpha","strategy","p1","p2","p3","p4","p5"
"1",68,0.1,0.3,0,1000,0.05,1,88.1526104417671,6.82730923694779,2.20883534136546,1.00401606425703,0.301204819277108
"2",68,0.1,0.3,0,1000,0.05,2,88.1526104417671,6.82730923694779,2.20883534136546,1.00401606425703,0.301204819277108
"3",68,0.1,0.3,0,1000,0.05,3,40.3614457831325,17.1686746987952,15.6626506024096,13.3534136546185,12.9518072289157
