"","nvar","r","d","het","iter","alpha","strategy","p1","p2","p3","p4","p5"
"1",148,0.7,0.1,0,1000,0.05,1,45.2076677316294,15.814696485623,16.7731629392971,11.8210862619808,10.3833865814696
"2",148,0.7,0.1,0,1000,0.05,2,45.2076677316294,15.814696485623,16.7731629392971,11.8210862619808,10.3833865814696
"3",148,0.7,0.1,0,1000,0.05,3,10.5431309904153,15.4952076677316,23.3226837060703,22.2044728434505,28.4345047923323
