"","nvar","r","d","het","iter","alpha","strategy","p1","p2","p3","p4","p5"
"1",90,0.2,0.2,0,1000,0.05,1,79.8984771573604,10.4568527918782,5.27918781725888,2.43654822335025,1.82741116751269
"2",90,0.2,0.2,0,1000,0.05,2,79.8984771573604,10.4568527918782,5.27918781725888,2.43654822335025,1.82741116751269
"3",90,0.2,0.2,0,1000,0.05,3,28.5279187817259,20.4060913705584,16.751269035533,16.4467005076142,17.8680203045685
