"","nvar","r","d","het","iter","alpha","strategy","p1","p2","p3","p4","p5"
"1",56,0.7,0.1,0,1000,0.05,1,45.4732510288066,19.5473251028807,13.9917695473251,11.3168724279835,9.67078189300411
"2",56,0.7,0.1,0,1000,0.05,2,45.4732510288066,19.5473251028807,13.9917695473251,11.3168724279835,9.67078189300411
"3",56,0.7,0.1,0,1000,0.05,3,11.522633744856,18.5185185185185,17.6954732510288,24.8971193415638,27.3662551440329
