"","nvar","r","d","het","iter","alpha","strategy","p1","p2","p3","p4","p5"
"1",152,0.6,0.3,0,1000,0.05,1,71.9866071428571,11.3839285714286,7.03125,5.02232142857143,3.45982142857143
"2",152,0.6,0.3,0,1000,0.05,2,71.9866071428571,11.3839285714286,7.03125,5.02232142857143,3.45982142857143
"3",152,0.6,0.3,0,1000,0.05,3,30.5803571428571,17.5223214285714,16.40625,16.1830357142857,19.0848214285714
