"","nvar","r","d","het","iter","alpha","strategy","p1","p2","p3","p4","p5"
"1",116,0.9,0.1,0,1000,0.05,1,40.7166123778502,19.5439739413681,13.0293159609121,13.6807817589577,13.0293159609121
"2",116,0.9,0.1,0,1000,0.05,2,40.7166123778502,19.5439739413681,13.0293159609121,13.6807817589577,13.0293159609121
"3",116,0.9,0.1,0,1000,0.05,3,11.7263843648208,9.12052117263844,18.2410423452769,22.4755700325733,38.4364820846906
