"","nvar","r","d","het","iter","alpha","strategy","p1","p2","p3","p4","p5"
"1",104,0.3,0.1,0,1000,0.05,1,61.875,19.375,10.5208333333333,5.83333333333333,2.39583333333333
"2",104,0.3,0.1,0,1000,0.05,2,61.875,19.375,10.5208333333333,5.83333333333333,2.39583333333333
"3",104,0.3,0.1,0,1000,0.05,3,19.2708333333333,19.6875,19.5833333333333,21.5625,19.8958333333333
