"","nvar","r","d","het","iter","alpha","strategy","p1","p2","p3","p4","p5"
"1",186,0.3,0.3,0,1000,0.05,1,90.1901901901902,6.00600600600601,2.2022022022022,0.900900900900901,0.1001001001001
"2",186,0.3,0.3,0,1000,0.05,2,90.1901901901902,6.00600600600601,2.2022022022022,0.900900900900901,0.1001001001001
"3",186,0.3,0.3,0,1000,0.05,3,34.3343343343343,19.019019019019,16.3163163163163,16.5165165165165,13.7137137137137
