"","nvar","r","d","het","iter","alpha","strategy","p1","p2","p3","p4","p5"
"1",78,0.3,0.3,0,1000,0.05,1,82.3886639676113,9.91902834008097,3.94736842105263,1.72064777327935,1.417004048583
"2",78,0.3,0.3,0,1000,0.05,2,82.3886639676113,9.91902834008097,3.94736842105263,1.72064777327935,1.417004048583
"3",78,0.3,0.3,0,1000,0.05,3,33.8056680161943,18.8259109311741,16.7004048582996,14.0688259109312,16.3967611336032
