"","nvar","r","d","het","iter","alpha","strategy","p1","p2","p3","p4","p5"
"1",174,0.8,0.2,0,1000,0.05,1,55.1053484602917,17.0178282009724,12.4797406807131,8.75202593192869,6.645056726094
"2",174,0.8,0.2,0,1000,0.05,2,55.1053484602917,17.0178282009724,12.4797406807131,8.75202593192869,6.645056726094
"3",174,0.8,0.2,0,1000,0.05,3,19.4489465153971,14.7487844408428,16.5316045380875,25.2836304700162,23.9870340356564
