"","nvar","r","d","het","iter","alpha","strategy","p1","p2","p3","p4","p5"
"1",90,0.8,0.2,0,1000,0.05,1,57.1948998178506,16.3934426229508,12.2040072859745,8.37887067395264,5.8287795992714
"2",90,0.8,0.2,0,1000,0.05,2,57.1948998178506,16.3934426229508,12.2040072859745,8.37887067395264,5.8287795992714
"3",90,0.8,0.2,0,1000,0.05,3,21.6757741347905,16.0291438979964,17.8506375227687,17.6684881602914,26.775956284153
