"","nvar","r","d","het","iter","alpha","strategy","p1","p2","p3","p4","p5"
"1",166,0.7,0.1,0,1000,0.05,1,45.4545454545455,18.1818181818182,13.0094043887147,13.166144200627,10.1880877742947
"2",166,0.7,0.1,0,1000,0.05,2,45.4545454545455,18.1818181818182,13.0094043887147,13.166144200627,10.1880877742947
"3",166,0.7,0.1,0,1000,0.05,3,11.2852664576803,13.9498432601881,18.8087774294671,27.115987460815,28.8401253918495
