"","nvar","r","d","het","iter","alpha","strategy","p1","p2","p3","p4","p5"
"1",8,0.4,0.2,0,1000,0.05,1,48.2439926062847,17.0055452865065,15.1571164510166,10.90573012939,8.68761552680222
"2",8,0.4,0.2,0,1000,0.05,2,48.2439926062847,17.0055452865065,15.1571164510166,10.90573012939,8.68761552680222
"3",8,0.4,0.2,0,1000,0.05,3,28.4658040665434,20.5175600739372,18.4842883548983,16.2661737523105,16.2661737523105
