"","nvar","r","d","het","iter","alpha","strategy","p1","p2","p3","p4","p5"
"1",86,0.6,0.2,0,1000,0.05,1,58.9147286821705,14.9870801033592,11.4987080103359,8.01033591731266,6.58914728682171
"2",86,0.6,0.2,0,1000,0.05,2,58.9147286821705,14.9870801033592,11.4987080103359,8.01033591731266,6.58914728682171
"3",86,0.6,0.2,0,1000,0.05,3,21.7054263565891,17.312661498708,18.733850129199,20.9302325581395,21.3178294573643
