"","nvar","r","d","het","iter","alpha","strategy","p1","p2","p3","p4","p5"
"1",30,0.2,0.3,0,1000,0.05,1,74.4456177402323,11.6156282998944,6.33579725448786,4.11826821541711,2.63991552270327
"2",30,0.2,0.3,0,1000,0.05,2,74.4456177402323,11.6156282998944,6.33579725448786,4.11826821541711,2.63991552270327
"3",30,0.2,0.3,0,1000,0.05,3,38.0147835269271,17.8458289334741,17.0010559662091,13.4107708553326,13.5163674762408
