"","nvar","r","d","het","iter","alpha","strategy","p1","p2","p3","p4","p5"
"1",100,0.2,0.1,0,1000,0.05,1,66.3617886178862,18.4959349593496,8.33333333333333,5.28455284552846,1.52439024390244
"2",100,0.2,0.1,0,1000,0.05,2,66.3617886178862,18.4959349593496,8.33333333333333,5.28455284552846,1.52439024390244
"3",100,0.2,0.1,0,1000,0.05,3,20.3252032520325,19.0040650406504,20.3252032520325,22.0528455284553,18.2926829268293
