"","nvar","r","d","het","iter","alpha","strategy","p1","p2","p3","p4","p5"
"1",20,0,0.3,0,1000,0.05,1,75.6071805702218,12.1436114044351,4.96304118268215,4.01267159450898,2.32312565997888
"2",20,0,0.3,0,1000,0.05,2,75.6071805702218,12.1436114044351,4.96304118268215,4.01267159450898,2.32312565997888
"3",20,0,0.3,0,1000,0.05,3,40.337909186906,18.4794086589229,15.5227032734952,14.2555438225977,10.9820485744456
