"","nvar","r","d","het","iter","alpha","strategy","p1","p2","p3","p4","p5"
"1",112,0.7,0.2,0,1000,0.05,1,57.8102189781022,15.6204379562044,9.34306569343066,9.34306569343066,7.88321167883212
"2",112,0.7,0.2,0,1000,0.05,2,57.8102189781022,15.6204379562044,9.34306569343066,9.34306569343066,7.88321167883212
"3",112,0.7,0.2,0,1000,0.05,3,17.0802919708029,14.8905109489051,18.8321167883212,22.4817518248175,26.7153284671533
