"","nvar","r","d","het","iter","alpha","strategy","p1","p2","p3","p4","p5"
"1",140,0.1,0.1,0,1000,0.05,1,82.4824824824825,12.9129129129129,3.003003003003,1.3013013013013,0.3003003003003
"2",140,0.1,0.1,0,1000,0.05,2,82.4824824824825,12.9129129129129,3.003003003003,1.3013013013013,0.3003003003003
"3",140,0.1,0.1,0,1000,0.05,3,22.3223223223223,20.2202202202202,18.6186186186186,20.1201201201201,18.7187187187187
