"","nvar","r","d","het","iter","alpha","strategy","p1","p2","p3","p4","p5"
"1",172,0.9,0.1,0,1000,0.05,1,35.8730158730159,19.047619047619,15.8730158730159,16.5079365079365,12.6984126984127
"2",172,0.9,0.1,0,1000,0.05,2,35.8730158730159,19.047619047619,15.8730158730159,16.5079365079365,12.6984126984127
"3",172,0.9,0.1,0,1000,0.05,3,9.52380952380952,9.84126984126984,18.0952380952381,26.3492063492064,36.1904761904762
