"","nvar","r","d","het","iter","alpha","strategy","p1","p2","p3","p4","p5"
"1",36,0.5,0.1,0,1000,0.05,1,43.1061806656101,21.5530903328051,14.4215530903328,10.459587955626,10.459587955626
"2",36,0.5,0.1,0,1000,0.05,2,43.1061806656101,21.5530903328051,14.4215530903328,10.459587955626,10.459587955626
"3",36,0.5,0.1,0,1000,0.05,3,14.7385103011094,22.3454833597464,18.7004754358162,20.4437400950872,23.7717908082409
