"","nvar","r","d","het","iter","alpha","strategy","p1","p2","p3","p4","p5"
"1",116,0.8,0.1,0,1000,0.05,1,40.4761904761905,18.6147186147186,17.5324675324675,12.1212121212121,11.2554112554113
"2",116,0.8,0.1,0,1000,0.05,2,40.4761904761905,18.6147186147186,17.5324675324675,12.1212121212121,11.2554112554113
"3",116,0.8,0.1,0,1000,0.05,3,10.6060606060606,11.4718614718615,14.9350649350649,30.952380952381,32.034632034632
