"","nvar","r","d","het","iter","alpha","strategy","p1","p2","p3","p4","p5"
"1",190,0.8,0.2,0,1000,0.05,1,57.2139303482587,15.5887230514096,10.2819237147595,8.95522388059701,7.96019900497512
"2",190,0.8,0.2,0,1000,0.05,2,57.2139303482587,15.5887230514096,10.2819237147595,8.95522388059701,7.96019900497512
"3",190,0.8,0.2,0,1000,0.05,3,17.0812603648425,13.9303482587065,18.407960199005,22.0563847429519,28.5240464344942
