"","nvar","r","d","het","iter","alpha","strategy","p1","p2","p3","p4","p5"
"1",42,0.9,0.1,0,1000,0.05,1,37.6923076923077,16.1538461538462,15.7692307692308,17.3076923076923,13.0769230769231
"2",42,0.9,0.1,0,1000,0.05,2,37.6923076923077,16.1538461538462,15.7692307692308,17.3076923076923,13.0769230769231
"3",42,0.9,0.1,0,1000,0.05,3,10.7692307692308,14.2307692307692,15.7692307692308,26.1538461538462,33.0769230769231
