"","nvar","r","d","het","iter","alpha","strategy","p1","p2","p3","p4","p5"
"1",14,0.1,0.2,0,1000,0.05,1,52.4904214559387,18.5185185185185,12.2605363984674,10.0893997445722,6.51340996168582
"2",14,0.1,0.2,0,1000,0.05,2,52.4904214559387,18.5185185185185,12.2605363984674,10.0893997445722,6.51340996168582
"3",14,0.1,0.2,0,1000,0.05,3,32.183908045977,21.455938697318,15.9642401021711,15.581098339719,14.8148148148148
