"","nvar","r","d","het","iter","alpha","strategy","p1","p2","p3","p4","p5"
"1",162,0.2,0.2,0,1000,0.05,1,87.374749498998,9.5190380761523,2.00400801603206,0.801603206412826,0.200400801603206
"2",162,0.2,0.2,0,1000,0.05,2,87.374749498998,9.5190380761523,2.00400801603206,0.801603206412826,0.200400801603206
"3",162,0.2,0.2,0,1000,0.05,3,29.559118236473,20.3406813627255,16.5330661322645,16.2324649298597,17.3346693386774
