"","nvar","r","d","het","iter","alpha","strategy","p1","p2","p3","p4","p5"
"1",24,0.7,0.1,0,1000,0.05,1,38.8174807197943,20.0514138817481,16.1953727506427,12.0822622107969,12.853470437018
"2",24,0.7,0.1,0,1000,0.05,2,38.8174807197943,20.0514138817481,16.1953727506427,12.0822622107969,12.853470437018
"3",24,0.7,0.1,0,1000,0.05,3,16.7095115681234,18.2519280205656,22.3650385604113,19.280205655527,23.3933161953728
