"","nvar","r","d","het","iter","alpha","strategy","p1","p2","p3","p4","p5"
"1",148,0.8,0.1,0,1000,0.05,1,44.672131147541,18.0327868852459,14.7540983606557,10.2459016393443,12.2950819672131
"2",148,0.8,0.1,0,1000,0.05,2,44.672131147541,18.0327868852459,14.7540983606557,10.2459016393443,12.2950819672131
"3",148,0.8,0.1,0,1000,0.05,3,9.01639344262295,13.3196721311475,17.4180327868852,27.6639344262295,32.5819672131148
