"","nvar","r","d","het","iter","alpha","strategy","p1","p2","p3","p4","p5"
"1",52,0.7,0.2,0,1000,0.05,1,54.1666666666667,17.1666666666667,12.8333333333333,8.66666666666667,7.16666666666667
"2",52,0.7,0.2,0,1000,0.05,2,54.1666666666667,17.1666666666667,12.8333333333333,8.66666666666667,7.16666666666667
"3",52,0.7,0.2,0,1000,0.05,3,20.1666666666667,15,21.6666666666667,20.3333333333333,22.8333333333333
