"","nvar","r","d","het","iter","alpha","strategy","p1","p2","p3","p4","p5"
"1",118,0.9,0.2,0,1000,0.05,1,52.8985507246377,16.9082125603865,11.5942028985507,8.93719806763285,9.66183574879227
"2",118,0.9,0.2,0,1000,0.05,2,52.8985507246377,16.9082125603865,11.5942028985507,8.93719806763285,9.66183574879227
"3",118,0.9,0.2,0,1000,0.05,3,18.3574879227053,14.0096618357488,14.2512077294686,21.7391304347826,31.6425120772947
