"","nvar","r","d","het","iter","alpha","strategy","p1","p2","p3","p4","p5"
"1",104,0.5,0.1,0,1000,0.05,1,48.6026731470231,16.2818955042527,15.9173754556501,11.0571081409478,8.14094775212637
"2",104,0.5,0.1,0,1000,0.05,2,48.6026731470231,16.2818955042527,15.9173754556501,11.0571081409478,8.14094775212637
"3",104,0.5,0.1,0,1000,0.05,3,14.2162818955043,16.6464155528554,20.4131227217497,23.6938031591738,25.0303766707169
