"","nvar","r","d","het","iter","alpha","strategy","p1","p2","p3","p4","p5"
"1",58,0.6,0.2,0,1000,0.05,1,55.9201141226819,18.6875891583452,10.9843081312411,8.41654778887304,5.99144079885877
"2",58,0.6,0.2,0,1000,0.05,2,55.9201141226819,18.6875891583452,10.9843081312411,8.41654778887304,5.99144079885877
"3",58,0.6,0.2,0,1000,0.05,3,20.9700427960057,18.5449358059914,19.1155492154066,20.6847360912981,20.6847360912981
