"","nvar","r","d","het","iter","alpha","strategy","p1","p2","p3","p4","p5"
"1",54,0.2,0.1,0,1000,0.05,1,54.4262295081967,20.5464480874317,12.896174863388,6.44808743169399,5.68306010928962
"2",54,0.2,0.1,0,1000,0.05,2,54.4262295081967,20.5464480874317,12.896174863388,6.44808743169399,5.68306010928962
"3",54,0.2,0.1,0,1000,0.05,3,22.4043715846995,18.6885245901639,21.6393442622951,18.4699453551913,18.7978142076503
