"","nvar","r","d","het","iter","alpha","strategy","p1","p2","p3","p4","p5"
"1",198,0.8,0.2,0,1000,0.05,1,54.3589743589744,17.7777777777778,11.1111111111111,8.71794871794872,8.03418803418803
"2",198,0.8,0.2,0,1000,0.05,2,54.3589743589744,17.7777777777778,11.1111111111111,8.71794871794872,8.03418803418803
"3",198,0.8,0.2,0,1000,0.05,3,18.6324786324786,14.5299145299145,17.7777777777778,23.5897435897436,25.4700854700855
