"","nvar","r","d","het","iter","alpha","strategy","p1","p2","p3","p4","p5"
"1",120,0.7,0.1,0,1000,0.05,1,42.3622047244094,21.4173228346457,14.1732283464567,11.6535433070866,10.3937007874016
"2",120,0.7,0.1,0,1000,0.05,2,42.3622047244094,21.4173228346457,14.1732283464567,11.6535433070866,10.3937007874016
"3",120,0.7,0.1,0,1000,0.05,3,10.5511811023622,17.7952755905512,19.6850393700787,24.7244094488189,27.244094488189
