"","nvar","r","d","het","iter","alpha","strategy","p1","p2","p3","p4","p5"
"1",198,0.6,0.2,0,1000,0.05,1,61.9750283768445,16.7990919409762,9.98864926220204,6.69693530079455,4.54029511918275
"2",198,0.6,0.2,0,1000,0.05,2,61.9750283768445,16.7990919409762,9.98864926220204,6.69693530079455,4.54029511918275
"3",198,0.6,0.2,0,1000,0.05,3,18.3881952326901,18.161180476731,18.8422247446084,20.6583427922815,23.950056753689
