"","nvar","r","d","het","iter","alpha","strategy","p1","p2","p3","p4","p5"
"1",76,0.4,0.2,0,1000,0.05,1,65.7836644591611,14.9006622516556,7.39514348785872,6.29139072847682,5.51876379690949
"2",76,0.4,0.2,0,1000,0.05,2,65.7836644591611,14.9006622516556,7.39514348785872,6.29139072847682,5.51876379690949
"3",76,0.4,0.2,0,1000,0.05,3,25.3863134657837,19.205298013245,16.7770419426049,18.3222958057395,20.3090507726269
