"","nvar","r","d","het","iter","alpha","strategy","p1","p2","p3","p4","p5"
"1",164,0.8,0.1,0,1000,0.05,1,39.7590361445783,18.8755020080321,17.4698795180723,12.6506024096386,11.2449799196787
"2",164,0.8,0.1,0,1000,0.05,2,39.7590361445783,18.8755020080321,17.4698795180723,12.6506024096386,11.2449799196787
"3",164,0.8,0.1,0,1000,0.05,3,8.03212851405623,12.2489959839357,19.2771084337349,26.7068273092369,33.7349397590361
