"","nvar","r","d","het","iter","alpha","strategy","p1","p2","p3","p4","p5"
"1",126,0.2,0.1,0,1000,0.05,1,73.6472945891784,15.0300601202405,7.21442885771543,2.40480961923848,1.70340681362725
"2",126,0.2,0.1,0,1000,0.05,2,73.6472945891784,15.0300601202405,7.21442885771543,2.40480961923848,1.70340681362725
"3",126,0.2,0.1,0,1000,0.05,3,22.3446893787575,19.2384769539078,19.1382765531062,17.2344689378758,22.0440881763527
