"","nvar","r","d","het","iter","alpha","strategy","p1","p2","p3","p4","p5"
"1",164,0.4,0.1,0,1000,0.05,1,62.8099173553719,18.801652892562,10.4338842975207,4.95867768595041,2.99586776859504
"2",164,0.4,0.1,0,1000,0.05,2,62.8099173553719,18.801652892562,10.4338842975207,4.95867768595041,2.99586776859504
"3",164,0.4,0.1,0,1000,0.05,3,17.9752066115703,18.595041322314,20.5578512396694,18.801652892562,24.0702479338843
