"","nvar","r","d","het","iter","alpha","strategy","p1","p2","p3","p4","p5"
"1",92,0.3,0.1,0,1000,0.05,1,59.2091571279917,19.3548387096774,10.7180020811655,7.18002081165453,3.53798126951093
"2",92,0.3,0.1,0,1000,0.05,2,59.2091571279917,19.3548387096774,10.7180020811655,7.18002081165453,3.53798126951093
"3",92,0.3,0.1,0,1000,0.05,3,21.2278876170656,18.210197710718,19.9791883454735,19.8751300728408,20.7075962539022
