"","nvar","r","d","het","iter","alpha","strategy","p1","p2","p3","p4","p5"
"1",178,0.6,0.3,0,1000,0.05,1,71.8961625282167,12.4153498871332,7.2234762979684,4.06320541760722,3.72460496613995
"2",178,0.6,0.3,0,1000,0.05,2,71.8961625282167,12.4153498871332,7.2234762979684,4.06320541760722,3.72460496613995
"3",178,0.6,0.3,0,1000,0.05,3,25.1693002257336,18.7358916478555,19.0744920993228,17.607223476298,19.3002257336343
