"","nvar","r","d","het","iter","alpha","strategy","p1","p2","p3","p4","p5"
"1",32,0.1,0.1,0,1000,0.05,1,47.2450175849941,23.915592028136,13.599062133646,8.90973036342321,6.3305978898007
"2",32,0.1,0.1,0,1000,0.05,2,47.2450175849941,23.915592028136,13.599062133646,8.90973036342321,6.3305978898007
"3",32,0.1,0.1,0,1000,0.05,3,23.6811254396249,19.6951934349355,21.4536928487691,18.757327080891,16.4126611957796
