"","nvar","r","d","het","iter","alpha","strategy","p1","p2","p3","p4","p5"
"1",96,0.5,0.1,0,1000,0.05,1,50.0613496932515,19.3865030674847,12.8834355828221,10.6748466257669,6.99386503067485
"2",96,0.5,0.1,0,1000,0.05,2,50.0613496932515,19.3865030674847,12.8834355828221,10.6748466257669,6.99386503067485
"3",96,0.5,0.1,0,1000,0.05,3,15.4601226993865,18.0368098159509,20.9815950920245,21.3496932515337,24.1717791411043
