"","nvar","r","d","het","iter","alpha","strategy","p1","p2","p3","p4","p5"
"1",34,0.5,0.1,0,1000,0.05,1,38.6023294509151,22.6289517470882,14.3094841930116,12.6455906821963,11.8136439267887
"2",34,0.5,0.1,0,1000,0.05,2,38.6023294509151,22.6289517470882,14.3094841930116,12.6455906821963,11.8136439267887
"3",34,0.5,0.1,0,1000,0.05,3,14.9750415973378,20.1331114808652,20.9650582362729,20.9650582362729,22.9617304492512
