"","nvar","r","d","het","iter","alpha","strategy","p1","p2","p3","p4","p5"
"1",200,0.7,0.2,0,1000,0.05,1,61.2685560053981,14.3049932523617,10.1214574898785,7.96221322537112,6.34278002699055
"2",200,0.7,0.2,0,1000,0.05,2,61.2685560053981,14.3049932523617,10.1214574898785,7.96221322537112,6.34278002699055
"3",200,0.7,0.2,0,1000,0.05,3,17.4089068825911,16.8690958164642,19.5681511470985,24.2914979757085,21.8623481781377
