"","nvar","r","d","het","iter","alpha","strategy","p1","p2","p3","p4","p5"
"1",106,0.8,0.2,0,1000,0.05,1,55.4347826086957,17.2101449275362,10.1449275362319,9.05797101449275,8.15217391304348
"2",106,0.8,0.2,0,1000,0.05,2,55.4347826086957,17.2101449275362,10.1449275362319,9.05797101449275,8.15217391304348
"3",106,0.8,0.2,0,1000,0.05,3,19.9275362318841,15.9420289855072,15.7608695652174,22.6449275362319,25.7246376811594
