"","nvar","r","d","het","iter","alpha","strategy","p1","p2","p3","p4","p5"
"1",158,0.5,0.2,0,1000,0.05,1,66.6666666666667,15.2777777777778,8.54700854700855,5.66239316239316,3.84615384615385
"2",158,0.5,0.2,0,1000,0.05,2,66.6666666666667,15.2777777777778,8.54700854700855,5.66239316239316,3.84615384615385
"3",158,0.5,0.2,0,1000,0.05,3,22.008547008547,17.4145299145299,19.7649572649573,19.1239316239316,21.6880341880342
