"","nvar","r","d","het","iter","alpha","strategy","p1","p2","p3","p4","p5"
"1",196,0.9,0.1,0,1000,0.05,1,33.6700336700337,19.8653198653199,16.8350168350168,15.1515151515152,14.4781144781145
"2",196,0.9,0.1,0,1000,0.05,2,33.6700336700337,19.8653198653199,16.8350168350168,15.1515151515152,14.4781144781145
"3",196,0.9,0.1,0,1000,0.05,3,8.75420875420875,12.1212121212121,15.1515151515152,21.5488215488215,42.4242424242424
