"","nvar","r","d","het","iter","alpha","strategy","p1","p2","p3","p4","p5"
"1",4,0.1,0.1,0,1000,0.05,1,32,22,16.6666666666667,13.6666666666667,15.6666666666667
"2",4,0.1,0.1,0,1000,0.05,2,32,22,16.6666666666667,13.6666666666667,15.6666666666667
"3",4,0.1,0.1,0,1000,0.05,3,25,21.6666666666667,18.3333333333333,16,19
