"","nvar","r","d","het","iter","alpha","strategy","p1","p2","p3","p4","p5"
"1",74,0.3,0.1,0,1000,0.05,1,52.7747551686616,22.7421109902067,11.4254624591948,7.72578890097933,5.33188248095756
"2",74,0.3,0.1,0,1000,0.05,2,52.7747551686616,22.7421109902067,11.4254624591948,7.72578890097933,5.33188248095756
"3",74,0.3,0.1,0,1000,0.05,3,17.8454842219804,19.6953210010881,21.0010881392818,19.3688792165397,22.0892274211099
