"","nvar","r","d","het","iter","alpha","strategy","p1","p2","p3","p4","p5"
"1",10,0.4,0.2,0,1000,0.05,1,51.0526315789474,16.4912280701754,15.0877192982456,9.29824561403509,8.07017543859649
"2",10,0.4,0.2,0,1000,0.05,2,51.0526315789474,16.4912280701754,15.0877192982456,9.29824561403509,8.07017543859649
"3",10,0.4,0.2,0,1000,0.05,3,29.8245614035088,17.719298245614,20,15.6140350877193,16.8421052631579
