"","nvar","r","d","het","iter","alpha","strategy","p1","p2","p3","p4","p5"
"1",54,0.3,0.2,0,1000,0.05,1,67.5381263616558,14.3790849673203,8.38779956427015,6.10021786492375,3.59477124183007
"2",54,0.3,0.2,0,1000,0.05,2,67.5381263616558,14.3790849673203,8.38779956427015,6.10021786492375,3.59477124183007
"3",54,0.3,0.2,0,1000,0.05,3,29.4117647058824,17.6470588235294,17.6470588235294,18.5185185185185,16.7755991285403
