"","nvar","r","d","het","iter","alpha","strategy","p1","p2","p3","p4","p5"
"1",172,0.6,0.1,0,1000,0.05,1,50.3152585119798,17.6544766708701,14.37578814628,9.4577553593947,8.19672131147541
"2",172,0.6,0.1,0,1000,0.05,2,50.3152585119798,17.6544766708701,14.37578814628,9.4577553593947,8.19672131147541
"3",172,0.6,0.1,0,1000,0.05,3,13.7452711223203,17.6544766708701,20.5548549810845,23.3291298865069,24.7162673392182
