"","nvar","r","d","het","iter","alpha","strategy","p1","p2","p3","p4","p5"
"1",34,0.1,0.2,0,1000,0.05,1,65.2219873150106,15.4334038054968,10.4651162790698,5.70824524312896,3.17124735729387
"2",34,0.1,0.2,0,1000,0.05,2,65.2219873150106,15.4334038054968,10.4651162790698,5.70824524312896,3.17124735729387
"3",34,0.1,0.2,0,1000,0.05,3,31.6067653276956,19.8731501057082,18.9217758985201,16.9133192389006,12.6849894291755
