"","nvar","r","d","het","iter","alpha","strategy","p1","p2","p3","p4","p5"
"1",146,0.8,0.1,0,1000,0.05,1,43.5684647302905,15.3526970954357,14.3153526970954,13.6929460580913,13.0705394190871
"2",146,0.8,0.1,0,1000,0.05,2,43.5684647302905,15.3526970954357,14.3153526970954,13.6929460580913,13.0705394190871
"3",146,0.8,0.1,0,1000,0.05,3,9.33609958506224,13.0705394190871,17.6348547717842,23.8589211618257,36.0995850622407
