"","nvar","r","d","het","iter","alpha","strategy","p1","p2","p3","p4","p5"
"1",74,0.7,0.1,0,1000,0.05,1,42.5330812854442,21.9281663516068,13.2325141776938,11.9092627599244,10.3969754253308
"2",74,0.7,0.1,0,1000,0.05,2,42.5330812854442,21.9281663516068,13.2325141776938,11.9092627599244,10.3969754253308
"3",74,0.7,0.1,0,1000,0.05,3,11.1531190926276,17.5803402646503,22.6843100189036,21.9281663516068,26.6540642722117
