"","nvar","r","d","het","iter","alpha","strategy","p1","p2","p3","p4","p5"
"1",24,0.6,0.2,0,1000,0.05,1,53.3884297520661,18.1818181818182,11.7355371900826,8.59504132231405,8.09917355371901
"2",24,0.6,0.2,0,1000,0.05,2,53.3884297520661,18.1818181818182,11.7355371900826,8.59504132231405,8.09917355371901
"3",24,0.6,0.2,0,1000,0.05,3,26.7768595041322,16.5289256198347,21.9834710743802,16.198347107438,18.5123966942149
