"","nvar","r","d","het","iter","alpha","strategy","p1","p2","p3","p4","p5"
"1",34,0.4,0.2,0,1000,0.05,1,60.6879606879607,15.7248157248157,8.96805896805897,7.73955773955774,6.75675675675676
"2",34,0.4,0.2,0,1000,0.05,2,60.6879606879607,15.7248157248157,8.96805896805897,7.73955773955774,6.75675675675676
"3",34,0.4,0.2,0,1000,0.05,3,29.97542997543,17.1990171990172,17.1990171990172,16.8304668304668,18.7960687960688
