"","nvar","r","d","het","iter","alpha","strategy","p1","p2","p3","p4","p5"
"1",196,0.6,0.3,0,1000,0.05,1,73.5229759299781,11.3785557986871,6.78336980306346,4.15754923413567,3.28227571115974
"2",196,0.6,0.3,0,1000,0.05,2,73.5229759299781,11.3785557986871,6.78336980306346,4.15754923413567,3.28227571115974
"3",196,0.6,0.3,0,1000,0.05,3,28.1181619256017,18.4901531728665,17.6148796498906,16.3019693654267,19.1466083150985
