"","nvar","r","d","het","iter","alpha","strategy","p1","p2","p3","p4","p5"
"1",48,0.3,0.1,0,1000,0.05,1,51.332560834299,19.1193511008111,12.9779837775203,9.26998841251448,7.30011587485516
"2",48,0.3,0.1,0,1000,0.05,2,51.332560834299,19.1193511008111,12.9779837775203,9.26998841251448,7.30011587485516
"3",48,0.3,0.1,0,1000,0.05,3,20.5098493626883,18.1923522595597,21.5527230590962,19.351100811124,20.3939745075319
