"","nvar","r","d","het","iter","alpha","strategy","p1","p2","p3","p4","p5"
"1",84,0.6,0.2,0,1000,0.05,1,58.6649550706033,14.6341463414634,11.6816431322208,7.06033376123235,7.9589216944801
"2",84,0.6,0.2,0,1000,0.05,2,58.6649550706033,14.6341463414634,11.6816431322208,7.06033376123235,7.9589216944801
"3",84,0.6,0.2,0,1000,0.05,3,22.7214377406932,17.3299101412067,18.8703465982028,17.4582798459564,23.620025673941
