"","nvar","r","d","het","iter","alpha","strategy","p1","p2","p3","p4","p5"
"1",52,0.3,0.2,0,1000,0.05,1,64.5652173913044,15.7608695652174,8.47826086956522,6.73913043478261,4.45652173913043
"2",52,0.3,0.2,0,1000,0.05,2,64.5652173913044,15.7608695652174,8.47826086956522,6.73913043478261,4.45652173913043
"3",52,0.3,0.2,0,1000,0.05,3,28.5869565217391,19.3478260869565,16.0869565217391,18.695652173913,17.2826086956522
