"","nvar","r","d","het","iter","alpha","strategy","p1","p2","p3","p4","p5"
"1",114,0.2,0.3,0,1000,0.05,1,88.4884884884885,5.80580580580581,3.2032032032032,1.1011011011011,0.2002002002002
"2",114,0.2,0.3,0,1000,0.05,2,88.4884884884885,5.80580580580581,3.2032032032032,1.1011011011011,0.2002002002002
"3",114,0.2,0.3,0,1000,0.05,3,36.5365365365365,19.8198198198198,17.2172172172172,13.9139139139139,12.4124124124124
