"","nvar","r","d","het","iter","alpha","strategy","p1","p2","p3","p4","p5"
"1",114,0.3,0.1,0,1000,0.05,1,59.917780061665,20.5549845837616,9.2497430626927,5.96094552929085,4.31654676258993
"2",114,0.3,0.1,0,1000,0.05,2,59.917780061665,20.5549845837616,9.2497430626927,5.96094552929085,4.31654676258993
"3",114,0.3,0.1,0,1000,0.05,3,19.0133607399794,19.6300102774923,19.7327852004111,20.3494347379239,21.2744090441932
