"","nvar","r","d","het","iter","alpha","strategy","p1","p2","p3","p4","p5"
"1",8,0.1,0.3,0,1000,0.05,1,65.2645861601085,14.9253731343284,8.54816824966079,5.97014925373134,4.74898236092266
"2",8,0.1,0.3,0,1000,0.05,2,65.2645861601085,14.9253731343284,8.54816824966079,5.97014925373134,4.74898236092266
"3",8,0.1,0.3,0,1000,0.05,3,44.0976933514247,18.8602442333786,14.246947082768,11.5332428765265,11.1261872455902
