"","nvar","r","d","het","iter","alpha","strategy","p1","p2","p3","p4","p5"
"1",116,0.4,0.3,0,1000,0.05,1,79.1883454734651,8.63683662851197,5.93132154006244,3.53798126951093,2.18522372528616
"2",116,0.4,0.3,0,1000,0.05,2,79.1883454734651,8.63683662851197,5.93132154006244,3.53798126951093,2.18522372528616
"3",116,0.4,0.3,0,1000,0.05,3,30.8012486992716,18.7304890738814,15.6087408949011,17.4817898022893,17.3777315296566
