"","nvar","r","d","het","iter","alpha","strategy","p1","p2","p3","p4","p5"
"1",182,0.4,0.2,0,1000,0.05,1,75.1024590163934,12.9098360655738,6.9672131147541,2.97131147540984,2.04918032786885
"2",182,0.4,0.2,0,1000,0.05,2,75.1024590163934,12.9098360655738,6.9672131147541,2.97131147540984,2.04918032786885
"3",182,0.4,0.2,0,1000,0.05,3,23.9754098360656,18.4426229508197,20.3893442622951,17.1106557377049,20.0819672131148
