"","nvar","r","d","het","iter","alpha","strategy","p1","p2","p3","p4","p5"
"1",18,0.2,0.1,0,1000,0.05,1,35.7686453576865,21.765601217656,16.4383561643836,15.5251141552511,10.5022831050228
"2",18,0.2,0.1,0,1000,0.05,2,35.7686453576865,21.765601217656,16.4383561643836,15.5251141552511,10.5022831050228
"3",18,0.2,0.1,0,1000,0.05,3,20.2435312024353,20.2435312024353,20.0913242009132,21.9178082191781,17.503805175038
