"","nvar","r","d","het","iter","alpha","strategy","p1","p2","p3","p4","p5"
"1",128,0.4,0.1,0,1000,0.05,1,56.2236286919831,19.1983122362869,12.6582278481013,6.85654008438819,5.06329113924051
"2",128,0.4,0.1,0,1000,0.05,2,56.2236286919831,19.1983122362869,12.6582278481013,6.85654008438819,5.06329113924051
"3",128,0.4,0.1,0,1000,0.05,3,14.873417721519,21.6244725738397,21.2025316455696,20.5696202531646,21.7299578059072
