"","nvar","r","d","het","iter","alpha","strategy","p1","p2","p3","p4","p5"
"1",164,0.2,0.2,0,1000,0.05,1,88.0880880880881,7.90790790790791,2.4024024024024,1.1011011011011,0.3003003003003
"2",164,0.2,0.2,0,1000,0.05,2,88.0880880880881,7.90790790790791,2.4024024024024,1.1011011011011,0.3003003003003
"3",164,0.2,0.2,0,1000,0.05,3,25.7257257257257,19.7197197197197,19.8198198198198,18.6186186186186,16.1161161161161
