"","nvar","r","d","het","iter","alpha","strategy","p1","p2","p3","p4","p5"
"1",148,0.7,0.2,0,1000,0.05,1,61.1111111111111,14.7222222222222,10.2777777777778,7.5,6.38888888888889
"2",148,0.7,0.2,0,1000,0.05,2,61.1111111111111,14.7222222222222,10.2777777777778,7.5,6.38888888888889
"3",148,0.7,0.2,0,1000,0.05,3,19.7222222222222,15.6944444444444,19.0277777777778,21.8055555555556,23.75
