"","nvar","r","d","het","iter","alpha","strategy","p1","p2","p3","p4","p5"
"1",6,0.4,0.3,0,1000,0.05,1,56.7092651757188,17.8913738019169,11.5015974440895,7.66773162939297,5.91054313099042
"2",6,0.4,0.3,0,1000,0.05,2,56.7092651757188,17.8913738019169,11.5015974440895,7.66773162939297,5.91054313099042
"3",6,0.4,0.3,0,1000,0.05,3,39.297124600639,19.8083067092652,15.4952076677316,13.5782747603834,11.6613418530351
