"","nvar","r","d","het","iter","alpha","strategy","p1","p2","p3","p4","p5"
"1",20,0.9,0.1,0,1000,0.05,1,35.5450236966825,19.9052132701422,15.6398104265403,14.6919431279621,14.218009478673
"2",20,0.9,0.1,0,1000,0.05,2,35.5450236966825,19.9052132701422,15.6398104265403,14.6919431279621,14.218009478673
"3",20,0.9,0.1,0,1000,0.05,3,12.7962085308057,13.7440758293839,15.6398104265403,25.1184834123223,32.7014218009479
