"","nvar","r","d","het","iter","alpha","strategy","p1","p2","p3","p4","p5"
"1",102,0.5,0.1,0,1000,0.05,1,48.452380952381,19.6428571428571,13.6904761904762,9.64285714285714,8.57142857142857
"2",102,0.5,0.1,0,1000,0.05,2,48.452380952381,19.6428571428571,13.6904761904762,9.64285714285714,8.57142857142857
"3",102,0.5,0.1,0,1000,0.05,3,15.2380952380952,18.6904761904762,22.0238095238095,20.952380952381,23.0952380952381
