"","nvar","r","d","het","iter","alpha","strategy","p1","p2","p3","p4","p5"
"1",188,0.6,0.2,0,1000,0.05,1,64.2117376294592,13.6939010356732,10.126582278481,6.55926352128884,5.40851553509781
"2",188,0.6,0.2,0,1000,0.05,2,64.2117376294592,13.6939010356732,10.126582278481,6.55926352128884,5.40851553509781
"3",188,0.6,0.2,0,1000,0.05,3,19.9079401611047,17.6064441887227,22.0943613348677,19.5627157652474,20.8285385500575
