"","nvar","r","d","het","iter","alpha","strategy","p1","p2","p3","p4","p5"
"1",62,0.5,0.3,0,1000,0.05,1,69.0058479532164,13.4502923976608,7.71929824561404,5.14619883040936,3.27485380116959
"2",62,0.5,0.3,0,1000,0.05,2,69.0058479532164,13.4502923976608,7.71929824561404,5.14619883040936,3.27485380116959
"3",62,0.5,0.3,0,1000,0.05,3,29.4736842105263,18.5964912280702,17.5438596491228,17.8947368421053,16.0233918128655
