"","nvar","r","d","het","iter","alpha","strategy","p1","p2","p3","p4","p5"
"1",88,0.3,0.2,0,1000,0.05,1,71.2215320910973,15.7349896480331,7.66045548654244,3.51966873706004,1.86335403726708
"2",88,0.3,0.2,0,1000,0.05,2,71.2215320910973,15.7349896480331,7.66045548654244,3.51966873706004,1.86335403726708
"3",88,0.3,0.2,0,1000,0.05,3,26.3975155279503,18.3229813664596,20.2898550724638,16.6666666666667,18.3229813664596
