"","nvar","r","d","het","iter","alpha","strategy","p1","p2","p3","p4","p5"
"1",148,0.8,0.2,0,1000,0.05,1,55.3003533568905,17.3144876325088,12.1908127208481,7.95053003533569,7.06713780918728
"2",148,0.8,0.2,0,1000,0.05,2,55.3003533568905,17.3144876325088,12.1908127208481,7.95053003533569,7.06713780918728
"3",148,0.8,0.2,0,1000,0.05,3,17.6678445229682,13.7809187279152,19.6113074204947,20.8480565371025,28.0918727915194
