"","nvar","r","d","het","iter","alpha","strategy","p1","p2","p3","p4","p5"
"1",124,0.7,0.1,0,1000,0.05,1,43.5691318327974,19.6141479099678,15.5948553054662,11.0932475884244,10.1286173633441
"2",124,0.7,0.1,0,1000,0.05,2,43.5691318327974,19.6141479099678,15.5948553054662,11.0932475884244,10.1286173633441
"3",124,0.7,0.1,0,1000,0.05,3,8.84244372990354,15.4340836012862,20.9003215434084,22.9903536977492,31.8327974276527
