"","nvar","r","d","het","iter","alpha","strategy","p1","p2","p3","p4","p5"
"1",72,0.9,0.2,0,1000,0.05,1,49.6240601503759,18.2957393483709,11.7794486215539,10.5263157894737,9.77443609022556
"2",72,0.9,0.2,0,1000,0.05,2,49.6240601503759,18.2957393483709,11.7794486215539,10.5263157894737,9.77443609022556
"3",72,0.9,0.2,0,1000,0.05,3,23.0576441102757,11.5288220551378,16.5413533834586,22.5563909774436,26.3157894736842
