"","nvar","r","d","het","iter","alpha","strategy","p1","p2","p3","p4","p5"
"1",138,0.3,0.3,0,1000,0.05,1,87.4623871614845,5.91775325977934,3.41023069207623,1.20361083249749,0.902708124373119
"2",138,0.3,0.3,0,1000,0.05,2,87.4623871614845,5.91775325977934,3.41023069207623,1.20361083249749,0.902708124373119
"3",138,0.3,0.3,0,1000,0.05,3,32.7983951855567,20.2607823470411,16.7502507522568,14.543630892678,15.346038114343
