"","nvar","r","d","het","iter","alpha","strategy","p1","p2","p3","p4","p5"
"1",134,0.2,0.1,0,1000,0.05,1,74.4959677419355,15.4233870967742,7.35887096774194,1.81451612903226,0.907258064516129
"2",134,0.2,0.1,0,1000,0.05,2,74.4959677419355,15.4233870967742,7.35887096774194,1.81451612903226,0.907258064516129
"3",134,0.2,0.1,0,1000,0.05,3,23.0846774193548,17.4395161290323,20.1612903225806,17.741935483871,21.5725806451613
