"","nvar","r","d","het","iter","alpha","strategy","p1","p2","p3","p4","p5"
"1",22,0.1,0.3,0,1000,0.05,1,72.2222222222222,11.8736383442266,6.42701525054466,4.90196078431373,3.26797385620915
"2",22,0.1,0.3,0,1000,0.05,2,72.2222222222222,11.8736383442266,6.42701525054466,4.90196078431373,3.26797385620915
"3",22,0.1,0.3,0,1000,0.05,3,39.5424836601307,18.082788671024,14.9237472766885,14.5969498910675,12.3093681917211
