"","nvar","r","d","het","iter","alpha","strategy","p1","p2","p3","p4","p5"
"1",114,0.9,0.1,0,1000,0.05,1,40.0662251655629,18.5430463576159,12.5827814569536,15.2317880794702,13.5761589403974
"2",114,0.9,0.1,0,1000,0.05,2,40.0662251655629,18.5430463576159,12.5827814569536,15.2317880794702,13.5761589403974
"3",114,0.9,0.1,0,1000,0.05,3,12.9139072847682,10.5960264900662,16.2251655629139,22.5165562913907,37.7483443708609
