"","nvar","r","d","het","iter","alpha","strategy","p1","p2","p3","p4","p5"
"1",134,0.3,0.3,0,1000,0.05,1,84.9246231155779,8.84422110552764,3.71859296482412,1.20603015075377,0.703517587939699
"2",134,0.3,0.3,0,1000,0.05,2,84.9246231155779,8.84422110552764,3.71859296482412,1.20603015075377,0.703517587939699
"3",134,0.3,0.3,0,1000,0.05,3,32.964824120603,18.7939698492462,18.391959798995,15.8793969849246,13.7688442211055
