"","nvar","r","d","het","iter","alpha","strategy","p1","p2","p3","p4","p5"
"1",138,0.5,0.2,0,1000,0.05,1,61.6557734204793,16.9934640522876,8.38779956427015,8.06100217864924,4.68409586056645
"2",138,0.5,0.2,0,1000,0.05,2,61.6557734204793,16.9934640522876,8.38779956427015,8.06100217864924,4.68409586056645
"3",138,0.5,0.2,0,1000,0.05,3,22.3311546840959,17.3202614379085,18.082788671024,19.8257080610022,22.4400871459695
