"","nvar","r","d","het","iter","alpha","strategy","p1","p2","p3","p4","p5"
"1",24,0.9,0.1,0,1000,0.05,1,33.1967213114754,16.8032786885246,17.6229508196721,16.8032786885246,15.5737704918033
"2",24,0.9,0.1,0,1000,0.05,2,33.1967213114754,16.8032786885246,17.6229508196721,16.8032786885246,15.5737704918033
"3",24,0.9,0.1,0,1000,0.05,3,10.2459016393443,13.5245901639344,17.2131147540984,27.0491803278689,31.9672131147541
