"","nvar","r","d","het","iter","alpha","strategy","p1","p2","p3","p4","p5"
"1",54,0.7,0.1,0,1000,0.05,1,39.2430278884462,17.5298804780877,17.7290836653386,14.1434262948207,11.3545816733068
"2",54,0.7,0.1,0,1000,0.05,2,39.2430278884462,17.5298804780877,17.7290836653386,14.1434262948207,11.3545816733068
"3",54,0.7,0.1,0,1000,0.05,3,11.1553784860558,16.5338645418327,21.7131474103586,22.3107569721116,28.2868525896414
