"","nvar","r","d","het","iter","alpha","strategy","p1","p2","p3","p4","p5"
"1",24,0.5,0.1,0,1000,0.05,1,36.9685767097967,21.2569316081331,14.2329020332717,14.7874306839187,12.7541589648799
"2",24,0.5,0.1,0,1000,0.05,2,36.9685767097967,21.2569316081331,14.2329020332717,14.7874306839187,12.7541589648799
"3",24,0.5,0.1,0,1000,0.05,3,16.6358595194085,18.6691312384473,19.5933456561922,21.6266173752311,23.4750462107209
