"","nvar","r","d","het","iter","alpha","strategy","p1","p2","p3","p4","p5"
"1",164,0.2,0.1,0,1000,0.05,1,75.4016064257028,17.4698795180723,5.12048192771084,1.70682730923695,0.301204819277108
"2",164,0.2,0.1,0,1000,0.05,2,75.4016064257028,17.4698795180723,5.12048192771084,1.70682730923695,0.301204819277108
"3",164,0.2,0.1,0,1000,0.05,3,20.5823293172691,21.5863453815261,21.0843373493976,17.9718875502008,18.7751004016064
