"","nvar","r","d","het","iter","alpha","strategy","p1","p2","p3","p4","p5"
"1",70,0.3,0.2,0,1000,0.05,1,68.944099378882,14.9068322981366,7.86749482401656,5.79710144927536,2.48447204968944
"2",70,0.3,0.2,0,1000,0.05,2,68.944099378882,14.9068322981366,7.86749482401656,5.79710144927536,2.48447204968944
"3",70,0.3,0.2,0,1000,0.05,3,25.0517598343685,20.3933747412008,17.4948240165631,20.703933747412,16.3561076604555
