"","nvar","r","d","het","iter","alpha","strategy","p1","p2","p3","p4","p5"
"1",184,0.7,0.2,0,1000,0.05,1,60.5858854860186,16.3781624500666,7.72303595206391,8.12250332889481,7.19041278295606
"2",184,0.7,0.2,0,1000,0.05,2,60.5858854860186,16.3781624500666,7.72303595206391,8.12250332889481,7.19041278295606
"3",184,0.7,0.2,0,1000,0.05,3,18.9081225033289,17.5765645805593,17.5765645805593,19.1744340878828,26.7643142476698
