"","nvar","r","d","het","iter","alpha","strategy","p1","p2","p3","p4","p5"
"1",186,0.6,0.1,0,1000,0.05,1,53.1914893617021,18.3979974968711,9.88735919899875,9.63704630788486,8.88610763454318
"2",186,0.6,0.1,0,1000,0.05,2,53.1914893617021,18.3979974968711,9.88735919899875,9.63704630788486,8.88610763454318
"3",186,0.6,0.1,0,1000,0.05,3,12.1401752190238,17.7722152690864,19.8998748435544,22.9036295369212,27.2841051314143
