"","nvar","r","d","het","iter","alpha","strategy","p1","p2","p3","p4","p5"
"1",74,0.1,0.2,0,1000,0.05,1,80.9236947791165,11.0441767068273,4.81927710843374,2.30923694779116,0.803212851405622
"2",74,0.1,0.2,0,1000,0.05,2,80.9236947791165,11.0441767068273,4.81927710843374,2.30923694779116,0.803212851405622
"3",74,0.1,0.2,0,1000,0.05,3,28.2128514056225,18.8755020080321,17.3694779116466,18.4738955823293,17.0682730923695
