"","nvar","r","d","het","iter","alpha","strategy","p1","p2","p3","p4","p5"
"1",166,0.3,0.3,0,1000,0.05,1,86.1861861861862,7.30730730730731,3.3033033033033,1.5015015015015,0.4004004004004
"2",166,0.3,0.3,0,1000,0.05,2,86.1861861861862,7.30730730730731,3.3033033033033,1.5015015015015,0.4004004004004
"3",166,0.3,0.3,0,1000,0.05,3,32.4324324324324,20.6206206206206,18.2182182182182,14.4144144144144,14.014014014014
