"","nvar","r","d","het","iter","alpha","strategy","p1","p2","p3","p4","p5"
"1",112,0.3,0.2,0,1000,0.05,1,75.8163265306122,13.6734693877551,5.51020408163265,3.6734693877551,1.3265306122449
"2",112,0.3,0.2,0,1000,0.05,2,75.8163265306122,13.6734693877551,5.51020408163265,3.6734693877551,1.3265306122449
"3",112,0.3,0.2,0,1000,0.05,3,27.0408163265306,18.6734693877551,19.3877551020408,18.0612244897959,16.8367346938775
