"","nvar","r","d","het","iter","alpha","strategy","p1","p2","p3","p4","p5"
"1",20,0.1,0.1,0,1000,0.05,1,41.1016949152542,19.6327683615819,13.4180790960452,13.2768361581921,12.5706214689266
"2",20,0.1,0.1,0,1000,0.05,2,41.1016949152542,19.6327683615819,13.4180790960452,13.2768361581921,12.5706214689266
"3",20,0.1,0.1,0,1000,0.05,3,22.7401129943503,21.1864406779661,15.819209039548,19.2090395480226,21.045197740113
