"","nvar","r","d","het","iter","alpha","strategy","p1","p2","p3","p4","p5"
"1",30,0.6,0.1,0,1000,0.05,1,38.6538461538462,20.9615384615385,15.1923076923077,13.6538461538462,11.5384615384615
"2",30,0.6,0.1,0,1000,0.05,2,38.6538461538462,20.9615384615385,15.1923076923077,13.6538461538462,11.5384615384615
"3",30,0.6,0.1,0,1000,0.05,3,15.7692307692308,15.7692307692308,20.9615384615385,22.8846153846154,24.6153846153846
