"","nvar","r","d","het","iter","alpha","strategy","p1","p2","p3","p4","p5"
"1",112,0.1,0.1,0,1000,0.05,1,76.5357502517623,17.4219536757301,3.62537764350453,2.21550855991944,0.201409869083585
"2",112,0.1,0.1,0,1000,0.05,2,76.5357502517623,17.4219536757301,3.62537764350453,2.21550855991944,0.201409869083585
"3",112,0.1,0.1,0,1000,0.05,3,21.34944612286,19.7381671701913,20.4431017119839,19.7381671701913,18.7311178247734
