"","nvar","r","d","het","iter","alpha","strategy","p1","p2","p3","p4","p5"
"1",90,0.6,0.2,0,1000,0.05,1,63.7203166226913,13.4564643799472,9.49868073878628,8.17941952506596,4.88126649076517
"2",90,0.6,0.2,0,1000,0.05,2,63.7203166226913,13.4564643799472,9.49868073878628,8.17941952506596,4.88126649076517
"3",90,0.6,0.2,0,1000,0.05,3,20.1846965699208,17.9419525065963,18.6015831134565,20.976253298153,22.2955145118734
