"","nvar","r","d","het","iter","alpha","strategy","p1","p2","p3","p4","p5"
"1",84,0.4,0.3,0,1000,0.05,1,78.488982161595,10.598111227702,4.72193074501574,3.25288562434418,1.78384050367261
"2",84,0.4,0.3,0,1000,0.05,2,78.488982161595,10.598111227702,4.72193074501574,3.25288562434418,1.78384050367261
"3",84,0.4,0.3,0,1000,0.05,3,33.4732423924449,18.3630640083945,15.7397691500525,15.215110178384,16.894018887723
