"","nvar","r","d","het","iter","alpha","strategy","p1","p2","p3","p4","p5"
"1",82,0.3,0.3,0,1000,0.05,1,79.0437436419125,10.5798575788403,6.20549338758901,2.13631739572737,1.62767039674466
"2",82,0.3,0.3,0,1000,0.05,2,79.0437436419125,10.5798575788403,6.20549338758901,2.13631739572737,1.62767039674466
"3",82,0.3,0.3,0,1000,0.05,3,30.7222787385554,20.0406917599186,17.293997965412,17.0905391658189,14.5473041709054
