"","nvar","r","d","het","iter","alpha","strategy","p1","p2","p3","p4","p5"
"1",114,0,0.1,0,1000,0.05,1,82.8828828828829,13.2132132132132,3.3033033033033,0.4004004004004,0.2002002002002
"2",114,0,0.1,0,1000,0.05,2,82.8828828828829,13.2132132132132,3.3033033033033,0.4004004004004,0.2002002002002
"3",114,0,0.1,0,1000,0.05,3,24.5245245245245,20.6206206206206,19.019019019019,17.1171171171171,18.7187187187187
