"","nvar","r","d","het","iter","alpha","strategy","p1","p2","p3","p4","p5"
"1",168,0.5,0.2,0,1000,0.05,1,66.738894907909,13.97616468039,9.42578548212351,5.63380281690141,4.22535211267606
"2",168,0.5,0.2,0,1000,0.05,2,66.738894907909,13.97616468039,9.42578548212351,5.63380281690141,4.22535211267606
"3",168,0.5,0.2,0,1000,0.05,3,21.2351029252438,17.9848320693391,20.3683640303359,19.1765980498375,21.2351029252438
