"","nvar","r","d","het","iter","alpha","strategy","p1","p2","p3","p4","p5"
"1",8,0.1,0.2,0,1000,0.05,1,48.7765089722675,19.0864600326264,12.5611745513866,9.78792822185971,9.78792822185971
"2",8,0.1,0.2,0,1000,0.05,2,48.7765089722675,19.0864600326264,12.5611745513866,9.78792822185971,9.78792822185971
"3",8,0.1,0.2,0,1000,0.05,3,34.257748776509,19.9021207177814,15.9869494290375,15.8238172920065,14.0293637846656
