"","nvar","r","d","het","iter","alpha","strategy","p1","p2","p3","p4","p5"
"1",42,0.2,0.1,0,1000,0.05,1,49.4145199063232,18.7353629976581,14.0515222482436,11.4754098360656,6.3231850117096
"2",42,0.2,0.1,0,1000,0.05,2,49.4145199063232,18.7353629976581,14.0515222482436,11.4754098360656,6.3231850117096
"3",42,0.2,0.1,0,1000,0.05,3,21.5456674473068,17.4473067915691,19.9063231850117,19.7892271662763,21.3114754098361
