"","nvar","r","d","het","iter","alpha","strategy","p1","p2","p3","p4","p5"
"1",66,0.1,0.3,0,1000,0.05,1,87.5125881168177,8.35850956696878,1.61127895266868,1.51057401812689,0.604229607250755
"2",66,0.1,0.3,0,1000,0.05,2,87.5125881168177,8.35850956696878,1.61127895266868,1.51057401812689,0.604229607250755
"3",66,0.1,0.3,0,1000,0.05,3,36.2537764350453,19.3353474320242,16.012084592145,15.4078549848943,12.7895266868077
