"","nvar","r","d","het","iter","alpha","strategy","p1","p2","p3","p4","p5"
"1",14,0.5,0.1,0,1000,0.05,1,41.0550458715596,17.4311926605505,18.348623853211,12.6146788990826,10.5504587155963
"2",14,0.5,0.1,0,1000,0.05,2,41.0550458715596,17.4311926605505,18.348623853211,12.6146788990826,10.5504587155963
"3",14,0.5,0.1,0,1000,0.05,3,21.1009174311927,17.2018348623853,22.2477064220184,20.1834862385321,19.2660550458716
