"","nvar","r","d","het","iter","alpha","strategy","p1","p2","p3","p4","p5"
"1",42,0.3,0.3,0,1000,0.05,1,76.1194029850746,11.407249466951,5.75692963752665,4.26439232409382,1.91897654584222
"2",42,0.3,0.3,0,1000,0.05,2,76.1194029850746,11.407249466951,5.75692963752665,4.26439232409382,1.91897654584222
"3",42,0.3,0.3,0,1000,0.05,3,36.0341151385927,21.2153518123667,14.818763326226,15.7782515991471,12.1535181236674
