"","nvar","r","d","het","iter","alpha","strategy","p1","p2","p3","p4","p5"
"1",176,0.2,0.1,0,1000,0.05,1,78.6786786786787,14.9149149149149,4.2042042042042,1.9019019019019,0.3003003003003
"2",176,0.2,0.1,0,1000,0.05,2,78.6786786786787,14.9149149149149,4.2042042042042,1.9019019019019,0.3003003003003
"3",176,0.2,0.1,0,1000,0.05,3,20.3203203203203,19.8198198198198,18.6186186186186,21.5215215215215,19.7197197197197
