"","nvar","r","d","het","iter","alpha","strategy","p1","p2","p3","p4","p5"
"1",38,0.1,0.3,0,1000,0.05,1,81.3905930470348,10.1226993865031,3.98773006134969,2.96523517382413,0.920245398773006
"2",38,0.1,0.3,0,1000,0.05,2,81.3905930470348,10.1226993865031,3.98773006134969,2.96523517382413,0.920245398773006
"3",38,0.1,0.3,0,1000,0.05,3,38.6503067484663,19.4274028629857,16.4621676891616,12.9856850715746,12.1676891615542
