"","nvar","r","d","het","iter","alpha","strategy","p1","p2","p3","p4","p5"
"1",188,0.9,0.2,0,1000,0.05,1,54.954954954955,18.4684684684685,9.23423423423423,8.55855855855856,8.78378378378378
"2",188,0.9,0.2,0,1000,0.05,2,54.954954954955,18.4684684684685,9.23423423423423,8.55855855855856,8.78378378378378
"3",188,0.9,0.2,0,1000,0.05,3,23.4234234234234,12.8378378378378,12.1621621621622,23.4234234234234,28.1531531531532
