"","nvar","r","d","het","iter","alpha","strategy","p1","p2","p3","p4","p5"
"1",78,0.3,0.2,0,1000,0.05,1,71.1318795430945,13.1879543094496,8.61889927310488,3.63447559709242,3.42679127725857
"2",78,0.3,0.2,0,1000,0.05,2,71.1318795430945,13.1879543094496,8.61889927310488,3.63447559709242,3.42679127725857
"3",78,0.3,0.2,0,1000,0.05,3,27.1028037383178,19.2107995846314,20.2492211838006,15.472481827622,17.9646936656282
