"","nvar","r","d","het","iter","alpha","strategy","p1","p2","p3","p4","p5"
"1",196,0.2,0.2,0,1000,0.05,1,89.0781563126252,8.51703406813627,1.50300601202405,0.601202404809619,0.200400801603206
"2",196,0.2,0.2,0,1000,0.05,2,89.0781563126252,8.51703406813627,1.50300601202405,0.601202404809619,0.200400801603206
"3",196,0.2,0.2,0,1000,0.05,3,28.3567134268537,18.2364729458918,20.3406813627255,15.9318637274549,17.1342685370741
