"","nvar","r","d","het","iter","alpha","strategy","p1","p2","p3","p4","p5"
"1",160,0.4,0.1,0,1000,0.05,1,60.4531410916581,19.3614830072091,10.2986611740474,6.38516992790937,3.50154479917611
"2",160,0.4,0.1,0,1000,0.05,2,60.4531410916581,19.3614830072091,10.2986611740474,6.38516992790937,3.50154479917611
"3",160,0.4,0.1,0,1000,0.05,3,16.8898043254377,19.9794026776519,20.8032955715757,20.2883625128733,22.0391349124614
