"","nvar","r","d","het","iter","alpha","strategy","p1","p2","p3","p4","p5"
"1",176,0.3,0.1,0,1000,0.05,1,70.3329969727548,18.2643794147326,7.76992936427851,2.62361251261352,1.00908173562059
"2",176,0.3,0.1,0,1000,0.05,2,70.3329969727548,18.2643794147326,7.76992936427851,2.62361251261352,1.00908173562059
"3",176,0.3,0.1,0,1000,0.05,3,16.8516649848638,20.686175580222,21.0898082744702,21.3925327951564,19.9798183652876
