"","nvar","r","d","het","iter","alpha","strategy","p1","p2","p3","p4","p5"
"1",116,0.7,0.1,0,1000,0.05,1,43.687707641196,19.2691029900332,13.4551495016611,11.9601328903654,11.6279069767442
"2",116,0.7,0.1,0,1000,0.05,2,43.687707641196,19.2691029900332,13.4551495016611,11.9601328903654,11.6279069767442
"3",116,0.7,0.1,0,1000,0.05,3,10.6312292358804,14.6179401993355,19.9335548172757,25.2491694352159,29.5681063122924
