"","nvar","r","d","het","iter","alpha","strategy","p1","p2","p3","p4","p5"
"1",162,0.4,0.3,0,1000,0.05,1,83.8939857288481,8.35881753312946,4.58715596330275,1.42711518858308,1.22324159021407
"2",162,0.4,0.3,0,1000,0.05,2,83.8939857288481,8.35881753312946,4.58715596330275,1.42711518858308,1.22324159021407
"3",162,0.4,0.3,0,1000,0.05,3,28.7461773700306,19.4699286442406,20.9989806320082,15.3924566768603,15.2905198776758
