"","nvar","r","d","het","iter","alpha","strategy","p1","p2","p3","p4","p5"
"1",70,0.1,0.1,0,1000,0.05,1,63.0879345603272,19.120654396728,9.40695296523517,5.93047034764826,2.45398773006135
"2",70,0.1,0.1,0,1000,0.05,2,63.0879345603272,19.120654396728,9.40695296523517,5.93047034764826,2.45398773006135
"3",70,0.1,0.1,0,1000,0.05,3,22.0858895705521,18.7116564417178,21.3701431492843,19.120654396728,18.7116564417178
