"","nvar","r","d","het","iter","alpha","strategy","p1","p2","p3","p4","p5"
"1",52,0.2,0.2,0,1000,0.05,1,70.3273495248152,13.5163674762408,7.60295670538543,6.01900739176346,2.53431890179514
"2",52,0.2,0.2,0,1000,0.05,2,70.3273495248152,13.5163674762408,7.60295670538543,6.01900739176346,2.53431890179514
"3",52,0.2,0.2,0,1000,0.05,3,29.5670538542767,18.585005279831,14.9947201689546,18.2682154171067,18.585005279831
