"","nvar","r","d","het","iter","alpha","strategy","p1","p2","p3","p4","p5"
"1",122,0.3,0.1,0,1000,0.05,1,64.5491803278689,18.8524590163934,9.93852459016393,4.50819672131148,2.1516393442623
"2",122,0.3,0.1,0,1000,0.05,2,64.5491803278689,18.8524590163934,9.93852459016393,4.50819672131148,2.1516393442623
"3",122,0.3,0.1,0,1000,0.05,3,19.2622950819672,20.0819672131148,21.516393442623,20.3893442622951,18.75
