"","nvar","r","d","het","iter","alpha","strategy","p1","p2","p3","p4","p5"
"1",104,0.5,0.2,0,1000,0.05,1,63.8418079096045,15.819209039548,10.0564971751412,5.76271186440678,4.51977401129944
"2",104,0.5,0.2,0,1000,0.05,2,63.8418079096045,15.819209039548,10.0564971751412,5.76271186440678,4.51977401129944
"3",104,0.5,0.2,0,1000,0.05,3,23.0508474576271,19.6610169491525,19.0960451977401,18.0790960451977,20.1129943502825
