"","nvar","r","d","het","iter","alpha","strategy","p1","p2","p3","p4","p5"
"1",68,0.9,0.1,0,1000,0.05,1,41.4383561643836,19.8630136986301,17.1232876712329,10.2739726027397,11.3013698630137
"2",68,0.9,0.1,0,1000,0.05,2,41.4383561643836,19.8630136986301,17.1232876712329,10.2739726027397,11.3013698630137
"3",68,0.9,0.1,0,1000,0.05,3,10.6164383561644,16.7808219178082,17.8082191780822,19.8630136986301,34.9315068493151
