"","nvar","r","d","het","iter","alpha","strategy","p1","p2","p3","p4","p5"
"1",66,0.3,0.2,0,1000,0.05,1,66.7020148462354,16.0127253446447,8.0593849416755,4.98409331919406,4.24178154825027
"2",66,0.3,0.2,0,1000,0.05,2,66.7020148462354,16.0127253446447,8.0593849416755,4.98409331919406,4.24178154825027
"3",66,0.3,0.2,0,1000,0.05,3,26.1930010604454,20.1484623541888,18.6638388123012,17.3913043478261,17.6033934252386
