"","nvar","r","d","het","iter","alpha","strategy","p1","p2","p3","p4","p5"
"1",10,0.6,0.3,0,1000,0.05,1,58.7748344370861,15.3973509933775,10.2649006622517,7.94701986754967,6.29139072847682
"2",10,0.6,0.3,0,1000,0.05,2,58.7748344370861,15.3973509933775,10.2649006622517,7.94701986754967,6.29139072847682
"3",10,0.6,0.3,0,1000,0.05,3,35.4304635761589,17.7152317880795,14.5695364238411,15.8940397350993,15.8940397350993
