"","nvar","r","d","het","iter","alpha","strategy","p1","p2","p3","p4","p5"
"1",68,0.3,0.1,0,1000,0.05,1,53.8716814159292,19.1371681415929,13.9380530973451,8.4070796460177,4.64601769911504
"2",68,0.3,0.1,0,1000,0.05,2,53.8716814159292,19.1371681415929,13.9380530973451,8.4070796460177,4.64601769911504
"3",68,0.3,0.1,0,1000,0.05,3,21.4601769911504,18.4734513274336,21.2389380530973,20.0221238938053,18.8053097345133
