"","nvar","r","d","het","iter","alpha","strategy","p1","p2","p3","p4","p5"
"1",20,0,0.2,0,1000,0.05,1,60.7466063348416,17.7601809954751,10.2941176470588,7.57918552036199,3.61990950226244
"2",20,0,0.2,0,1000,0.05,2,60.7466063348416,17.7601809954751,10.2941176470588,7.57918552036199,3.61990950226244
"3",20,0,0.2,0,1000,0.05,3,34.2760180995475,19.9095022624434,17.1945701357466,15.6108597285068,13.0090497737557
