"","nvar","r","d","het","iter","alpha","strategy","p1","p2","p3","p4","p5"
"1",50,0.3,0.1,0,1000,0.05,1,49.2196878751501,19.0876350540216,14.2857142857143,9.60384153661465,7.8031212484994
"2",50,0.3,0.1,0,1000,0.05,2,49.2196878751501,19.0876350540216,14.2857142857143,9.60384153661465,7.8031212484994
"3",50,0.3,0.1,0,1000,0.05,3,19.8079231692677,16.3265306122449,21.4885954381753,20.6482593037215,21.7286914765906
