"","nvar","r","d","het","iter","alpha","strategy","p1","p2","p3","p4","p5"
"1",164,0.4,0.3,0,1000,0.05,1,80.6256306760848,10.393541876892,4.43995963673058,2.21997981836529,1.2108980827447
"2",164,0.4,0.3,0,1000,0.05,2,80.6256306760848,10.393541876892,4.43995963673058,2.21997981836529,1.2108980827447
"3",164,0.4,0.3,0,1000,0.05,3,28.8597376387487,19.2734611503532,18.970736629667,15.1362260343088,17.6589303733602
