"","nvar","r","d","het","iter","alpha","strategy","p1","p2","p3","p4","p5"
"1",32,0.7,0.1,0,1000,0.05,1,43.1111111111111,17.5555555555556,15.3333333333333,13.3333333333333,10.6666666666667
"2",32,0.7,0.1,0,1000,0.05,2,43.1111111111111,17.5555555555556,15.3333333333333,13.3333333333333,10.6666666666667
"3",32,0.7,0.1,0,1000,0.05,3,15.1111111111111,16,20.6666666666667,23.3333333333333,24.8888888888889
