"","nvar","r","d","het","iter","alpha","strategy","p1","p2","p3","p4","p5"
"1",120,0.9,0.1,0,1000,0.05,1,40.8163265306122,18.3673469387755,13.265306122449,13.265306122449,14.2857142857143
"2",120,0.9,0.1,0,1000,0.05,2,40.8163265306122,18.3673469387755,13.265306122449,13.265306122449,14.2857142857143
"3",120,0.9,0.1,0,1000,0.05,3,14.2857142857143,9.52380952380952,18.0272108843537,23.469387755102,34.6938775510204
