"","nvar","r","d","het","iter","alpha","strategy","p1","p2","p3","p4","p5"
"1",24,0.4,0.3,0,1000,0.05,1,68.5749086479903,10.1096224116931,9.9878197320341,6.94275274056029,4.01948842874543
"2",24,0.4,0.3,0,1000,0.05,2,68.5749086479903,10.1096224116931,9.9878197320341,6.94275274056029,4.01948842874543
"3",24,0.4,0.3,0,1000,0.05,3,32.6431181485993,17.5395858708892,17.4177831912302,17.0523751522533,15.2253349573691
