"","nvar","r","d","het","iter","alpha","strategy","p1","p2","p3","p4","p5"
"1",110,0.2,0.1,0,1000,0.05,1,69.1919191919192,19.7979797979798,6.16161616161616,2.92929292929293,1.91919191919192
"2",110,0.2,0.1,0,1000,0.05,2,69.1919191919192,19.7979797979798,6.16161616161616,2.92929292929293,1.91919191919192
"3",110,0.2,0.1,0,1000,0.05,3,19.2929292929293,20.8080808080808,17.7777777777778,21.9191919191919,20.2020202020202
