"","nvar","r","d","het","iter","alpha","strategy","p1","p2","p3","p4","p5"
"1",70,0.2,0.1,0,1000,0.05,1,58.9098532494759,19.706498951782,11.5303983228512,5.66037735849057,4.19287211740042
"2",70,0.2,0.1,0,1000,0.05,2,58.9098532494759,19.706498951782,11.5303983228512,5.66037735849057,4.19287211740042
"3",70,0.2,0.1,0,1000,0.05,3,21.8029350104822,18.7631027253669,21.2788259958071,17.1907756813417,20.9643605870021
