"","nvar","r","d","het","iter","alpha","strategy","p1","p2","p3","p4","p5"
"1",16,0.9,0.2,0,1000,0.05,1,45.6026058631922,17.9153094462541,13.0293159609121,10.7491856677524,12.7035830618893
"2",16,0.9,0.2,0,1000,0.05,2,45.6026058631922,17.9153094462541,13.0293159609121,10.7491856677524,12.7035830618893
"3",16,0.9,0.2,0,1000,0.05,3,24.4299674267101,14.9837133550489,15.6351791530945,17.5895765472313,27.3615635179153
