"","nvar","r","d","het","iter","alpha","strategy","p1","p2","p3","p4","p5"
"1",62,0.6,0.2,0,1000,0.05,1,57.3369565217391,17.1195652173913,12.5,6.11413043478261,6.92934782608696
"2",62,0.6,0.2,0,1000,0.05,2,57.3369565217391,17.1195652173913,12.5,6.11413043478261,6.92934782608696
"3",62,0.6,0.2,0,1000,0.05,3,21.195652173913,16.5760869565217,20.6521739130435,20.1086956521739,21.4673913043478
