"","nvar","r","d","het","iter","alpha","strategy","p1","p2","p3","p4","p5"
"1",142,0.4,0.2,0,1000,0.05,1,72.17659137577,13.9630390143737,7.18685831622177,4.20944558521561,2.36139630390144
"2",142,0.4,0.2,0,1000,0.05,2,72.17659137577,13.9630390143737,7.18685831622177,4.20944558521561,2.36139630390144
"3",142,0.4,0.2,0,1000,0.05,3,25.4620123203285,17.4537987679671,22.17659137577,18.3778234086242,16.5297741273101
