"","nvar","r","d","het","iter","alpha","strategy","p1","p2","p3","p4","p5"
"1",84,0.7,0.3,0,1000,0.05,1,65.9354838709677,13.0322580645161,9.03225806451613,7.09677419354839,4.64516129032258
"2",84,0.7,0.3,0,1000,0.05,2,65.9354838709677,13.0322580645161,9.03225806451613,7.09677419354839,4.64516129032258
"3",84,0.7,0.3,0,1000,0.05,3,28.5161290322581,16,16.9032258064516,19.2258064516129,19.2258064516129
