"","nvar","r","d","het","iter","alpha","strategy","p1","p2","p3","p4","p5"
"1",164,0.3,0.2,0,1000,0.05,1,80.6224899598394,12.3493975903614,4.31726907630522,1.90763052208835,0.70281124497992
"2",164,0.3,0.2,0,1000,0.05,2,80.6224899598394,12.3493975903614,4.31726907630522,1.90763052208835,0.70281124497992
"3",164,0.3,0.2,0,1000,0.05,3,24.7991967871486,20.4819277108434,17.8714859437751,18.3734939759036,18.4738955823293
