"","nvar","r","d","het","iter","alpha","strategy","p1","p2","p3","p4","p5"
"1",152,0.1,0.1,0,1000,0.05,1,81.981981981982,13.9139139139139,2.7027027027027,1.001001001001,0.4004004004004
"2",152,0.1,0.1,0,1000,0.05,2,81.981981981982,13.9139139139139,2.7027027027027,1.001001001001,0.4004004004004
"3",152,0.1,0.1,0,1000,0.05,3,22.4224224224224,20.9209209209209,19.8198198198198,17.4174174174174,19.4194194194194
