"","nvar","r","d","het","iter","alpha","strategy","p1","p2","p3","p4","p5"
"1",116,0.2,0.3,0,1000,0.05,1,90.3903903903904,5.80580580580581,2.1021021021021,0.800800800800801,0.1001001001001
"2",116,0.2,0.3,0,1000,0.05,2,90.3903903903904,5.80580580580581,2.1021021021021,0.800800800800801,0.1001001001001
"3",116,0.2,0.3,0,1000,0.05,3,36.9369369369369,17.9179179179179,16.3163163163163,15.4154154154154,13.3133133133133
