"","nvar","r","d","het","iter","alpha","strategy","p1","p2","p3","p4","p5"
"1",114,0.9,0.2,0,1000,0.05,1,49.7512437810945,17.6616915422886,13.1840796019901,9.70149253731343,9.70149253731343
"2",114,0.9,0.2,0,1000,0.05,2,49.7512437810945,17.6616915422886,13.1840796019901,9.70149253731343,9.70149253731343
"3",114,0.9,0.2,0,1000,0.05,3,24.8756218905473,11.6915422885572,14.1791044776119,21.3930348258706,27.8606965174129
