"","nvar","r","d","het","iter","alpha","strategy","p1","p2","p3","p4","p5"
"1",76,0.3,0.1,0,1000,0.05,1,56.4655172413793,21.3362068965517,9.375,8.94396551724138,3.87931034482759
"2",76,0.3,0.1,0,1000,0.05,2,56.4655172413793,21.3362068965517,9.375,8.94396551724138,3.87931034482759
"3",76,0.3,0.1,0,1000,0.05,3,18.5344827586207,21.2284482758621,19.5043103448276,21.6594827586207,19.073275862069
