"","nvar","r","d","het","iter","alpha","strategy","p1","p2","p3","p4","p5"
"1",144,0.6,0.1,0,1000,0.05,1,47.1821756225426,19.5281782437746,14.4167758846658,10.8781127129751,7.99475753604194
"2",144,0.6,0.1,0,1000,0.05,2,47.1821756225426,19.5281782437746,14.4167758846658,10.8781127129751,7.99475753604194
"3",144,0.6,0.1,0,1000,0.05,3,12.0576671035387,17.300131061599,21.6251638269987,23.7221494102228,25.2948885976409
