"","nvar","r","d","het","iter","alpha","strategy","p1","p2","p3","p4","p5"
"1",192,0.9,0.2,0,1000,0.05,1,51.0297482837529,13.9588100686499,13.2723112128146,11.8993135011442,9.83981693363844
"2",192,0.9,0.2,0,1000,0.05,2,51.0297482837529,13.9588100686499,13.2723112128146,11.8993135011442,9.83981693363844
"3",192,0.9,0.2,0,1000,0.05,3,18.7643020594966,11.441647597254,16.4759725400458,22.6544622425629,30.6636155606407
