"","nvar","r","d","het","iter","alpha","strategy","p1","p2","p3","p4","p5"
"1",66,0.6,0.2,0,1000,0.05,1,57.3705179282869,17.1314741035857,12.0849933598938,7.17131474103586,6.10889774236388
"2",66,0.6,0.2,0,1000,0.05,2,57.3705179282869,17.1314741035857,12.0849933598938,7.17131474103586,6.10889774236388
"3",66,0.6,0.2,0,1000,0.05,3,21.3811420982736,19.9203187250996,19.1235059760956,18.7250996015936,20.8499335989376
