"","nvar","r","d","het","iter","alpha","strategy","p1","p2","p3","p4","p5"
"1",80,0.8,0.2,0,1000,0.05,1,55.6586270871985,16.6975881261596,8.71985157699443,8.90538033395176,10.0185528756957
"2",80,0.8,0.2,0,1000,0.05,2,55.6586270871985,16.6975881261596,8.71985157699443,8.90538033395176,10.0185528756957
"3",80,0.8,0.2,0,1000,0.05,3,21.1502782931354,14.4712430426716,18.7384044526902,17.9962894248609,27.6437847866419
