"","nvar","r","d","het","iter","alpha","strategy","p1","p2","p3","p4","p5"
"1",52,0,0.2,0,1000,0.05,1,79.2338709677419,13.0040322580645,5.64516129032258,1.51209677419355,0.504032258064516
"2",52,0,0.2,0,1000,0.05,2,79.2338709677419,13.0040322580645,5.64516129032258,1.51209677419355,0.504032258064516
"3",52,0,0.2,0,1000,0.05,3,33.4677419354839,20.2620967741935,15.8266129032258,14.1129032258065,16.3306451612903
