"","nvar","r","d","het","iter","alpha","strategy","p1","p2","p3","p4","p5"
"1",86,0.8,0.1,0,1000,0.05,1,40.9090909090909,19.7727272727273,13.4090909090909,12.0454545454545,13.8636363636364
"2",86,0.8,0.1,0,1000,0.05,2,40.9090909090909,19.7727272727273,13.4090909090909,12.0454545454545,13.8636363636364
"3",86,0.8,0.1,0,1000,0.05,3,8.40909090909091,14.5454545454545,18.6363636363636,26.5909090909091,31.8181818181818
