"","nvar","r","d","het","iter","alpha","strategy","p1","p2","p3","p4","p5"
"1",170,0.8,0.2,0,1000,0.05,1,52.7918781725888,19.2893401015228,10.82910321489,10.82910321489,6.26057529610829
"2",170,0.8,0.2,0,1000,0.05,2,52.7918781725888,19.2893401015228,10.82910321489,10.82910321489,6.26057529610829
"3",170,0.8,0.2,0,1000,0.05,3,15.9052453468697,15.9052453468697,17.7664974619289,23.6886632825719,26.7343485617597
