"","nvar","r","d","het","iter","alpha","strategy","p1","p2","p3","p4","p5"
"1",14,0.3,0.1,0,1000,0.05,1,39.1382405745063,19.3895870736086,17.0556552962298,13.1059245960503,11.310592459605
"2",14,0.3,0.1,0,1000,0.05,2,39.1382405745063,19.3895870736086,17.0556552962298,13.1059245960503,11.310592459605
"3",14,0.3,0.1,0,1000,0.05,3,23.8779174147217,18.491921005386,18.6714542190305,19.3895870736086,19.5691202872531
