"","nvar","r","d","het","iter","alpha","strategy","p1","p2","p3","p4","p5"
"1",46,0.1,0.1,0,1000,0.05,1,56.2835660580021,20.515574650913,12.4597207303974,6.55209452201933,4.1890440386681
"2",46,0.1,0.1,0,1000,0.05,2,56.2835660580021,20.515574650913,12.4597207303974,6.55209452201933,4.1890440386681
"3",46,0.1,0.1,0,1000,0.05,3,21.6970998925886,20.4081632653061,20.8378088077336,19.8711063372718,17.1858216970999
