"","nvar","r","d","het","iter","alpha","strategy","p1","p2","p3","p4","p5"
"1",46,0,0.1,0,1000,0.05,1,58.3686440677966,19.8093220338983,11.864406779661,6.46186440677966,3.49576271186441
"2",46,0,0.1,0,1000,0.05,2,58.3686440677966,19.8093220338983,11.864406779661,6.46186440677966,3.49576271186441
"3",46,0,0.1,0,1000,0.05,3,24.6822033898305,19.1737288135593,17.9025423728814,20.4449152542373,17.7966101694915
