"","nvar","r","d","het","iter","alpha","strategy","p1","p2","p3","p4","p5"
"1",72,0.8,0.1,0,1000,0.05,1,37.0192307692308,21.6346153846154,13.7019230769231,14.9038461538462,12.7403846153846
"2",72,0.8,0.1,0,1000,0.05,2,37.0192307692308,21.6346153846154,13.7019230769231,14.9038461538462,12.7403846153846
"3",72,0.8,0.1,0,1000,0.05,3,9.375,15.3846153846154,19.7115384615385,22.1153846153846,33.4134615384615
