"","nvar","r","d","het","iter","alpha","strategy","p1","p2","p3","p4","p5"
"1",38,0.5,0.1,0,1000,0.05,1,40.2157164869029,18.6440677966102,17.1032357473035,11.864406779661,12.1725731895223
"2",38,0.5,0.1,0,1000,0.05,2,40.2157164869029,18.6440677966102,17.1032357473035,11.864406779661,12.1725731895223
"3",38,0.5,0.1,0,1000,0.05,3,15.1001540832049,19.5685670261941,21.4175654853621,20.6471494607088,23.26656394453
