"","nvar","r","d","het","iter","alpha","strategy","p1","p2","p3","p4","p5"
"1",78,0.1,0.1,0,1000,0.05,1,69.0669371196755,17.5456389452333,7.09939148073022,4.86815415821501,1.41987829614604
"2",78,0.1,0.1,0,1000,0.05,2,69.0669371196755,17.5456389452333,7.09939148073022,4.86815415821501,1.41987829614604
"3",78,0.1,0.1,0,1000,0.05,3,21.9066937119675,18.9655172413793,18.5598377281947,21.2981744421907,19.2697768762677
