"","nvar","r","d","het","iter","alpha","strategy","p1","p2","p3","p4","p5"
"1",78,0.7,0.1,0,1000,0.05,1,41.5492957746479,20.4225352112676,16.1971830985916,12.3239436619718,9.50704225352113
"2",78,0.7,0.1,0,1000,0.05,2,41.5492957746479,20.4225352112676,16.1971830985916,12.3239436619718,9.50704225352113
"3",78,0.7,0.1,0,1000,0.05,3,10.7394366197183,14.7887323943662,22.3591549295775,25.1760563380282,26.9366197183099
