"","nvar","r","d","het","iter","alpha","strategy","p1","p2","p3","p4","p5"
"1",166,0.3,0.2,0,1000,0.05,1,80.5835010060362,11.7706237424547,4.82897384305835,2.01207243460765,0.603621730382294
"2",166,0.3,0.2,0,1000,0.05,2,80.5835010060362,11.7706237424547,4.82897384305835,2.01207243460765,0.603621730382294
"3",166,0.3,0.2,0,1000,0.05,3,28.169014084507,19.6177062374245,18.1086519114688,15.9959758551308,18.1086519114688
