"","nvar","r","d","het","iter","alpha","strategy","p1","p2","p3","p4","p5"
"1",140,0.3,0.2,0,1000,0.05,1,79.2299898682877,12.1580547112462,5.26849037487335,2.53292806484296,0.709219858156028
"2",140,0.3,0.2,0,1000,0.05,2,79.2299898682877,12.1580547112462,5.26849037487335,2.53292806484296,0.709219858156028
"3",140,0.3,0.2,0,1000,0.05,3,27.4569402228977,19.4528875379939,16.919959473151,19.6555217831814,16.5146909827761
