"","nvar","r","d","het","iter","alpha","strategy","p1","p2","p3","p4","p5"
"1",96,0.7,0.1,0,1000,0.05,1,43.2432432432432,19.8198198198198,15.3153153153153,10.2702702702703,11.3513513513514
"2",96,0.7,0.1,0,1000,0.05,2,43.2432432432432,19.8198198198198,15.3153153153153,10.2702702702703,11.3513513513514
"3",96,0.7,0.1,0,1000,0.05,3,12.2522522522523,14.4144144144144,23.0630630630631,22.1621621621622,28.1081081081081
