"","nvar","r","d","het","iter","alpha","strategy","p1","p2","p3","p4","p5"
"1",80,0.1,0.3,0,1000,0.05,1,90.3807615230461,5.61122244488978,1.60320641282565,0.901803607214429,0.30060120240481
"2",80,0.1,0.3,0,1000,0.05,2,90.3807615230461,5.61122244488978,1.60320641282565,0.901803607214429,0.30060120240481
"3",80,0.1,0.3,0,1000,0.05,3,35.871743486974,19.2384769539078,16.4328657314629,15.0300601202405,12.9258517034068
