"","nvar","r","d","het","iter","alpha","strategy","p1","p2","p3","p4","p5"
"1",190,0.9,0.2,0,1000,0.05,1,51.0392609699769,16.1662817551963,12.933025404157,9.00692840646651,10.8545034642032
"2",190,0.9,0.2,0,1000,0.05,2,51.0392609699769,16.1662817551963,12.933025404157,9.00692840646651,10.8545034642032
"3",190,0.9,0.2,0,1000,0.05,3,19.3995381062356,10.6235565819861,14.5496535796767,22.8637413394919,32.5635103926097
