"","nvar","r","d","het","iter","alpha","strategy","p1","p2","p3","p4","p5"
"1",116,0.7,0.2,0,1000,0.05,1,58.4187408491947,18.5944363103953,8.34553440702782,8.199121522694,6.44216691068814
"2",116,0.7,0.2,0,1000,0.05,2,58.4187408491947,18.5944363103953,8.34553440702782,8.199121522694,6.44216691068814
"3",116,0.7,0.2,0,1000,0.05,3,22.4011713030747,17.4231332357247,19.3265007320644,20.6442166910688,20.2049780380673
