"","nvar","r","d","het","iter","alpha","strategy","p1","p2","p3","p4","p5"
"1",118,0.3,0.2,0,1000,0.05,1,73.3606557377049,15.5737704918033,5.84016393442623,2.97131147540984,2.25409836065574
"2",118,0.3,0.2,0,1000,0.05,2,73.3606557377049,15.5737704918033,5.84016393442623,2.97131147540984,2.25409836065574
"3",118,0.3,0.2,0,1000,0.05,3,26.0245901639344,18.1352459016393,19.3647540983607,17.7254098360656,18.75
