"","nvar","r","d","het","iter","alpha","strategy","p1","p2","p3","p4","p5"
"1",40,0.2,0.2,0,1000,0.05,1,64.5514223194748,17.3960612691466,8.97155361050328,5.0328227571116,4.04814004376368
"2",40,0.2,0.2,0,1000,0.05,2,64.5514223194748,17.3960612691466,8.97155361050328,5.0328227571116,4.04814004376368
"3",40,0.2,0.2,0,1000,0.05,3,29.4310722100656,19.9124726477024,19.8030634573304,15.5361050328228,15.3172866520788
