"","nvar","r","d","het","iter","alpha","strategy","p1","p2","p3","p4","p5"
"1",22,0.4,0.3,0,1000,0.05,1,66.9902912621359,13.5922330097087,7.52427184466019,7.28155339805825,4.00485436893204
"2",22,0.4,0.3,0,1000,0.05,2,66.9902912621359,13.5922330097087,7.52427184466019,7.28155339805825,4.00485436893204
"3",22,0.4,0.3,0,1000,0.05,3,37.7427184466019,19.1747572815534,14.1990291262136,15.8980582524272,12.8640776699029
