"","nvar","r","d","het","iter","alpha","strategy","p1","p2","p3","p4","p5"
"1",62,0.1,0.1,0,1000,0.05,1,63.2337796086509,22.3480947476828,7.41503604531411,4.73738414006179,2.26570545829042
"2",62,0.1,0.1,0,1000,0.05,2,63.2337796086509,22.3480947476828,7.41503604531411,4.73738414006179,2.26570545829042
"3",62,0.1,0.1,0,1000,0.05,3,25.437693099897,19.773429454171,19.4644696189495,17.7136972193615,17.610710607621
