"","nvar","r","d","het","iter","alpha","strategy","p1","p2","p3","p4","p5"
"1",80,0.4,0.2,0,1000,0.05,1,62.3620309050773,16.1147902869757,10.8167770419426,5.07726269315673,5.4083885209713
"2",80,0.4,0.2,0,1000,0.05,2,62.3620309050773,16.1147902869757,10.8167770419426,5.07726269315673,5.4083885209713
"3",80,0.4,0.2,0,1000,0.05,3,21.0816777041943,19.5364238410596,20.5298013245033,16.9977924944812,21.8543046357616
