"","nvar","r","d","het","iter","alpha","strategy","p1","p2","p3","p4","p5"
"1",142,0.2,0.2,0,1000,0.05,1,86.8605817452357,8.72617853560682,3.20962888665998,0.702106318956871,0.401203610832498
"2",142,0.2,0.2,0,1000,0.05,2,86.8605817452357,8.72617853560682,3.20962888665998,0.702106318956871,0.401203610832498
"3",142,0.2,0.2,0,1000,0.05,3,31.3941825476429,18.8565697091274,17.3520561685055,15.7472417251755,16.6499498495486
