"","nvar","r","d","het","iter","alpha","strategy","p1","p2","p3","p4","p5"
"1",168,0.6,0.2,0,1000,0.05,1,62.108922363847,16.6859791425261,9.15411355735805,6.60486674391657,5.33024333719583
"2",168,0.6,0.2,0,1000,0.05,2,62.108922363847,16.6859791425261,9.15411355735805,6.60486674391657,5.33024333719583
"3",168,0.6,0.2,0,1000,0.05,3,19.4669756662804,19.8146002317497,17.6129779837775,16.9177288528389,26.1877172653534
