"","nvar","r","d","het","iter","alpha","strategy","p1","p2","p3","p4","p5"
"1",196,0.5,0.2,0,1000,0.05,1,68.3544303797468,15.506329113924,8.33333333333333,4.64135021097046,2.9535864978903
"2",196,0.5,0.2,0,1000,0.05,2,68.3544303797468,15.506329113924,8.33333333333333,4.64135021097046,2.9535864978903
"3",196,0.5,0.2,0,1000,0.05,3,20.5696202531646,18.5654008438819,18.0379746835443,19.5147679324895,23.3122362869198
