"","nvar","r","d","het","iter","alpha","strategy","p1","p2","p3","p4","p5"
"1",86,0.9,0.1,0,1000,0.05,1,37.0909090909091,21.4545454545455,18.5454545454545,12.3636363636364,10.5454545454545
"2",86,0.9,0.1,0,1000,0.05,2,37.0909090909091,21.4545454545455,18.5454545454545,12.3636363636364,10.5454545454545
"3",86,0.9,0.1,0,1000,0.05,3,11.2727272727273,13.8181818181818,18.1818181818182,25.4545454545455,31.2727272727273
