"","nvar","r","d","het","iter","alpha","strategy","p1","p2","p3","p4","p5"
"1",164,0.9,0.1,0,1000,0.05,1,39.0769230769231,17.5384615384615,16.3076923076923,13.8461538461538,13.2307692307692
"2",164,0.9,0.1,0,1000,0.05,2,39.0769230769231,17.5384615384615,16.3076923076923,13.8461538461538,13.2307692307692
"3",164,0.9,0.1,0,1000,0.05,3,9.84615384615385,9.23076923076923,17.8461538461538,23.6923076923077,39.3846153846154
