"","nvar","r","d","het","iter","alpha","strategy","p1","p2","p3","p4","p5"
"1",30,0,0.2,0,1000,0.05,1,65.6448202959831,18.9217758985201,7.18816067653277,5.07399577167019,3.17124735729387
"2",30,0,0.2,0,1000,0.05,2,65.6448202959831,18.9217758985201,7.18816067653277,5.07399577167019,3.17124735729387
"3",30,0,0.2,0,1000,0.05,3,32.1353065539112,21.5644820295983,16.4904862579281,15.2219873150106,14.5877378435518
