"","nvar","r","d","het","iter","alpha","strategy","p1","p2","p3","p4","p5"
"1",64,0.4,0.2,0,1000,0.05,1,65.0793650793651,15.5328798185941,8.16326530612245,6.46258503401361,4.76190476190476
"2",64,0.4,0.2,0,1000,0.05,2,65.0793650793651,15.5328798185941,8.16326530612245,6.46258503401361,4.76190476190476
"3",64,0.4,0.2,0,1000,0.05,3,24.4897959183673,20.0680272108844,18.3673469387755,18.0272108843537,19.047619047619
