"","nvar","r","d","het","iter","alpha","strategy","p1","p2","p3","p4","p5"
"1",122,0.3,0.3,0,1000,0.05,1,86.6062437059416,7.15005035246727,3.32326283987915,1.61127895266868,0.604229607250755
"2",122,0.3,0.3,0,1000,0.05,2,86.6062437059416,7.15005035246727,3.32326283987915,1.61127895266868,0.604229607250755
"3",122,0.3,0.3,0,1000,0.05,3,33.4340382678751,18.8318227593152,17.6233635448137,15.4078549848943,14.6022155085599
