"","nvar","r","d","het","iter","alpha","strategy","p1","p2","p3","p4","p5"
"1",100,0.1,0.2,0,1000,0.05,1,85.5566700100301,10.0300902708124,3.10932798395186,0.601805416248746,0.702106318956871
"2",100,0.1,0.2,0,1000,0.05,2,85.5566700100301,10.0300902708124,3.10932798395186,0.601805416248746,0.702106318956871
"3",100,0.1,0.2,0,1000,0.05,3,32.296890672016,18.7562688064193,18.3550651955868,15.5466399197593,15.0451354062187
