"","nvar","r","d","het","iter","alpha","strategy","p1","p2","p3","p4","p5"
"1",48,0.4,0.2,0,1000,0.05,1,61.3173652694611,16.6467065868263,10.5389221556886,6.94610778443114,4.55089820359281
"2",48,0.4,0.2,0,1000,0.05,2,61.3173652694611,16.6467065868263,10.5389221556886,6.94610778443114,4.55089820359281
"3",48,0.4,0.2,0,1000,0.05,3,24.7904191616766,19.8802395209581,19.7604790419162,19.0419161676647,16.5269461077844
