"","nvar","r","d","het","iter","alpha","strategy","p1","p2","p3","p4","p5"
"1",196,0.1,0.1,0,1000,0.05,1,88.1881881881882,9.00900900900901,2.3023023023023,0.4004004004004,0.1001001001001
"2",196,0.1,0.1,0,1000,0.05,2,88.1881881881882,9.00900900900901,2.3023023023023,0.4004004004004,0.1001001001001
"3",196,0.1,0.1,0,1000,0.05,3,23.3233233233233,18.6186186186186,18.9189189189189,20.4204204204204,18.7187187187187
