"","nvar","r","d","het","iter","alpha","strategy","p1","p2","p3","p4","p5"
"1",162,0.5,0.1,0,1000,0.05,1,55.1066217732884,18.1818181818182,12.3456790123457,7.9685746352413,6.3973063973064
"2",162,0.5,0.1,0,1000,0.05,2,55.1066217732884,18.1818181818182,12.3456790123457,7.9685746352413,6.3973063973064
"3",162,0.5,0.1,0,1000,0.05,3,14.9270482603816,19.304152637486,19.304152637486,19.5286195286195,26.9360269360269
