"","nvar","r","d","het","iter","alpha","strategy","p1","p2","p3","p4","p5"
"1",104,0.1,0.1,0,1000,0.05,1,72.8915662650602,18.6746987951807,5.32128514056225,2.51004016064257,0.602409638554217
"2",104,0.1,0.1,0,1000,0.05,2,72.8915662650602,18.6746987951807,5.32128514056225,2.51004016064257,0.602409638554217
"3",104,0.1,0.1,0,1000,0.05,3,24.0963855421687,20.5823293172691,18.9759036144578,19.0763052208835,17.2690763052209
