"","nvar","r","d","het","iter","alpha","strategy","p1","p2","p3","p4","p5"
"1",16,0.3,0.3,0,1000,0.05,1,67.8355501813785,11.7291414752116,8.82708585247884,6.4087061668682,4.23216444981862
"2",16,0.3,0.3,0,1000,0.05,2,67.8355501813785,11.7291414752116,8.82708585247884,6.4087061668682,4.23216444981862
"3",16,0.3,0.3,0,1000,0.05,3,37.1221281741233,18.7424425634825,14.7521160822249,17.2914147521161,12.0918984280532
