"","nvar","r","d","het","iter","alpha","strategy","p1","p2","p3","p4","p5"
"1",76,0.5,0.2,0,1000,0.05,1,61.629279811098,15.702479338843,8.9728453364817,8.85478158205431,4.84061393152302
"2",76,0.5,0.2,0,1000,0.05,2,61.629279811098,15.702479338843,8.9728453364817,8.85478158205431,4.84061393152302
"3",76,0.5,0.2,0,1000,0.05,3,22.668240850059,17.7095631641086,17.7095631641086,21.2514757969303,20.6611570247934
