"","nvar","r","d","het","iter","alpha","strategy","p1","p2","p3","p4","p5"
"1",38,0.6,0.3,0,1000,0.05,1,65.8278145695364,15.2317880794702,8.60927152317881,4.37086092715232,5.56291390728477
"2",38,0.6,0.3,0,1000,0.05,2,65.8278145695364,15.2317880794702,8.60927152317881,4.37086092715232,5.56291390728477
"3",38,0.6,0.3,0,1000,0.05,3,32.5827814569536,19.3377483443709,16.0264900662252,14.1721854304636,17.7483443708609
