"","nvar","r","d","het","iter","alpha","strategy","p1","p2","p3","p4","p5"
"1",20,0.5,0.2,0,1000,0.05,1,52.6229508196721,21.4754098360656,11.1475409836066,8.19672131147541,6.39344262295082
"2",20,0.5,0.2,0,1000,0.05,2,52.6229508196721,21.4754098360656,11.1475409836066,8.19672131147541,6.39344262295082
"3",20,0.5,0.2,0,1000,0.05,3,26.3934426229508,20.1639344262295,20.4918032786885,17.7049180327869,15.2459016393443
