"","nvar","r","d","het","iter","alpha","strategy","p1","p2","p3","p4","p5"
"1",12,0.4,0.1,0,1000,0.05,1,37.1848739495798,20.1680672268908,12.6050420168067,13.4453781512605,16.5966386554622
"2",12,0.4,0.1,0,1000,0.05,2,37.1848739495798,20.1680672268908,12.6050420168067,13.4453781512605,16.5966386554622
"3",12,0.4,0.1,0,1000,0.05,3,21.6386554621849,19.9579831932773,14.9159663865546,18.4873949579832,25
