"","nvar","r","d","het","iter","alpha","strategy","p1","p2","p3","p4","p5"
"1",60,0.5,0.1,0,1000,0.05,1,46.1322081575246,19.549929676512,11.3924050632911,10.407876230661,12.5175808720113
"2",60,0.5,0.1,0,1000,0.05,2,46.1322081575246,19.549929676512,11.3924050632911,10.407876230661,12.5175808720113
"3",60,0.5,0.1,0,1000,0.05,3,15.4711673699015,20.5344585091421,16.7369901547117,20.112517580872,27.1448663853727
