"","nvar","r","d","het","iter","alpha","strategy","p1","p2","p3","p4","p5"
"1",4,0.9,0.2,0,1000,0.05,1,45.8677685950413,18.595041322314,16.1157024793388,11.9834710743802,7.43801652892562
"2",4,0.9,0.2,0,1000,0.05,2,45.8677685950413,18.595041322314,16.1157024793388,11.9834710743802,7.43801652892562
"3",4,0.9,0.2,0,1000,0.05,3,30.9917355371901,16.1157024793388,18.1818181818182,20.6611570247934,14.0495867768595
