"","nvar","r","d","het","iter","alpha","strategy","p1","p2","p3","p4","p5"
"1",64,0.6,0.3,0,1000,0.05,1,66.9191919191919,12.2474747474747,8.83838383838384,5.93434343434343,5.55555555555556
"2",64,0.6,0.3,0,1000,0.05,2,66.9191919191919,12.2474747474747,8.83838383838384,5.93434343434343,5.55555555555556
"3",64,0.6,0.3,0,1000,0.05,3,28.7878787878788,17.1717171717172,17.6767676767677,15.7828282828283,20.4545454545455
