"","nvar","r","d","het","iter","alpha","strategy","p1","p2","p3","p4","p5"
"1",42,0.1,0.1,0,1000,0.05,1,49.1803278688525,22.5136612021858,13.3333333333333,9.50819672131147,5.46448087431694
"2",42,0.1,0.1,0,1000,0.05,2,49.1803278688525,22.5136612021858,13.3333333333333,9.50819672131147,5.46448087431694
"3",42,0.1,0.1,0,1000,0.05,3,23.0601092896175,21.9672131147541,17.7049180327869,18.3606557377049,18.9071038251366
