"","nvar","r","d","het","iter","alpha","strategy","p1","p2","p3","p4","p5"
"1",190,0.8,0.1,0,1000,0.05,1,41.233140655106,16.9556840077071,15.606936416185,13.4874759152216,12.7167630057803
"2",190,0.8,0.1,0,1000,0.05,2,41.233140655106,16.9556840077071,15.606936416185,13.4874759152216,12.7167630057803
"3",190,0.8,0.1,0,1000,0.05,3,7.70712909441233,13.102119460501,20.8092485549133,26.3969171483622,31.9845857418112
