"","nvar","r","d","het","iter","alpha","strategy","p1","p2","p3","p4","p5"
"1",104,0.1,0.2,0,1000,0.05,1,88.6773547094188,8.01603206412826,2.60521042084168,0.400801603206413,0.30060120240481
"2",104,0.1,0.2,0,1000,0.05,2,88.6773547094188,8.01603206412826,2.60521042084168,0.400801603206413,0.30060120240481
"3",104,0.1,0.2,0,1000,0.05,3,31.8637274549098,17.3346693386774,19.438877755511,17.8356713426854,13.5270541082164
