"","nvar","r","d","het","iter","alpha","strategy","p1","p2","p3","p4","p5"
"1",90,0.1,0.1,0,1000,0.05,1,71.9475277497477,17.8607467204844,6.35721493440969,2.9263370332997,0.908173562058527
"2",90,0.1,0.1,0,1000,0.05,2,71.9475277497477,17.8607467204844,6.35721493440969,2.9263370332997,0.908173562058527
"3",90,0.1,0.1,0,1000,0.05,3,22.0988900100908,19.9798183652876,18.970736629667,20.4843592330979,18.4661957618567
