"","nvar","r","d","het","iter","alpha","strategy","p1","p2","p3","p4","p5"
"1",28,0.4,0.2,0,1000,0.05,1,58.9076723016905,16.6449934980494,9.62288686605982,8.58257477243173,6.24187256176853
"2",28,0.4,0.2,0,1000,0.05,2,58.9076723016905,16.6449934980494,9.62288686605982,8.58257477243173,6.24187256176853
"3",28,0.4,0.2,0,1000,0.05,3,27.6983094928479,20.2860858257477,17.295188556567,17.555266579974,17.1651495448635
