"","nvar","r","d","het","iter","alpha","strategy","p1","p2","p3","p4","p5"
"1",92,0.7,0.3,0,1000,0.05,1,65.9658344283837,14.0604467805519,8.27858081471748,5.38764783180026,5.65045992115637
"2",92,0.7,0.3,0,1000,0.05,2,65.9658344283837,14.0604467805519,8.27858081471748,5.38764783180026,5.65045992115637
"3",92,0.7,0.3,0,1000,0.05,3,27.3324572930355,17.0827858081472,17.4770039421813,17.8712220762155,20.1051248357424
