"","nvar","r","d","het","iter","alpha","strategy","p1","p2","p3","p4","p5"
"1",150,0.7,0.2,0,1000,0.05,1,57.8599735799207,16.116248348745,10.1717305151915,9.24702774108322,6.60501981505945
"2",150,0.7,0.2,0,1000,0.05,2,57.8599735799207,16.116248348745,10.1717305151915,9.24702774108322,6.60501981505945
"3",150,0.7,0.2,0,1000,0.05,3,17.4372523117569,16.5125495376486,18.0977542932629,23.5138705416116,24.4385733157199
