"","nvar","r","d","het","iter","alpha","strategy","p1","p2","p3","p4","p5"
"1",108,0.6,0.2,0,1000,0.05,1,59.8225602027883,14.9556400506971,10.3929024081115,8.36501901140684,6.4638783269962
"2",108,0.6,0.2,0,1000,0.05,2,59.8225602027883,14.9556400506971,10.3929024081115,8.36501901140684,6.4638783269962
"3",108,0.6,0.2,0,1000,0.05,3,18.6311787072243,20.532319391635,16.2230671736375,21.9264892268695,22.6869455006337
