"","nvar","r","d","het","iter","alpha","strategy","p1","p2","p3","p4","p5"
"1",30,0,0.1,0,1000,0.05,1,48.5057471264368,22.2988505747126,14.0229885057471,9.77011494252874,5.40229885057471
"2",30,0,0.1,0,1000,0.05,2,48.5057471264368,22.2988505747126,14.0229885057471,9.77011494252874,5.40229885057471
"3",30,0,0.1,0,1000,0.05,3,24.2528735632184,21.3793103448276,20.2298850574713,17.0114942528736,17.1264367816092
