"","nvar","r","d","het","iter","alpha","strategy","p1","p2","p3","p4","p5"
"1",108,0.6,0.3,0,1000,0.05,1,71.6783216783217,9.90675990675991,7.45920745920746,5.82750582750583,4.42890442890443
"2",108,0.6,0.3,0,1000,0.05,2,71.6783216783217,9.90675990675991,7.45920745920746,5.82750582750583,4.42890442890443
"3",108,0.6,0.3,0,1000,0.05,3,29.4871794871795,16.6666666666667,16.6666666666667,17.948717948718,18.997668997669
