"","nvar","r","d","het","iter","alpha","strategy","p1","p2","p3","p4","p5"
"1",112,0.2,0.3,0,1000,0.05,1,90.2902902902903,5.50550550550551,2.8028028028028,0.2002002002002,0.3003003003003
"2",112,0.2,0.3,0,1000,0.05,2,90.2902902902903,5.50550550550551,2.8028028028028,0.2002002002002,0.3003003003003
"3",112,0.2,0.3,0,1000,0.05,3,34.9349349349349,18.4184184184184,18.2182182182182,14.3143143143143,14.1141141141141
