"","nvar","r","d","het","iter","alpha","strategy","p1","p2","p3","p4","p5"
"1",80,0.6,0.1,0,1000,0.05,1,45.5357142857143,20.3869047619048,13.5416666666667,12.0535714285714,8.48214285714286
"2",80,0.6,0.1,0,1000,0.05,2,45.5357142857143,20.3869047619048,13.5416666666667,12.0535714285714,8.48214285714286
"3",80,0.6,0.1,0,1000,0.05,3,15.922619047619,15.922619047619,19.6428571428571,25.5952380952381,22.9166666666667
