"","nvar","r","d","het","iter","alpha","strategy","p1","p2","p3","p4","p5"
"1",176,0.8,0.1,0,1000,0.05,1,42.3076923076923,18.8461538461538,18.4615384615385,12.3076923076923,8.07692307692308
"2",176,0.8,0.1,0,1000,0.05,2,42.3076923076923,18.8461538461538,18.4615384615385,12.3076923076923,8.07692307692308
"3",176,0.8,0.1,0,1000,0.05,3,8.84615384615385,14.8076923076923,21.3461538461538,26.7307692307692,28.2692307692308
