"","nvar","r","d","het","iter","alpha","strategy","p1","p2","p3","p4","p5"
"1",68,0.2,0.2,0,1000,0.05,1,72.4922440537746,13.6504653567735,7.7559462254395,4.23991726990693,1.86142709410548
"2",68,0.2,0.2,0,1000,0.05,2,72.4922440537746,13.6504653567735,7.7559462254395,4.23991726990693,1.86142709410548
"3",68,0.2,0.2,0,1000,0.05,3,27.1975180972079,20.5791106514995,18.4074457083764,17.4767321613237,16.3391933815926
