"","nvar","r","d","het","iter","alpha","strategy","p1","p2","p3","p4","p5"
"1",96,0.3,0.2,0,1000,0.05,1,75.0769230769231,13.8461538461538,5.64102564102564,4.1025641025641,1.33333333333333
"2",96,0.3,0.2,0,1000,0.05,2,75.0769230769231,13.8461538461538,5.64102564102564,4.1025641025641,1.33333333333333
"3",96,0.3,0.2,0,1000,0.05,3,27.6923076923077,17.8461538461538,19.5897435897436,17.8461538461538,17.025641025641
