"","nvar","r","d","het","iter","alpha","strategy","p1","p2","p3","p4","p5"
"1",124,0.4,0.2,0,1000,0.05,1,71.0691823899371,14.6750524109015,7.75681341719078,4.08805031446541,2.41090146750524
"2",124,0.4,0.2,0,1000,0.05,2,71.0691823899371,14.6750524109015,7.75681341719078,4.08805031446541,2.41090146750524
"3",124,0.4,0.2,0,1000,0.05,3,23.6897274633124,18.5534591194969,20.440251572327,18.3438155136268,18.9727463312369
