"","nvar","r","d","het","iter","alpha","strategy","p1","p2","p3","p4","p5"
"1",12,0,0.3,0,1000,0.05,1,66.2146892655367,14.4632768361582,9.37853107344633,5.87570621468927,3.61581920903955
"2",12,0,0.3,0,1000,0.05,2,66.2146892655367,14.4632768361582,9.37853107344633,5.87570621468927,3.61581920903955
"3",12,0,0.3,0,1000,0.05,3,41.9209039548023,17.5141242937853,16.1581920903955,13.4463276836158,10.9604519774011
