"","nvar","r","d","het","iter","alpha","strategy","p1","p2","p3","p4","p5"
"1",190,0.6,0.3,0,1000,0.05,1,75.4945054945055,10.1098901098901,6.48351648351648,3.62637362637363,3.18681318681319
"2",190,0.6,0.3,0,1000,0.05,2,75.4945054945055,10.1098901098901,6.48351648351648,3.62637362637363,3.18681318681319
"3",190,0.6,0.3,0,1000,0.05,3,27.9120879120879,16.4835164835165,16.4835164835165,18.5714285714286,20.2197802197802
