"","nvar","r","d","het","iter","alpha","strategy","p1","p2","p3","p4","p5"
"1",40,0.6,0.3,0,1000,0.05,1,66.1498708010336,14.0826873385013,8.39793281653747,6.2015503875969,4.39276485788114
"2",40,0.6,0.3,0,1000,0.05,2,66.1498708010336,14.0826873385013,8.39793281653747,6.2015503875969,4.39276485788114
"3",40,0.6,0.3,0,1000,0.05,3,29.8449612403101,18.2170542635659,18.8630490956072,16.5374677002584,16.4082687338501
