"","nvar","r","d","het","iter","alpha","strategy","p1","p2","p3","p4","p5"
"1",170,0.5,0.3,0,1000,0.05,1,77.4869109947644,9.94764397905759,5.6544502617801,3.35078534031414,2.72251308900524
"2",170,0.5,0.3,0,1000,0.05,2,77.4869109947644,9.94764397905759,5.6544502617801,3.35078534031414,2.72251308900524
"3",170,0.5,0.3,0,1000,0.05,3,28.3769633507853,16.1256544502618,17.696335078534,17.696335078534,19.8952879581152
