"","nvar","r","d","het","iter","alpha","strategy","p1","p2","p3","p4","p5"
"1",80,0,0.2,0,1000,0.05,1,89.3893893893894,8.00800800800801,1.7017017017017,0.4004004004004,0.2002002002002
"2",80,0,0.2,0,1000,0.05,2,89.3893893893894,8.00800800800801,1.7017017017017,0.4004004004004,0.2002002002002
"3",80,0,0.2,0,1000,0.05,3,33.3333333333333,17.9179179179179,18.1181181181181,15.8158158158158,14.8148148148148
