"","nvar","r","d","het","iter","alpha","strategy","p1","p2","p3","p4","p5"
"1",132,0,0.1,0,1000,0.05,1,87.987987987988,10.7107107107107,1.1011011011011,0.2002002002002,0
"2",132,0,0.1,0,1000,0.05,2,87.987987987988,10.7107107107107,1.1011011011011,0.2002002002002,0
"3",132,0,0.1,0,1000,0.05,3,25.8258258258258,19.5195195195195,18.5185185185185,17.8178178178178,18.3183183183183
