"","nvar","r","d","het","iter","alpha","strategy","p1","p2","p3","p4","p5"
"1",98,0.6,0.2,0,1000,0.05,1,57.549504950495,16.7079207920792,12.0049504950495,7.7970297029703,5.81683168316832
"2",98,0.6,0.2,0,1000,0.05,2,57.549504950495,16.7079207920792,12.0049504950495,7.7970297029703,5.81683168316832
"3",98,0.6,0.2,0,1000,0.05,3,19.5544554455446,16.460396039604,20.5445544554455,21.039603960396,22.4009900990099
