"","nvar","r","d","het","iter","alpha","strategy","p1","p2","p3","p4","p5"
"1",158,0.3,0.2,0,1000,0.05,1,79.1120080726539,13.2189707366297,3.73360242179617,2.9263370332997,0.908173562058527
"2",158,0.3,0.2,0,1000,0.05,2,79.1120080726539,13.2189707366297,3.73360242179617,2.9263370332997,0.908173562058527
"3",158,0.3,0.2,0,1000,0.05,3,23.2088799192735,21.2916246215943,17.9616548940464,19.3743693239152,18.1634712411705
