"","nvar","r","d","het","iter","alpha","strategy","p1","p2","p3","p4","p5"
"1",94,0.9,0.1,0,1000,0.05,1,35.3741496598639,23.1292517006803,15.3061224489796,13.265306122449,12.9251700680272
"2",94,0.9,0.1,0,1000,0.05,2,35.3741496598639,23.1292517006803,15.3061224489796,13.265306122449,12.9251700680272
"3",94,0.9,0.1,0,1000,0.05,3,9.18367346938776,12.9251700680272,18.0272108843537,22.4489795918367,37.4149659863946
