"","nvar","r","d","het","iter","alpha","strategy","p1","p2","p3","p4","p5"
"1",64,0.5,0.2,0,1000,0.05,1,59.2821782178218,15.8415841584158,9.77722772277228,8.41584158415842,6.68316831683168
"2",64,0.5,0.2,0,1000,0.05,2,59.2821782178218,15.8415841584158,9.77722772277228,8.41584158415842,6.68316831683168
"3",64,0.5,0.2,0,1000,0.05,3,21.9059405940594,19.6782178217822,17.3267326732673,19.3069306930693,21.7821782178218
