"","nvar","r","d","het","iter","alpha","strategy","p1","p2","p3","p4","p5"
"1",184,0.2,0.3,0,1000,0.05,1,94.5891783567134,3.2064128256513,0.501002004008016,0.501002004008016,0.100200400801603
"2",184,0.2,0.3,0,1000,0.05,2,94.5891783567134,3.2064128256513,0.501002004008016,0.501002004008016,0.100200400801603
"3",184,0.2,0.3,0,1000,0.05,3,35.4709418837675,20.9418837675351,15.4308617234469,15.7314629258517,12.3246492985972
