"","nvar","r","d","het","iter","alpha","strategy","p1","p2","p3","p4","p5"
"1",18,0.9,0.2,0,1000,0.05,1,48.2093663911846,19.2837465564738,12.6721763085399,12.396694214876,7.43801652892562
"2",18,0.9,0.2,0,1000,0.05,2,48.2093663911846,19.2837465564738,12.6721763085399,12.396694214876,7.43801652892562
"3",18,0.9,0.2,0,1000,0.05,3,26.4462809917355,15.702479338843,15.4269972451791,23.9669421487603,18.4573002754821
