"","nvar","r","d","het","iter","alpha","strategy","p1","p2","p3","p4","p5"
"1",24,0.5,0.3,0,1000,0.05,1,64.0801001251564,13.7672090112641,10.7634543178974,5.75719649561952,4.8811013767209
"2",24,0.5,0.3,0,1000,0.05,2,64.0801001251564,13.7672090112641,10.7634543178974,5.75719649561952,4.8811013767209
"3",24,0.5,0.3,0,1000,0.05,3,34.2928660826033,17.3967459324155,20.1501877346683,15.0187734668335,13.0162703379224
