"","nvar","r","d","het","iter","alpha","strategy","p1","p2","p3","p4","p5"
"1",52,0.3,0.1,0,1000,0.05,1,51.3888888888889,19.0972222222222,14.3518518518519,9.49074074074074,5.6712962962963
"2",52,0.3,0.1,0,1000,0.05,2,51.3888888888889,19.0972222222222,14.3518518518519,9.49074074074074,5.6712962962963
"3",52,0.3,0.1,0,1000,0.05,3,20.4861111111111,20.2546296296296,21.1805555555556,18.6342592592593,19.4444444444444
