"","nvar","r","d","het","iter","alpha","strategy","p1","p2","p3","p4","p5"
"1",2,0.3,0.2,0,1000,0.05,1,50,17.037037037037,14.8148148148148,12.5925925925926,5.55555555555556
"2",2,0.3,0.2,0,1000,0.05,2,50,17.037037037037,14.8148148148148,12.5925925925926,5.55555555555556
"3",2,0.3,0.2,0,1000,0.05,3,44.4444444444444,19.2592592592593,15.9259259259259,14.4444444444444,5.92592592592593
