"","nvar","r","d","het","iter","alpha","strategy","p1","p2","p3","p4","p5"
"1",170,0.4,0.3,0,1000,0.05,1,82.8893442622951,8.81147540983607,4.40573770491803,1.74180327868852,1.63934426229508
"2",170,0.4,0.3,0,1000,0.05,2,82.8893442622951,8.81147540983607,4.40573770491803,1.74180327868852,1.63934426229508
"3",170,0.4,0.3,0,1000,0.05,3,31.9672131147541,17.7254098360656,16.5983606557377,16.7008196721311,17.0081967213115
