"","nvar","r","d","het","iter","alpha","strategy","p1","p2","p3","p4","p5"
"1",198,0.4,0.2,0,1000,0.05,1,73.4215885947047,14.2566191446028,6.5173116089613,4.27698574338086,1.32382892057026
"2",198,0.4,0.2,0,1000,0.05,2,73.4215885947047,14.2566191446028,6.5173116089613,4.27698574338086,1.32382892057026
"3",198,0.4,0.2,0,1000,0.05,3,21.5885947046843,17.8207739307536,20.6720977596741,21.4867617107943,18.4317718940937
