"","nvar","r","d","het","iter","alpha","strategy","p1","p2","p3","p4","p5"
"1",20,0.1,0.2,0,1000,0.05,1,58.472553699284,16.3484486873508,11.8138424821002,7.27923627684964,6.08591885441527
"2",20,0.1,0.2,0,1000,0.05,2,58.472553699284,16.3484486873508,11.8138424821002,7.27923627684964,6.08591885441527
"3",20,0.1,0.2,0,1000,0.05,3,32.5775656324582,17.8997613365155,17.8997613365155,15.035799522673,16.5871121718377
