"","nvar","r","d","het","iter","alpha","strategy","p1","p2","p3","p4","p5"
"1",160,0.7,0.1,0,1000,0.05,1,42.5696594427245,22.7554179566563,14.7058823529412,11.7647058823529,8.20433436532508
"2",160,0.7,0.1,0,1000,0.05,2,42.5696594427245,22.7554179566563,14.7058823529412,11.7647058823529,8.20433436532508
"3",160,0.7,0.1,0,1000,0.05,3,9.75232198142415,17.3374613003096,21.9814241486068,24.7678018575851,26.1609907120743
