"","nvar","r","d","het","iter","alpha","strategy","p1","p2","p3","p4","p5"
"1",24,0,0.1,0,1000,0.05,1,44.8979591836735,22.5690276110444,14.765906362545,10.3241296518607,7.44297719087635
"2",24,0,0.1,0,1000,0.05,2,44.8979591836735,22.5690276110444,14.765906362545,10.3241296518607,7.44297719087635
"3",24,0,0.1,0,1000,0.05,3,25.8103241296519,19.327731092437,19.4477791116447,17.6470588235294,17.7671068427371
