"","nvar","r","d","het","iter","alpha","strategy","p1","p2","p3","p4","p5"
"1",122,0.4,0.3,0,1000,0.05,1,78.2077393075356,11.5071283095723,5.39714867617108,2.34215885947047,1.22199592668024
"2",122,0.4,0.3,0,1000,0.05,2,78.2077393075356,11.5071283095723,5.39714867617108,2.34215885947047,1.22199592668024
"3",122,0.4,0.3,0,1000,0.05,3,34.3177189409369,19.1446028513238,14.1547861507128,15.4786150712831,16.8024439918534
