"","nvar","r","d","het","iter","alpha","strategy","p1","p2","p3","p4","p5"
"1",94,0.7,0.1,0,1000,0.05,1,40.3197158081705,20.4262877442274,14.7424511545293,12.2557726465364,12.2557726465364
"2",94,0.7,0.1,0,1000,0.05,2,40.3197158081705,20.4262877442274,14.7424511545293,12.2557726465364,12.2557726465364
"3",94,0.7,0.1,0,1000,0.05,3,10.6571936056838,14.0319715808171,20.0710479573712,24.5115452930728,30.7282415630551
