"","nvar","r","d","het","iter","alpha","strategy","p1","p2","p3","p4","p5"
"1",138,0.7,0.2,0,1000,0.05,1,57.0815450643777,15.0214592274678,11.587982832618,8.15450643776824,8.15450643776824
"2",138,0.7,0.2,0,1000,0.05,2,57.0815450643777,15.0214592274678,11.587982832618,8.15450643776824,8.15450643776824
"3",138,0.7,0.2,0,1000,0.05,3,16.8812589413448,15.5937052932761,19.8855507868383,20.3147353361946,27.3247496423462
