"","nvar","r","d","het","iter","alpha","strategy","p1","p2","p3","p4","p5"
"1",192,0.3,0.3,0,1000,0.05,1,88.5885885885886,6.40640640640641,2.3023023023023,1.2012012012012,0.600600600600601
"2",192,0.3,0.3,0,1000,0.05,2,88.5885885885886,6.40640640640641,2.3023023023023,1.2012012012012,0.600600600600601
"3",192,0.3,0.3,0,1000,0.05,3,29.9299299299299,18.9189189189189,17.9179179179179,15.9159159159159,17.1171171171171
