"","nvar","r","d","het","iter","alpha","strategy","p1","p2","p3","p4","p5"
"1",40,0.2,0.3,0,1000,0.05,1,77.1488469601677,11.0062893081761,6.18448637316562,2.72536687631027,2.30607966457023
"2",40,0.2,0.3,0,1000,0.05,2,77.1488469601677,11.0062893081761,6.18448637316562,2.72536687631027,2.30607966457023
"3",40,0.2,0.3,0,1000,0.05,3,36.4779874213836,19.0775681341719,17.0859538784067,14.7798742138365,12.4737945492662
