"","nvar","r","d","het","iter","alpha","strategy","p1","p2","p3","p4","p5"
"1",182,0.6,0.2,0,1000,0.05,1,61.8285714285714,13.9428571428571,10.8571428571429,7.08571428571429,6.28571428571429
"2",182,0.6,0.2,0,1000,0.05,2,61.8285714285714,13.9428571428571,10.8571428571429,7.08571428571429,6.28571428571429
"3",182,0.6,0.2,0,1000,0.05,3,19.8857142857143,16.4571428571429,18.6285714285714,22.4,22.6285714285714
