"","nvar","r","d","het","iter","alpha","strategy","p1","p2","p3","p4","p5"
"1",58,0.4,0.2,0,1000,0.05,1,62.183908045977,17.2413793103448,9.88505747126437,7.01149425287356,3.67816091954023
"2",58,0.4,0.2,0,1000,0.05,2,62.183908045977,17.2413793103448,9.88505747126437,7.01149425287356,3.67816091954023
"3",58,0.4,0.2,0,1000,0.05,3,24.5977011494253,18.3908045977011,22.0689655172414,16.2068965517241,18.735632183908
