"","nvar","r","d","het","iter","alpha","strategy","p1","p2","p3","p4","p5"
"1",118,0.1,0.1,0,1000,0.05,1,76.6599597585513,16.7002012072435,4.12474849094567,2.31388329979879,0.201207243460765
"2",118,0.1,0.1,0,1000,0.05,2,76.6599597585513,16.7002012072435,4.12474849094567,2.31388329979879,0.201207243460765
"3",118,0.1,0.1,0,1000,0.05,3,22.3340040241449,20.0201207243461,22.2334004024145,20.0201207243461,15.3923541247485
