"","nvar","r","d","het","iter","alpha","strategy","p1","p2","p3","p4","p5"
"1",108,0.7,0.2,0,1000,0.05,1,56.4722617354196,17.2119487908962,9.53058321479374,9.10384068278805,7.68136557610242
"2",108,0.7,0.2,0,1000,0.05,2,56.4722617354196,17.2119487908962,9.53058321479374,9.10384068278805,7.68136557610242
"3",108,0.7,0.2,0,1000,0.05,3,19.203413940256,15.647226173542,21.1948790896159,20.3413940256046,23.6130867709815
