"","nvar","r","d","het","iter","alpha","strategy","p1","p2","p3","p4","p5"
"1",88,0.3,0.3,0,1000,0.05,1,81.2563323201621,9.11854103343465,4.66058763931104,2.63424518743668,1.51975683890578
"2",88,0.3,0.3,0,1000,0.05,2,81.2563323201621,9.11854103343465,4.66058763931104,2.63424518743668,1.51975683890578
"3",88,0.3,0.3,0,1000,0.05,3,34.6504559270517,18.2370820668693,14.8936170212766,15.096251266464,16.8186423505572
