"","nvar","r","d","het","iter","alpha","strategy","p1","p2","p3","p4","p5"
"1",180,0.9,0.1,0,1000,0.05,1,37.4251497005988,18.2634730538922,19.7604790419162,11.6766467065868,12.874251497006
"2",180,0.9,0.1,0,1000,0.05,2,37.4251497005988,18.2634730538922,19.7604790419162,11.6766467065868,12.874251497006
"3",180,0.9,0.1,0,1000,0.05,3,7.48502994011976,13.1736526946108,14.6706586826347,25.748502994012,38.9221556886228
