"","nvar","r","d","het","iter","alpha","strategy","p1","p2","p3","p4","p5"
"1",48,0.5,0.3,0,1000,0.05,1,70.1283547257876,14.7024504084014,5.8343057176196,5.13418903150525,3.85064177362894
"2",48,0.5,0.3,0,1000,0.05,2,70.1283547257876,14.7024504084014,5.8343057176196,5.13418903150525,3.85064177362894
"3",48,0.5,0.3,0,1000,0.05,3,32.6721120186698,19.4865810968495,16.3360560093349,15.9859976662777,15.2858809801634
