"","nvar","r","d","het","iter","alpha","strategy","p1","p2","p3","p4","p5"
"1",32,0.7,0.2,0,1000,0.05,1,52.3049645390071,18.0851063829787,12.4113475177305,9.04255319148936,8.15602836879433
"2",32,0.7,0.2,0,1000,0.05,2,52.3049645390071,18.0851063829787,12.4113475177305,9.04255319148936,8.15602836879433
"3",32,0.7,0.2,0,1000,0.05,3,21.0992907801418,15.6028368794326,20.2127659574468,20.2127659574468,22.8723404255319
