"","nvar","r","d","het","iter","alpha","strategy","p1","p2","p3","p4","p5"
"1",176,0.5,0.2,0,1000,0.05,1,67.9871520342612,15.524625267666,7.70877944325482,5.35331905781585,3.42612419700214
"2",176,0.5,0.2,0,1000,0.05,2,67.9871520342612,15.524625267666,7.70877944325482,5.35331905781585,3.42612419700214
"3",176,0.5,0.2,0,1000,0.05,3,21.7344753747323,19.271948608137,17.0235546038544,20.4496788008565,21.5203426124197
