"","nvar","r","d","het","iter","alpha","strategy","p1","p2","p3","p4","p5"
"1",118,0.2,0.3,0,1000,0.05,1,89.3574297188755,5.72289156626506,2.61044176706827,0.803212851405622,0.301204819277108
"2",118,0.2,0.3,0,1000,0.05,2,89.3574297188755,5.72289156626506,2.61044176706827,0.803212851405622,0.301204819277108
"3",118,0.2,0.3,0,1000,0.05,3,36.0441767068273,19.0763052208835,17.570281124498,14.6586345381526,12.14859437751
