"","nvar","r","d","het","iter","alpha","strategy","p1","p2","p3","p4","p5"
"1",126,0.5,0.3,0,1000,0.05,1,75.9493670886076,10.2320675105485,6.22362869198312,4.64135021097046,2.0042194092827
"2",126,0.5,0.3,0,1000,0.05,2,75.9493670886076,10.2320675105485,6.22362869198312,4.64135021097046,2.0042194092827
"3",126,0.5,0.3,0,1000,0.05,3,31.1181434599156,17.0886075949367,17.0886075949367,19.1983122362869,15.4008438818565
