"","nvar","r","d","het","iter","alpha","strategy","p1","p2","p3","p4","p5"
"1",32,0.7,0.3,0,1000,0.05,1,65.0145772594752,12.9737609329446,9.18367346938776,6.70553935860058,4.81049562682216
"2",32,0.7,0.3,0,1000,0.05,2,65.0145772594752,12.9737609329446,9.18367346938776,6.70553935860058,4.81049562682216
"3",32,0.7,0.3,0,1000,0.05,3,30.6122448979592,16.6180758017493,18.0758017492711,17.201166180758,16.9096209912536
