"","nvar","r","d","het","iter","alpha","strategy","p1","p2","p3","p4","p5"
"1",22,0.6,0.3,0,1000,0.05,1,63.1724137931034,14.6206896551724,9.6551724137931,6.48275862068965,5.10344827586207
"2",22,0.6,0.3,0,1000,0.05,2,63.1724137931034,14.6206896551724,9.6551724137931,6.48275862068965,5.10344827586207
"3",22,0.6,0.3,0,1000,0.05,3,34.2068965517241,18.3448275862069,16.8275862068966,13.7931034482759,16.551724137931
