"","nvar","r","d","het","iter","alpha","strategy","p1","p2","p3","p4","p5"
"1",138,0.9,0.1,0,1000,0.05,1,35.6707317073171,17.9878048780488,20.1219512195122,14.9390243902439,11.280487804878
"2",138,0.9,0.1,0,1000,0.05,2,35.6707317073171,17.9878048780488,20.1219512195122,14.9390243902439,11.280487804878
"3",138,0.9,0.1,0,1000,0.05,3,9.45121951219512,7.01219512195122,18.5975609756098,27.4390243902439,37.5
