"","nvar","r","d","het","iter","alpha","strategy","p1","p2","p3","p4","p5"
"1",198,0.9,0.1,0,1000,0.05,1,38.5802469135802,25,12.3456790123457,14.8148148148148,9.25925925925926
"2",198,0.9,0.1,0,1000,0.05,2,38.5802469135802,25,12.3456790123457,14.8148148148148,9.25925925925926
"3",198,0.9,0.1,0,1000,0.05,3,6.79012345679012,14.5061728395062,16.0493827160494,26.2345679012346,36.4197530864198
