"","nvar","r","d","het","iter","alpha","strategy","p1","p2","p3","p4","p5"
"1",78,0.8,0.1,0,1000,0.05,1,40.1002506265664,20.5513784461153,12.531328320802,15.5388471177945,11.2781954887218
"2",78,0.8,0.1,0,1000,0.05,2,40.1002506265664,20.5513784461153,12.531328320802,15.5388471177945,11.2781954887218
"3",78,0.8,0.1,0,1000,0.05,3,10.5263157894737,15.7894736842105,15.0375939849624,27.3182957393484,31.328320802005
