"","nvar","r","d","het","iter","alpha","strategy","p1","p2","p3","p4","p5"
"1",132,0.6,0.2,0,1000,0.05,1,60.8536585365854,16.7073170731707,9.51219512195122,8.29268292682927,4.63414634146341
"2",132,0.6,0.2,0,1000,0.05,2,60.8536585365854,16.7073170731707,9.51219512195122,8.29268292682927,4.63414634146341
"3",132,0.6,0.2,0,1000,0.05,3,18.0487804878049,20.609756097561,20.3658536585366,22.6829268292683,18.2926829268293
