"","nvar","r","d","het","iter","alpha","strategy","p1","p2","p3","p4","p5"
"1",62,0.9,0.1,0,1000,0.05,1,35.4243542435424,21.0332103321033,17.3431734317343,12.9151291512915,13.2841328413284
"2",62,0.9,0.1,0,1000,0.05,2,35.4243542435424,21.0332103321033,17.3431734317343,12.9151291512915,13.2841328413284
"3",62,0.9,0.1,0,1000,0.05,3,10.3321033210332,10.3321033210332,21.0332103321033,23.2472324723247,35.0553505535055
