"","nvar","r","d","het","iter","alpha","strategy","p1","p2","p3","p4","p5"
"1",142,0.5,0.2,0,1000,0.05,1,66.775956284153,15.4098360655738,7.75956284153005,5.79234972677596,4.26229508196721
"2",142,0.5,0.2,0,1000,0.05,2,66.775956284153,15.4098360655738,7.75956284153005,5.79234972677596,4.26229508196721
"3",142,0.5,0.2,0,1000,0.05,3,20.7650273224044,19.2349726775956,18.5792349726776,19.7814207650273,21.6393442622951
