"","nvar","r","d","het","iter","alpha","strategy","p1","p2","p3","p4","p5"
"1",130,0.8,0.2,0,1000,0.05,1,52.5951557093426,19.3771626297578,12.4567474048443,8.65051903114187,6.9204152249135
"2",130,0.8,0.2,0,1000,0.05,2,52.5951557093426,19.3771626297578,12.4567474048443,8.65051903114187,6.9204152249135
"3",130,0.8,0.2,0,1000,0.05,3,17.6470588235294,14.1868512110727,18.8581314878893,23.356401384083,25.9515570934256
