"","nvar","r","d","het","iter","alpha","strategy","p1","p2","p3","p4","p5"
"1",100,0.5,0.3,0,1000,0.05,1,71.8614718614719,13.5281385281385,6.06060606060606,4.54545454545455,3.03030303030303
"2",100,0.5,0.3,0,1000,0.05,2,71.8614718614719,13.5281385281385,6.06060606060606,4.54545454545455,3.03030303030303
"3",100,0.5,0.3,0,1000,0.05,3,30.952380952381,18.2900432900433,17.5324675324675,16.3419913419913,16.6666666666667
