"","nvar","r","d","het","iter","alpha","strategy","p1","p2","p3","p4","p5"
"1",166,0.2,0.2,0,1000,0.05,1,87.6753507014028,8.41683366733467,3.1062124248497,0.30060120240481,0.200400801603206
"2",166,0.2,0.2,0,1000,0.05,2,87.6753507014028,8.41683366733467,3.1062124248497,0.30060120240481,0.200400801603206
"3",166,0.2,0.2,0,1000,0.05,3,29.6593186372746,17.8356713426854,18.937875751503,18.1362725450902,15.4308617234469
