"","nvar","r","d","het","iter","alpha","strategy","p1","p2","p3","p4","p5"
"1",22,0.5,0.3,0,1000,0.05,1,64.2297650130548,13.0548302872063,9.66057441253264,6.78851174934726,5.6135770234987
"2",22,0.5,0.3,0,1000,0.05,2,64.2297650130548,13.0548302872063,9.66057441253264,6.78851174934726,5.6135770234987
"3",22,0.5,0.3,0,1000,0.05,3,32.7676240208877,19.0600522193212,17.8851174934726,14.8825065274151,15.2741514360313
