"","nvar","r","d","het","iter","alpha","strategy","p1","p2","p3","p4","p5"
"1",98,0.2,0.3,0,1000,0.05,1,89.0672016048144,6.51955867602808,1.70511534603811,0.802407221664995,1.10330992978937
"2",98,0.2,0.3,0,1000,0.05,2,89.0672016048144,6.51955867602808,1.70511534603811,0.802407221664995,1.10330992978937
"3",98,0.2,0.3,0,1000,0.05,3,36.308926780341,17.9538615847543,16.5496489468405,15.2457372116349,13.5406218655968
