"","nvar","r","d","het","iter","alpha","strategy","p1","p2","p3","p4","p5"
"1",8,0.2,0.3,0,1000,0.05,1,58.3001328021248,15.2722443559097,10.7569721115538,8.63213811420983,6.24169986719787
"2",8,0.2,0.3,0,1000,0.05,2,58.3001328021248,15.2722443559097,10.7569721115538,8.63213811420983,6.24169986719787
"3",8,0.2,0.3,0,1000,0.05,3,39.0438247011952,18.9907038512616,14.6082337317397,13.9442231075697,13.2802124833997
