"","nvar","r","d","het","iter","alpha","strategy","p1","p2","p3","p4","p5"
"1",192,0.4,0.2,0,1000,0.05,1,76.6153846153846,12.8205128205128,5.64102564102564,3.48717948717949,1.43589743589744
"2",192,0.4,0.2,0,1000,0.05,2,76.6153846153846,12.8205128205128,5.64102564102564,3.48717948717949,1.43589743589744
"3",192,0.4,0.2,0,1000,0.05,3,24.1025641025641,21.5384615384615,19.0769230769231,17.5384615384615,17.7435897435897
