"","nvar","r","d","het","iter","alpha","strategy","p1","p2","p3","p4","p5"
"1",134,0.4,0.3,0,1000,0.05,1,79.8767967145791,10.1642710472279,5.03080082135524,2.56673511293634,1.54004106776181
"2",134,0.4,0.3,0,1000,0.05,2,79.8767967145791,10.1642710472279,5.03080082135524,2.56673511293634,1.54004106776181
"3",134,0.4,0.3,0,1000,0.05,3,30.2874743326489,17.7618069815195,18.6858316221766,16.8377823408624,16.2217659137577
