"","nvar","r","d","het","iter","alpha","strategy","p1","p2","p3","p4","p5"
"1",36,0.2,0.3,0,1000,0.05,1,77.115987460815,9.61337513061651,6.26959247648903,2.92580982236155,3.03030303030303
"2",36,0.2,0.3,0,1000,0.05,2,77.115987460815,9.61337513061651,6.26959247648903,2.92580982236155,3.03030303030303
"3",36,0.2,0.3,0,1000,0.05,3,36.5726227795193,17.1368861024033,16.19644723093,14.4200626959248,15.5694879832811
