"","nvar","r","d","het","iter","alpha","strategy","p1","p2","p3","p4","p5"
"1",130,0.3,0.2,0,1000,0.05,1,78.0364372469636,11.9433198380567,5.36437246963563,3.03643724696356,1.61943319838057
"2",130,0.3,0.2,0,1000,0.05,2,78.0364372469636,11.9433198380567,5.36437246963563,3.03643724696356,1.61943319838057
"3",130,0.3,0.2,0,1000,0.05,3,29.5546558704453,17.914979757085,18.2186234817814,18.3198380566802,15.9919028340081
