"","nvar","r","d","het","iter","alpha","strategy","p1","p2","p3","p4","p5"
"1",124,0.2,0.1,0,1000,0.05,1,73.2862903225807,17.5403225806452,6.1491935483871,1.91532258064516,1.10887096774194
"2",124,0.2,0.1,0,1000,0.05,2,73.2862903225807,17.5403225806452,6.1491935483871,1.91532258064516,1.10887096774194
"3",124,0.2,0.1,0,1000,0.05,3,21.1693548387097,20.4637096774194,20.866935483871,18.6491935483871,18.8508064516129
