"","nvar","r","d","het","iter","alpha","strategy","p1","p2","p3","p4","p5"
"1",6,0.2,0.1,0,1000,0.05,1,28.1976744186047,20.9302325581395,19.7674418604651,13.3720930232558,17.7325581395349
"2",6,0.2,0.1,0,1000,0.05,2,28.1976744186047,20.9302325581395,19.7674418604651,13.3720930232558,17.7325581395349
"3",6,0.2,0.1,0,1000,0.05,3,21.8023255813953,20.0581395348837,19.4767441860465,15.9883720930233,22.6744186046512
