"","nvar","r","d","het","iter","alpha","strategy","p1","p2","p3","p4","p5"
"1",128,0.4,0.2,0,1000,0.05,1,70.7342295760083,13.2368148914168,7.96277145811789,5.06721820062048,2.99896587383661
"2",128,0.4,0.2,0,1000,0.05,2,70.7342295760083,13.2368148914168,7.96277145811789,5.06721820062048,2.99896587383661
"3",128,0.4,0.2,0,1000,0.05,3,23.3712512926577,18.8210961737332,18.6142709410548,20.1654601861427,19.0279214064116
