"","nvar","r","d","het","iter","alpha","strategy","p1","p2","p3","p4","p5"
"1",82,0.5,0.3,0,1000,0.05,1,70.5494505494506,13.7362637362637,6.04395604395604,5.16483516483516,3.51648351648352
"2",82,0.5,0.3,0,1000,0.05,2,70.5494505494506,13.7362637362637,6.04395604395604,5.16483516483516,3.51648351648352
"3",82,0.5,0.3,0,1000,0.05,3,29.6703296703297,17.3626373626374,17.1428571428571,17.3626373626374,18.021978021978
