"","nvar","r","d","het","iter","alpha","strategy","p1","p2","p3","p4","p5"
"1",190,0.5,0.1,0,1000,0.05,1,55.4585152838428,20.1965065502183,10.8078602620087,8.62445414847162,4.91266375545851
"2",190,0.5,0.1,0,1000,0.05,2,55.4585152838428,20.1965065502183,10.8078602620087,8.62445414847162,4.91266375545851
"3",190,0.5,0.1,0,1000,0.05,3,14.0829694323144,18.4497816593886,20.4148471615721,22.4890829694323,24.5633187772926
