"","nvar","r","d","het","iter","alpha","strategy","p1","p2","p3","p4","p5"
"1",98,0.1,0.1,0,1000,0.05,1,74.6492985971944,15.8316633266533,5.71142284569138,2.60521042084168,1.20240480961924
"2",98,0.1,0.1,0,1000,0.05,2,74.6492985971944,15.8316633266533,5.71142284569138,2.60521042084168,1.20240480961924
"3",98,0.1,0.1,0,1000,0.05,3,24.248496993988,19.3386773547094,21.5430861723447,17.434869739479,17.434869739479
