"","nvar","r","d","het","iter","alpha","strategy","p1","p2","p3","p4","p5"
"1",44,0.8,0.2,0,1000,0.05,1,54.2682926829268,16.4634146341463,9.95934959349593,9.95934959349593,9.34959349593496
"2",44,0.8,0.2,0,1000,0.05,2,54.2682926829268,16.4634146341463,9.95934959349593,9.95934959349593,9.34959349593496
"3",44,0.8,0.2,0,1000,0.05,3,22.3577235772358,16.0569105691057,16.6666666666667,21.5447154471545,23.3739837398374
