"","nvar","r","d","het","iter","alpha","strategy","p1","p2","p3","p4","p5"
"1",180,0.7,0.2,0,1000,0.05,1,57.6454668470907,15.2909336941813,11.0960757780785,8.66035182679296,7.30717185385656
"2",180,0.7,0.2,0,1000,0.05,2,57.6454668470907,15.2909336941813,11.0960757780785,8.66035182679296,7.30717185385656
"3",180,0.7,0.2,0,1000,0.05,3,17.7266576454668,15.426251691475,19.2151556156969,21.786197564276,25.8457374830853
