"","nvar","r","d","het","iter","alpha","strategy","p1","p2","p3","p4","p5"
"1",144,0.3,0.2,0,1000,0.05,1,81.4141414141414,11.2121212121212,4.64646464646465,1.71717171717172,1.01010101010101
"2",144,0.3,0.2,0,1000,0.05,2,81.4141414141414,11.2121212121212,4.64646464646465,1.71717171717172,1.01010101010101
"3",144,0.3,0.2,0,1000,0.05,3,27.2727272727273,21.010101010101,18.6868686868687,17.5757575757576,15.4545454545455
