"","nvar","r","d","het","iter","alpha","strategy","p1","p2","p3","p4","p5"
"1",6,0.1,0.1,0,1000,0.05,1,33.1592689295039,22.976501305483,18.798955613577,13.0548302872063,12.0104438642298
"2",6,0.1,0.1,0,1000,0.05,2,33.1592689295039,22.976501305483,18.798955613577,13.0548302872063,12.0104438642298
"3",6,0.1,0.1,0,1000,0.05,3,28.9817232375979,21.1488250652742,18.5378590078329,16.1879895561358,15.1436031331593
