"","nvar","r","d","het","iter","alpha","strategy","p1","p2","p3","p4","p5"
"1",112,0.8,0.2,0,1000,0.05,1,53.9249146757679,14.8464163822526,13.6518771331058,9.21501706484642,8.3617747440273
"2",112,0.8,0.2,0,1000,0.05,2,53.9249146757679,14.8464163822526,13.6518771331058,9.21501706484642,8.3617747440273
"3",112,0.8,0.2,0,1000,0.05,3,19.1126279863481,12.6279863481229,16.7235494880546,24.2320819112628,27.3037542662116
