"","nvar","r","d","het","iter","alpha","strategy","p1","p2","p3","p4","p5"
"1",70,0.4,0.2,0,1000,0.05,1,65.2173913043478,15,10,4.89130434782609,4.89130434782609
"2",70,0.4,0.2,0,1000,0.05,2,65.2173913043478,15,10,4.89130434782609,4.89130434782609
"3",70,0.4,0.2,0,1000,0.05,3,23.9130434782609,19.0217391304348,19.6739130434783,18.1521739130435,19.2391304347826
