"","nvar","r","d","het","iter","alpha","strategy","p1","p2","p3","p4","p5"
"1",8,0.3,0.1,0,1000,0.05,1,33.8422391857506,17.5572519083969,20.3562340966921,15.0127226463104,13.2315521628499
"2",8,0.3,0.1,0,1000,0.05,2,33.8422391857506,17.5572519083969,20.3562340966921,15.0127226463104,13.2315521628499
"3",8,0.3,0.1,0,1000,0.05,3,24.6819338422392,16.793893129771,20.1017811704835,18.5750636132316,19.8473282442748
