"","nvar","r","d","het","iter","alpha","strategy","p1","p2","p3","p4","p5"
"1",118,0.5,0.3,0,1000,0.05,1,73.6898395721925,11.4438502673797,6.84491978609626,4.38502673796792,2.45989304812834
"2",118,0.5,0.3,0,1000,0.05,2,73.6898395721925,11.4438502673797,6.84491978609626,4.38502673796792,2.45989304812834
"3",118,0.5,0.3,0,1000,0.05,3,30.2673796791444,17.1122994652406,18.6096256684492,17.9679144385027,15.8288770053476
