"","nvar","r","d","het","iter","alpha","strategy","p1","p2","p3","p4","p5"
"1",112,0.5,0.3,0,1000,0.05,1,75.6437768240343,10.3004291845494,5.90128755364807,4.82832618025751,2.57510729613734
"2",112,0.5,0.3,0,1000,0.05,2,75.6437768240343,10.3004291845494,5.90128755364807,4.82832618025751,2.57510729613734
"3",112,0.5,0.3,0,1000,0.05,3,31.8669527896996,18.3476394849785,16.8454935622318,16.2017167381974,16.4163090128755
