"","nvar","r","d","het","iter","alpha","strategy","p1","p2","p3","p4","p5"
"1",24,0.5,0.2,0,1000,0.05,1,54.4138929088278,19.9710564399421,8.68306801736614,8.39363241678726,8.5383502170767
"2",24,0.5,0.2,0,1000,0.05,2,54.4138929088278,19.9710564399421,8.68306801736614,8.39363241678726,8.5383502170767
"3",24,0.5,0.2,0,1000,0.05,3,23.8784370477569,21.1287988422576,17.94500723589,16.2083936324168,20.8393632416787
