"","nvar","r","d","het","iter","alpha","strategy","p1","p2","p3","p4","p5"
"1",130,0.8,0.1,0,1000,0.05,1,38.9380530973451,18.8053097345133,16.1504424778761,13.9380530973451,12.1681415929204
"2",130,0.8,0.1,0,1000,0.05,2,38.9380530973451,18.8053097345133,16.1504424778761,13.9380530973451,12.1681415929204
"3",130,0.8,0.1,0,1000,0.05,3,10.3982300884956,11.283185840708,20.1327433628319,25.8849557522124,32.3008849557522
