"","nvar","r","d","het","iter","alpha","strategy","p1","p2","p3","p4","p5"
"1",82,0.2,0.3,0,1000,0.05,1,86.0746720484359,6.65993945509586,3.73360242179617,1.81634712411705,0.504540867810293
"2",82,0.2,0.3,0,1000,0.05,2,86.0746720484359,6.65993945509586,3.73360242179617,1.81634712411705,0.504540867810293
"3",82,0.2,0.3,0,1000,0.05,3,35.3178607467205,17.8607467204844,15.438950554995,15.539858728557,15.539858728557
