"","nvar","r","d","het","iter","alpha","strategy","p1","p2","p3","p4","p5"
"1",78,0.2,0.2,0,1000,0.05,1,75.1794871794872,14.5641025641026,5.23076923076923,3.17948717948718,1.74358974358974
"2",78,0.2,0.2,0,1000,0.05,2,75.1794871794872,14.5641025641026,5.23076923076923,3.17948717948718,1.74358974358974
"3",78,0.2,0.2,0,1000,0.05,3,27.0769230769231,22.4615384615385,18.7692307692308,15.6923076923077,16
