"","nvar","r","d","het","iter","alpha","strategy","p1","p2","p3","p4","p5"
"1",66,0.6,0.1,0,1000,0.05,1,44.7077409162717,20.5371248025276,13.2701421800948,12.480252764613,9.00473933649289
"2",66,0.6,0.1,0,1000,0.05,2,44.7077409162717,20.5371248025276,13.2701421800948,12.480252764613,9.00473933649289
"3",66,0.6,0.1,0,1000,0.05,3,13.2701421800948,19.7472353870458,18.957345971564,23.696682464455,24.3285939968404
