"","nvar","r","d","het","iter","alpha","strategy","p1","p2","p3","p4","p5"
"1",84,0.4,0.1,0,1000,0.05,1,51.3083048919226,20.7053469852105,12.4004550625711,9.21501706484642,6.37087599544937
"2",84,0.4,0.1,0,1000,0.05,2,51.3083048919226,20.7053469852105,12.4004550625711,9.21501706484642,6.37087599544937
"3",84,0.4,0.1,0,1000,0.05,3,17.4061433447099,18.7713310580205,18.9988623435722,23.3219567690557,21.5017064846416
