"","nvar","r","d","het","iter","alpha","strategy","p1","p2","p3","p4","p5"
"1",108,0.2,0.3,0,1000,0.05,1,89.32527693857,6.44511581067472,2.21550855991944,1.10775427995972,0.302114803625378
"2",108,0.2,0.3,0,1000,0.05,2,89.32527693857,6.44511581067472,2.21550855991944,1.10775427995972,0.302114803625378
"3",108,0.2,0.3,0,1000,0.05,3,36.4551863041289,20.4431017119839,14.6022155085599,14.4008056394763,14.098690835851
