"","nvar","r","d","het","iter","alpha","strategy","p1","p2","p3","p4","p5"
"1",144,0.2,0.1,0,1000,0.05,1,74.5490981963928,16.7334669338677,5.71142284569138,2.20440881763527,0.801603206412826
"2",144,0.2,0.1,0,1000,0.05,2,74.5490981963928,16.7334669338677,5.71142284569138,2.20440881763527,0.801603206412826
"3",144,0.2,0.1,0,1000,0.05,3,23.3466933867735,18.5370741482966,19.6392785571142,20.0400801603206,18.436873747495
