"","nvar","r","d","het","iter","alpha","strategy","p1","p2","p3","p4","p5"
"1",64,0.8,0.2,0,1000,0.05,1,49.6168582375479,19.3486590038314,13.6015325670498,10.727969348659,6.70498084291188
"2",64,0.8,0.2,0,1000,0.05,2,49.6168582375479,19.3486590038314,13.6015325670498,10.727969348659,6.70498084291188
"3",64,0.8,0.2,0,1000,0.05,3,19.1570881226054,14.7509578544061,20.8812260536398,21.264367816092,23.9463601532567
