"","nvar","r","d","het","iter","alpha","strategy","p1","p2","p3","p4","p5"
"1",92,0.2,0.1,0,1000,0.05,1,65.0972364380757,20.2661207778915,8.39303991811668,4.19651995905834,2.04708290685773
"2",92,0.2,0.1,0,1000,0.05,2,65.0972364380757,20.2661207778915,8.39303991811668,4.19651995905834,2.04708290685773
"3",92,0.2,0.1,0,1000,0.05,3,19.9590583418628,20.5731832139202,19.4472876151484,19.3449334698055,20.675537359263
