"","nvar","r","d","het","iter","alpha","strategy","p1","p2","p3","p4","p5"
"1",10,0.5,0.1,0,1000,0.05,1,38.2133995037221,22.3325062034739,13.151364764268,13.151364764268,13.151364764268
"2",10,0.5,0.1,0,1000,0.05,2,38.2133995037221,22.3325062034739,13.151364764268,13.151364764268,13.151364764268
"3",10,0.5,0.1,0,1000,0.05,3,21.8362282878412,20.3473945409429,16.6253101736973,19.3548387096774,21.8362282878412
