"","nvar","r","d","het","iter","alpha","strategy","p1","p2","p3","p4","p5"
"1",28,0.8,0.2,0,1000,0.05,1,52.6785714285714,12.7232142857143,11.8303571428571,13.3928571428571,9.375
"2",28,0.8,0.2,0,1000,0.05,2,52.6785714285714,12.7232142857143,11.8303571428571,13.3928571428571,9.375
"3",28,0.8,0.2,0,1000,0.05,3,24.7767857142857,14.5089285714286,16.2946428571429,24.5535714285714,19.8660714285714
