"","nvar","r","d","het","iter","alpha","strategy","p1","p2","p3","p4","p5"
"1",200,0.8,0.2,0,1000,0.05,1,56.3356164383562,16.4383561643836,11.472602739726,7.87671232876712,7.7054794520548
"2",200,0.8,0.2,0,1000,0.05,2,56.3356164383562,16.4383561643836,11.472602739726,7.87671232876712,7.7054794520548
"3",200,0.8,0.2,0,1000,0.05,3,21.4041095890411,11.8150684931507,16.0958904109589,20.5479452054795,30.1369863013699
