"","nvar","r","d","het","iter","alpha","strategy","p1","p2","p3","p4","p5"
"1",96,0.5,0.2,0,1000,0.05,1,64.42417331813,15.5074116305587,7.98175598631699,7.75370581527936,4.33295324971494
"2",96,0.5,0.2,0,1000,0.05,2,64.42417331813,15.5074116305587,7.98175598631699,7.75370581527936,4.33295324971494
"3",96,0.5,0.2,0,1000,0.05,3,23.8312428734322,18.8141391106043,19.1562143671608,20.9806157354618,17.2177879133409
