"","nvar","r","d","het","iter","alpha","strategy","p1","p2","p3","p4","p5"
"1",58,0.3,0.1,0,1000,0.05,1,54.0229885057471,22.5287356321839,10.6896551724138,6.7816091954023,5.97701149425287
"2",58,0.3,0.1,0,1000,0.05,2,54.0229885057471,22.5287356321839,10.6896551724138,6.7816091954023,5.97701149425287
"3",58,0.3,0.1,0,1000,0.05,3,21.8390804597701,21.264367816092,19.8850574712644,17.5862068965517,19.4252873563218
