"","nvar","r","d","het","iter","alpha","strategy","p1","p2","p3","p4","p5"
"1",120,0.1,0.2,0,1000,0.05,1,90.1901901901902,6.10610610610611,2.5025025025025,0.700700700700701,0.4004004004004
"2",120,0.1,0.2,0,1000,0.05,2,90.1901901901902,6.10610610610611,2.5025025025025,0.700700700700701,0.4004004004004
"3",120,0.1,0.2,0,1000,0.05,3,32.032032032032,18.7187187187187,16.8168168168168,16.1161161161161,16.3163163163163
