"","nvar","r","d","het","iter","alpha","strategy","p1","p2","p3","p4","p5"
"1",128,0.3,0.2,0,1000,0.05,1,75.8341759352882,15.4701718907988,5.25783619817998,2.32558139534884,1.11223458038423
"2",128,0.3,0.2,0,1000,0.05,2,75.8341759352882,15.4701718907988,5.25783619817998,2.32558139534884,1.11223458038423
"3",128,0.3,0.2,0,1000,0.05,3,24.8736097067745,20.525783619818,16.8857431749242,20.1213346814965,17.5935288169869
