"","nvar","r","d","het","iter","alpha","strategy","p1","p2","p3","p4","p5"
"1",60,0.6,0.3,0,1000,0.05,1,70.0122399020808,10.8935128518972,7.34394124847001,5.50795593635251,5.38555691554468
"2",60,0.6,0.3,0,1000,0.05,2,70.0122399020808,10.8935128518972,7.34394124847001,5.50795593635251,5.38555691554468
"3",60,0.6,0.3,0,1000,0.05,3,30.9669522643819,16.0342717258262,15.9118727050184,16.5238678090575,20.1958384332925
