"","nvar","r","d","het","iter","alpha","strategy","p1","p2","p3","p4","p5"
"1",6,0.2,0.3,0,1000,0.05,1,55.3731343283582,16.4179104477612,12.089552238806,8.2089552238806,6.71641791044776
"2",6,0.2,0.3,0,1000,0.05,2,55.3731343283582,16.4179104477612,12.089552238806,8.2089552238806,6.71641791044776
"3",6,0.2,0.3,0,1000,0.05,3,40.1492537313433,18.955223880597,16.2686567164179,11.7910447761194,12.5373134328358
