"","nvar","r","d","het","iter","alpha","strategy","p1","p2","p3","p4","p5"
"1",134,0.9,0.1,0,1000,0.05,1,32.0261437908497,19.281045751634,19.9346405228758,16.3398692810458,12.4183006535948
"2",134,0.9,0.1,0,1000,0.05,2,32.0261437908497,19.281045751634,19.9346405228758,16.3398692810458,12.4183006535948
"3",134,0.9,0.1,0,1000,0.05,3,7.84313725490196,8.49673202614379,15.6862745098039,25.1633986928105,42.8104575163399
