"","nvar","r","d","het","iter","alpha","strategy","p1","p2","p3","p4","p5"
"1",28,0.3,0.3,0,1000,0.05,1,72.5468577728776,13.4509371554576,6.28445424476295,4.29988974641676,2.97684674751929
"2",28,0.3,0.3,0,1000,0.05,2,72.5468577728776,13.4509371554576,6.28445424476295,4.29988974641676,2.97684674751929
"3",28,0.3,0.3,0,1000,0.05,3,37.8169790518192,20.0661521499449,15.3252480705623,15.8765159867696,10.8048511576626
