"","nvar","r","d","het","iter","alpha","strategy","p1","p2","p3","p4","p5"
"1",48,0.1,0.1,0,1000,0.05,1,57.051282051282,19.1239316239316,13.7820512820513,6.94444444444444,3.0982905982906
"2",48,0.1,0.1,0,1000,0.05,2,57.051282051282,19.1239316239316,13.7820512820513,6.94444444444444,3.0982905982906
"3",48,0.1,0.1,0,1000,0.05,3,23.3974358974359,20.7264957264957,20.1923076923077,18.8034188034188,16.8803418803419
