"","nvar","r","d","het","iter","alpha","strategy","p1","p2","p3","p4","p5"
"1",136,0.3,0.2,0,1000,0.05,1,77.2036474164134,12.9685916919959,6.48429584599797,2.2289766970618,1.01317122593718
"2",136,0.3,0.2,0,1000,0.05,2,77.2036474164134,12.9685916919959,6.48429584599797,2.2289766970618,1.01317122593718
"3",136,0.3,0.2,0,1000,0.05,3,23.4042553191489,18.7436676798379,18.8449848024316,18.7436676798379,20.2634245187437
