"","nvar","r","d","het","iter","alpha","strategy","p1","p2","p3","p4","p5"
"1",126,0.4,0.1,0,1000,0.05,1,60.3613177470776,16.6843783209352,9.56429330499469,8.07651434643996,5.3134962805526
"2",126,0.4,0.1,0,1000,0.05,2,60.3613177470776,16.6843783209352,9.56429330499469,8.07651434643996,5.3134962805526
"3",126,0.4,0.1,0,1000,0.05,3,18.0658873538788,19.2348565356004,18.4909670563231,21.1477151965994,23.0605738575983
