"","nvar","r","d","het","iter","alpha","strategy","p1","p2","p3","p4","p5"
"1",130,0.2,0.1,0,1000,0.05,1,72.0160481444333,17.5526579739218,6.72016048144433,2.20661985957874,1.50451354062187
"2",130,0.2,0.1,0,1000,0.05,2,72.0160481444333,17.5526579739218,6.72016048144433,2.20661985957874,1.50451354062187
"3",130,0.2,0.1,0,1000,0.05,3,21.8655967903711,20.2607823470411,20.2607823470411,18.8565697091274,18.7562688064193
