"","nvar","r","d","het","iter","alpha","strategy","p1","p2","p3","p4","p5"
"1",84,0.7,0.2,0,1000,0.05,1,52.2058823529412,15.2941176470588,13.5294117647059,10.4411764705882,8.38235294117647
"2",84,0.7,0.2,0,1000,0.05,2,52.2058823529412,15.2941176470588,13.5294117647059,10.4411764705882,8.38235294117647
"3",84,0.7,0.2,0,1000,0.05,3,17.7941176470588,14.4117647058824,19.4117647058824,21.4705882352941,26.9117647058824
