"","nvar","r","d","het","iter","alpha","strategy","p1","p2","p3","p4","p5"
"1",86,0.3,0.2,0,1000,0.05,1,71.4285714285714,15.0103519668737,6.41821946169772,3.93374741200828,3.20910973084886
"2",86,0.3,0.2,0,1000,0.05,2,71.4285714285714,15.0103519668737,6.41821946169772,3.93374741200828,3.20910973084886
"3",86,0.3,0.2,0,1000,0.05,3,28.3643892339545,19.9792960662526,18.1159420289855,16.0455486542443,17.4948240165631
