"","nvar","r","d","het","iter","alpha","strategy","p1","p2","p3","p4","p5"
"1",6,0.2,0.2,0,1000,0.05,1,49.9025341130604,16.5692007797271,14.4249512670565,8.18713450292398,10.916179337232
"2",6,0.2,0.2,0,1000,0.05,2,49.9025341130604,16.5692007797271,14.4249512670565,8.18713450292398,10.916179337232
"3",6,0.2,0.2,0,1000,0.05,3,36.8421052631579,18.1286549707602,16.5692007797271,13.64522417154,14.8148148148148
