"","nvar","r","d","het","iter","alpha","strategy","p1","p2","p3","p4","p5"
"1",158,0.3,0.3,0,1000,0.05,1,88.5656970912738,6.31895687061184,3.10932798395186,0.902708124373119,0.702106318956871
"2",158,0.3,0.3,0,1000,0.05,2,88.5656970912738,6.31895687061184,3.10932798395186,0.902708124373119,0.702106318956871
"3",158,0.3,0.3,0,1000,0.05,3,36.6098294884654,18.7562688064193,15.346038114343,14.2427281845537,14.9448345035105
