"","nvar","r","d","het","iter","alpha","strategy","p1","p2","p3","p4","p5"
"1",86,0.5,0.3,0,1000,0.05,1,72.9189789123196,12.6526082130966,6.43729189789123,4.32852386237514,3.32963374028857
"2",86,0.5,0.3,0,1000,0.05,2,72.9189789123196,12.6526082130966,6.43729189789123,4.32852386237514,3.32963374028857
"3",86,0.5,0.3,0,1000,0.05,3,30.9655937846837,17.2031076581576,17.6470588235294,17.6470588235294,16.5371809100999
