"","nvar","r","d","het","iter","alpha","strategy","p1","p2","p3","p4","p5"
"1",140,0.7,0.1,0,1000,0.05,1,43.4579439252336,18.8473520249221,14.9532710280374,12.1495327102804,10.5919003115265
"2",140,0.7,0.1,0,1000,0.05,2,43.4579439252336,18.8473520249221,14.9532710280374,12.1495327102804,10.5919003115265
"3",140,0.7,0.1,0,1000,0.05,3,10.1246105919003,13.0841121495327,20.0934579439252,25.2336448598131,31.4641744548287
