"","nvar","r","d","het","iter","alpha","strategy","p1","p2","p3","p4","p5"
"1",64,0.1,0.3,0,1000,0.05,1,88.933601609658,6.2374245472837,2.8169014084507,0.905432595573441,0.603621730382294
"2",64,0.1,0.3,0,1000,0.05,2,88.933601609658,6.2374245472837,2.8169014084507,0.905432595573441,0.603621730382294
"3",64,0.1,0.3,0,1000,0.05,3,39.3360160965795,18.3098591549296,14.6881287726358,13.8832997987928,13.7826961770624
