"","nvar","r","d","het","iter","alpha","strategy","p1","p2","p3","p4","p5"
"1",78,0.4,0.2,0,1000,0.05,1,65.3390742734123,15.2852529601722,9.04198062432723,5.70505920344456,4.6286329386437
"2",78,0.4,0.2,0,1000,0.05,2,65.3390742734123,15.2852529601722,9.04198062432723,5.70505920344456,4.6286329386437
"3",78,0.4,0.2,0,1000,0.05,3,22.9278794402583,20.021528525296,19.3756727664155,16.5769644779333,21.0979547900969
