"","nvar","r","d","het","iter","alpha","strategy","p1","p2","p3","p4","p5"
"1",184,0.5,0.1,0,1000,0.05,1,55.7734204793028,19.6078431372549,13.5076252723312,6.75381263616558,4.35729847494553
"2",184,0.5,0.1,0,1000,0.05,2,55.7734204793028,19.6078431372549,13.5076252723312,6.75381263616558,4.35729847494553
"3",184,0.5,0.1,0,1000,0.05,3,15.4684095860566,18.3006535947712,21.2418300653595,22.0043572984749,22.9847494553377
