"","nvar","r","d","het","iter","alpha","strategy","p1","p2","p3","p4","p5"
"1",24,0.2,0.1,0,1000,0.05,1,43.7415881561238,20.0538358008075,13.7281292059219,13.0551816958277,9.42126514131898
"2",24,0.2,0.1,0,1000,0.05,2,43.7415881561238,20.0538358008075,13.7281292059219,13.0551816958277,9.42126514131898
"3",24,0.2,0.1,0,1000,0.05,3,25.9757738896366,19.3808882907133,18.1695827725437,19.2462987886945,17.2274562584118
