"","nvar","r","d","het","iter","alpha","strategy","p1","p2","p3","p4","p5"
"1",152,0.2,0.1,0,1000,0.05,1,76.8304914744233,15.0451354062187,5.11534603811434,1.70511534603811,1.30391173520562
"2",152,0.2,0.1,0,1000,0.05,2,76.8304914744233,15.0451354062187,5.11534603811434,1.70511534603811,1.30391173520562
"3",152,0.2,0.1,0,1000,0.05,3,19.2577733199599,18.7562688064193,22.8686058174524,18.2547642928786,20.8625877632899
