"","nvar","r","d","het","iter","alpha","strategy","p1","p2","p3","p4","p5"
"1",174,0.9,0.2,0,1000,0.05,1,49.8871331828442,19.6388261851016,13.7697516930023,7.44920993227991,9.25507900677201
"2",174,0.9,0.2,0,1000,0.05,2,49.8871331828442,19.6388261851016,13.7697516930023,7.44920993227991,9.25507900677201
"3",174,0.9,0.2,0,1000,0.05,3,17.8329571106095,8.57787810383747,18.2844243792325,21.4446952595937,33.8600451467269
