"","nvar","r","d","het","iter","alpha","strategy","p1","p2","p3","p4","p5"
"1",8,0.3,0.2,0,1000,0.05,1,55.632582322357,16.1178509532062,10.2253032928943,9.18544194107452,8.83882149046794
"2",8,0.3,0.2,0,1000,0.05,2,55.632582322357,16.1178509532062,10.2253032928943,9.18544194107452,8.83882149046794
"3",8,0.3,0.2,0,1000,0.05,3,36.0485268630849,18.370883882149,15.4246100519931,14.5580589254766,15.5979202772964
