"","nvar","r","d","het","iter","alpha","strategy","p1","p2","p3","p4","p5"
"1",22,0,0.2,0,1000,0.05,1,61.596548004315,15.6418554476807,12.2977346278317,6.68824163969795,3.77562028047465
"2",22,0,0.2,0,1000,0.05,2,61.596548004315,15.6418554476807,12.2977346278317,6.68824163969795,3.77562028047465
"3",22,0,0.2,0,1000,0.05,3,33.4412081984898,16.6127292340885,18.6623516720604,15.5339805825243,15.7497303128371
