"","nvar","r","d","het","iter","alpha","strategy","p1","p2","p3","p4","p5"
"1",146,0.6,0.3,0,1000,0.05,1,72,11,8,5.55555555555556,3.11111111111111
"2",146,0.6,0.3,0,1000,0.05,2,72,11,8,5.55555555555556,3.11111111111111
"3",146,0.6,0.3,0,1000,0.05,3,26.2222222222222,16.6666666666667,18.1111111111111,21.7777777777778,17.1111111111111
