"","nvar","r","d","het","iter","alpha","strategy","p1","p2","p3","p4","p5"
"1",98,0.7,0.2,0,1000,0.05,1,57.7912254160363,14.0695915279879,13.1618759455371,8.77458396369138,6.20272314674735
"2",98,0.7,0.2,0,1000,0.05,2,57.7912254160363,14.0695915279879,13.1618759455371,8.77458396369138,6.20272314674735
"3",98,0.7,0.2,0,1000,0.05,3,21.78517397882,15.5824508320726,19.0620272314675,21.3313161875946,22.2390317700454
