"","nvar","r","d","het","iter","alpha","strategy","p1","p2","p3","p4","p5"
"1",154,0.6,0.2,0,1000,0.05,1,59.0011614401858,18.1184668989547,9.87224157955865,6.96864111498258,5.92334494773519
"2",154,0.6,0.2,0,1000,0.05,2,59.0011614401858,18.1184668989547,9.87224157955865,6.96864111498258,5.92334494773519
"3",154,0.6,0.2,0,1000,0.05,3,20.0929152148664,16.9570267131243,18.1184668989547,20.3252032520325,24.5063879210221
