"","nvar","r","d","het","iter","alpha","strategy","p1","p2","p3","p4","p5"
"1",8,0.5,0.1,0,1000,0.05,1,35.6521739130435,22.6086956521739,12.7536231884058,14.2028985507246,14.7826086956522
"2",8,0.5,0.1,0,1000,0.05,2,35.6521739130435,22.6086956521739,12.7536231884058,14.2028985507246,14.7826086956522
"3",8,0.5,0.1,0,1000,0.05,3,25.5072463768116,21.4492753623188,16.8115942028986,17.3913043478261,18.8405797101449
