"","nvar","r","d","het","iter","alpha","strategy","p1","p2","p3","p4","p5"
"1",32,0.4,0.3,0,1000,0.05,1,68.5076380728555,13.0434782608696,7.05052878965922,6.58049353701528,4.46533490011751
"2",32,0.4,0.3,0,1000,0.05,2,68.5076380728555,13.0434782608696,7.05052878965922,6.58049353701528,4.46533490011751
"3",32,0.4,0.3,0,1000,0.05,3,33.0199764982374,20.0940070505288,15.1586368977673,16.6862514688602,14.9236192714454
