"","nvar","r","d","het","iter","alpha","strategy","p1","p2","p3","p4","p5"
"1",94,0,0.1,0,1000,0.05,1,78.9579158316633,15.8316633266533,3.70741482965932,1.20240480961924,0.30060120240481
"2",94,0,0.1,0,1000,0.05,2,78.9579158316633,15.8316633266533,3.70741482965932,1.20240480961924,0.30060120240481
"3",94,0,0.1,0,1000,0.05,3,24.1482965931864,21.0420841683367,20.6412825651303,16.4328657314629,17.7354709418838
