"","nvar","r","d","het","iter","alpha","strategy","p1","p2","p3","p4","p5"
"1",194,0.6,0.2,0,1000,0.05,1,64.2018779342723,12.5586854460094,9.74178403755869,7.15962441314554,6.33802816901408
"2",194,0.6,0.2,0,1000,0.05,2,64.2018779342723,12.5586854460094,9.74178403755869,7.15962441314554,6.33802816901408
"3",194,0.6,0.2,0,1000,0.05,3,19.4835680751174,16.6666666666667,19.131455399061,21.7136150234742,23.0046948356808
