"","nvar","r","d","het","iter","alpha","strategy","p1","p2","p3","p4","p5"
"1",72,0.5,0.1,0,1000,0.05,1,44.7196870925684,23.3376792698827,13.6897001303781,9.25684485006519,8.99608865710561
"2",72,0.5,0.1,0,1000,0.05,2,44.7196870925684,23.3376792698827,13.6897001303781,9.25684485006519,8.99608865710561
"3",72,0.5,0.1,0,1000,0.05,3,15.5149934810952,18.2529335071708,19.8174706649283,20.9908735332464,25.4237288135593
