"","nvar","r","d","het","iter","alpha","strategy","p1","p2","p3","p4","p5"
"1",4,0.5,0.2,0,1000,0.05,1,46.2765957446808,19.1489361702128,13.031914893617,7.97872340425532,13.563829787234
"2",4,0.5,0.2,0,1000,0.05,2,46.2765957446808,19.1489361702128,13.031914893617,7.97872340425532,13.563829787234
"3",4,0.5,0.2,0,1000,0.05,3,33.7765957446808,19.4148936170213,17.8191489361702,11.968085106383,17.0212765957447
