"","nvar","r","d","het","iter","alpha","strategy","p1","p2","p3","p4","p5"
"1",24,0,0.2,0,1000,0.05,1,59.4390507011866,19.6332254584682,10.3559870550162,6.14886731391586,4.42286947141316
"2",24,0,0.2,0,1000,0.05,2,59.4390507011866,19.6332254584682,10.3559870550162,6.14886731391586,4.42286947141316
"3",24,0,0.2,0,1000,0.05,3,30.0970873786408,21.7907227615965,15.8576051779935,16.1812297734628,16.0733549083064
