"","nvar","r","d","het","iter","alpha","strategy","p1","p2","p3","p4","p5"
"1",108,0.7,0.1,0,1000,0.05,1,47.0689655172414,19.3103448275862,13.448275862069,10.1724137931034,10
"2",108,0.7,0.1,0,1000,0.05,2,47.0689655172414,19.3103448275862,13.448275862069,10.1724137931034,10
"3",108,0.7,0.1,0,1000,0.05,3,13.2758620689655,19.1379310344828,19.3103448275862,23.2758620689655,25
