"","nvar","r","d","het","iter","alpha","strategy","p1","p2","p3","p4","p5"
"1",106,0.3,0.3,0,1000,0.05,1,83.030303030303,8.38383838383838,4.14141414141414,2.32323232323232,1.61616161616162
"2",106,0.3,0.3,0,1000,0.05,2,83.030303030303,8.38383838383838,4.14141414141414,2.32323232323232,1.61616161616162
"3",106,0.3,0.3,0,1000,0.05,3,33.9393939393939,18.2828282828283,17.2727272727273,14.8484848484848,15.4545454545455
