"","nvar","r","d","het","iter","alpha","strategy","p1","p2","p3","p4","p5"
"1",122,0.4,0.2,0,1000,0.05,1,71.8162839248434,13.0480167014614,8.24634655532359,4.17536534446764,2.60960334029228
"2",122,0.4,0.2,0,1000,0.05,2,71.8162839248434,13.0480167014614,8.24634655532359,4.17536534446764,2.60960334029228
"3",122,0.4,0.2,0,1000,0.05,3,24.2171189979123,20.2505219206681,19.4154488517745,18.3716075156576,17.7453027139875
