"","nvar","r","d","het","iter","alpha","strategy","p1","p2","p3","p4","p5"
"1",6,0.8,0.2,0,1000,0.05,1,45.5414012738853,16.2420382165605,12.7388535031847,13.0573248407643,12.4203821656051
"2",6,0.8,0.2,0,1000,0.05,2,45.5414012738853,16.2420382165605,12.7388535031847,13.0573248407643,12.4203821656051
"3",6,0.8,0.2,0,1000,0.05,3,27.3885350318471,16.2420382165605,17.8343949044586,17.515923566879,21.0191082802548
