"","nvar","r","d","het","iter","alpha","strategy","p1","p2","p3","p4","p5"
"1",80,0.5,0.1,0,1000,0.05,1,48.0404551201011,19.9747155499368,15.2970922882427,10.6194690265487,6.06826801517067
"2",80,0.5,0.1,0,1000,0.05,2,48.0404551201011,19.9747155499368,15.2970922882427,10.6194690265487,6.06826801517067
"3",80,0.5,0.1,0,1000,0.05,3,14.7914032869785,21.3653603034134,21.3653603034134,21.9974715549937,20.480404551201
