"","nvar","r","d","het","iter","alpha","strategy","p1","p2","p3","p4","p5"
"1",148,0.6,0.2,0,1000,0.05,1,57.8884934756821,17.2004744958482,11.2692763938316,7.23606168446026,6.40569395017794
"2",148,0.6,0.2,0,1000,0.05,2,57.8884934756821,17.2004744958482,11.2692763938316,7.23606168446026,6.40569395017794
"3",148,0.6,0.2,0,1000,0.05,3,17.5563463819692,17.9122182680902,20.0474495848161,21.7081850533808,22.7758007117438
