"","nvar","r","d","het","iter","alpha","strategy","p1","p2","p3","p4","p5"
"1",86,0.7,0.1,0,1000,0.05,1,41.4721723518851,19.7486535008977,15.4398563734291,13.2854578096948,10.0538599640934
"2",86,0.7,0.1,0,1000,0.05,2,41.4721723518851,19.7486535008977,15.4398563734291,13.2854578096948,10.0538599640934
"3",86,0.7,0.1,0,1000,0.05,3,12.9263913824057,13.2854578096948,18.850987432675,25.4937163375224,29.443447037702
