"","nvar","r","d","het","iter","alpha","strategy","p1","p2","p3","p4","p5"
"1",38,0.3,0.2,0,1000,0.05,1,63.5011441647597,13.7299771167048,10.4118993135011,6.75057208237986,5.60640732265446
"2",38,0.3,0.2,0,1000,0.05,2,63.5011441647597,13.7299771167048,10.4118993135011,6.75057208237986,5.60640732265446
"3",38,0.3,0.2,0,1000,0.05,3,29.1762013729977,18.4210526315789,18.8787185354691,17.5057208237986,16.0183066361556
