"","nvar","r","d","het","iter","alpha","strategy","p1","p2","p3","p4","p5"
"1",28,0.2,0.2,0,1000,0.05,1,62.3842592592593,16.5509259259259,9.14351851851852,7.29166666666667,4.62962962962963
"2",28,0.2,0.2,0,1000,0.05,2,62.3842592592593,16.5509259259259,9.14351851851852,7.29166666666667,4.62962962962963
"3",28,0.2,0.2,0,1000,0.05,3,30.4398148148148,18.1712962962963,17.9398148148148,16.5509259259259,16.8981481481481
