"","nvar","r","d","het","iter","alpha","strategy","p1","p2","p3","p4","p5"
"1",134,0.8,0.2,0,1000,0.05,1,58.4055459272097,18.0242634315425,9.18544194107452,8.31889081455806,6.06585788561525
"2",134,0.8,0.2,0,1000,0.05,2,58.4055459272097,18.0242634315425,9.18544194107452,8.31889081455806,6.06585788561525
"3",134,0.8,0.2,0,1000,0.05,3,20.6239168110919,16.2911611785095,14.5580589254766,22.3570190641248,26.1698440207972
