"","nvar","r","d","het","iter","alpha","strategy","p1","p2","p3","p4","p5"
"1",76,0.4,0.3,0,1000,0.05,1,77.7076761303891,9.56887486855941,6.4143007360673,3.36487907465825,1.99789695057834
"2",76,0.4,0.3,0,1000,0.05,2,77.7076761303891,9.56887486855941,6.4143007360673,3.36487907465825,1.99789695057834
"3",76,0.4,0.3,0,1000,0.05,3,32.2818086225026,18.1913774973712,17.1398527865405,17.0347003154574,14.8264984227129
