"","nvar","r","d","het","iter","alpha","strategy","p1","p2","p3","p4","p5"
"1",130,0.5,0.1,0,1000,0.05,1,51.5294117647059,18.2352941176471,12.4705882352941,10.4705882352941,7.29411764705882
"2",130,0.5,0.1,0,1000,0.05,2,51.5294117647059,18.2352941176471,12.4705882352941,10.4705882352941,7.29411764705882
"3",130,0.5,0.1,0,1000,0.05,3,14.1176470588235,17.5294117647059,18.1176470588235,20.9411764705882,29.2941176470588
