"","nvar","r","d","het","iter","alpha","strategy","p1","p2","p3","p4","p5"
"1",170,0.8,0.1,0,1000,0.05,1,41.0901467505241,22.0125786163522,13.6268343815514,12.3689727463312,10.9014675052411
"2",170,0.8,0.1,0,1000,0.05,2,41.0901467505241,22.0125786163522,13.6268343815514,12.3689727463312,10.9014675052411
"3",170,0.8,0.1,0,1000,0.05,3,7.54716981132075,14.8846960167715,15.7232704402516,29.3501048218029,32.4947589098532
