"","nvar","r","d","het","iter","alpha","strategy","p1","p2","p3","p4","p5"
"1",20,0.8,0.1,0,1000,0.05,1,34.6534653465347,18.8118811881188,20.1320132013201,13.5313531353135,12.8712871287129
"2",20,0.8,0.1,0,1000,0.05,2,34.6534653465347,18.8118811881188,20.1320132013201,13.5313531353135,12.8712871287129
"3",20,0.8,0.1,0,1000,0.05,3,10.2310231023102,13.8613861386139,23.7623762376238,24.4224422442244,27.7227722772277
