"","nvar","r","d","het","iter","alpha","strategy","p1","p2","p3","p4","p5"
"1",70,0.1,0.3,0,1000,0.05,1,89.1783567134269,6.4128256513026,1.80360721442886,0.901803607214429,0.400801603206413
"2",70,0.1,0.3,0,1000,0.05,2,89.1783567134269,6.4128256513026,1.80360721442886,0.901803607214429,0.400801603206413
"3",70,0.1,0.3,0,1000,0.05,3,38.6773547094188,19.3386773547094,15.8316633266533,14.6292585170341,11.2224448897796
