"","nvar","r","d","het","iter","alpha","strategy","p1","p2","p3","p4","p5"
"1",16,0.1,0.1,0,1000,0.05,1,37.9970544918999,24.8895434462445,16.7893961708395,11.0456553755523,9.27835051546392
"2",16,0.1,0.1,0,1000,0.05,2,37.9970544918999,24.8895434462445,16.7893961708395,11.0456553755523,9.27835051546392
"3",16,0.1,0.1,0,1000,0.05,3,23.8586156111929,21.9440353460972,18.9985272459499,16.4948453608247,18.7039764359352
