"","nvar","r","d","het","iter","alpha","strategy","p1","p2","p3","p4","p5"
"1",134,0.3,0.1,0,1000,0.05,1,63.5258358662614,19.8581560283688,9.52380952380952,4.55927051671733,2.53292806484296
"2",134,0.3,0.1,0,1000,0.05,2,63.5258358662614,19.8581560283688,9.52380952380952,4.55927051671733,2.53292806484296
"3",134,0.3,0.1,0,1000,0.05,3,17.4265450861196,19.4528875379939,19.5542046605876,21.8844984802432,21.6818642350557
