"","nvar","r","d","het","iter","alpha","strategy","p1","p2","p3","p4","p5"
"1",96,0.3,0.1,0,1000,0.05,1,56.9767441860465,21.5644820295983,12.0507399577167,5.28541226215645,4.12262156448203
"2",96,0.3,0.1,0,1000,0.05,2,56.9767441860465,21.5644820295983,12.0507399577167,5.28541226215645,4.12262156448203
"3",96,0.3,0.1,0,1000,0.05,3,18.4989429175476,20.9302325581395,20.1902748414376,19.7674418604651,20.6131078224102
