"","nvar","r","d","het","iter","alpha","strategy","p1","p2","p3","p4","p5"
"1",182,0.6,0.3,0,1000,0.05,1,73.5807860262009,11.7903930131004,5.13100436681223,4.14847161572052,4.03930131004367
"2",182,0.6,0.3,0,1000,0.05,2,73.5807860262009,11.7903930131004,5.13100436681223,4.14847161572052,4.03930131004367
"3",182,0.6,0.3,0,1000,0.05,3,27.292576419214,17.2489082969432,16.0480349344978,18.9956331877729,19.5414847161572
