"","nvar","r","d","het","iter","alpha","strategy","p1","p2","p3","p4","p5"
"1",112,0.9,0.1,0,1000,0.05,1,37.4193548387097,24.1935483870968,12.9032258064516,15.8064516129032,9.67741935483871
"2",112,0.9,0.1,0,1000,0.05,2,37.4193548387097,24.1935483870968,12.9032258064516,15.8064516129032,9.67741935483871
"3",112,0.9,0.1,0,1000,0.05,3,9.03225806451613,12.5806451612903,17.0967741935484,26.7741935483871,34.5161290322581
