"","nvar","r","d","het","iter","alpha","strategy","p1","p2","p3","p4","p5"
"1",28,0.7,0.2,0,1000,0.05,1,51.25,16.6071428571429,13.0357142857143,11.25,7.85714285714286
"2",28,0.7,0.2,0,1000,0.05,2,51.25,16.6071428571429,13.0357142857143,11.25,7.85714285714286
"3",28,0.7,0.2,0,1000,0.05,3,23.0357142857143,15.8928571428571,18.3928571428571,22.8571428571429,19.8214285714286
