"","nvar","r","d","het","iter","alpha","strategy","p1","p2","p3","p4","p5"
"1",162,0.8,0.1,0,1000,0.05,1,42.4116424116424,20.7900207900208,13.9293139293139,12.6819126819127,10.1871101871102
"2",162,0.8,0.1,0,1000,0.05,2,42.4116424116424,20.7900207900208,13.9293139293139,12.6819126819127,10.1871101871102
"3",162,0.8,0.1,0,1000,0.05,3,8.93970893970894,14.3451143451143,20.5821205821206,27.4428274428274,28.6902286902287
