"","nvar","r","d","het","iter","alpha","strategy","p1","p2","p3","p4","p5"
"1",42,0.7,0.3,0,1000,0.05,1,63.5155096011817,14.0324963072378,9.45347119645495,6.20384047267356,6.49926144756278
"2",42,0.7,0.3,0,1000,0.05,2,63.5155096011817,14.0324963072378,9.45347119645495,6.20384047267356,6.49926144756278
"3",42,0.7,0.3,0,1000,0.05,3,31.1669128508124,16.2481536189069,17.4298375184638,16.8389955686854,18.3161004431315
