"","nvar","r","d","het","iter","alpha","strategy","p1","p2","p3","p4","p5"
"1",82,0.4,0.3,0,1000,0.05,1,74.9737118822292,11.4616193480547,6.51945320715037,3.99579390115668,2.20820189274448
"2",82,0.4,0.3,0,1000,0.05,2,74.9737118822292,11.4616193480547,6.51945320715037,3.99579390115668,2.20820189274448
"3",82,0.4,0.3,0,1000,0.05,3,32.5972660357518,19.453207150368,16.9295478443743,15.2471083070452,15.6677181913775
