"","nvar","r","d","het","iter","alpha","strategy","p1","p2","p3","p4","p5"
"1",156,0.8,0.2,0,1000,0.05,1,57.7441077441077,15.8249158249158,12.2895622895623,8.58585858585858,5.55555555555556
"2",156,0.8,0.2,0,1000,0.05,2,57.7441077441077,15.8249158249158,12.2895622895623,8.58585858585858,5.55555555555556
"3",156,0.8,0.2,0,1000,0.05,3,16.6666666666667,15.993265993266,17.003367003367,22.5589225589226,27.7777777777778
