"","nvar","r","d","het","iter","alpha","strategy","p1","p2","p3","p4","p5"
"1",28,0.6,0.1,0,1000,0.05,1,35.2564102564103,25,14.3162393162393,13.6752136752137,11.7521367521368
"2",28,0.6,0.1,0,1000,0.05,2,35.2564102564103,25,14.3162393162393,13.6752136752137,11.7521367521368
"3",28,0.6,0.1,0,1000,0.05,3,15.1709401709402,22.2222222222222,19.6581196581197,20.9401709401709,22.008547008547
