"","nvar","r","d","het","iter","alpha","strategy","p1","p2","p3","p4","p5"
"1",44,0.4,0.2,0,1000,0.05,1,60.5072463768116,15.7004830917874,9.42028985507246,8.69565217391304,5.67632850241546
"2",44,0.4,0.2,0,1000,0.05,2,60.5072463768116,15.7004830917874,9.42028985507246,8.69565217391304,5.67632850241546
"3",44,0.4,0.2,0,1000,0.05,3,24.0338164251208,18.5990338164251,18.1159420289855,22.7053140096618,16.5458937198068
