"","nvar","r","d","het","iter","alpha","strategy","p1","p2","p3","p4","p5"
"1",94,0.5,0.1,0,1000,0.05,1,46.5686274509804,20.5882352941176,16.0539215686275,9.43627450980392,7.35294117647059
"2",94,0.5,0.1,0,1000,0.05,2,46.5686274509804,20.5882352941176,16.0539215686275,9.43627450980392,7.35294117647059
"3",94,0.5,0.1,0,1000,0.05,3,15.0735294117647,19.3627450980392,22.0588235294118,21.078431372549,22.4264705882353
