"","nvar","r","d","het","iter","alpha","strategy","p1","p2","p3","p4","p5"
"1",92,0.2,0.3,0,1000,0.05,1,86.7469879518072,7.93172690763052,3.4136546184739,0.903614457831325,0.401606425702811
"2",92,0.2,0.3,0,1000,0.05,2,86.7469879518072,7.93172690763052,3.4136546184739,0.903614457831325,0.401606425702811
"3",92,0.2,0.3,0,1000,0.05,3,35.3413654618474,18.4738955823293,17.3694779116466,16.7670682730924,11.9477911646586
