"","nvar","r","d","het","iter","alpha","strategy","p1","p2","p3","p4","p5"
"1",78,0.3,0.1,0,1000,0.05,1,54.0021344717183,22.9455709711846,11.3127001067236,8.21771611526147,3.52187833511206
"2",78,0.3,0.1,0,1000,0.05,2,54.0021344717183,22.9455709711846,11.3127001067236,8.21771611526147,3.52187833511206
"3",78,0.3,0.1,0,1000,0.05,3,18.5699039487727,19.6371398078975,19.8505869797225,23.2657417289221,18.6766275346852
