"","nvar","r","d","het","iter","alpha","strategy","p1","p2","p3","p4","p5"
"1",54,0.7,0.3,0,1000,0.05,1,66.0458452722063,15.1862464183381,7.02005730659026,6.16045845272206,4.44126074498567
"2",54,0.7,0.3,0,1000,0.05,2,66.0458452722063,15.1862464183381,7.02005730659026,6.16045845272206,4.44126074498567
"3",54,0.7,0.3,0,1000,0.05,3,32.378223495702,17.3352435530086,17.4785100286533,16.9054441260745,15.1862464183381
