"","nvar","r","d","het","iter","alpha","strategy","p1","p2","p3","p4","p5"
"1",136,0.6,0.1,0,1000,0.05,1,46.814044213264,21.0663198959688,10.6631989596879,13.5240572171652,7.93237971391417
"2",136,0.6,0.1,0,1000,0.05,2,46.814044213264,21.0663198959688,10.6631989596879,13.5240572171652,7.93237971391417
"3",136,0.6,0.1,0,1000,0.05,3,13.1339401820546,18.5955786736021,18.8556566970091,26.0078023407022,23.407022106632
