"","nvar","r","d","het","iter","alpha","strategy","p1","p2","p3","p4","p5"
"1",50,0.7,0.3,0,1000,0.05,1,65.2114597544338,12.5511596180082,10.2319236016371,6.95770804911323,4.63847203274215
"2",50,0.7,0.3,0,1000,0.05,2,65.2114597544338,12.5511596180082,10.2319236016371,6.95770804911323,4.63847203274215
"3",50,0.7,0.3,0,1000,0.05,3,28.9222373806276,16.9167803547067,19.0995907230559,16.7803547066849,18.1446111869031
