"","nvar","r","d","het","iter","alpha","strategy","p1","p2","p3","p4","p5"
"1",54,0.7,0.2,0,1000,0.05,1,55.3897180762852,16.9154228855721,9.61857379767828,10.2819237147595,7.62852404643449
"2",54,0.7,0.2,0,1000,0.05,2,55.3897180762852,16.9154228855721,9.61857379767828,10.2819237147595,7.62852404643449
"3",54,0.7,0.2,0,1000,0.05,3,20.3980099502488,16.9154228855721,19.5688225538972,21.558872305141,21.558872305141
