"","nvar","r","d","het","iter","alpha","strategy","p1","p2","p3","p4","p5"
"1",100,0.9,0.1,0,1000,0.05,1,36.734693877551,19.7278911564626,16.3265306122449,11.9047619047619,15.3061224489796
"2",100,0.9,0.1,0,1000,0.05,2,36.734693877551,19.7278911564626,16.3265306122449,11.9047619047619,15.3061224489796
"3",100,0.9,0.1,0,1000,0.05,3,11.9047619047619,8.84353741496599,16.3265306122449,25.5102040816327,37.4149659863946
