"","nvar","r","d","het","iter","alpha","strategy","p1","p2","p3","p4","p5"
"1",38,0.4,0.3,0,1000,0.05,1,71.2826333711691,12.372304199773,7.94551645856981,4.54029511918275,3.40522133938706
"2",38,0.4,0.3,0,1000,0.05,2,71.2826333711691,12.372304199773,7.94551645856981,4.54029511918275,3.40522133938706
"3",38,0.4,0.3,0,1000,0.05,3,34.0522133938706,18.7287173666288,16.9125993189557,16.6855845629966,13.6208853575482
