"","nvar","r","d","het","iter","alpha","strategy","p1","p2","p3","p4","p5"
"1",104,0.9,0.1,0,1000,0.05,1,37.5,18.4027777777778,15.625,16.3194444444444,12.1527777777778
"2",104,0.9,0.1,0,1000,0.05,2,37.5,18.4027777777778,15.625,16.3194444444444,12.1527777777778
"3",104,0.9,0.1,0,1000,0.05,3,9.02777777777778,12.8472222222222,15.2777777777778,28.125,34.7222222222222
