"","nvar","r","d","het","iter","alpha","strategy","p1","p2","p3","p4","p5"
"1",70,0.5,0.1,0,1000,0.05,1,47.7243172951886,20.5461638491547,13.7841352405722,10.2730819245774,7.67230169050715
"2",70,0.5,0.1,0,1000,0.05,2,47.7243172951886,20.5461638491547,13.7841352405722,10.2730819245774,7.67230169050715
"3",70,0.5,0.1,0,1000,0.05,3,17.9453836150845,18.8556566970091,20.9362808842653,20.6762028608583,21.5864759427828
