"","nvar","r","d","het","iter","alpha","strategy","p1","p2","p3","p4","p5"
"1",158,0.2,0.2,0,1000,0.05,1,86.5731462925852,9.61923847695391,3.1062124248497,0.601202404809619,0.100200400801603
"2",158,0.2,0.2,0,1000,0.05,2,86.5731462925852,9.61923847695391,3.1062124248497,0.601202404809619,0.100200400801603
"3",158,0.2,0.2,0,1000,0.05,3,28.9579158316633,18.3366733466934,16.4328657314629,18.6372745490982,17.6352705410822
