"","nvar","r","d","het","iter","alpha","strategy","p1","p2","p3","p4","p5"
"1",54,0.5,0.2,0,1000,0.05,1,57.9275905118602,17.852684144819,10.6117353308365,7.24094881398252,6.36704119850187
"2",54,0.5,0.2,0,1000,0.05,2,57.9275905118602,17.852684144819,10.6117353308365,7.24094881398252,6.36704119850187
"3",54,0.5,0.2,0,1000,0.05,3,22.7215980024969,20.8489388264669,18.4769038701623,20.7240948813983,17.2284644194757
