"","nvar","r","d","het","iter","alpha","strategy","p1","p2","p3","p4","p5"
"1",46,0.2,0.1,0,1000,0.05,1,51.8518518518518,20.8754208754209,13.0190796857464,7.63187429854097,6.62177328843996
"2",46,0.2,0.1,0,1000,0.05,2,51.8518518518518,20.8754208754209,13.0190796857464,7.63187429854097,6.62177328843996
"3",46,0.2,0.1,0,1000,0.05,3,22.4466891133558,17.8451178451178,20.6509539842873,19.1919191919192,19.8653198653199
