"","nvar","r","d","het","iter","alpha","strategy","p1","p2","p3","p4","p5"
"1",58,0.9,0.2,0,1000,0.05,1,52.1963824289406,15.5038759689922,14.4702842377261,11.1111111111111,6.71834625322997
"2",58,0.9,0.2,0,1000,0.05,2,52.1963824289406,15.5038759689922,14.4702842377261,11.1111111111111,6.71834625322997
"3",58,0.9,0.2,0,1000,0.05,3,21.9638242894057,12.9198966408269,17.312661498708,23.2558139534884,24.5478036175711
