"","nvar","r","d","het","iter","alpha","strategy","p1","p2","p3","p4","p5"
"1",126,0.6,0.2,0,1000,0.05,1,60.9223300970874,16.2621359223301,10.9223300970874,6.18932038834951,5.70388349514563
"2",126,0.6,0.2,0,1000,0.05,2,60.9223300970874,16.2621359223301,10.9223300970874,6.18932038834951,5.70388349514563
"3",126,0.6,0.2,0,1000,0.05,3,20.1456310679612,18.8106796116505,19.7815533980583,18.9320388349515,22.3300970873786
