"","nvar","r","d","het","iter","alpha","strategy","p1","p2","p3","p4","p5"
"1",12,0.9,0.2,0,1000,0.05,1,45.8966565349544,15.8054711246201,16.1094224924012,12.7659574468085,9.4224924012158
"2",12,0.9,0.2,0,1000,0.05,2,45.8966565349544,15.8054711246201,16.1094224924012,12.7659574468085,9.4224924012158
"3",12,0.9,0.2,0,1000,0.05,3,24.9240121580547,13.3738601823708,20.0607902735562,21.8844984802432,19.7568389057751
