"","nvar","r","d","het","iter","alpha","strategy","p1","p2","p3","p4","p5"
"1",66,0.2,0.2,0,1000,0.05,1,71.4285714285714,15.2106885919836,7.70811921891059,3.69989722507708,1.95272353545735
"2",66,0.2,0.2,0,1000,0.05,2,71.4285714285714,15.2106885919836,7.70811921891059,3.69989722507708,1.95272353545735
"3",66,0.2,0.2,0,1000,0.05,3,26.1048304213772,21.4799588900308,19.4244604316547,17.6772867420349,15.3134635149024
