"","nvar","r","d","het","iter","alpha","strategy","p1","p2","p3","p4","p5"
"1",30,0.8,0.2,0,1000,0.05,1,53.125,18.3333333333333,13.5416666666667,8.54166666666667,6.45833333333333
"2",30,0.8,0.2,0,1000,0.05,2,53.125,18.3333333333333,13.5416666666667,8.54166666666667,6.45833333333333
"3",30,0.8,0.2,0,1000,0.05,3,21.4583333333333,13.5416666666667,18.75,22.2916666666667,23.9583333333333
