"","nvar","r","d","het","iter","alpha","strategy","p1","p2","p3","p4","p5"
"1",38,0.3,0.3,0,1000,0.05,1,75.4329004329004,12.6623376623377,5.84415584415584,3.35497835497836,2.27272727272727
"2",38,0.3,0.3,0,1000,0.05,2,75.4329004329004,12.6623376623377,5.84415584415584,3.35497835497836,2.27272727272727
"3",38,0.3,0.3,0,1000,0.05,3,36.3636363636364,18.0735930735931,19.2640692640693,13.8528138528139,12.2294372294372
