"","nvar","r","d","het","iter","alpha","strategy","p1","p2","p3","p4","p5"
"1",62,0.6,0.3,0,1000,0.05,1,66.0891089108911,14.480198019802,8.41584158415842,5.69306930693069,4.08415841584158
"2",62,0.6,0.3,0,1000,0.05,2,66.0891089108911,14.480198019802,8.41584158415842,5.69306930693069,4.08415841584158
"3",62,0.6,0.3,0,1000,0.05,3,30.3217821782178,18.4405940594059,15.470297029703,17.8217821782178,17.3267326732673
