"","nvar","r","d","het","iter","alpha","strategy","p1","p2","p3","p4","p5"
"1",90,0.3,0.2,0,1000,0.05,1,71.5320910973085,15.527950310559,6.10766045548654,3.93374741200828,2.89855072463768
"2",90,0.3,0.2,0,1000,0.05,2,71.5320910973085,15.527950310559,6.10766045548654,3.93374741200828,2.89855072463768
"3",90,0.3,0.2,0,1000,0.05,3,25.879917184265,21.1180124223602,17.3913043478261,18.5300207039337,17.0807453416149
