"","nvar","r","d","het","iter","alpha","strategy","p1","p2","p3","p4","p5"
"1",182,0.5,0.2,0,1000,0.05,1,65.5948553054662,15.3269024651661,10.2893890675241,4.93033226152197,3.85852090032154
"2",182,0.5,0.2,0,1000,0.05,2,65.5948553054662,15.3269024651661,10.2893890675241,4.93033226152197,3.85852090032154
"3",182,0.5,0.2,0,1000,0.05,3,20.9003215434084,19.5069667738478,19.0782422293676,18.9710610932476,21.5434083601286
