"","nvar","r","d","het","iter","alpha","strategy","p1","p2","p3","p4","p5"
"1",190,0.5,0.2,0,1000,0.05,1,67.515923566879,14.5435244161359,8.81104033970276,4.88322717622081,4.14012738853503
"2",190,0.5,0.2,0,1000,0.05,2,67.515923566879,14.5435244161359,8.81104033970276,4.88322717622081,4.14012738853503
"3",190,0.5,0.2,0,1000,0.05,3,20.4883227176221,17.1974522292994,20.9129511677282,19.7452229299363,21.656050955414
