"","nvar","r","d","het","iter","alpha","strategy","p1","p2","p3","p4","p5"
"1",28,0.5,0.1,0,1000,0.05,1,44.2595673876872,18.4692179700499,15.973377703827,13.477537437604,7.82029950083195
"2",28,0.5,0.1,0,1000,0.05,2,44.2595673876872,18.4692179700499,15.973377703827,13.477537437604,7.82029950083195
"3",28,0.5,0.1,0,1000,0.05,3,18.801996672213,19.4675540765391,21.2978369384359,21.1314475873544,19.3011647254576
