"","nvar","r","d","het","iter","alpha","strategy","p1","p2","p3","p4","p5"
"1",40,0,0.3,0,1000,0.05,1,85.4124748490946,9.25553319919517,3.11871227364185,1.00603621730382,0.402414486921529
"2",40,0,0.3,0,1000,0.05,2,85.4124748490946,9.25553319919517,3.11871227364185,1.00603621730382,0.402414486921529
"3",40,0,0.3,0,1000,0.05,3,39.738430583501,19.1146881287726,15.6941649899396,13.9839034205231,11.1670020120724
