"","nvar","r","d","het","iter","alpha","strategy","p1","p2","p3","p4","p5"
"1",122,0.5,0.1,0,1000,0.05,1,50.3464203233256,20.0923787528868,14.0877598152425,9.93071593533487,5.54272517321016
"2",122,0.5,0.1,0,1000,0.05,2,50.3464203233256,20.0923787528868,14.0877598152425,9.93071593533487,5.54272517321016
"3",122,0.5,0.1,0,1000,0.05,3,14.8960739030023,19.284064665127,19.9769053117783,24.0184757505774,21.824480369515
