"","nvar","r","d","het","iter","alpha","strategy","p1","p2","p3","p4","p5"
"1",20,0.3,0.3,0,1000,0.05,1,67.4091441969519,13.3645955451348,8.44079718640094,5.86166471277843,3.75146541617819
"2",20,0.3,0.3,0,1000,0.05,2,67.4091441969519,13.3645955451348,8.44079718640094,5.86166471277843,3.75146541617819
"3",20,0.3,0.3,0,1000,0.05,3,35.4044548651817,17.7022274325909,17.3505275498242,16.295427901524,12.8956623681125
