"","nvar","r","d","het","iter","alpha","strategy","p1","p2","p3","p4","p5"
"1",76,0.8,0.2,0,1000,0.05,1,51.6917293233083,17.4812030075188,12.9699248120301,10.5263157894737,7.33082706766917
"2",76,0.8,0.2,0,1000,0.05,2,51.6917293233083,17.4812030075188,12.9699248120301,10.5263157894737,7.33082706766917
"3",76,0.8,0.2,0,1000,0.05,3,17.2932330827068,16.7293233082707,18.609022556391,24.0601503759398,23.3082706766917
