"","nvar","r","d","het","iter","alpha","strategy","p1","p2","p3","p4","p5"
"1",60,0.7,0.1,0,1000,0.05,1,41.4634146341463,22.8893058161351,13.5084427767355,11.2570356472795,10.8818011257036
"2",60,0.7,0.1,0,1000,0.05,2,41.4634146341463,22.8893058161351,13.5084427767355,11.2570356472795,10.8818011257036
"3",60,0.7,0.1,0,1000,0.05,3,13.5084427767355,18.5741088180113,19.5121951219512,20.8255159474672,27.5797373358349
