"","nvar","r","d","het","iter","alpha","strategy","p1","p2","p3","p4","p5"
"1",156,0.9,0.2,0,1000,0.05,1,51.8518518518518,18.9814814814815,13.4259259259259,9.02777777777778,6.71296296296296
"2",156,0.9,0.2,0,1000,0.05,2,51.8518518518518,18.9814814814815,13.4259259259259,9.02777777777778,6.71296296296296
"3",156,0.9,0.2,0,1000,0.05,3,19.9074074074074,11.3425925925926,15.2777777777778,25.462962962963,28.0092592592593
