"","nvar","r","d","het","iter","alpha","strategy","p1","p2","p3","p4","p5"
"1",200,0.4,0.2,0,1000,0.05,1,74.7208121827411,14.010152284264,6.7005076142132,2.94416243654822,1.6243654822335
"2",200,0.4,0.2,0,1000,0.05,2,74.7208121827411,14.010152284264,6.7005076142132,2.94416243654822,1.6243654822335
"3",200,0.4,0.2,0,1000,0.05,3,23.5532994923858,15.9390862944162,21.3197969543147,20.3045685279188,18.8832487309645
