"","nvar","r","d","het","iter","alpha","strategy","p1","p2","p3","p4","p5"
"1",128,0.9,0.2,0,1000,0.05,1,53.2530120481928,15.1807228915663,12.7710843373494,10.3614457831325,8.43373493975904
"2",128,0.9,0.2,0,1000,0.05,2,53.2530120481928,15.1807228915663,12.7710843373494,10.3614457831325,8.43373493975904
"3",128,0.9,0.2,0,1000,0.05,3,20.7228915662651,10.8433734939759,14.9397590361446,20.4819277108434,33.0120481927711
