"","nvar","r","d","het","iter","alpha","strategy","p1","p2","p3","p4","p5"
"1",80,0.3,0.3,0,1000,0.05,1,77.9352226720648,11.336032388664,5.26315789473684,2.73279352226721,1.82186234817814
"2",80,0.3,0.3,0,1000,0.05,2,77.9352226720648,11.336032388664,5.26315789473684,2.73279352226721,1.82186234817814
"3",80,0.3,0.3,0,1000,0.05,3,33.7044534412955,20.2429149797571,13.8663967611336,15.6882591093117,16.0931174089069
