"","nvar","r","d","het","iter","alpha","strategy","p1","p2","p3","p4","p5"
"1",192,0.6,0.3,0,1000,0.05,1,72.3451327433628,12.8318584070796,6.52654867256637,3.98230088495575,3.53982300884956
"2",192,0.6,0.3,0,1000,0.05,2,72.3451327433628,12.8318584070796,6.52654867256637,3.98230088495575,3.53982300884956
"3",192,0.6,0.3,0,1000,0.05,3,27.9867256637168,17.5884955752212,17.0353982300885,16.8141592920354,20.353982300885
