"","nvar","r","d","het","iter","alpha","strategy","p1","p2","p3","p4","p5"
"1",10,0.8,0.1,0,1000,0.05,1,29.535864978903,25.7383966244726,17.7215189873418,13.9240506329114,13.0801687763713
"2",10,0.8,0.1,0,1000,0.05,2,29.535864978903,25.7383966244726,17.7215189873418,13.9240506329114,13.0801687763713
"3",10,0.8,0.1,0,1000,0.05,3,16.4556962025316,19.831223628692,18.1434599156118,24.0506329113924,21.5189873417722
