"","nvar","r","d","het","iter","alpha","strategy","p1","p2","p3","p4","p5"
"1",42,0.2,0.2,0,1000,0.05,1,65.5282817502668,16.008537886873,8.96478121664888,6.29669156883671,3.09498399146211
"2",42,0.2,0.2,0,1000,0.05,2,65.5282817502668,16.008537886873,8.96478121664888,6.29669156883671,3.09498399146211
"3",42,0.2,0.2,0,1000,0.05,3,29.4557097118463,19.957310565635,17.8228388473853,17.3959445037353,15.3681963713981
