"","nvar","r","d","het","iter","alpha","strategy","p1","p2","p3","p4","p5"
"1",84,0.1,0.1,0,1000,0.05,1,66.9706180344478,19.1489361702128,8.3080040526849,3.95136778115502,1.62107396149949
"2",84,0.1,0.1,0,1000,0.05,2,66.9706180344478,19.1489361702128,8.3080040526849,3.95136778115502,1.62107396149949
"3",84,0.1,0.1,0,1000,0.05,3,20.9726443768997,21.0739614994934,20.9726443768997,18.8449848024316,18.1357649442756
