"","nvar","r","d","het","iter","alpha","strategy","p1","p2","p3","p4","p5"
"1",126,0.2,0.3,0,1000,0.05,1,90.5527638190955,5.32663316582915,2.1105527638191,0.402010050251256,0.703517587939699
"2",126,0.2,0.3,0,1000,0.05,2,90.5527638190955,5.32663316582915,2.1105527638191,0.402010050251256,0.703517587939699
"3",126,0.2,0.3,0,1000,0.05,3,36.2814070351759,20.1005025125628,17.4874371859297,13.6683417085427,12.2613065326633
