"","nvar","r","d","het","iter","alpha","strategy","p1","p2","p3","p4","p5"
"1",78,0.5,0.2,0,1000,0.05,1,61.4849187935035,17.2853828306264,10.2088167053364,6.96055684454756,4.06032482598608
"2",78,0.5,0.2,0,1000,0.05,2,61.4849187935035,17.2853828306264,10.2088167053364,6.96055684454756,4.06032482598608
"3",78,0.5,0.2,0,1000,0.05,3,22.2737819025522,19.3735498839907,18.3294663573086,21.3457076566125,18.677494199536
