"","nvar","r","d","het","iter","alpha","strategy","p1","p2","p3","p4","p5"
"1",174,0.3,0.2,0,1000,0.05,1,79.7392176529589,11.1334002006018,5.11534603811434,3.10932798395186,0.702106318956871
"2",174,0.3,0.2,0,1000,0.05,2,79.7392176529589,11.1334002006018,5.11534603811434,3.10932798395186,0.702106318956871
"3",174,0.3,0.2,0,1000,0.05,3,25.1755265797392,19.5586760280842,18.6559679037111,19.1574724172518,17.4523570712136
