"","nvar","r","d","het","iter","alpha","strategy","p1","p2","p3","p4","p5"
"1",122,0.6,0.1,0,1000,0.05,1,45.1742627345845,20.911528150134,14.2091152815013,10.455764075067,9.24932975871314
"2",122,0.6,0.1,0,1000,0.05,2,45.1742627345845,20.911528150134,14.2091152815013,10.455764075067,9.24932975871314
"3",122,0.6,0.1,0,1000,0.05,3,12.7345844504021,19.8391420911528,20.6434316353887,22.3860589812332,24.3967828418231
