"","nvar","r","d","het","iter","alpha","strategy","p1","p2","p3","p4","p5"
"1",54,0.8,0.2,0,1000,0.05,1,49.1295938104449,19.7292069632495,11.9922630560928,9.28433268858801,9.86460348162476
"2",54,0.8,0.2,0,1000,0.05,2,49.1295938104449,19.7292069632495,11.9922630560928,9.28433268858801,9.86460348162476
"3",54,0.8,0.2,0,1000,0.05,3,19.1489361702128,18.7620889748549,17.9883945841393,19.1489361702128,24.9516441005803
