"","nvar","r","d","het","iter","alpha","strategy","p1","p2","p3","p4","p5"
"1",88,0.2,0.2,0,1000,0.05,1,76.1904761904762,13.2725430597771,6.0790273556231,3.14083080040527,1.1144883485309
"2",88,0.2,0.2,0,1000,0.05,2,76.1904761904762,13.2725430597771,6.0790273556231,3.14083080040527,1.1144883485309
"3",88,0.2,0.2,0,1000,0.05,3,25.6332320162107,19.5542046605876,19.4528875379939,18.8449848024316,16.5146909827761
