"","nvar","r","d","het","iter","alpha","strategy","p1","p2","p3","p4","p5"
"1",190,0.7,0.2,0,1000,0.05,1,60.2921646746348,15.8034528552457,8.89774236387782,7.83532536520584,7.17131474103586
"2",190,0.7,0.2,0,1000,0.05,2,60.2921646746348,15.8034528552457,8.89774236387782,7.83532536520584,7.17131474103586
"3",190,0.7,0.2,0,1000,0.05,3,18.8579017264276,15.4050464807437,18.7250996015936,19.3891102257636,27.6228419654714
