"","nvar","r","d","het","iter","alpha","strategy","p1","p2","p3","p4","p5"
"1",90,0.4,0.2,0,1000,0.05,1,65.3104925053533,14.9892933618844,8.8865096359743,6.53104925053533,4.28265524625268
"2",90,0.4,0.2,0,1000,0.05,2,65.3104925053533,14.9892933618844,8.8865096359743,6.53104925053533,4.28265524625268
"3",90,0.4,0.2,0,1000,0.05,3,21.1991434689507,16.9164882226981,22.1627408993576,20.2355460385439,19.4860813704497
