"","nvar","r","d","het","iter","alpha","strategy","p1","p2","p3","p4","p5"
"1",120,0.5,0.1,0,1000,0.05,1,51.6355140186916,19.8598130841121,11.6822429906542,8.17757009345794,8.64485981308411
"2",120,0.5,0.1,0,1000,0.05,2,51.6355140186916,19.8598130841121,11.6822429906542,8.17757009345794,8.64485981308411
"3",120,0.5,0.1,0,1000,0.05,3,14.4859813084112,19.6261682242991,20.0934579439252,23.3644859813084,22.4299065420561
