"","nvar","r","d","het","iter","alpha","strategy","p1","p2","p3","p4","p5"
"1",46,0.6,0.3,0,1000,0.05,1,66.0691421254802,12.4199743918054,7.93854033290653,6.40204865556978,5.37772087067862
"2",46,0.6,0.3,0,1000,0.05,2,66.0691421254802,12.4199743918054,7.93854033290653,6.40204865556978,5.37772087067862
"3",46,0.6,0.3,0,1000,0.05,3,33.5467349551857,15.1088348271447,15.6209987195903,17.0294494238156,18.1818181818182
