"","nvar","r","d","het","iter","alpha","strategy","p1","p2","p3","p4","p5"
"1",18,0.1,0.2,0,1000,0.05,1,57.2115384615385,17.9086538461538,10.9375,8.17307692307692,5.76923076923077
"2",18,0.1,0.2,0,1000,0.05,2,57.2115384615385,17.9086538461538,10.9375,8.17307692307692,5.76923076923077
"3",18,0.1,0.2,0,1000,0.05,3,33.5336538461538,18.75,16.2259615384615,17.4278846153846,14.0625
