"","nvar","r","d","het","iter","alpha","strategy","p1","p2","p3","p4","p5"
"1",178,0.5,0.2,0,1000,0.05,1,67.8381256656017,13.5250266240682,9.26517571884984,5.43130990415335,3.94036208732694
"2",178,0.5,0.2,0,1000,0.05,2,67.8381256656017,13.5250266240682,9.26517571884984,5.43130990415335,3.94036208732694
"3",178,0.5,0.2,0,1000,0.05,3,21.2992545260916,16.0809371671991,19.3823216187433,22.1512247071352,21.0862619808307
