"","nvar","r","d","het","iter","alpha","strategy","p1","p2","p3","p4","p5"
"1",62,0.5,0.1,0,1000,0.05,1,46.693657219973,21.3225371120108,14.0350877192982,9.04183535762483,8.90688259109312
"2",62,0.5,0.1,0,1000,0.05,2,46.693657219973,21.3225371120108,14.0350877192982,9.04183535762483,8.90688259109312
"3",62,0.5,0.1,0,1000,0.05,3,16.1943319838057,22.8070175438596,19.7031039136302,19.4331983805668,21.8623481781377
