"","nvar","r","d","het","iter","alpha","strategy","p1","p2","p3","p4","p5"
"1",12,0.7,0.1,0,1000,0.05,1,41.9354838709677,18.0645161290323,15.4838709677419,12.5806451612903,11.9354838709677
"2",12,0.7,0.1,0,1000,0.05,2,41.9354838709677,18.0645161290323,15.4838709677419,12.5806451612903,11.9354838709677
"3",12,0.7,0.1,0,1000,0.05,3,20.9677419354839,22.9032258064516,18.7096774193548,17.741935483871,19.6774193548387
