"","nvar","r","d","het","iter","alpha","strategy","p1","p2","p3","p4","p5"
"1",34,0.6,0.2,0,1000,0.05,1,52.4390243902439,17.530487804878,11.890243902439,10.3658536585366,7.77439024390244
"2",34,0.6,0.2,0,1000,0.05,2,52.4390243902439,17.530487804878,11.890243902439,10.3658536585366,7.77439024390244
"3",34,0.6,0.2,0,1000,0.05,3,24.8475609756098,16.7682926829268,17.8353658536585,22.5609756097561,17.9878048780488
