"","nvar","r","d","het","iter","alpha","strategy","p1","p2","p3","p4","p5"
"1",178,0.5,0.1,0,1000,0.05,1,54.7854785478548,18.5918591859186,12.1012101210121,9.9009900990099,4.62046204620462
"2",178,0.5,0.1,0,1000,0.05,2,54.7854785478548,18.5918591859186,12.1012101210121,9.9009900990099,4.62046204620462
"3",178,0.5,0.1,0,1000,0.05,3,14.5214521452145,18.4818481848185,21.012101210121,23.5423542354235,22.4422442244224
