"","nvar","r","d","het","iter","alpha","strategy","p1","p2","p3","p4","p5"
"1",78,0.1,0.3,0,1000,0.05,1,88.4884884884885,6.40640640640641,2.3023023023023,1.1011011011011,0.500500500500501
"2",78,0.1,0.3,0,1000,0.05,2,88.4884884884885,6.40640640640641,2.3023023023023,1.1011011011011,0.500500500500501
"3",78,0.1,0.3,0,1000,0.05,3,37.4374374374374,18.7187187187187,16.1161161161161,13.9139139139139,13.4134134134134
