"","nvar","r","d","het","iter","alpha","strategy","p1","p2","p3","p4","p5"
"1",26,0.2,0.1,0,1000,0.05,1,43.4838709677419,21.5483870967742,15.2258064516129,10.5806451612903,9.16129032258065
"2",26,0.2,0.1,0,1000,0.05,2,43.4838709677419,21.5483870967742,15.2258064516129,10.5806451612903,9.16129032258065
"3",26,0.2,0.1,0,1000,0.05,3,23.2258064516129,18.0645161290323,19.4838709677419,21.2903225806452,17.9354838709677
