"","nvar","r","d","het","iter","alpha","strategy","p1","p2","p3","p4","p5"
"1",100,0.7,0.1,0,1000,0.05,1,45.777027027027,19.2567567567568,11.9932432432432,12.5,10.472972972973
"2",100,0.7,0.1,0,1000,0.05,2,45.777027027027,19.2567567567568,11.9932432432432,12.5,10.472972972973
"3",100,0.7,0.1,0,1000,0.05,3,12.6689189189189,14.0202702702703,17.2297297297297,26.1824324324324,29.8986486486487
