"","nvar","r","d","het","iter","alpha","strategy","p1","p2","p3","p4","p5"
"1",194,0.3,0.1,0,1000,0.05,1,69.4082246740221,19.2577733199599,7.72316950852558,3.10932798395186,0.501504513540622
"2",194,0.3,0.1,0,1000,0.05,2,69.4082246740221,19.2577733199599,7.72316950852558,3.10932798395186,0.501504513540622
"3",194,0.3,0.1,0,1000,0.05,3,15.9478435305918,21.6649949849549,20.4613841524574,21.2637913741224,20.6619859578736
