"","nvar","r","d","het","iter","alpha","strategy","p1","p2","p3","p4","p5"
"1",122,0.2,0.2,0,1000,0.05,1,82.429718875502,10.9437751004016,4.31726907630522,1.70682730923695,0.602409638554217
"2",122,0.2,0.2,0,1000,0.05,2,82.429718875502,10.9437751004016,4.31726907630522,1.70682730923695,0.602409638554217
"3",122,0.2,0.2,0,1000,0.05,3,27.5100401606426,20.281124497992,18.0722891566265,15.4618473895582,18.6746987951807
