"","nvar","r","d","het","iter","alpha","strategy","p1","p2","p3","p4","p5"
"1",106,0.5,0.2,0,1000,0.05,1,63.5650224215247,14.0134529147982,12.1076233183857,5.4932735426009,4.82062780269058
"2",106,0.5,0.2,0,1000,0.05,2,63.5650224215247,14.0134529147982,12.1076233183857,5.4932735426009,4.82062780269058
"3",106,0.5,0.2,0,1000,0.05,3,21.0762331838565,18.7219730941704,20.1793721973094,18.7219730941704,21.3004484304933
