"","nvar","r","d","het","iter","alpha","strategy","p1","p2","p3","p4","p5"
"1",36,0.3,0.1,0,1000,0.05,1,44.8767833981842,20.7522697795071,14.7859922178988,11.8028534370947,7.78210116731517
"2",36,0.3,0.1,0,1000,0.05,2,44.8767833981842,20.7522697795071,14.7859922178988,11.8028534370947,7.78210116731517
"3",36,0.3,0.1,0,1000,0.05,3,19.5849546044099,19.5849546044099,21.011673151751,19.5849546044099,20.2334630350195
