"","nvar","r","d","het","iter","alpha","strategy","p1","p2","p3","p4","p5"
"1",154,0.4,0.3,0,1000,0.05,1,81.3645621181263,8.35030549898167,4.78615071283096,2.74949083503055,1.52749490835031
"2",154,0.4,0.3,0,1000,0.05,2,81.3645621181263,8.35030549898167,4.78615071283096,2.74949083503055,1.52749490835031
"3",154,0.4,0.3,0,1000,0.05,3,32.4847250509165,19.5519348268839,16.1914460285132,16.0896130346232,15.3767820773931
