"","nvar","r","d","het","iter","alpha","strategy","p1","p2","p3","p4","p5"
"1",4,0.5,0.1,0,1000,0.05,1,33.6448598130841,21.4953271028037,17.2897196261682,12.1495327102804,15.4205607476636
"2",4,0.5,0.1,0,1000,0.05,2,33.6448598130841,21.4953271028037,17.2897196261682,12.1495327102804,15.4205607476636
"3",4,0.5,0.1,0,1000,0.05,3,20.5607476635514,21.0280373831776,24.2990654205607,15.8878504672897,18.2242990654206
