"","nvar","r","d","het","iter","alpha","strategy","p1","p2","p3","p4","p5"
"1",38,0.4,0.1,0,1000,0.05,1,43.8450899031812,20.4702627939142,13.0013831258645,12.7247579529737,9.95850622406639
"2",38,0.4,0.1,0,1000,0.05,2,43.8450899031812,20.4702627939142,13.0013831258645,12.7247579529737,9.95850622406639
"3",38,0.4,0.1,0,1000,0.05,3,19.0871369294606,18.5338865836791,17.4273858921162,23.9280774550484,21.0235131396957
