"","nvar","r","d","het","iter","alpha","strategy","p1","p2","p3","p4","p5"
"1",40,0.2,0.1,0,1000,0.05,1,48.0924855491329,22.5433526011561,13.6416184971098,8.67052023121387,7.05202312138728
"2",40,0.2,0.1,0,1000,0.05,2,48.0924855491329,22.5433526011561,13.6416184971098,8.67052023121387,7.05202312138728
"3",40,0.2,0.1,0,1000,0.05,3,21.1560693641619,22.3121387283237,19.7687861271676,17.8034682080925,18.9595375722543
