"","nvar","r","d","het","iter","alpha","strategy","p1","p2","p3","p4","p5"
"1",26,0.4,0.3,0,1000,0.05,1,65.5502392344498,13.755980861244,8.97129186602871,7.17703349282297,3.70813397129187
"2",26,0.4,0.3,0,1000,0.05,2,65.5502392344498,13.755980861244,8.97129186602871,7.17703349282297,3.70813397129187
"3",26,0.4,0.3,0,1000,0.05,3,33.4928229665072,19.377990430622,16.866028708134,15.311004784689,14.8325358851675
