"","nvar","r","d","het","iter","alpha","strategy","p1","p2","p3","p4","p5"
"1",26,0.3,0.2,0,1000,0.05,1,56.7701863354037,17.2670807453416,11.5527950310559,8.32298136645963,6.08695652173913
"2",26,0.3,0.2,0,1000,0.05,2,56.7701863354037,17.2670807453416,11.5527950310559,8.32298136645963,6.08695652173913
"3",26,0.3,0.2,0,1000,0.05,3,26.3354037267081,19.3788819875776,19.0062111801242,17.1428571428571,18.1366459627329
