"","nvar","r","d","het","iter","alpha","strategy","p1","p2","p3","p4","p5"
"1",88,0.7,0.2,0,1000,0.05,1,55.1051051051051,19.6696696696697,9.15915915915916,8.55855855855856,7.35735735735736
"2",88,0.7,0.2,0,1000,0.05,2,55.1051051051051,19.6696696696697,9.15915915915916,8.55855855855856,7.35735735735736
"3",88,0.7,0.2,0,1000,0.05,3,18.1681681681682,17.2672672672673,18.6186186186186,23.2732732732733,22.6726726726727
