"","nvar","r","d","het","iter","alpha","strategy","p1","p2","p3","p4","p5"
"1",70,0.4,0.3,0,1000,0.05,1,76.4331210191083,10.4033970276008,6.68789808917197,3.60934182590234,1.91082802547771
"2",70,0.4,0.3,0,1000,0.05,2,76.4331210191083,10.4033970276008,6.68789808917197,3.60934182590234,1.91082802547771
"3",70,0.4,0.3,0,1000,0.05,3,33.5456475583864,19.0021231422505,17.4097664543524,15.0743099787686,14.8619957537155
