"","nvar","r","d","het","iter","alpha","strategy","p1","p2","p3","p4","p5"
"1",28,0.6,0.3,0,1000,0.05,1,64.0816326530612,14.8299319727891,9.52380952380952,6.25850340136054,4.35374149659864
"2",28,0.6,0.3,0,1000,0.05,2,64.0816326530612,14.8299319727891,9.52380952380952,6.25850340136054,4.35374149659864
"3",28,0.6,0.3,0,1000,0.05,3,31.8367346938775,17.5510204081633,19.5918367346939,16.0544217687075,14.1496598639456
