"","nvar","r","d","het","iter","alpha","strategy","p1","p2","p3","p4","p5"
"1",64,0.9,0.1,0,1000,0.05,1,39.4736842105263,18.796992481203,18.4210526315789,12.406015037594,10.9022556390977
"2",64,0.9,0.1,0,1000,0.05,2,39.4736842105263,18.796992481203,18.4210526315789,12.406015037594,10.9022556390977
"3",64,0.9,0.1,0,1000,0.05,3,9.02255639097744,11.6541353383459,21.4285714285714,24.4360902255639,33.4586466165414
