"","nvar","r","d","het","iter","alpha","strategy","p1","p2","p3","p4","p5"
"1",106,0.8,0.1,0,1000,0.05,1,41.4376321353066,23.2558139534884,12.0507399577167,12.0507399577167,11.2050739957717
"2",106,0.8,0.1,0,1000,0.05,2,41.4376321353066,23.2558139534884,12.0507399577167,12.0507399577167,11.2050739957717
"3",106,0.8,0.1,0,1000,0.05,3,10.1479915433404,12.0507399577167,19.0274841437632,25.7928118393235,32.9809725158562
