"","nvar","r","d","het","iter","alpha","strategy","p1","p2","p3","p4","p5"
"1",128,0.6,0.1,0,1000,0.05,1,45.6989247311828,19.6236559139785,13.5752688172043,11.5591397849462,9.54301075268817
"2",128,0.6,0.1,0,1000,0.05,2,45.6989247311828,19.6236559139785,13.5752688172043,11.5591397849462,9.54301075268817
"3",128,0.6,0.1,0,1000,0.05,3,9.94623655913978,17.2043010752688,22.9838709677419,24.3279569892473,25.5376344086022
