"","nvar","r","d","het","iter","alpha","strategy","p1","p2","p3","p4","p5"
"1",128,0.7,0.2,0,1000,0.05,1,53.9106145251397,17.4581005586592,11.731843575419,10.3351955307263,6.56424581005587
"2",128,0.7,0.2,0,1000,0.05,2,53.9106145251397,17.4581005586592,11.731843575419,10.3351955307263,6.56424581005587
"3",128,0.7,0.2,0,1000,0.05,3,15.9217877094972,17.1787709497207,18.854748603352,23.3240223463687,24.7206703910615
