"","nvar","r","d","het","iter","alpha","strategy","p1","p2","p3","p4","p5"
"1",124,0.2,0.3,0,1000,0.05,1,89.3893893893894,6.30630630630631,2.2022022022022,1.1011011011011,0.4004004004004
"2",124,0.2,0.3,0,1000,0.05,2,89.3893893893894,6.30630630630631,2.2022022022022,1.1011011011011,0.4004004004004
"3",124,0.2,0.3,0,1000,0.05,3,33.033033033033,20.6206206206206,17.017017017017,16.016016016016,13.1131131131131
