"","nvar","r","d","het","iter","alpha","strategy","p1","p2","p3","p4","p5"
"1",192,0.6,0.1,0,1000,0.05,1,51.0718789407314,19.0416141235813,12.3581336696091,9.96216897856242,7.56620428751576
"2",192,0.6,0.1,0,1000,0.05,2,51.0718789407314,19.0416141235813,12.3581336696091,9.96216897856242,7.56620428751576
"3",192,0.6,0.1,0,1000,0.05,3,12.1059268600252,17.0239596469105,20.3026481715006,24.5901639344262,25.9773013871375
