"","nvar","r","d","het","iter","alpha","strategy","p1","p2","p3","p4","p5"
"1",136,0.5,0.2,0,1000,0.05,1,68.0662983425414,12.817679558011,9.39226519337017,5.19337016574586,4.53038674033149
"2",136,0.5,0.2,0,1000,0.05,2,68.0662983425414,12.817679558011,9.39226519337017,5.19337016574586,4.53038674033149
"3",136,0.5,0.2,0,1000,0.05,3,21.5469613259669,20.1104972375691,18.7845303867403,18.7845303867403,20.7734806629834
