"","nvar","r","d","het","iter","alpha","strategy","p1","p2","p3","p4","p5"
"1",166,0.9,0.2,0,1000,0.05,1,47.6851851851852,16.2037037037037,12.962962962963,11.3425925925926,11.5740740740741
"2",166,0.9,0.2,0,1000,0.05,2,47.6851851851852,16.2037037037037,12.962962962963,11.3425925925926,11.5740740740741
"3",166,0.9,0.2,0,1000,0.05,3,17.5925925925926,14.5833333333333,13.4259259259259,22.2222222222222,32.1759259259259
