"","nvar","r","d","het","iter","alpha","strategy","p1","p2","p3","p4","p5"
"1",142,0.3,0.1,0,1000,0.05,1,66.7676767676768,19.7979797979798,7.57575757575758,4.44444444444444,1.41414141414141
"2",142,0.3,0.1,0,1000,0.05,2,66.7676767676768,19.7979797979798,7.57575757575758,4.44444444444444,1.41414141414141
"3",142,0.3,0.1,0,1000,0.05,3,19.2929292929293,20.2020202020202,18.8888888888889,21.5151515151515,20.1010101010101
