"","nvar","r","d","het","iter","alpha","strategy","p1","p2","p3","p4","p5"
"1",108,0.3,0.3,0,1000,0.05,1,84.1945288753799,8.40932117527862,3.74873353596758,1.51975683890578,0.810536980749747
"2",108,0.3,0.3,0,1000,0.05,2,84.1945288753799,8.40932117527862,3.74873353596758,1.51975683890578,0.810536980749747
"3",108,0.3,0.3,0,1000,0.05,3,34.1438703140831,17.1225937183384,17.2239108409321,15.6028368794326,15.9067882472138
