"","nvar","r","d","het","iter","alpha","strategy","p1","p2","p3","p4","p5"
"1",166,0.6,0.3,0,1000,0.05,1,72.5643896976484,11.7581187010078,6.04703247480403,5.37513997760358,3.13549832026876
"2",166,0.6,0.3,0,1000,0.05,2,72.5643896976484,11.7581187010078,6.04703247480403,5.37513997760358,3.13549832026876
"3",166,0.6,0.3,0,1000,0.05,3,29.5632698768197,17.3572228443449,16.3493840985442,18.8129899216125,17.4692049272116
