"","nvar","r","d","het","iter","alpha","strategy","p1","p2","p3","p4","p5"
"1",84,0.2,0.2,0,1000,0.05,1,77.6649746192893,10.761421319797,6.19289340101523,2.43654822335025,2.94416243654822
"2",84,0.2,0.2,0,1000,0.05,2,77.6649746192893,10.761421319797,6.19289340101523,2.43654822335025,2.94416243654822
"3",84,0.2,0.2,0,1000,0.05,3,28.5279187817259,18.1725888324873,17.7664974619289,15.6345177664975,19.8984771573604
