"","nvar","r","d","het","iter","alpha","strategy","p1","p2","p3","p4","p5"
"1",140,0.6,0.3,0,1000,0.05,1,70.9567198177676,13.2118451025057,6.49202733485194,5.69476082004556,3.30296127562642
"2",140,0.6,0.3,0,1000,0.05,2,70.9567198177676,13.2118451025057,6.49202733485194,5.69476082004556,3.30296127562642
"3",140,0.6,0.3,0,1000,0.05,3,24.6013667425968,17.5398633257403,17.5398633257403,17.1981776765376,22.8929384965831
