"","nvar","r","d","het","iter","alpha","strategy","p1","p2","p3","p4","p5"
"1",78,0.2,0.1,0,1000,0.05,1,62.3294858342078,20.2518363064008,8.7093389296957,5.66631689401889,3.04302203567681
"2",78,0.2,0.1,0,1000,0.05,2,62.3294858342078,20.2518363064008,8.7093389296957,5.66631689401889,3.04302203567681
"3",78,0.2,0.1,0,1000,0.05,3,21.196222455404,21.4060860440714,20.0419727177335,18.887722980063,18.4679958027282
