"","nvar","r","d","het","iter","alpha","strategy","p1","p2","p3","p4","p5"
"1",94,0.7,0.2,0,1000,0.05,1,58.9312977099237,15.4198473282443,10.381679389313,7.48091603053435,7.78625954198473
"2",94,0.7,0.2,0,1000,0.05,2,58.9312977099237,15.4198473282443,10.381679389313,7.48091603053435,7.78625954198473
"3",94,0.7,0.2,0,1000,0.05,3,21.0687022900763,16.793893129771,17.7099236641221,20.9160305343511,23.5114503816794
