"","nvar","r","d","het","iter","alpha","strategy","p1","p2","p3","p4","p5"
"1",76,0.5,0.1,0,1000,0.05,1,46.7866323907455,21.0796915167095,13.6246786632391,10.2827763496144,8.22622107969152
"2",76,0.5,0.1,0,1000,0.05,2,46.7866323907455,21.0796915167095,13.6246786632391,10.2827763496144,8.22622107969152
"3",76,0.5,0.1,0,1000,0.05,3,13.7532133676093,19.4087403598972,21.5938303341902,23.1362467866324,22.107969151671
