"","nvar","r","d","het","iter","alpha","strategy","p1","p2","p3","p4","p5"
"1",112,0.6,0.3,0,1000,0.05,1,70.1694915254237,11.2994350282486,7.79661016949153,5.42372881355932,4.18079096045198
"2",112,0.6,0.3,0,1000,0.05,2,70.1694915254237,11.2994350282486,7.79661016949153,5.42372881355932,4.18079096045198
"3",112,0.6,0.3,0,1000,0.05,3,29.7175141242938,17.2881355932203,16.9491525423729,18.3050847457627,17.4011299435028
