"","nvar","r","d","het","iter","alpha","strategy","p1","p2","p3","p4","p5"
"1",176,0.8,0.2,0,1000,0.05,1,55,17,11.1666666666667,9,7.83333333333333
"2",176,0.8,0.2,0,1000,0.05,2,55,17,11.1666666666667,9,7.83333333333333
"3",176,0.8,0.2,0,1000,0.05,3,16.3333333333333,13.6666666666667,17.6666666666667,24.6666666666667,27.6666666666667
