"","nvar","r","d","het","iter","alpha","strategy","p1","p2","p3","p4","p5"
"1",138,0.3,0.1,0,1000,0.05,1,69.4416243654822,16.1421319796954,8.22335025380711,4.26395939086294,1.92893401015228
"2",138,0.3,0.1,0,1000,0.05,2,69.4416243654822,16.1421319796954,8.22335025380711,4.26395939086294,1.92893401015228
"3",138,0.3,0.1,0,1000,0.05,3,19.8984771573604,21.4213197969543,18.7817258883249,19.3908629441624,20.507614213198
