"","nvar","r","d","het","iter","alpha","strategy","p1","p2","p3","p4","p5"
"1",14,0.8,0.1,0,1000,0.05,1,32.4626865671642,20.8955223880597,15.2985074626866,17.5373134328358,13.8059701492537
"2",14,0.8,0.1,0,1000,0.05,2,32.4626865671642,20.8955223880597,15.2985074626866,17.5373134328358,13.8059701492537
"3",14,0.8,0.1,0,1000,0.05,3,17.5373134328358,14.5522388059702,17.910447761194,25.3731343283582,24.6268656716418
