"","nvar","r","d","het","iter","alpha","strategy","p1","p2","p3","p4","p5"
"1",12,0.2,0.3,0,1000,0.05,1,62.7965043695381,16.729088639201,9.86267166042447,6.24219725343321,3.87016229712859
"2",12,0.2,0.3,0,1000,0.05,2,62.7965043695381,16.729088639201,9.86267166042447,6.24219725343321,3.87016229712859
"3",12,0.2,0.3,0,1000,0.05,3,36.2047440699126,19.3508114856429,18.601747815231,13.8576779026217,11.8601747815231
