"","nvar","r","d","het","iter","alpha","strategy","p1","p2","p3","p4","p5"
"1",10,0.7,0.3,0,1000,0.05,1,58.9347079037801,16.6666666666667,11.340206185567,6.70103092783505,5.84192439862543
"2",10,0.7,0.3,0,1000,0.05,2,58.9347079037801,16.6666666666667,11.340206185567,6.70103092783505,5.84192439862543
"3",10,0.7,0.3,0,1000,0.05,3,36.254295532646,18.9003436426117,15.4639175257732,15.1202749140893,13.745704467354
