"","nvar","r","d","het","iter","alpha","strategy","p1","p2","p3","p4","p5"
"1",26,0.2,0.3,0,1000,0.05,1,72.0700985761227,13.3625410733844,6.13362541073384,5.58598028477547,1.86199342825849
"2",26,0.2,0.3,0,1000,0.05,2,72.0700985761227,13.3625410733844,6.13362541073384,5.58598028477547,1.86199342825849
"3",26,0.2,0.3,0,1000,0.05,3,37.0208105147864,21.0295728368018,13.5815991237678,16.3198247535597,11.7196056955093
