"","nvar","r","d","het","iter","alpha","strategy","p1","p2","p3","p4","p5"
"1",106,0.3,0.2,0,1000,0.05,1,75.6923076923077,12.8205128205128,6.56410256410256,3.38461538461538,1.53846153846154
"2",106,0.3,0.2,0,1000,0.05,2,75.6923076923077,12.8205128205128,6.56410256410256,3.38461538461538,1.53846153846154
"3",106,0.3,0.2,0,1000,0.05,3,27.6923076923077,18.8717948717949,18.974358974359,16.6153846153846,17.8461538461538
