"","nvar","r","d","het","iter","alpha","strategy","p1","p2","p3","p4","p5"
"1",110,0.2,0.3,0,1000,0.05,1,86.9477911646586,7.53012048192771,3.21285140562249,0.70281124497992,0.401606425702811
"2",110,0.2,0.3,0,1000,0.05,2,86.9477911646586,7.53012048192771,3.21285140562249,0.70281124497992,0.401606425702811
"3",110,0.2,0.3,0,1000,0.05,3,37.14859437751,17.570281124498,16.566265060241,14.1566265060241,14.3574297188755
