"","nvar","r","d","het","iter","alpha","strategy","p1","p2","p3","p4","p5"
"1",124,0.3,0.3,0,1000,0.05,1,87.0221327967807,7.9476861167002,2.41448692152917,1.40845070422535,0.804828973843058
"2",124,0.3,0.3,0,1000,0.05,2,87.0221327967807,7.9476861167002,2.41448692152917,1.40845070422535,0.804828973843058
"3",124,0.3,0.3,0,1000,0.05,3,34.9094567404427,19.8189134808853,15.8953722334004,15.3923541247485,13.8832997987928
