"","nvar","r","d","het","iter","alpha","strategy","p1","p2","p3","p4","p5"
"1",52,0.5,0.2,0,1000,0.05,1,57.9345088161209,17.0025188916877,11.0831234256927,8.69017632241814,5.2896725440806
"2",52,0.5,0.2,0,1000,0.05,2,57.9345088161209,17.0025188916877,11.0831234256927,8.69017632241814,5.2896725440806
"3",52,0.5,0.2,0,1000,0.05,3,21.6624685138539,17.8841309823678,19.647355163728,21.7884130982368,19.0176322418136
