"","nvar","r","d","het","iter","alpha","strategy","p1","p2","p3","p4","p5"
"1",104,0.1,0.3,0,1000,0.05,1,92.9859719438878,4.70941883767535,1.40280561122244,0,0.100200400801603
"2",104,0.1,0.3,0,1000,0.05,2,92.9859719438878,4.70941883767535,1.40280561122244,0,0.100200400801603
"3",104,0.1,0.3,0,1000,0.05,3,39.6793587174349,20.3406813627255,14.7294589178357,12.9258517034068,12.0240480961924
