"","nvar","r","d","het","iter","alpha","strategy","p1","p2","p3","p4","p5"
"1",20,0,0.1,0,1000,0.05,1,42.6546391752577,21.9072164948454,14.819587628866,12.2422680412371,8.37628865979381
"2",20,0,0.1,0,1000,0.05,2,42.6546391752577,21.9072164948454,14.819587628866,12.2422680412371,8.37628865979381
"3",20,0,0.1,0,1000,0.05,3,25.7731958762887,19.7164948453608,18.6855670103093,17.6546391752577,18.1701030927835
