"","nvar","r","d","het","iter","alpha","strategy","p1","p2","p3","p4","p5"
"1",158,0.5,0.1,0,1000,0.05,1,52.8409090909091,18.9772727272727,12.8409090909091,9.88636363636364,5.45454545454545
"2",158,0.5,0.1,0,1000,0.05,2,52.8409090909091,18.9772727272727,12.8409090909091,9.88636363636364,5.45454545454545
"3",158,0.5,0.1,0,1000,0.05,3,13.1818181818182,18.0681818181818,18.9772727272727,24.3181818181818,25.4545454545455
