"","nvar","r","d","het","iter","alpha","strategy","p1","p2","p3","p4","p5"
"1",86,0.4,0.1,0,1000,0.05,1,51.4029180695847,21.5488215488215,10.1010101010101,10.1010101010101,6.84624017957351
"2",86,0.4,0.1,0,1000,0.05,2,51.4029180695847,21.5488215488215,10.1010101010101,10.1010101010101,6.84624017957351
"3",86,0.4,0.1,0,1000,0.05,3,17.3961840628507,18.7429854096521,18.5185185185185,20.2020202020202,25.1402918069585
