"","nvar","r","d","het","iter","alpha","strategy","p1","p2","p3","p4","p5"
"1",94,0.3,0.1,0,1000,0.05,1,60.33934252386,16.8610816542948,12.1951219512195,6.46871686108165,4.13573700954401
"2",94,0.3,0.1,0,1000,0.05,2,60.33934252386,16.8610816542948,12.1951219512195,6.46871686108165,4.13573700954401
"3",94,0.3,0.1,0,1000,0.05,3,18.6638388123012,19.9363732767762,20.5726405090138,21.9512195121951,18.8759278897137
