"","nvar","r","d","het","iter","alpha","strategy","p1","p2","p3","p4","p5"
"1",144,0.6,0.2,0,1000,0.05,1,60.8173076923077,16.3461538461538,9.375,7.93269230769231,5.52884615384615
"2",144,0.6,0.2,0,1000,0.05,2,60.8173076923077,16.3461538461538,9.375,7.93269230769231,5.52884615384615
"3",144,0.6,0.2,0,1000,0.05,3,19.1105769230769,16.4663461538462,19.2307692307692,21.6346153846154,23.5576923076923
