"","nvar","r","d","het","iter","alpha","strategy","p1","p2","p3","p4","p5"
"1",158,0.9,0.1,0,1000,0.05,1,36.5325077399381,22.2910216718266,13.6222910216718,13.312693498452,14.2414860681115
"2",158,0.9,0.1,0,1000,0.05,2,36.5325077399381,22.2910216718266,13.6222910216718,13.312693498452,14.2414860681115
"3",158,0.9,0.1,0,1000,0.05,3,13.0030959752322,8.97832817337461,11.1455108359133,25.6965944272446,41.1764705882353
