"","nvar","r","d","het","iter","alpha","strategy","p1","p2","p3","p4","p5"
"1",54,0,0.3,0,1000,0.05,1,91.0910910910911,5.3053053053053,1.6016016016016,0.800800800800801,0.1001001001001
"2",54,0,0.3,0,1000,0.05,2,91.0910910910911,5.3053053053053,1.6016016016016,0.800800800800801,0.1001001001001
"3",54,0,0.3,0,1000,0.05,3,40.6406406406406,19.1191191191191,15.8158158158158,13.4134134134134,10.7107107107107
