"","nvar","r","d","het","iter","alpha","strategy","p1","p2","p3","p4","p5"
"1",104,0.9,0.2,0,1000,0.05,1,55.188679245283,13.2075471698113,11.7924528301887,10.6132075471698,9.19811320754717
"2",104,0.9,0.2,0,1000,0.05,2,55.188679245283,13.2075471698113,11.7924528301887,10.6132075471698,9.19811320754717
"3",104,0.9,0.2,0,1000,0.05,3,19.5754716981132,12.5,16.0377358490566,23.8207547169811,28.0660377358491
