"","nvar","r","d","het","iter","alpha","strategy","p1","p2","p3","p4","p5"
"1",186,0.4,0.3,0,1000,0.05,1,82.020202020202,8.48484848484849,4.84848484848485,2.92929292929293,0.909090909090909
"2",186,0.4,0.3,0,1000,0.05,2,82.020202020202,8.48484848484849,4.84848484848485,2.92929292929293,0.909090909090909
"3",186,0.4,0.3,0,1000,0.05,3,31.4141414141414,18.989898989899,17.5757575757576,14.7474747474747,17.2727272727273
