"","nvar","r","d","het","iter","alpha","strategy","p1","p2","p3","p4","p5"
"1",152,0.7,0.2,0,1000,0.05,1,58.9779005524862,14.5027624309392,11.0497237569061,9.53038674033149,5.93922651933702
"2",152,0.7,0.2,0,1000,0.05,2,58.9779005524862,14.5027624309392,11.0497237569061,9.53038674033149,5.93922651933702
"3",152,0.7,0.2,0,1000,0.05,3,17.1270718232044,16.4364640883978,20.9944751381215,21.6850828729282,23.7569060773481
