"","nvar","r","d","het","iter","alpha","strategy","p1","p2","p3","p4","p5"
"1",38,0.9,0.2,0,1000,0.05,1,48.2412060301507,20.1005025125628,11.8090452261307,12.0603015075377,7.78894472361809
"2",38,0.9,0.2,0,1000,0.05,2,48.2412060301507,20.1005025125628,11.8090452261307,12.0603015075377,7.78894472361809
"3",38,0.9,0.2,0,1000,0.05,3,22.1105527638191,15.5778894472362,16.0804020100502,21.608040201005,24.6231155778894
