"","nvar","r","d","het","iter","alpha","strategy","p1","p2","p3","p4","p5"
"1",92,0.7,0.2,0,1000,0.05,1,57.2507552870091,15.7099697885196,10.8761329305136,9.21450151057402,6.94864048338369
"2",92,0.7,0.2,0,1000,0.05,2,57.2507552870091,15.7099697885196,10.8761329305136,9.21450151057402,6.94864048338369
"3",92,0.7,0.2,0,1000,0.05,3,20.9969788519637,17.97583081571,19.4864048338369,20.5438066465257,20.9969788519637
