"","nvar","r","d","het","iter","alpha","strategy","p1","p2","p3","p4","p5"
"1",36,0.8,0.1,0,1000,0.05,1,39.0804597701149,25.8620689655172,13.2183908045977,10.0574712643678,11.7816091954023
"2",36,0.8,0.1,0,1000,0.05,2,39.0804597701149,25.8620689655172,13.2183908045977,10.0574712643678,11.7816091954023
"3",36,0.8,0.1,0,1000,0.05,3,12.9310344827586,17.816091954023,18.1034482758621,23.5632183908046,27.5862068965517
