"","nvar","r","d","het","iter","alpha","strategy","p1","p2","p3","p4","p5"
"1",144,0.9,0.2,0,1000,0.05,1,48.1042654028436,20.6161137440758,12.7962085308057,10.6635071090047,7.81990521327014
"2",144,0.9,0.2,0,1000,0.05,2,48.1042654028436,20.6161137440758,12.7962085308057,10.6635071090047,7.81990521327014
"3",144,0.9,0.2,0,1000,0.05,3,19.1943127962085,11.1374407582938,16.824644549763,22.2748815165877,30.5687203791469
