"","nvar","r","d","het","iter","alpha","strategy","p1","p2","p3","p4","p5"
"1",198,0.5,0.3,0,1000,0.05,1,76.9151138716356,10.1449275362319,6.10766045548654,3.51966873706004,2.5879917184265
"2",198,0.5,0.3,0,1000,0.05,2,76.9151138716356,10.1449275362319,6.10766045548654,3.51966873706004,2.5879917184265
"3",198,0.5,0.3,0,1000,0.05,3,28.3643892339545,18.6335403726708,17.8053830227743,17.5983436853002,17.184265010352
