"","nvar","r","d","het","iter","alpha","strategy","p1","p2","p3","p4","p5"
"1",198,0.8,0.1,0,1000,0.05,1,41.1177644710579,19.3612774451098,15.9680638722555,12.1756487025948,11.377245508982
"2",198,0.8,0.1,0,1000,0.05,2,41.1177644710579,19.3612774451098,15.9680638722555,12.1756487025948,11.377245508982
"3",198,0.8,0.1,0,1000,0.05,3,7.18562874251497,14.1716566866267,22.1556886227545,23.75249500998,32.7345309381238
