"","nvar","r","d","het","iter","alpha","strategy","p1","p2","p3","p4","p5"
"1",162,0.3,0.3,0,1000,0.05,1,88.6317907444668,6.53923541247485,2.71629778672032,0.804828973843058,0.402414486921529
"2",162,0.3,0.3,0,1000,0.05,2,88.6317907444668,6.53923541247485,2.71629778672032,0.804828973843058,0.402414486921529
"3",162,0.3,0.3,0,1000,0.05,3,32.7967806841046,18.1086519114688,17.907444668008,14.989939637827,15.9959758551308
