"","nvar","r","d","het","iter","alpha","strategy","p1","p2","p3","p4","p5"
"1",36,0.7,0.1,0,1000,0.05,1,42.6966292134831,17.3033707865169,13.9325842696629,14.3820224719101,11.685393258427
"2",36,0.7,0.1,0,1000,0.05,2,42.6966292134831,17.3033707865169,13.9325842696629,14.3820224719101,11.685393258427
"3",36,0.7,0.1,0,1000,0.05,3,14.8314606741573,14.6067415730337,21.3483146067416,26.5168539325843,22.6966292134831
