"","nvar","r","d","het","iter","alpha","strategy","p1","p2","p3","p4","p5"
"1",140,0.3,0.1,0,1000,0.05,1,65.6534954407295,18.9463019250253,9.32117527862209,4.05268490374873,2.02634245187437
"2",140,0.3,0.1,0,1000,0.05,2,65.6534954407295,18.9463019250253,9.32117527862209,4.05268490374873,2.02634245187437
"3",140,0.3,0.1,0,1000,0.05,3,19.047619047619,19.9594731509625,20.2634245187437,21.3779128672746,19.3515704154002
