"","nvar","r","d","het","iter","alpha","strategy","p1","p2","p3","p4","p5"
"1",88,0.8,0.2,0,1000,0.05,1,55.637707948244,15.3419593345656,11.275415896488,9.9815157116451,7.57855822550832
"2",88,0.8,0.2,0,1000,0.05,2,55.637707948244,15.3419593345656,11.275415896488,9.9815157116451,7.57855822550832
"3",88,0.8,0.2,0,1000,0.05,3,19.4085027726433,12.3844731977819,17.0055452865065,24.7689463955638,26.4325323475046
