"","nvar","r","d","het","iter","alpha","strategy","p1","p2","p3","p4","p5"
"1",130,0.4,0.3,0,1000,0.05,1,79.1794871794872,9.53846153846154,5.02564102564103,3.38461538461538,1.74358974358974
"2",130,0.4,0.3,0,1000,0.05,2,79.1794871794872,9.53846153846154,5.02564102564103,3.38461538461538,1.74358974358974
"3",130,0.4,0.3,0,1000,0.05,3,29.7435897435897,18.8717948717949,16,19.0769230769231,16.1025641025641
