"","nvar","r","d","het","iter","alpha","strategy","p1","p2","p3","p4","p5"
"1",12,0.8,0.2,0,1000,0.05,1,52.7777777777778,16.4141414141414,13.6363636363636,9.34343434343434,7.57575757575758
"2",12,0.8,0.2,0,1000,0.05,2,52.7777777777778,16.4141414141414,13.6363636363636,9.34343434343434,7.57575757575758
"3",12,0.8,0.2,0,1000,0.05,3,29.040404040404,15.6565656565657,18.9393939393939,16.1616161616162,20.2020202020202
