"","nvar","r","d","het","iter","alpha","strategy","p1","p2","p3","p4","p5"
"1",22,0.4,0.2,0,1000,0.05,1,55,17.7027027027027,10.6756756756757,9.18918918918919,7.43243243243243
"2",22,0.4,0.2,0,1000,0.05,2,55,17.7027027027027,10.6756756756757,9.18918918918919,7.43243243243243
"3",22,0.4,0.2,0,1000,0.05,3,28.1081081081081,19.3243243243243,17.8378378378378,17.7027027027027,17.027027027027
