"","nvar","r","d","het","iter","alpha","strategy","p1","p2","p3","p4","p5"
"1",76,0.6,0.1,0,1000,0.05,1,47.5555555555556,19.5555555555556,12.1481481481481,11.7037037037037,9.03703703703704
"2",76,0.6,0.1,0,1000,0.05,2,47.5555555555556,19.5555555555556,12.1481481481481,11.7037037037037,9.03703703703704
"3",76,0.6,0.1,0,1000,0.05,3,15.5555555555556,16.7407407407407,20.8888888888889,23.1111111111111,23.7037037037037
