"","nvar","r","d","het","iter","alpha","strategy","p1","p2","p3","p4","p5"
"1",66,0.5,0.1,0,1000,0.05,1,47.3474801061008,19.3633952254642,14.7214854111406,9.81432360742706,8.75331564986737
"2",66,0.5,0.1,0,1000,0.05,2,47.3474801061008,19.3633952254642,14.7214854111406,9.81432360742706,8.75331564986737
"3",66,0.5,0.1,0,1000,0.05,3,16.0477453580902,16.710875331565,21.4854111405836,21.6180371352785,24.1379310344828
