"","nvar","r","d","het","iter","alpha","strategy","p1","p2","p3","p4","p5"
"1",180,0.9,0.2,0,1000,0.05,1,51.9362186788155,16.628701594533,12.0728929384966,11.6173120728929,7.74487471526196
"2",180,0.9,0.2,0,1000,0.05,2,51.9362186788155,16.628701594533,12.0728929384966,11.6173120728929,7.74487471526196
"3",180,0.9,0.2,0,1000,0.05,3,19.1343963553531,14.5785876993166,12.9840546697039,23.9179954441913,29.3849658314351
