"","nvar","r","d","het","iter","alpha","strategy","p1","p2","p3","p4","p5"
"1",180,0.8,0.1,0,1000,0.05,1,41.8891170431211,18.8911704312115,14.7843942505133,13.7577002053388,10.6776180698152
"2",180,0.8,0.1,0,1000,0.05,2,41.8891170431211,18.8911704312115,14.7843942505133,13.7577002053388,10.6776180698152
"3",180,0.8,0.1,0,1000,0.05,3,10.6776180698152,13.5523613963039,17.0431211498973,25.6673511293634,33.0595482546201
