"","nvar","r","d","het","iter","alpha","strategy","p1","p2","p3","p4","p5"
"1",8,0.5,0.3,0,1000,0.05,1,58.8516746411483,15.311004784689,10.207336523126,8.13397129186603,7.33652312599681
"2",8,0.5,0.3,0,1000,0.05,2,58.8516746411483,15.311004784689,10.207336523126,8.13397129186603,7.33652312599681
"3",8,0.5,0.3,0,1000,0.05,3,38.5964912280702,19.2982456140351,12.5996810207337,14.9920255183413,14.5135566188198
