"","nvar","r","d","het","iter","alpha","strategy","p1","p2","p3","p4","p5"
"1",54,0.6,0.3,0,1000,0.05,1,69.5652173913043,13.9130434782609,7.32919254658385,4.84472049689441,3.85093167701863
"2",54,0.6,0.3,0,1000,0.05,2,69.5652173913043,13.9130434782609,7.32919254658385,4.84472049689441,3.85093167701863
"3",54,0.6,0.3,0,1000,0.05,3,29.4409937888199,19.2546583850932,16.8944099378882,17.2670807453416,17.0186335403727
