"","nvar","r","d","het","iter","alpha","strategy","p1","p2","p3","p4","p5"
"1",100,0.5,0.1,0,1000,0.05,1,50.6715506715507,18.3150183150183,14.041514041514,10.01221001221,6.95970695970696
"2",100,0.5,0.1,0,1000,0.05,2,50.6715506715507,18.3150183150183,14.041514041514,10.01221001221,6.95970695970696
"3",100,0.5,0.1,0,1000,0.05,3,16.8498168498169,16.971916971917,23.0769230769231,22.7106227106227,20.3907203907204
