"","nvar","r","d","het","iter","alpha","strategy","p1","p2","p3","p4","p5"
"1",34,0.3,0.3,0,1000,0.05,1,71.2253829321663,12.363238512035,7.5492341356674,4.15754923413567,3.7199124726477
"2",34,0.3,0.3,0,1000,0.05,2,71.2253829321663,12.363238512035,7.5492341356674,4.15754923413567,3.7199124726477
"3",34,0.3,0.3,0,1000,0.05,3,35.6673960612691,17.8336980306346,17.9431072210066,13.7855579868709,14.5514223194748
