"","nvar","r","d","het","iter","alpha","strategy","p1","p2","p3","p4","p5"
"1",166,0.4,0.1,0,1000,0.05,1,58.4886128364389,21.6356107660455,11.1801242236025,5.6935817805383,3.00207039337474
"2",166,0.4,0.1,0,1000,0.05,2,58.4886128364389,21.6356107660455,11.1801242236025,5.6935817805383,3.00207039337474
"3",166,0.4,0.1,0,1000,0.05,3,16.9772256728778,20.0828157349896,18.6335403726708,21.9461697722567,22.360248447205
