"","nvar","r","d","het","iter","alpha","strategy","p1","p2","p3","p4","p5"
"1",146,0.4,0.2,0,1000,0.05,1,71.5320910973085,12.7329192546584,7.34989648033126,4.86542443064182,3.31262939958592
"2",146,0.4,0.2,0,1000,0.05,2,71.5320910973085,12.7329192546584,7.34989648033126,4.86542443064182,3.31262939958592
"3",146,0.4,0.2,0,1000,0.05,3,21.6356107660455,16.3561076604555,20.3933747412008,20.1863354037267,21.4285714285714
