"","nvar","r","d","het","iter","alpha","strategy","p1","p2","p3","p4","p5"
"1",74,0.3,0.2,0,1000,0.05,1,70.1063829787234,12.6595744680851,8.61702127659574,6.38297872340426,2.12765957446809
"2",74,0.3,0.2,0,1000,0.05,2,70.1063829787234,12.6595744680851,8.61702127659574,6.38297872340426,2.12765957446809
"3",74,0.3,0.2,0,1000,0.05,3,27.7659574468085,17.7659574468085,20.7446808510638,17.1276595744681,16.5957446808511
