"","nvar","r","d","het","iter","alpha","strategy","p1","p2","p3","p4","p5"
"1",150,0.5,0.1,0,1000,0.05,1,51.8312985571587,18.645948945616,14.9833518312986,8.43507214206437,6.10432852386237
"2",150,0.5,0.1,0,1000,0.05,2,51.8312985571587,18.645948945616,14.9833518312986,8.43507214206437,6.10432852386237
"3",150,0.5,0.1,0,1000,0.05,3,14.2064372918979,16.4261931187569,23.5294117647059,20.7547169811321,25.0832408435072
