"","nvar","r","d","het","iter","alpha","strategy","p1","p2","p3","p4","p5"
"1",168,0.7,0.2,0,1000,0.05,1,58.2109479305741,16.9559412550067,9.21228304405874,9.47930574098798,6.00801068090788
"2",168,0.7,0.2,0,1000,0.05,2,58.2109479305741,16.9559412550067,9.21228304405874,9.47930574098798,6.00801068090788
"3",168,0.7,0.2,0,1000,0.05,3,20.1602136181575,15.086782376502,17.4899866488652,22.4299065420561,24.8331108144192
