"","nvar","r","d","het","iter","alpha","strategy","p1","p2","p3","p4","p5"
"1",50,0.3,0.3,0,1000,0.05,1,75.7861635220126,10.377358490566,6.60377358490566,4.29769392033543,1.88679245283019
"2",50,0.3,0.3,0,1000,0.05,2,75.7861635220126,10.377358490566,6.60377358490566,4.29769392033543,1.88679245283019
"3",50,0.3,0.3,0,1000,0.05,3,36.1635220125786,17.1907756813417,15.8280922431866,16.0377358490566,14.4654088050314
