"","nvar","r","d","het","iter","alpha","strategy","p1","p2","p3","p4","p5"
"1",172,0.4,0.1,0,1000,0.05,1,59.6033402922756,20.8768267223382,10.2296450939457,5.8455114822547,3.4446764091858
"2",172,0.4,0.1,0,1000,0.05,2,59.6033402922756,20.8768267223382,10.2296450939457,5.8455114822547,3.4446764091858
"3",172,0.4,0.1,0,1000,0.05,3,15.866388308977,18.7891440501044,19.8329853862213,21.9206680584551,23.5908141962422
