"","nvar","r","d","het","iter","alpha","strategy","p1","p2","p3","p4","p5"
"1",48,0.8,0.1,0,1000,0.05,1,36.3888888888889,19.4444444444444,19.7222222222222,11.1111111111111,13.3333333333333
"2",48,0.8,0.1,0,1000,0.05,2,36.3888888888889,19.4444444444444,19.7222222222222,11.1111111111111,13.3333333333333
"3",48,0.8,0.1,0,1000,0.05,3,10.5555555555556,13.6111111111111,22.2222222222222,21.1111111111111,32.5
