"","nvar","r","d","het","iter","alpha","strategy","p1","p2","p3","p4","p5"
"1",2,0,0.3,0,1000,0.05,1,53.4988713318284,16.4785553047404,12.4153498871332,9.48081264108352,7.44920993227991
"2",2,0,0.3,0,1000,0.05,2,53.4988713318284,16.4785553047404,12.4153498871332,9.48081264108352,7.44920993227991
"3",2,0,0.3,0,1000,0.05,3,48.7584650112867,17.8329571106095,13.3182844243792,11.2866817155756,8.35214446952596
