"","nvar","r","d","het","iter","alpha","strategy","p1","p2","p3","p4","p5"
"1",30,0.6,0.2,0,1000,0.05,1,57.5153374233129,16.4110429447853,9.66257668711656,8.43558282208589,7.97546012269939
"2",30,0.6,0.2,0,1000,0.05,2,57.5153374233129,16.4110429447853,9.66257668711656,8.43558282208589,7.97546012269939
"3",30,0.6,0.2,0,1000,0.05,3,23.4662576687117,18.558282208589,18.2515337423313,20.0920245398773,19.6319018404908
