"","nvar","r","d","het","iter","alpha","strategy","p1","p2","p3","p4","p5"
"1",2,0.4,0.2,0,1000,0.05,1,46.2093862815885,18.4115523465704,10.8303249097473,12.9963898916967,11.5523465703971
"2",2,0.4,0.2,0,1000,0.05,2,46.2093862815885,18.4115523465704,10.8303249097473,12.9963898916967,11.5523465703971
"3",2,0.4,0.2,0,1000,0.05,3,40.072202166065,18.4115523465704,12.9963898916967,15.1624548736462,13.3574007220217
