"","nvar","r","d","het","iter","alpha","strategy","p1","p2","p3","p4","p5"
"1",106,0.1,0.2,0,1000,0.05,1,86.8868868868869,9.30930930930931,2.002002002002,1.2012012012012,0.600600600600601
"2",106,0.1,0.2,0,1000,0.05,2,86.8868868868869,9.30930930930931,2.002002002002,1.2012012012012,0.600600600600601
"3",106,0.1,0.2,0,1000,0.05,3,32.1321321321321,21.3213213213213,15.9159159159159,16.8168168168168,13.8138138138138
