"","nvar","r","d","het","iter","alpha","strategy","p1","p2","p3","p4","p5"
"1",172,0.2,0.2,0,1000,0.05,1,87.8878878878879,8.70870870870871,2.6026026026026,0.600600600600601,0.1001001001001
"2",172,0.2,0.2,0,1000,0.05,2,87.8878878878879,8.70870870870871,2.6026026026026,0.600600600600601,0.1001001001001
"3",172,0.2,0.2,0,1000,0.05,3,28.9289289289289,18.018018018018,17.7177177177177,18.6186186186186,16.7167167167167
