"","nvar","r","d","het","iter","alpha","strategy","p1","p2","p3","p4","p5"
"1",38,0.8,0.1,0,1000,0.05,1,42.9775280898876,15.7303370786517,12.6404494382022,15.4494382022472,13.2022471910112
"2",38,0.8,0.1,0,1000,0.05,2,42.9775280898876,15.7303370786517,12.6404494382022,15.4494382022472,13.2022471910112
"3",38,0.8,0.1,0,1000,0.05,3,14.0449438202247,13.2022471910112,17.9775280898876,26.123595505618,28.6516853932584
