"","nvar","r","d","het","iter","alpha","strategy","p1","p2","p3","p4","p5"
"1",30,0.5,0.1,0,1000,0.05,1,43.1034482758621,21.0344827586207,15,11.3793103448276,9.48275862068965
"2",30,0.5,0.1,0,1000,0.05,2,43.1034482758621,21.0344827586207,15,11.3793103448276,9.48275862068965
"3",30,0.5,0.1,0,1000,0.05,3,20.6896551724138,19.8275862068966,20.1724137931034,18.448275862069,20.8620689655172
