"","nvar","r","d","het","iter","alpha","strategy","p1","p2","p3","p4","p5"
"1",36,0.2,0.2,0,1000,0.05,1,66.6295884315907,14.7942157953281,10.0111234705228,5.45050055617353,3.11457174638487
"2",36,0.2,0.2,0,1000,0.05,2,66.6295884315907,14.7942157953281,10.0111234705228,5.45050055617353,3.11457174638487
"3",36,0.2,0.2,0,1000,0.05,3,33.1479421579533,19.0211345939933,18.7986651835373,15.2391546162403,13.7931034482759
