"","nvar","r","d","het","iter","alpha","strategy","p1","p2","p3","p4","p5"
"1",64,0.2,0.3,0,1000,0.05,1,81.7356205852674,9.28355196770938,4.03632694248234,2.52270433905146,1.2108980827447
"2",64,0.2,0.3,0,1000,0.05,2,81.7356205852674,9.28355196770938,4.03632694248234,2.52270433905146,1.2108980827447
"3",64,0.2,0.3,0,1000,0.05,3,35.9233097880928,18.8698284561049,17.3562058526741,15.7416750756811,12.008072653885
