"","nvar","r","d","het","iter","alpha","strategy","p1","p2","p3","p4","p5"
"1",68,0.5,0.2,0,1000,0.05,1,60.0950118764846,16.6270783847981,10.6888361045131,7.12589073634204,5.46318289786223
"2",68,0.5,0.2,0,1000,0.05,2,60.0950118764846,16.6270783847981,10.6888361045131,7.12589073634204,5.46318289786223
"3",68,0.5,0.2,0,1000,0.05,3,26.1282660332542,19.5961995249406,18.8836104513064,16.8646080760095,18.5273159144893
