"","nvar","r","d","het","iter","alpha","strategy","p1","p2","p3","p4","p5"
"1",120,0.5,0.2,0,1000,0.05,1,63.2468996617813,15.5580608793687,9.24464487034949,6.53889515219842,5.41149943630214
"2",120,0.5,0.2,0,1000,0.05,2,63.2468996617813,15.5580608793687,9.24464487034949,6.53889515219842,5.41149943630214
"3",120,0.5,0.2,0,1000,0.05,3,21.9842164599774,19.8421645997745,17.9255918827508,18.3765501691094,21.8714768883878
