"","nvar","r","d","het","iter","alpha","strategy","p1","p2","p3","p4","p5"
"1",174,0.5,0.3,0,1000,0.05,1,76.690946930281,10.7180020811655,6.76378772112383,2.70551508844953,2.70551508844953
"2",174,0.5,0.3,0,1000,0.05,2,76.690946930281,10.7180020811655,6.76378772112383,2.70551508844953,2.70551508844953
"3",174,0.5,0.3,0,1000,0.05,3,30.4890738813736,17.585848074922,16.7533818938606,19.1467221644121,15.8168574401665
