"","nvar","r","d","het","iter","alpha","strategy","p1","p2","p3","p4","p5"
"1",72,0,0.2,0,1000,0.05,1,86.372745490982,9.81963927855711,2.60521042084168,0.901803607214429,0.30060120240481
"2",72,0,0.2,0,1000,0.05,2,86.372745490982,9.81963927855711,2.60521042084168,0.901803607214429,0.30060120240481
"3",72,0,0.2,0,1000,0.05,3,34.9699398797595,18.937875751503,14.0280561122244,16.5330661322645,15.5310621242485
