"","nvar","r","d","het","iter","alpha","strategy","p1","p2","p3","p4","p5"
"1",182,0.6,0.1,0,1000,0.05,1,47.945205479452,20.9215442092154,15.1930261519303,9.9626400996264,5.97758405977584
"2",182,0.6,0.1,0,1000,0.05,2,47.945205479452,20.9215442092154,15.1930261519303,9.9626400996264,5.97758405977584
"3",182,0.6,0.1,0,1000,0.05,3,11.5815691158157,18.0572851805729,21.2951432129514,23.5367372353674,25.5292652552927
