"","nvar","r","d","het","iter","alpha","strategy","p1","p2","p3","p4","p5"
"1",64,0.4,0.1,0,1000,0.05,1,47.8622327790974,21.021377672209,14.6080760095012,9.26365795724466,7.24465558194774
"2",64,0.4,0.1,0,1000,0.05,2,47.8622327790974,21.021377672209,14.6080760095012,9.26365795724466,7.24465558194774
"3",64,0.4,0.1,0,1000,0.05,3,19.1211401425178,18.5273159144893,20.7838479809976,21.8527315914489,19.7149643705463
