"","nvar","r","d","het","iter","alpha","strategy","p1","p2","p3","p4","p5"
"1",52,0.4,0.1,0,1000,0.05,1,45.9249676584735,21.7335058214748,13.7128072445019,10.0905562742561,8.53816300129366
"2",52,0.4,0.1,0,1000,0.05,2,45.9249676584735,21.7335058214748,13.7128072445019,10.0905562742561,8.53816300129366
"3",52,0.4,0.1,0,1000,0.05,3,18.2406209573092,19.5342820181113,18.3699870633894,21.3454075032342,22.509702457956
