"","nvar","r","d","het","iter","alpha","strategy","p1","p2","p3","p4","p5"
"1",82,0.2,0.1,0,1000,0.05,1,60.8205128205128,18.974358974359,10.3589743589744,5.94871794871795,3.8974358974359
"2",82,0.2,0.1,0,1000,0.05,2,60.8205128205128,18.974358974359,10.3589743589744,5.94871794871795,3.8974358974359
"3",82,0.2,0.1,0,1000,0.05,3,21.8461538461538,20.8205128205128,17.8461538461538,19.7948717948718,19.6923076923077
