"","nvar","r","d","het","iter","alpha","strategy","p1","p2","p3","p4","p5"
"1",6,0.1,0.2,0,1000,0.05,1,49.1773308957952,17.9159049360146,12.7970749542962,9.87202925045704,10.054844606947
"2",6,0.1,0.2,0,1000,0.05,2,49.1773308957952,17.9159049360146,12.7970749542962,9.87202925045704,10.054844606947
"3",6,0.1,0.2,0,1000,0.05,3,33.6380255941499,20.4753199268739,16.636197440585,13.8939670932358,15.3564899451554
