"","nvar","r","d","het","iter","alpha","strategy","p1","p2","p3","p4","p5"
"1",192,0.3,0.2,0,1000,0.05,1,82.4824824824825,10.01001001001,4.8048048048048,1.9019019019019,0.800800800800801
"2",192,0.3,0.2,0,1000,0.05,2,82.4824824824825,10.01001001001,4.8048048048048,1.9019019019019,0.800800800800801
"3",192,0.3,0.2,0,1000,0.05,3,27.6276276276276,17.9179179179179,17.9179179179179,17.8178178178178,18.7187187187187
