"","nvar","r","d","het","iter","alpha","strategy","p1","p2","p3","p4","p5"
"1",28,0.9,0.1,0,1000,0.05,1,36.4406779661017,18.6440677966102,14.406779661017,16.9491525423729,13.5593220338983
"2",28,0.9,0.1,0,1000,0.05,2,36.4406779661017,18.6440677966102,14.406779661017,16.9491525423729,13.5593220338983
"3",28,0.9,0.1,0,1000,0.05,3,11.0169491525424,11.864406779661,14.8305084745763,30.0847457627119,32.2033898305085
