"","nvar","r","d","het","iter","alpha","strategy","p1","p2","p3","p4","p5"
"1",136,0.8,0.1,0,1000,0.05,1,42.4242424242424,20.1298701298701,12.7705627705628,13.6363636363636,11.038961038961
"2",136,0.8,0.1,0,1000,0.05,2,42.4242424242424,20.1298701298701,12.7705627705628,13.6363636363636,11.038961038961
"3",136,0.8,0.1,0,1000,0.05,3,7.79220779220779,14.2857142857143,16.4502164502165,29.2207792207792,32.2510822510823
