"","nvar","r","d","het","iter","alpha","strategy","p1","p2","p3","p4","p5"
"1",6,0.5,0.2,0,1000,0.05,1,49.8871331828442,18.510158013544,13.0925507900677,8.35214446952596,10.1580135440181
"2",6,0.5,0.2,0,1000,0.05,2,49.8871331828442,18.510158013544,13.0925507900677,8.35214446952596,10.1580135440181
"3",6,0.5,0.2,0,1000,0.05,3,31.3769751693002,21.2189616252822,18.510158013544,14.2212189616253,14.6726862302483
