"","nvar","r","d","het","iter","alpha","strategy","p1","p2","p3","p4","p5"
"1",82,0.4,0.2,0,1000,0.05,1,65.1939655172414,16.2715517241379,8.72844827586207,5.38793103448276,4.41810344827586
"2",82,0.4,0.2,0,1000,0.05,2,65.1939655172414,16.2715517241379,8.72844827586207,5.38793103448276,4.41810344827586
"3",82,0.4,0.2,0,1000,0.05,3,22.6293103448276,19.3965517241379,20.2586206896552,20.0431034482759,17.6724137931034
