"","nvar","r","d","het","iter","alpha","strategy","p1","p2","p3","p4","p5"
"1",48,0.9,0.1,0,1000,0.05,1,34.0996168582375,22.9885057471264,18.7739463601533,11.4942528735632,12.6436781609195
"2",48,0.9,0.1,0,1000,0.05,2,34.0996168582375,22.9885057471264,18.7739463601533,11.4942528735632,12.6436781609195
"3",48,0.9,0.1,0,1000,0.05,3,11.8773946360153,10.727969348659,18.3908045977011,26.4367816091954,32.5670498084291
