"","nvar","r","d","het","iter","alpha","strategy","p1","p2","p3","p4","p5"
"1",178,0.3,0.2,0,1000,0.05,1,83.1822759315206,9.86908358509567,3.92749244712991,1.61127895266868,1.10775427995972
"2",178,0.3,0.2,0,1000,0.05,2,83.1822759315206,9.86908358509567,3.92749244712991,1.61127895266868,1.10775427995972
"3",178,0.3,0.2,0,1000,0.05,3,24.4712990936556,18.8318227593152,18.0261832829809,18.1268882175227,20.5438066465257
