"","nvar","r","d","het","iter","alpha","strategy","p1","p2","p3","p4","p5"
"1",82,0.1,0.3,0,1000,0.05,1,90.2610441767068,6.62650602409639,1.40562248995984,0.602409638554217,0.301204819277108
"2",82,0.1,0.3,0,1000,0.05,2,90.2610441767068,6.62650602409639,1.40562248995984,0.602409638554217,0.301204819277108
"3",82,0.1,0.3,0,1000,0.05,3,36.7469879518072,19.0763052208835,16.0642570281125,14.9598393574297,12.7510040160643
