"","nvar","r","d","het","iter","alpha","strategy","p1","p2","p3","p4","p5"
"1",102,0.1,0.2,0,1000,0.05,1,87.5751503006012,8.81763527054108,2.10420841683367,1.00200400801603,0.501002004008016
"2",102,0.1,0.2,0,1000,0.05,2,87.5751503006012,8.81763527054108,2.10420841683367,1.00200400801603,0.501002004008016
"3",102,0.1,0.2,0,1000,0.05,3,33.5671342685371,17.8356713426854,15.7314629258517,16.3326653306613,16.5330661322645
