"","nvar","r","d","het","iter","alpha","strategy","p1","p2","p3","p4","p5"
"1",36,0,0.1,0,1000,0.05,1,53.9374325782093,24.5954692556634,10.7874865156419,6.25674217907228,4.42286947141316
"2",36,0,0.1,0,1000,0.05,2,53.9374325782093,24.5954692556634,10.7874865156419,6.25674217907228,4.42286947141316
"3",36,0,0.1,0,1000,0.05,3,27.0765911542611,21.4670981661273,18.554476806904,16.504854368932,16.3969795037756
