"","nvar","r","d","het","iter","alpha","strategy","p1","p2","p3","p4","p5"
"1",122,0.9,0.2,0,1000,0.05,1,51.7316017316017,15.8008658008658,13.4199134199134,9.30735930735931,9.74025974025974
"2",122,0.9,0.2,0,1000,0.05,2,51.7316017316017,15.8008658008658,13.4199134199134,9.30735930735931,9.74025974025974
"3",122,0.9,0.2,0,1000,0.05,3,19.9134199134199,11.6883116883117,16.017316017316,23.5930735930736,28.7878787878788
