"","nvar","r","d","het","iter","alpha","strategy","p1","p2","p3","p4","p5"
"1",168,0.9,0.2,0,1000,0.05,1,53.9503386004515,15.8013544018059,10.1580135440181,9.25507900677201,10.6094808126411
"2",168,0.9,0.2,0,1000,0.05,2,53.9503386004515,15.8013544018059,10.1580135440181,9.25507900677201,10.6094808126411
"3",168,0.9,0.2,0,1000,0.05,3,17.3814898419865,11.7381489841986,18.2844243792325,20.7674943566591,31.8284424379233
