"","nvar","r","d","het","iter","alpha","strategy","p1","p2","p3","p4","p5"
"1",68,0.4,0.3,0,1000,0.05,1,77.0299145299145,8.86752136752137,6.3034188034188,4.38034188034188,2.35042735042735
"2",68,0.4,0.3,0,1000,0.05,2,77.0299145299145,8.86752136752137,6.3034188034188,4.38034188034188,2.35042735042735
"3",68,0.4,0.3,0,1000,0.05,3,32.3717948717949,19.017094017094,17.7350427350427,15.8119658119658,14.7435897435897
