"","nvar","r","d","het","iter","alpha","strategy","p1","p2","p3","p4","p5"
"1",32,0.2,0.2,0,1000,0.05,1,61.867266591676,17.4353205849269,8.99887514060742,7.42407199100112,4.16197975253093
"2",32,0.2,0.2,0,1000,0.05,2,61.867266591676,17.4353205849269,8.99887514060742,7.42407199100112,4.16197975253093
"3",32,0.2,0.2,0,1000,0.05,3,28.9088863892013,22.2722159730034,16.0854893138358,17.6602924634421,15.0731158605174
