"","nvar","r","d","het","iter","alpha","strategy","p1","p2","p3","p4","p5"
"1",188,0.3,0.1,0,1000,0.05,1,75.1004016064257,16.1646586345382,5.12048192771084,2.61044176706827,1.00401606425703
"2",188,0.3,0.1,0,1000,0.05,2,75.1004016064257,16.1646586345382,5.12048192771084,2.61044176706827,1.00401606425703
"3",188,0.3,0.1,0,1000,0.05,3,21.4859437751004,19.1767068273092,19.6787148594378,19.9799196787149,19.6787148594378
