"","nvar","r","d","het","iter","alpha","strategy","p1","p2","p3","p4","p5"
"1",76,0.3,0.2,0,1000,0.05,1,69.109947643979,17.0680628272251,7.12041884816754,4.81675392670157,1.8848167539267
"2",76,0.3,0.2,0,1000,0.05,2,69.109947643979,17.0680628272251,7.12041884816754,4.81675392670157,1.8848167539267
"3",76,0.3,0.2,0,1000,0.05,3,24.6073298429319,21.8848167539267,20.2094240837696,16.9633507853403,16.3350785340314
