"","nvar","r","d","het","iter","alpha","strategy","p1","p2","p3","p4","p5"
"1",30,0.7,0.3,0,1000,0.05,1,64.5209580838323,13.622754491018,9.2814371257485,6.43712574850299,4.64071856287425
"2",30,0.7,0.3,0,1000,0.05,2,64.5209580838323,13.622754491018,9.2814371257485,6.43712574850299,4.64071856287425
"3",30,0.7,0.3,0,1000,0.05,3,31.5868263473054,17.0658682634731,17.0658682634731,17.3652694610778,16.3173652694611
