"","nvar","r","d","het","iter","alpha","strategy","p1","p2","p3","p4","p5"
"1",46,0.9,0.1,0,1000,0.05,1,38.0392156862745,17.2549019607843,17.2549019607843,14.9019607843137,12.5490196078431
"2",46,0.9,0.1,0,1000,0.05,2,38.0392156862745,17.2549019607843,17.2549019607843,14.9019607843137,12.5490196078431
"3",46,0.9,0.1,0,1000,0.05,3,11.3725490196078,12.9411764705882,14.5098039215686,26.6666666666667,34.5098039215686
