"","nvar","r","d","het","iter","alpha","strategy","p1","p2","p3","p4","p5"
"1",80,0.7,0.2,0,1000,0.05,1,57.3795180722892,16.4156626506024,9.93975903614458,8.43373493975904,7.83132530120482
"2",80,0.7,0.2,0,1000,0.05,2,57.3795180722892,16.4156626506024,9.93975903614458,8.43373493975904,7.83132530120482
"3",80,0.7,0.2,0,1000,0.05,3,19.578313253012,18.5240963855422,18.9759036144578,20.7831325301205,22.1385542168675
