"","nvar","r","d","het","iter","alpha","strategy","p1","p2","p3","p4","p5"
"1",154,0.3,0.2,0,1000,0.05,1,81.5682281059063,11.9144602851324,4.27698574338086,1.52749490835031,0.712830957230143
"2",154,0.3,0.2,0,1000,0.05,2,81.5682281059063,11.9144602851324,4.27698574338086,1.52749490835031,0.712830957230143
"3",154,0.3,0.2,0,1000,0.05,3,25.8655804480652,20.8757637474542,18.0244399185336,17.8207739307536,17.4134419551935
