"","nvar","r","d","het","iter","alpha","strategy","p1","p2","p3","p4","p5"
"1",10,0,0.1,0,1000,0.05,1,35.1449275362319,23.9130434782609,16.304347826087,13.5869565217391,11.0507246376812
"2",10,0,0.1,0,1000,0.05,2,35.1449275362319,23.9130434782609,16.304347826087,13.5869565217391,11.0507246376812
"3",10,0,0.1,0,1000,0.05,3,28.4420289855072,21.195652173913,18.1159420289855,15.9420289855072,16.304347826087
