"","nvar","r","d","het","iter","alpha","strategy","p1","p2","p3","p4","p5"
"1",174,0.4,0.2,0,1000,0.05,1,74.5884773662551,13.0658436213992,6.79012345679012,3.08641975308642,2.36625514403292
"2",174,0.4,0.2,0,1000,0.05,2,74.5884773662551,13.0658436213992,6.79012345679012,3.08641975308642,2.36625514403292
"3",174,0.4,0.2,0,1000,0.05,3,22.119341563786,19.6502057613169,19.9588477366255,19.3415637860082,18.9300411522634
