"","nvar","r","d","het","iter","alpha","strategy","p1","p2","p3","p4","p5"
"1",18,0.7,0.3,0,1000,0.05,1,63.0602782071097,14.5285935085008,9.89180834621329,7.41885625965997,4.4822256568779
"2",18,0.7,0.3,0,1000,0.05,2,63.0602782071097,14.5285935085008,9.89180834621329,7.41885625965997,4.4822256568779
"3",18,0.7,0.3,0,1000,0.05,3,32.6120556414219,19.1653786707883,17.774343122102,15.6105100463679,14.5285935085008
