"","nvar","r","d","het","iter","alpha","strategy","p1","p2","p3","p4","p5"
"1",88,0.1,0.3,0,1000,0.05,1,92.0920920920921,5.005005005005,1.4014014014014,0.500500500500501,0.3003003003003
"2",88,0.1,0.3,0,1000,0.05,2,92.0920920920921,5.005005005005,1.4014014014014,0.500500500500501,0.3003003003003
"3",88,0.1,0.3,0,1000,0.05,3,36.1361361361361,17.7177177177177,16.6166166166166,14.3143143143143,15.1151151151151
