"","nvar","r","d","het","iter","alpha","strategy","p1","p2","p3","p4","p5"
"1",66,0,0.3,0,1000,0.05,1,92.4924924924925,5.005005005005,1.5015015015015,0.4004004004004,0.1001001001001
"2",66,0,0.3,0,1000,0.05,2,92.4924924924925,5.005005005005,1.5015015015015,0.4004004004004,0.1001001001001
"3",66,0,0.3,0,1000,0.05,3,38.6386386386386,19.1191191191191,17.1171171171171,12.2122122122122,12.6126126126126
