"","nvar","r","d","het","iter","alpha","strategy","p1","p2","p3","p4","p5"
"1",116,0.3,0.1,0,1000,0.05,1,61.9242579324463,20.4708290685773,8.70010235414534,5.42476970317298,3.48004094165814
"2",116,0.3,0.1,0,1000,0.05,2,61.9242579324463,20.4708290685773,8.70010235414534,5.42476970317298,3.48004094165814
"3",116,0.3,0.1,0,1000,0.05,3,18.5261003070624,20.675537359263,21.2896622313204,17.6049129989765,21.9037871033777
