"","nvar","r","d","het","iter","alpha","strategy","p1","p2","p3","p4","p5"
"1",32,0.4,0.2,0,1000,0.05,1,59.9750623441397,14.8379052369077,10.5985037406484,8.85286783042394,5.7356608478803
"2",32,0.4,0.2,0,1000,0.05,2,59.9750623441397,14.8379052369077,10.5985037406484,8.85286783042394,5.7356608478803
"3",32,0.4,0.2,0,1000,0.05,3,28.5536159600997,17.9551122194514,20.4488778054863,16.7082294264339,16.3341645885287
