"","nvar","r","d","het","iter","alpha","strategy","p1","p2","p3","p4","p5"
"1",62,0.3,0.2,0,1000,0.05,1,67.9064824654623,16.0467587672689,8.18278427205101,4.67587672688629,3.08182784272051
"2",62,0.3,0.2,0,1000,0.05,2,67.9064824654623,16.0467587672689,8.18278427205101,4.67587672688629,3.08182784272051
"3",62,0.3,0.2,0,1000,0.05,3,26.6737513283741,18.1721572794899,18.0658873538788,18.8097768331562,18.278427205101
