"","nvar","r","d","het","iter","alpha","strategy","p1","p2","p3","p4","p5"
"1",28,0.8,0.1,0,1000,0.05,1,37.3860182370821,20.0607902735562,19.4528875379939,13.0699088145897,10.0303951367781
"2",28,0.8,0.1,0,1000,0.05,2,37.3860182370821,20.0607902735562,19.4528875379939,13.0699088145897,10.0303951367781
"3",28,0.8,0.1,0,1000,0.05,3,10.6382978723404,17.0212765957447,20.6686930091185,27.0516717325228,24.6200607902736
