"","nvar","r","d","het","iter","alpha","strategy","p1","p2","p3","p4","p5"
"1",50,0.6,0.2,0,1000,0.05,1,55.6213017751479,14.6449704142012,11.5384615384615,9.1715976331361,9.02366863905326
"2",50,0.6,0.2,0,1000,0.05,2,55.6213017751479,14.6449704142012,11.5384615384615,9.1715976331361,9.02366863905326
"3",50,0.6,0.2,0,1000,0.05,3,19.9704142011834,16.5680473372781,19.2307692307692,21.1538461538462,23.0769230769231
