"","nvar","r","d","het","iter","alpha","strategy","p1","p2","p3","p4","p5"
"1",182,0.8,0.1,0,1000,0.05,1,41.2955465587045,19.2307692307692,15.3846153846154,13.1578947368421,10.9311740890688
"2",182,0.8,0.1,0,1000,0.05,2,41.2955465587045,19.2307692307692,15.3846153846154,13.1578947368421,10.9311740890688
"3",182,0.8,0.1,0,1000,0.05,3,8.29959514170041,12.1457489878543,21.4574898785425,25.7085020242915,32.3886639676113
