"","nvar","r","d","het","iter","alpha","strategy","p1","p2","p3","p4","p5"
"1",164,0.6,0.3,0,1000,0.05,1,72.0700985761227,10.7338444687842,7.88608981380066,5.36692223439211,3.1763417305586
"2",164,0.6,0.3,0,1000,0.05,2,72.0700985761227,10.7338444687842,7.88608981380066,5.36692223439211,3.1763417305586
"3",164,0.6,0.3,0,1000,0.05,3,27.1631982475356,17.3055859802848,17.1960569550931,18.9485213581599,19.1675794085433
