"","nvar","r","d","het","iter","alpha","strategy","p1","p2","p3","p4","p5"
"1",186,0.7,0.1,0,1000,0.05,1,43.0955993930197,18.9681335356601,13.6570561456753,15.0227617602428,9.25644916540212
"2",186,0.7,0.1,0,1000,0.05,2,43.0955993930197,18.9681335356601,13.6570561456753,15.0227617602428,9.25644916540212
"3",186,0.7,0.1,0,1000,0.05,3,8.19423368740516,15.9332321699545,18.0576631259484,27.7693474962064,30.0455235204856
