"","nvar","r","d","het","iter","alpha","strategy","p1","p2","p3","p4","p5"
"1",192,0.5,0.3,0,1000,0.05,1,78.5492227979275,8.39378238341969,5.80310880829016,3.83419689119171,2.27979274611399
"2",192,0.5,0.3,0,1000,0.05,2,78.5492227979275,8.39378238341969,5.80310880829016,3.83419689119171,2.27979274611399
"3",192,0.5,0.3,0,1000,0.05,3,29.2227979274611,18.1347150259067,18.0310880829016,15.8549222797927,18.3419689119171
