"","nvar","r","d","het","iter","alpha","strategy","p1","p2","p3","p4","p5"
"1",150,0.6,0.3,0,1000,0.05,1,72.0620842572062,10.4212860310421,8.42572062084257,4.54545454545455,3.76940133037694
"2",150,0.6,0.3,0,1000,0.05,2,72.0620842572062,10.4212860310421,8.42572062084257,4.54545454545455,3.76940133037694
"3",150,0.6,0.3,0,1000,0.05,3,24.5011086474501,18.2926829268293,19.0687361419069,18.8470066518847,18.8470066518847
