"","nvar","r","d","het","iter","alpha","strategy","p1","p2","p3","p4","p5"
"1",172,0.5,0.1,0,1000,0.05,1,56.447963800905,18.6651583710407,10.8597285067873,8.710407239819,5.31674208144796
"2",172,0.5,0.1,0,1000,0.05,2,56.447963800905,18.6651583710407,10.8597285067873,8.710407239819,5.31674208144796
"3",172,0.5,0.1,0,1000,0.05,3,14.4796380090498,15.9502262443439,18.4389140271493,26.2443438914027,24.8868778280543
