"","nvar","r","d","het","iter","alpha","strategy","p1","p2","p3","p4","p5"
"1",22,0.5,0.1,0,1000,0.05,1,40.530303030303,19.6969696969697,14.5833333333333,13.4469696969697,11.7424242424242
"2",22,0.5,0.1,0,1000,0.05,2,40.530303030303,19.6969696969697,14.5833333333333,13.4469696969697,11.7424242424242
"3",22,0.5,0.1,0,1000,0.05,3,21.0227272727273,20.8333333333333,18.9393939393939,18.75,20.4545454545455
