"","nvar","r","d","het","iter","alpha","strategy","p1","p2","p3","p4","p5"
"1",44,0.9,0.1,0,1000,0.05,1,39.1129032258064,16.1290322580645,13.3064516129032,16.9354838709677,14.5161290322581
"2",44,0.9,0.1,0,1000,0.05,2,39.1129032258064,16.1290322580645,13.3064516129032,16.9354838709677,14.5161290322581
"3",44,0.9,0.1,0,1000,0.05,3,15.3225806451613,10.4838709677419,14.9193548387097,27.4193548387097,31.8548387096774
