"","nvar","r","d","het","iter","alpha","strategy","p1","p2","p3","p4","p5"
"1",14,0.4,0.3,0,1000,0.05,1,63.5388739946381,15.9517426273458,8.71313672922252,6.30026809651475,4.82573726541555
"2",14,0.4,0.3,0,1000,0.05,2,63.5388739946381,15.9517426273458,8.71313672922252,6.30026809651475,4.82573726541555
"3",14,0.4,0.3,0,1000,0.05,3,36.058981233244,19.9731903485255,14.2091152815013,14.6112600536193,15.0134048257373
