"","nvar","r","d","het","iter","alpha","strategy","p1","p2","p3","p4","p5"
"1",188,0.5,0.2,0,1000,0.05,1,70.1492537313433,13.4328358208955,7.24946695095949,5.33049040511727,3.83795309168444
"2",188,0.5,0.2,0,1000,0.05,2,70.1492537313433,13.4328358208955,7.24946695095949,5.33049040511727,3.83795309168444
"3",188,0.5,0.2,0,1000,0.05,3,22.4946695095949,16.4179104477612,18.0170575692964,21.4285714285714,21.6417910447761
