"","nvar","r","d","het","iter","alpha","strategy","p1","p2","p3","p4","p5"
"1",32,0.3,0.2,0,1000,0.05,1,62.291169451074,16.109785202864,10.1431980906921,6.68257756563246,4.77326968973747
"2",32,0.3,0.2,0,1000,0.05,2,62.291169451074,16.109785202864,10.1431980906921,6.68257756563246,4.77326968973747
"3",32,0.3,0.2,0,1000,0.05,3,28.7589498806683,20.0477326968974,18.3770883054893,16.7064439140811,16.109785202864
