"","nvar","r","d","het","iter","alpha","strategy","p1","p2","p3","p4","p5"
"1",36,0.1,0.2,0,1000,0.05,1,68.2112068965517,15.4094827586207,8.72844827586207,4.20258620689655,3.34051724137931
"2",36,0.1,0.2,0,1000,0.05,2,68.2112068965517,15.4094827586207,8.72844827586207,4.20258620689655,3.34051724137931
"3",36,0.1,0.2,0,1000,0.05,3,31.573275862069,18.5344827586207,15.8405172413793,16.9181034482759,17.1336206896552
