"","nvar","r","d","het","iter","alpha","strategy","p1","p2","p3","p4","p5"
"1",126,0.6,0.1,0,1000,0.05,1,47.8947368421053,19.0789473684211,14.2105263157895,9.47368421052632,9.34210526315789
"2",126,0.6,0.1,0,1000,0.05,2,47.8947368421053,19.0789473684211,14.2105263157895,9.47368421052632,9.34210526315789
"3",126,0.6,0.1,0,1000,0.05,3,13.8157894736842,19.0789473684211,19.7368421052632,21.1842105263158,26.1842105263158
