"","nvar","r","d","het","iter","alpha","strategy","p1","p2","p3","p4","p5"
"1",46,0.6,0.2,0,1000,0.05,1,54.7687861271676,14.8843930635838,13.8728323699422,9.2485549132948,7.08092485549133
"2",46,0.6,0.2,0,1000,0.05,2,54.7687861271676,14.8843930635838,13.8728323699422,9.2485549132948,7.08092485549133
"3",46,0.6,0.2,0,1000,0.05,3,19.6531791907514,16.0404624277457,22.1098265895954,20.6647398843931,21.5317919075144
