"","nvar","r","d","het","iter","alpha","strategy","p1","p2","p3","p4","p5"
"1",34,0.9,0.2,0,1000,0.05,1,50.3957783641161,18.7335092348285,12.1372031662269,11.0817941952507,7.65171503957784
"2",34,0.9,0.2,0,1000,0.05,2,50.3957783641161,18.7335092348285,12.1372031662269,11.0817941952507,7.65171503957784
"3",34,0.9,0.2,0,1000,0.05,3,25.3298153034301,15.0395778364116,14.5118733509235,23.7467018469657,21.3720316622691
