"","nvar","r","d","het","iter","alpha","strategy","p1","p2","p3","p4","p5"
"1",26,0.8,0.1,0,1000,0.05,1,34.6153846153846,17.4825174825175,18.5314685314685,14.3356643356643,15.034965034965
"2",26,0.8,0.1,0,1000,0.05,2,34.6153846153846,17.4825174825175,18.5314685314685,14.3356643356643,15.034965034965
"3",26,0.8,0.1,0,1000,0.05,3,11.1888111888112,14.3356643356643,16.7832167832168,25.1748251748252,32.5174825174825
