"","nvar","r","d","het","iter","alpha","strategy","p1","p2","p3","p4","p5"
"1",144,0.2,0.2,0,1000,0.05,1,84.5381526104418,9.83935742971888,4.11646586345381,1.10441767068273,0.401606425702811
"2",144,0.2,0.2,0,1000,0.05,2,84.5381526104418,9.83935742971888,4.11646586345381,1.10441767068273,0.401606425702811
"3",144,0.2,0.2,0,1000,0.05,3,28.5140562248996,17.9718875502008,19.3775100401606,18.0722891566265,16.0642570281125
