"","nvar","r","d","het","iter","alpha","strategy","p1","p2","p3","p4","p5"
"1",136,0.5,0.3,0,1000,0.05,1,75.4736842105263,11.0526315789474,6.94736842105263,2.42105263157895,2.8421052631579
"2",136,0.5,0.3,0,1000,0.05,2,75.4736842105263,11.0526315789474,6.94736842105263,2.42105263157895,2.8421052631579
"3",136,0.5,0.3,0,1000,0.05,3,29.1578947368421,20.1052631578947,17.4736842105263,14.8421052631579,18.2105263157895
