"","nvar","r","d","het","iter","alpha","strategy","p1","p2","p3","p4","p5"
"1",46,0.2,0.2,0,1000,0.05,1,66.6666666666667,15.9282700421941,8.12236286919831,6.22362869198312,2.9535864978903
"2",46,0.2,0.2,0,1000,0.05,2,66.6666666666667,15.9282700421941,8.12236286919831,6.22362869198312,2.9535864978903
"3",46,0.2,0.2,0,1000,0.05,3,29.3248945147679,20.253164556962,19.5147679324895,16.6666666666667,14.2405063291139
