"","nvar","r","d","het","iter","alpha","strategy","p1","p2","p3","p4","p5"
"1",104,0.6,0.3,0,1000,0.05,1,69.4700460829493,13.2488479262673,6.79723502304147,4.83870967741935,5.29953917050691
"2",104,0.6,0.3,0,1000,0.05,2,69.4700460829493,13.2488479262673,6.79723502304147,4.83870967741935,5.29953917050691
"3",104,0.6,0.3,0,1000,0.05,3,27.4193548387097,17.3963133640553,17.9723502304147,19.2396313364055,17.8571428571429
