"","nvar","r","d","het","iter","alpha","strategy","p1","p2","p3","p4","p5"
"1",76,0.3,0.3,0,1000,0.05,1,78.4615384615385,10.0512820512821,5.12820512820513,3.17948717948718,2.15384615384615
"2",76,0.3,0.3,0,1000,0.05,2,78.4615384615385,10.0512820512821,5.12820512820513,3.17948717948718,2.15384615384615
"3",76,0.3,0.3,0,1000,0.05,3,35.4871794871795,17.7435897435897,17.6410256410256,16.2051282051282,12.7179487179487
