"","nvar","r","d","het","iter","alpha","strategy","p1","p2","p3","p4","p5"
"1",142,0.2,0.1,0,1000,0.05,1,74.9748743718593,14.3718592964824,6.33165829145729,3.61809045226131,0.703517587939699
"2",142,0.2,0.1,0,1000,0.05,2,74.9748743718593,14.3718592964824,6.33165829145729,3.61809045226131,0.703517587939699
"3",142,0.2,0.1,0,1000,0.05,3,21.2060301507538,18.2914572864322,20.5025125628141,19.5979899497487,20.4020100502513
