"","nvar","r","d","het","iter","alpha","strategy","p1","p2","p3","p4","p5"
"1",12,0.8,0.1,0,1000,0.05,1,38.2575757575758,18.5606060606061,17.4242424242424,13.2575757575758,12.5
"2",12,0.8,0.1,0,1000,0.05,2,38.2575757575758,18.5606060606061,17.4242424242424,13.2575757575758,12.5
"3",12,0.8,0.1,0,1000,0.05,3,13.6363636363636,18.9393939393939,21.5909090909091,23.4848484848485,22.3484848484848
