"","nvar","r","d","het","iter","alpha","strategy","p1","p2","p3","p4","p5"
"1",78,0.7,0.2,0,1000,0.05,1,55.9451219512195,16.0060975609756,12.8048780487805,8.38414634146342,6.85975609756098
"2",78,0.7,0.2,0,1000,0.05,2,55.9451219512195,16.0060975609756,12.8048780487805,8.38414634146342,6.85975609756098
"3",78,0.7,0.2,0,1000,0.05,3,19.5121951219512,16.4634146341463,21.7987804878049,19.969512195122,22.2560975609756
