"","nvar","r","d","het","iter","alpha","strategy","p1","p2","p3","p4","p5"
"1",50,0.6,0.1,0,1000,0.05,1,41.8604651162791,19.2691029900332,17.6079734219269,9.80066445182724,11.4617940199336
"2",50,0.6,0.1,0,1000,0.05,2,41.8604651162791,19.2691029900332,17.6079734219269,9.80066445182724,11.4617940199336
"3",50,0.6,0.1,0,1000,0.05,3,15.78073089701,17.6079734219269,21.5946843853821,18.936877076412,26.0797342192691
