"","nvar","r","d","het","iter","alpha","strategy","p1","p2","p3","p4","p5"
"1",176,0.2,0.2,0,1000,0.05,1,89.7897897897898,7.60760760760761,2.3023023023023,0.2002002002002,0.1001001001001
"2",176,0.2,0.2,0,1000,0.05,2,89.7897897897898,7.60760760760761,2.3023023023023,0.2002002002002,0.1001001001001
"3",176,0.2,0.2,0,1000,0.05,3,27.1271271271271,20.1201201201201,18.8188188188188,18.2182182182182,15.7157157157157
