"","nvar","r","d","het","iter","alpha","strategy","p1","p2","p3","p4","p5"
"1",102,0.3,0.2,0,1000,0.05,1,74.3034055727554,14.4478844169247,6.08875128998968,2.88957688338493,1.96078431372549
"2",102,0.3,0.2,0,1000,0.05,2,74.3034055727554,14.4478844169247,6.08875128998968,2.88957688338493,1.96078431372549
"3",102,0.3,0.2,0,1000,0.05,3,26.3157894736842,18.266253869969,18.5758513931889,17.1310629514964,19.7110423116615
