"","nvar","r","d","het","iter","alpha","strategy","p1","p2","p3","p4","p5"
"1",114,0.7,0.1,0,1000,0.05,1,44.4816053511706,19.8996655518395,15.0501672240803,11.8729096989967,8.69565217391304
"2",114,0.7,0.1,0,1000,0.05,2,44.4816053511706,19.8996655518395,15.0501672240803,11.8729096989967,8.69565217391304
"3",114,0.7,0.1,0,1000,0.05,3,13.2107023411371,15.2173913043478,20.4013377926421,25.5852842809365,25.5852842809365
