"","nvar","r","d","het","iter","alpha","strategy","p1","p2","p3","p4","p5"
"1",150,0.6,0.1,0,1000,0.05,1,47.7243172951886,22.2366710013004,10.9232769830949,11.3133940182055,7.80234070221066
"2",150,0.6,0.1,0,1000,0.05,2,47.7243172951886,22.2366710013004,10.9232769830949,11.3133940182055,7.80234070221066
"3",150,0.6,0.1,0,1000,0.05,3,11.3133940182055,17.555266579974,20.4161248374512,25.0975292587776,25.6176853055917
