"","nvar","r","d","het","iter","alpha","strategy","p1","p2","p3","p4","p5"
"1",52,0.7,0.1,0,1000,0.05,1,41.4538310412574,19.2534381139489,16.3064833005894,11.3948919449902,11.5913555992141
"2",52,0.7,0.1,0,1000,0.05,2,41.4538310412574,19.2534381139489,16.3064833005894,11.3948919449902,11.5913555992141
"3",52,0.7,0.1,0,1000,0.05,3,13.9489194499018,15.1277013752456,19.6463654223969,21.0216110019646,30.2554027504912
