"","nvar","r","d","het","iter","alpha","strategy","p1","p2","p3","p4","p5"
"1",138,0.8,0.1,0,1000,0.05,1,43.2967032967033,18.9010989010989,15.8241758241758,10.3296703296703,11.6483516483516
"2",138,0.8,0.1,0,1000,0.05,2,43.2967032967033,18.9010989010989,15.8241758241758,10.3296703296703,11.6483516483516
"3",138,0.8,0.1,0,1000,0.05,3,10.5494505494505,16.043956043956,18.6813186813187,21.5384615384615,33.1868131868132
