"","nvar","r","d","het","iter","alpha","strategy","p1","p2","p3","p4","p5"
"1",104,0.4,0.3,0,1000,0.05,1,75.6980351602895,11.2719751809721,6.3081695966908,3.1023784901758,2.68872802481903
"2",104,0.4,0.3,0,1000,0.05,2,75.6980351602895,11.2719751809721,6.3081695966908,3.1023784901758,2.68872802481903
"3",104,0.4,0.3,0,1000,0.05,3,31.1271975180972,18.6142709410548,17.2699069286453,15.7187176835574,17.0630816959669
