"","nvar","r","d","het","iter","alpha","strategy","p1","p2","p3","p4","p5"
"1",18,0.7,0.2,0,1000,0.05,1,50.1057082452431,17.9704016913319,13.107822410148,9.72515856236786,9.09090909090909
"2",18,0.7,0.2,0,1000,0.05,2,50.1057082452431,17.9704016913319,13.107822410148,9.72515856236786,9.09090909090909
"3",18,0.7,0.2,0,1000,0.05,3,21.7758985200846,16.9133192389006,17.7589852008457,22.1987315010571,21.3530655391121
