"","nvar","r","d","het","iter","alpha","strategy","p1","p2","p3","p4","p5"
"1",140,0.4,0.3,0,1000,0.05,1,82.5428859737639,8.57719475277498,4.54086781029263,2.01816347124117,1.61453077699294
"2",140,0.4,0.3,0,1000,0.05,2,82.5428859737639,8.57719475277498,4.54086781029263,2.01816347124117,1.61453077699294
"3",140,0.4,0.3,0,1000,0.05,3,33.8042381432896,17.6589303733602,17.255297679112,16.1453077699294,15.0353178607467
