"","nvar","r","d","het","iter","alpha","strategy","p1","p2","p3","p4","p5"
"1",162,0.2,0.1,0,1000,0.05,1,79.3793793793794,14.014014014014,4.4044044044044,1.6016016016016,0.600600600600601
"2",162,0.2,0.1,0,1000,0.05,2,79.3793793793794,14.014014014014,4.4044044044044,1.6016016016016,0.600600600600601
"3",162,0.2,0.1,0,1000,0.05,3,24.2242242242242,18.9189189189189,17.8178178178178,19.1191191191191,19.9199199199199
