"","nvar","r","d","het","iter","alpha","strategy","p1","p2","p3","p4","p5"
"1",40,0.3,0.2,0,1000,0.05,1,60.5504587155963,17.3165137614679,10.0917431192661,6.76605504587156,5.27522935779817
"2",40,0.3,0.2,0,1000,0.05,2,60.5504587155963,17.3165137614679,10.0917431192661,6.76605504587156,5.27522935779817
"3",40,0.3,0.2,0,1000,0.05,3,24.8853211009174,20.9862385321101,19.954128440367,16.0550458715596,18.1192660550459
