"","nvar","r","d","het","iter","alpha","strategy","p1","p2","p3","p4","p5"
"1",64,0.6,0.1,0,1000,0.05,1,42.9892141756549,23.1124807395994,12.4807395993837,10.7858243451464,10.6317411402157
"2",64,0.6,0.1,0,1000,0.05,2,42.9892141756549,23.1124807395994,12.4807395993837,10.7858243451464,10.6317411402157
"3",64,0.6,0.1,0,1000,0.05,3,12.326656394453,19.4144838212635,20.6471494607088,22.1879815100154,25.4237288135593
