"","nvar","r","d","het","iter","alpha","strategy","p1","p2","p3","p4","p5"
"1",92,0.5,0.1,0,1000,0.05,1,47.4784747847478,19.3111931119311,13.0381303813038,11.5621156211562,8.61008610086101
"2",92,0.5,0.1,0,1000,0.05,2,47.4784747847478,19.3111931119311,13.0381303813038,11.5621156211562,8.61008610086101
"3",92,0.5,0.1,0,1000,0.05,3,14.1451414514145,18.2041820418204,20.5412054120541,22.8782287822878,24.2312423124231
