"","nvar","r","d","het","iter","alpha","strategy","p1","p2","p3","p4","p5"
"1",186,0.3,0.2,0,1000,0.05,1,81.0240963855422,10.3413654618474,5.22088353413655,2.20883534136546,0.803212851405622
"2",186,0.3,0.2,0,1000,0.05,2,81.0240963855422,10.3413654618474,5.22088353413655,2.20883534136546,0.803212851405622
"3",186,0.3,0.2,0,1000,0.05,3,24.8995983935743,18.3734939759036,19.3775100401606,18.2730923694779,19.0763052208835
