"","nvar","r","d","het","iter","alpha","strategy","p1","p2","p3","p4","p5"
"1",118,0.4,0.1,0,1000,0.05,1,58.9771490750816,16.3220892274211,13.4929270946681,8.37867247007617,2.82916213275299
"2",118,0.4,0.1,0,1000,0.05,2,58.9771490750816,16.3220892274211,13.4929270946681,8.37867247007617,2.82916213275299
"3",118,0.4,0.1,0,1000,0.05,3,18.063112078346,18.1719260065288,21.4363438520131,22.9597388465724,19.3688792165397
