"","nvar","r","d","het","iter","alpha","strategy","p1","p2","p3","p4","p5"
"1",10,0.2,0.2,0,1000,0.05,1,52.7216174183515,18.0404354587869,12.7527216174184,7.77604976671851,8.70917573872473
"2",10,0.2,0.2,0,1000,0.05,2,52.7216174183515,18.0404354587869,12.7527216174184,7.77604976671851,8.70917573872473
"3",10,0.2,0.2,0,1000,0.05,3,33.5925349922239,20.8398133748056,16.3297045101089,14.3079315707621,14.9300155520995
