"","nvar","r","d","het","iter","alpha","strategy","p1","p2","p3","p4","p5"
"1",34,0.7,0.1,0,1000,0.05,1,39.7619047619048,19.5238095238095,16.4285714285714,15.952380952381,8.33333333333333
"2",34,0.7,0.1,0,1000,0.05,2,39.7619047619048,19.5238095238095,16.4285714285714,15.952380952381,8.33333333333333
"3",34,0.7,0.1,0,1000,0.05,3,13.3333333333333,19.047619047619,21.1904761904762,25.952380952381,20.4761904761905
