"","nvar","r","d","het","iter","alpha","strategy","p1","p2","p3","p4","p5"
"1",48,0,0.1,0,1000,0.05,1,59.7916666666667,21.6666666666667,9.6875,6.5625,2.29166666666667
"2",48,0,0.1,0,1000,0.05,2,59.7916666666667,21.6666666666667,9.6875,6.5625,2.29166666666667
"3",48,0,0.1,0,1000,0.05,3,24.2708333333333,22.0833333333333,20.5208333333333,18.3333333333333,14.7916666666667
