"","nvar","r","d","het","iter","alpha","strategy","p1","p2","p3","p4","p5"
"1",48,0.4,0.1,0,1000,0.05,1,45.8852867830424,19.8254364089776,13.4663341645885,13.715710723192,7.1072319201995
"2",48,0.4,0.1,0,1000,0.05,2,45.8852867830424,19.8254364089776,13.4663341645885,13.715710723192,7.1072319201995
"3",48,0.4,0.1,0,1000,0.05,3,16.5835411471322,20.573566084788,19.7007481296758,22.4438902743142,20.6982543640898
