"","nvar","r","d","het","iter","alpha","strategy","p1","p2","p3","p4","p5"
"1",74,0.5,0.2,0,1000,0.05,1,60.5170387779083,15.7461809635723,11.0458284371328,7.2855464159812,5.4054054054054
"2",74,0.5,0.2,0,1000,0.05,2,60.5170387779083,15.7461809635723,11.0458284371328,7.2855464159812,5.4054054054054
"3",74,0.5,0.2,0,1000,0.05,3,20.4465334900117,18.9189189189189,20.2115158636898,20.2115158636898,20.2115158636898
