"","nvar","r","d","het","iter","alpha","strategy","p1","p2","p3","p4","p5"
"1",34,0.2,0.1,0,1000,0.05,1,46.4460784313725,20.4656862745098,13.2352941176471,9.55882352941176,10.2941176470588
"2",34,0.2,0.1,0,1000,0.05,2,46.4460784313725,20.4656862745098,13.2352941176471,9.55882352941176,10.2941176470588
"3",34,0.2,0.1,0,1000,0.05,3,20.7107843137255,19.6078431372549,19.4852941176471,17.2794117647059,22.9166666666667
