"","nvar","r","d","het","iter","alpha","strategy","p1","p2","p3","p4","p5"
"1",98,0.5,0.2,0,1000,0.05,1,62.3024830699774,15.8013544018059,8.91647855530474,6.09480812641084,6.88487584650113
"2",98,0.5,0.2,0,1000,0.05,2,62.3024830699774,15.8013544018059,8.91647855530474,6.09480812641084,6.88487584650113
"3",98,0.5,0.2,0,1000,0.05,3,20.7674943566591,18.3972911963883,20.3160270880361,18.058690744921,22.4604966139955
