"","nvar","r","d","het","iter","alpha","strategy","p1","p2","p3","p4","p5"
"1",106,0,0.1,0,1000,0.05,1,82.7655310621243,13.627254509018,3.1062124248497,0.30060120240481,0.200400801603206
"2",106,0,0.1,0,1000,0.05,2,82.7655310621243,13.627254509018,3.1062124248497,0.30060120240481,0.200400801603206
"3",106,0,0.1,0,1000,0.05,3,24.749498997996,19.6392785571142,20.1402805611222,17.8356713426854,17.6352705410822
