"","nvar","r","d","het","iter","alpha","strategy","p1","p2","p3","p4","p5"
"1",128,0.3,0.1,0,1000,0.05,1,62.8192032686415,20.6332992849847,9.49948927477017,3.98365679264556,3.06435137895812
"2",128,0.3,0.1,0,1000,0.05,2,62.8192032686415,20.6332992849847,9.49948927477017,3.98365679264556,3.06435137895812
"3",128,0.3,0.1,0,1000,0.05,3,20.5311542390194,17.6710929519918,20.4290091930541,21.5526046986721,19.8161389172625
