"","nvar","r","d","het","iter","alpha","strategy","p1","p2","p3","p4","p5"
"1",86,0.3,0.3,0,1000,0.05,1,79.0862944162436,9.64467005076142,5.48223350253807,2.84263959390863,1.7258883248731
"2",86,0.3,0.3,0,1000,0.05,2,79.0862944162436,9.64467005076142,5.48223350253807,2.84263959390863,1.7258883248731
"3",86,0.3,0.3,0,1000,0.05,3,36.5482233502538,17.258883248731,18.6802030456853,15.2284263959391,11.7766497461929
