"","nvar","r","d","het","iter","alpha","strategy","p1","p2","p3","p4","p5"
"1",154,0.8,0.1,0,1000,0.05,1,38.034188034188,20.7264957264957,13.034188034188,15.5982905982906,12.6068376068376
"2",154,0.8,0.1,0,1000,0.05,2,38.034188034188,20.7264957264957,13.034188034188,15.5982905982906,12.6068376068376
"3",154,0.8,0.1,0,1000,0.05,3,7.26495726495727,13.8888888888889,17.948717948718,28.2051282051282,32.6923076923077
