"","nvar","r","d","het","iter","alpha","strategy","p1","p2","p3","p4","p5"
"1",24,0.4,0.1,0,1000,0.05,1,37.3572593800979,20.5546492659054,18.2707993474715,14.1924959216966,9.62479608482871
"2",24,0.4,0.1,0,1000,0.05,2,37.3572593800979,20.5546492659054,18.2707993474715,14.1924959216966,9.62479608482871
"3",24,0.4,0.1,0,1000,0.05,3,17.9445350734095,20.0652528548124,22.0228384991843,21.3703099510604,18.5970636215334
