"","nvar","r","d","het","iter","alpha","strategy","p1","p2","p3","p4","p5"
"1",142,0.7,0.1,0,1000,0.05,1,43.4190620272315,20.7261724659607,14.3721633888048,12.1028744326778,9.37972768532526
"2",142,0.7,0.1,0,1000,0.05,2,43.4190620272315,20.7261724659607,14.3721633888048,12.1028744326778,9.37972768532526
"3",142,0.7,0.1,0,1000,0.05,3,10.590015128593,15.1285930408472,19.0620272314675,26.7776096822995,28.4417549167927
