"","nvar","r","d","het","iter","alpha","strategy","p1","p2","p3","p4","p5"
"1",96,0.8,0.2,0,1000,0.05,1,49.6491228070175,20.8771929824561,12.6315789473684,9.29824561403509,7.54385964912281
"2",96,0.8,0.2,0,1000,0.05,2,49.6491228070175,20.8771929824561,12.6315789473684,9.29824561403509,7.54385964912281
"3",96,0.8,0.2,0,1000,0.05,3,16.3157894736842,15.0877192982456,18.2456140350877,26.6666666666667,23.6842105263158
