"","nvar","r","d","het","iter","alpha","strategy","p1","p2","p3","p4","p5"
"1",12,0.6,0.3,0,1000,0.05,1,59.7133757961783,16.4012738853503,9.71337579617834,6.21019108280255,7.00636942675159
"2",12,0.6,0.3,0,1000,0.05,2,59.7133757961783,16.4012738853503,9.71337579617834,6.21019108280255,7.00636942675159
"3",12,0.6,0.3,0,1000,0.05,3,34.5541401273885,15.7643312101911,18.312101910828,14.171974522293,16.8789808917197
