"","nvar","r","d","het","iter","alpha","strategy","p1","p2","p3","p4","p5"
"1",66,0.1,0.1,0,1000,0.05,1,65.0515463917526,19.4845360824742,8.55670103092783,3.71134020618557,3.19587628865979
"2",66,0.1,0.1,0,1000,0.05,2,65.0515463917526,19.4845360824742,8.55670103092783,3.71134020618557,3.19587628865979
"3",66,0.1,0.1,0,1000,0.05,3,24.1237113402062,21.1340206185567,18.3505154639175,17.5257731958763,18.8659793814433
