"","nvar","r","d","het","iter","alpha","strategy","p1","p2","p3","p4","p5"
"1",188,0.5,0.3,0,1000,0.05,1,79.0673575129534,9.4300518134715,5.49222797927461,3.00518134715026,1.86528497409326
"2",188,0.5,0.3,0,1000,0.05,2,79.0673575129534,9.4300518134715,5.49222797927461,3.00518134715026,1.86528497409326
"3",188,0.5,0.3,0,1000,0.05,3,29.8445595854922,17.6165803108808,16.8911917098446,18.9637305699482,16.3730569948187
