"","nvar","r","d","het","iter","alpha","strategy","p1","p2","p3","p4","p5"
"1",84,0.5,0.3,0,1000,0.05,1,74.5293466223699,11.2956810631229,6.75526024363234,3.98671096345515,2.99003322259136
"2",84,0.5,0.3,0,1000,0.05,2,74.5293466223699,11.2956810631229,6.75526024363234,3.98671096345515,2.99003322259136
"3",84,0.5,0.3,0,1000,0.05,3,29.2358803986711,18.6046511627907,16.6112956810631,17.9401993355482,17.4972314507198
