"","nvar","r","d","het","iter","alpha","strategy","p1","p2","p3","p4","p5"
"1",146,0.6,0.2,0,1000,0.05,1,62.5,14.8809523809524,10.7142857142857,5.5952380952381,6.30952380952381
"2",146,0.6,0.2,0,1000,0.05,2,62.5,14.8809523809524,10.7142857142857,5.5952380952381,6.30952380952381
"3",146,0.6,0.2,0,1000,0.05,3,17.7380952380952,17.5,20.1190476190476,21.7857142857143,22.8571428571429
