"","nvar","r","d","het","iter","alpha","strategy","p1","p2","p3","p4","p5"
"1",26,0.5,0.3,0,1000,0.05,1,65.5483870967742,13.6774193548387,9.16129032258065,6.32258064516129,4.25806451612903
"2",26,0.5,0.3,0,1000,0.05,2,65.5483870967742,13.6774193548387,9.16129032258065,6.32258064516129,4.25806451612903
"3",26,0.5,0.3,0,1000,0.05,3,33.8064516129032,17.6774193548387,17.9354838709677,16.3870967741935,13.8064516129032
