"","nvar","r","d","het","iter","alpha","strategy","p1","p2","p3","p4","p5"
"1",138,0.4,0.3,0,1000,0.05,1,81.7904374364191,9.25737538148525,4.27263479145473,2.23804679552391,1.62767039674466
"2",138,0.4,0.3,0,1000,0.05,2,81.7904374364191,9.25737538148525,4.27263479145473,2.23804679552391,1.62767039674466
"3",138,0.4,0.3,0,1000,0.05,3,29.70498474059,18.8199389623601,17.5991861648016,16.9888097660224,16.7853509664293
