"","nvar","r","d","het","iter","alpha","strategy","p1","p2","p3","p4","p5"
"1",72,0.7,0.1,0,1000,0.05,1,44.2201834862385,20.9174311926606,14.4954128440367,8.9908256880734,11.3761467889908
"2",72,0.7,0.1,0,1000,0.05,2,44.2201834862385,20.9174311926606,14.4954128440367,8.9908256880734,11.3761467889908
"3",72,0.7,0.1,0,1000,0.05,3,11.743119266055,17.0642201834862,21.8348623853211,21.2844036697248,28.0733944954128
