"","nvar","r","d","het","iter","alpha","strategy","p1","p2","p3","p4","p5"
"1",36,0.5,0.3,0,1000,0.05,1,69.3069306930693,12.7475247524752,7.3019801980198,4.82673267326733,5.07425742574257
"2",36,0.5,0.3,0,1000,0.05,2,69.3069306930693,12.7475247524752,7.3019801980198,4.82673267326733,5.07425742574257
"3",36,0.5,0.3,0,1000,0.05,3,33.6633663366337,18.8118811881188,16.0891089108911,14.3564356435644,16.9554455445545
