"","nvar","r","d","het","iter","alpha","strategy","p1","p2","p3","p4","p5"
"1",54,0.1,0.2,0,1000,0.05,1,76.3860369609856,14.7843942505133,5.23613963039014,2.15605749486653,1.3347022587269
"2",54,0.1,0.2,0,1000,0.05,2,76.3860369609856,14.7843942505133,5.23613963039014,2.15605749486653,1.3347022587269
"3",54,0.1,0.2,0,1000,0.05,3,29.3634496919918,22.4845995893224,16.4271047227926,15.2977412731006,16.3244353182752
