"","nvar","r","d","het","iter","alpha","strategy","p1","p2","p3","p4","p5"
"1",48,0.4,0.3,0,1000,0.05,1,73.9819004524887,12.2171945701357,6.67420814479638,4.29864253393665,2.37556561085973
"2",48,0.4,0.3,0,1000,0.05,2,73.9819004524887,12.2171945701357,6.67420814479638,4.29864253393665,2.37556561085973
"3",48,0.4,0.3,0,1000,0.05,3,32.9185520361991,19.2307692307692,18.3257918552036,15.158371040724,14.3665158371041
