"","nvar","r","d","het","iter","alpha","strategy","p1","p2","p3","p4","p5"
"1",2,0.1,0.3,0,1000,0.05,1,54.8463356973995,16.0756501182033,11.3475177304965,8.98345153664303,7.09219858156028
"2",2,0.1,0.3,0,1000,0.05,2,54.8463356973995,16.0756501182033,11.3475177304965,8.98345153664303,7.09219858156028
"3",2,0.1,0.3,0,1000,0.05,3,48.6997635933806,17.25768321513,12.5295508274232,11.3475177304965,9.21985815602837
