"","nvar","r","d","het","iter","alpha","strategy","p1","p2","p3","p4","p5"
"1",154,0.6,0.3,0,1000,0.05,1,72.9699666295884,11.5684093437152,6.56284760845384,5.67296996662959,2.66963292547275
"2",154,0.6,0.3,0,1000,0.05,2,72.9699666295884,11.5684093437152,6.56284760845384,5.67296996662959,2.66963292547275
"3",154,0.6,0.3,0,1000,0.05,3,26.9187986651835,17.4638487208009,16.9076751946607,19.7997775305895,18.7986651835373
