"","nvar","r","d","het","iter","alpha","strategy","p1","p2","p3","p4","p5"
"1",102,0.6,0.1,0,1000,0.05,1,49.1329479768786,18.3526011560694,13.4393063583815,8.67052023121387,10.4046242774566
"2",102,0.6,0.1,0,1000,0.05,2,49.1329479768786,18.3526011560694,13.4393063583815,8.67052023121387,10.4046242774566
"3",102,0.6,0.1,0,1000,0.05,3,14.4508670520231,16.7630057803468,17.1965317919075,24.7109826589595,26.878612716763
