"","nvar","r","d","het","iter","alpha","strategy","p1","p2","p3","p4","p5"
"1",158,0.2,0.1,0,1000,0.05,1,76.4764764764765,15.4154154154154,5.7057057057057,1.7017017017017,0.700700700700701
"2",158,0.2,0.1,0,1000,0.05,2,76.4764764764765,15.4154154154154,5.7057057057057,1.7017017017017,0.700700700700701
"3",158,0.2,0.1,0,1000,0.05,3,21.2212212212212,18.1181181181181,22.4224224224224,19.3193193193193,18.9189189189189
