"","nvar","r","d","het","iter","alpha","strategy","p1","p2","p3","p4","p5"
"1",54,0.5,0.1,0,1000,0.05,1,44.7976878612717,20.8092485549133,12.4277456647399,13.2947976878613,8.67052023121387
"2",54,0.5,0.1,0,1000,0.05,2,44.7976878612717,20.8092485549133,12.4277456647399,13.2947976878613,8.67052023121387
"3",54,0.5,0.1,0,1000,0.05,3,16.3294797687861,19.0751445086705,16.6184971098266,23.2658959537572,24.7109826589595
