"","nvar","r","d","het","iter","alpha","strategy","p1","p2","p3","p4","p5"
"1",148,0.4,0.3,0,1000,0.05,1,80.3662258392675,10.0712105798576,4.06917599186165,2.74669379450661,1.83112919633774
"2",148,0.4,0.3,0,1000,0.05,2,80.3662258392675,10.0712105798576,4.06917599186165,2.74669379450661,1.83112919633774
"3",148,0.4,0.3,0,1000,0.05,3,31.5361139369278,17.4974567650051,18.2095625635809,15.971515768057,16.4801627670397
