"","nvar","r","d","het","iter","alpha","strategy","p1","p2","p3","p4","p5"
"1",56,0.2,0.1,0,1000,0.05,1,56.0170394036209,21.5122470713525,9.79765708200213,8.73269435569755,3.94036208732694
"2",56,0.2,0.1,0,1000,0.05,2,56.0170394036209,21.5122470713525,9.79765708200213,8.73269435569755,3.94036208732694
"3",56,0.2,0.1,0,1000,0.05,3,22.1512247071352,19.9148029818956,19.8083067092652,18.1043663471779,20.0212992545261
