"","nvar","r","d","het","iter","alpha","strategy","p1","p2","p3","p4","p5"
"1",178,0.7,0.1,0,1000,0.05,1,48.7218045112782,17.593984962406,14.1353383458647,11.1278195488722,8.42105263157895
"2",178,0.7,0.1,0,1000,0.05,2,48.7218045112782,17.593984962406,14.1353383458647,11.1278195488722,8.42105263157895
"3",178,0.7,0.1,0,1000,0.05,3,9.32330827067669,13.0827067669173,23.9097744360902,24.0601503759398,29.6240601503759
