"","nvar","r","d","het","iter","alpha","strategy","p1","p2","p3","p4","p5"
"1",74,0.5,0.3,0,1000,0.05,1,71.7002237136465,13.4228187919463,6.15212527964206,4.13870246085011,4.13870246085011
"2",74,0.5,0.3,0,1000,0.05,2,71.7002237136465,13.4228187919463,6.15212527964206,4.13870246085011,4.13870246085011
"3",74,0.5,0.3,0,1000,0.05,3,31.5436241610738,18.0089485458613,18.0089485458613,17.7852348993289,14.4295302013423
