"","nvar","r","d","het","iter","alpha","strategy","p1","p2","p3","p4","p5"
"1",6,0,0.3,0,1000,0.05,1,59.3880389429764,14.0472878998609,11.682892906815,7.23226703755216,6.53685674547983
"2",6,0,0.3,0,1000,0.05,2,59.3880389429764,14.0472878998609,11.682892906815,7.23226703755216,6.53685674547983
"3",6,0,0.3,0,1000,0.05,3,42.6981919332406,17.8025034770515,15.1599443671766,13.3518776077886,10.7093184979138
