"","nvar","r","d","het","iter","alpha","strategy","p1","p2","p3","p4","p5"
"1",88,0,0.2,0,1000,0.05,1,90.2902902902903,7.60760760760761,1.8018018018018,0.2002002002002,0
"2",88,0,0.2,0,1000,0.05,2,90.2902902902903,7.60760760760761,1.8018018018018,0.2002002002002,0
"3",88,0,0.2,0,1000,0.05,3,31.9319319319319,21.8218218218218,16.3163163163163,15.6156156156156,14.3143143143143
