"","nvar","r","d","het","iter","alpha","strategy","p1","p2","p3","p4","p5"
"1",114,0.7,0.2,0,1000,0.05,1,58.1259150805271,14.6412884333821,10.9809663250366,8.63836017569546,7.61346998535871
"2",114,0.7,0.2,0,1000,0.05,2,58.1259150805271,14.6412884333821,10.9809663250366,8.63836017569546,7.61346998535871
"3",114,0.7,0.2,0,1000,0.05,3,19.0336749633968,15.0805270863836,19.0336749633968,20.6442166910688,26.207906295754
