"","nvar","r","d","het","iter","alpha","strategy","p1","p2","p3","p4","p5"
"1",98,0.3,0.1,0,1000,0.05,1,58.0611169652266,21.8124341412013,11.1696522655427,5.79557428872497,3.16122233930453
"2",98,0.3,0.1,0,1000,0.05,2,58.0611169652266,21.8124341412013,11.1696522655427,5.79557428872497,3.16122233930453
"3",98,0.3,0.1,0,1000,0.05,3,19.3888303477345,20.3371970495258,20.3371970495258,19.072708113804,20.8640674394099
