"","nvar","r","d","het","iter","alpha","strategy","p1","p2","p3","p4","p5"
"1",146,0.8,0.2,0,1000,0.05,1,55.5366269165247,15.5025553662692,11.0732538330494,9.19931856899489,8.68824531516184
"2",146,0.8,0.2,0,1000,0.05,2,55.5366269165247,15.5025553662692,11.0732538330494,9.19931856899489,8.68824531516184
"3",146,0.8,0.2,0,1000,0.05,3,16.6950596252129,16.3543441226576,18.7393526405451,20.954003407155,27.2572402044293
