"","nvar","r","d","het","iter","alpha","strategy","p1","p2","p3","p4","p5"
"1",104,0.8,0.1,0,1000,0.05,1,39.041095890411,22.3744292237443,15.5251141552511,9.58904109589041,13.4703196347032
"2",104,0.8,0.1,0,1000,0.05,2,39.041095890411,22.3744292237443,15.5251141552511,9.58904109589041,13.4703196347032
"3",104,0.8,0.1,0,1000,0.05,3,9.36073059360731,14.8401826484018,21.0045662100457,21.0045662100457,33.7899543378995
