"","nvar","r","d","het","iter","alpha","strategy","p1","p2","p3","p4","p5"
"1",186,0.6,0.3,0,1000,0.05,1,73.7417943107221,10.9409190371991,6.89277899343545,4.48577680525164,3.17286652078775
"2",186,0.6,0.3,0,1000,0.05,2,73.7417943107221,10.9409190371991,6.89277899343545,4.48577680525164,3.17286652078775
"3",186,0.6,0.3,0,1000,0.05,3,26.6958424507659,17.1772428884026,17.8336980306346,19.1466083150985,18.7089715536105
