"","nvar","r","d","het","iter","alpha","strategy","p1","p2","p3","p4","p5"
"1",20,0.7,0.1,0,1000,0.05,1,32.8651685393258,23.0337078651685,17.6966292134831,14.6067415730337,11.7977528089888
"2",20,0.7,0.1,0,1000,0.05,2,32.8651685393258,23.0337078651685,17.6966292134831,14.6067415730337,11.7977528089888
"3",20,0.7,0.1,0,1000,0.05,3,12.9213483146067,20.5056179775281,21.6292134831461,19.6629213483146,25.2808988764045
