"","nvar","r","d","het","iter","alpha","strategy","p1","p2","p3","p4","p5"
"1",100,0.4,0.3,0,1000,0.05,1,78.4823284823285,11.1226611226611,5.09355509355509,2.5987525987526,1.35135135135135
"2",100,0.4,0.3,0,1000,0.05,2,78.4823284823285,11.1226611226611,5.09355509355509,2.5987525987526,1.35135135135135
"3",100,0.4,0.3,0,1000,0.05,3,32.8482328482328,17.6715176715177,19.5426195426195,15.0727650727651,14.3451143451143
