"","nvar","r","d","het","iter","alpha","strategy","p1","p2","p3","p4","p5"
"1",106,0.7,0.2,0,1000,0.05,1,58.3090379008746,13.7026239067055,11.8075801749271,8.60058309037901,7.43440233236152
"2",106,0.7,0.2,0,1000,0.05,2,58.3090379008746,13.7026239067055,11.8075801749271,8.60058309037901,7.43440233236152
"3",106,0.7,0.2,0,1000,0.05,3,20.5539358600583,15.597667638484,18.6588921282799,19.9708454810496,25.2186588921283
