"","nvar","r","d","het","iter","alpha","strategy","p1","p2","p3","p4","p5"
"1",102,0.9,0.1,0,1000,0.05,1,37.9310344827586,18.2758620689655,15.5172413793103,14.8275862068966,13.448275862069
"2",102,0.9,0.1,0,1000,0.05,2,37.9310344827586,18.2758620689655,15.5172413793103,14.8275862068966,13.448275862069
"3",102,0.9,0.1,0,1000,0.05,3,9.31034482758621,10,16.8965517241379,25.8620689655172,37.9310344827586
