"","nvar","r","d","het","iter","alpha","strategy","p1","p2","p3","p4","p5"
"1",80,0.5,0.3,0,1000,0.05,1,73.3183856502242,11.5470852017937,7.0627802690583,5.15695067264574,2.46636771300448
"2",80,0.5,0.3,0,1000,0.05,2,73.3183856502242,11.5470852017937,7.0627802690583,5.15695067264574,2.46636771300448
"3",80,0.5,0.3,0,1000,0.05,3,30.2690582959641,17.4887892376682,17.3766816143498,16.1434977578475,18.7219730941704
