"","nvar","r","d","het","iter","alpha","strategy","p1","p2","p3","p4","p5"
"1",118,0.3,0.1,0,1000,0.05,1,62.008281573499,18.944099378882,11.1801242236025,4.76190476190476,3.1055900621118
"2",118,0.3,0.1,0,1000,0.05,2,62.008281573499,18.944099378882,11.1801242236025,4.76190476190476,3.1055900621118
"3",118,0.3,0.1,0,1000,0.05,3,18.3229813664596,17.8053830227743,20.703933747412,20.9109730848861,22.2567287784679
