"","nvar","r","d","het","iter","alpha","strategy","p1","p2","p3","p4","p5"
"1",92,0.8,0.2,0,1000,0.05,1,52.952380952381,19.2380952380952,12.5714285714286,8,7.23809523809524
"2",92,0.8,0.2,0,1000,0.05,2,52.952380952381,19.2380952380952,12.5714285714286,8,7.23809523809524
"3",92,0.8,0.2,0,1000,0.05,3,18.0952380952381,15.6190476190476,19.6190476190476,21.9047619047619,24.7619047619048
