"","nvar","r","d","het","iter","alpha","strategy","p1","p2","p3","p4","p5"
"1",176,0.7,0.2,0,1000,0.05,1,60.2960969044415,13.9973082099596,11.3055181695828,7.40242261103634,6.99865410497981
"2",176,0.7,0.2,0,1000,0.05,2,60.2960969044415,13.9973082099596,11.3055181695828,7.40242261103634,6.99865410497981
"3",176,0.7,0.2,0,1000,0.05,3,17.9004037685061,15.2086137281292,20.0538358008075,20.5921938088829,26.2449528936743
