"","nvar","r","d","het","iter","alpha","strategy","p1","p2","p3","p4","p5"
"1",12,0.3,0.2,0,1000,0.05,1,51.7884914463453,18.6625194401244,9.95334370139969,10.5754276827372,9.02021772939347
"2",12,0.3,0.2,0,1000,0.05,2,51.7884914463453,18.6625194401244,9.95334370139969,10.5754276827372,9.02021772939347
"3",12,0.3,0.2,0,1000,0.05,3,33.2814930015552,19.9066874027994,14.3079315707621,15.7076205287714,16.796267496112
