"","nvar","r","d","het","iter","alpha","strategy","p1","p2","p3","p4","p5"
"1",44,0.2,0.2,0,1000,0.05,1,65.0743099787686,16.5605095541401,8.3864118895966,7.00636942675159,2.9723991507431
"2",44,0.2,0.2,0,1000,0.05,2,65.0743099787686,16.5605095541401,8.3864118895966,7.00636942675159,2.9723991507431
"3",44,0.2,0.2,0,1000,0.05,3,27.6008492569002,18.6836518046709,17.7282377919321,19.1082802547771,16.8789808917197
