"","nvar","r","d","het","iter","alpha","strategy","p1","p2","p3","p4","p5"
"1",194,0.9,0.2,0,1000,0.05,1,53.7078651685393,14.6067415730337,13.0337078651685,8.31460674157303,10.3370786516854
"2",194,0.9,0.2,0,1000,0.05,2,53.7078651685393,14.6067415730337,13.0337078651685,8.31460674157303,10.3370786516854
"3",194,0.9,0.2,0,1000,0.05,3,19.5505617977528,11.0112359550562,16.1797752808989,21.123595505618,32.1348314606742
