"","nvar","r","d","het","iter","alpha","strategy","p1","p2","p3","p4","p5"
"1",36,0.5,0.2,0,1000,0.05,1,58.2402234636871,15.5027932960894,11.5921787709497,7.68156424581006,6.98324022346369
"2",36,0.5,0.2,0,1000,0.05,2,58.2402234636871,15.5027932960894,11.5921787709497,7.68156424581006,6.98324022346369
"3",36,0.5,0.2,0,1000,0.05,3,23.8826815642458,18.4357541899441,21.2290502793296,16.2011173184358,20.2513966480447
