"","nvar","r","d","het","iter","alpha","strategy","p1","p2","p3","p4","p5"
"1",140,0.8,0.2,0,1000,0.05,1,61.7597292724196,13.0287648054146,9.81387478849408,9.13705583756345,6.26057529610829
"2",140,0.8,0.2,0,1000,0.05,2,61.7597292724196,13.0287648054146,9.81387478849408,9.13705583756345,6.26057529610829
"3",140,0.8,0.2,0,1000,0.05,3,23.8578680203046,16.243654822335,18.2741116751269,19.2893401015228,22.3350253807107
