"","nvar","r","d","het","iter","alpha","strategy","p1","p2","p3","p4","p5"
"1",112,0.8,0.1,0,1000,0.05,1,43.5622317596566,15.8798283261803,14.5922746781116,13.0901287553648,12.8755364806867
"2",112,0.8,0.1,0,1000,0.05,2,43.5622317596566,15.8798283261803,14.5922746781116,13.0901287553648,12.8755364806867
"3",112,0.8,0.1,0,1000,0.05,3,9.44206008583691,11.1587982832618,20.1716738197425,27.2532188841202,31.9742489270386
