"","nvar","r","d","het","iter","alpha","strategy","p1","p2","p3","p4","p5"
"1",12,0.7,0.2,0,1000,0.05,1,49.0990990990991,17.3423423423423,12.3873873873874,11.2612612612613,9.90990990990991
"2",12,0.7,0.2,0,1000,0.05,2,49.0990990990991,17.3423423423423,12.3873873873874,11.2612612612613,9.90990990990991
"3",12,0.7,0.2,0,1000,0.05,3,26.3513513513513,18.2432432432432,16.4414414414414,18.018018018018,20.9459459459459
