"","nvar","r","d","het","iter","alpha","strategy","p1","p2","p3","p4","p5"
"1",38,0.7,0.3,0,1000,0.05,1,65.0359712230216,12.9496402877698,9.06474820143885,7.33812949640288,4.31654676258993
"2",38,0.7,0.3,0,1000,0.05,2,65.0359712230216,12.9496402877698,9.06474820143885,7.33812949640288,4.31654676258993
"3",38,0.7,0.3,0,1000,0.05,3,31.6546762589928,17.5539568345324,15.6834532374101,17.841726618705,16.5467625899281
