"","nvar","r","d","het","iter","alpha","strategy","p1","p2","p3","p4","p5"
"1",88,0.5,0.2,0,1000,0.05,1,61.8713450292398,15.7894736842105,10.1754385964912,7.36842105263158,4.56140350877193
"2",88,0.5,0.2,0,1000,0.05,2,61.8713450292398,15.7894736842105,10.1754385964912,7.36842105263158,4.56140350877193
"3",88,0.5,0.2,0,1000,0.05,3,22.4561403508772,21.8713450292398,19.5321637426901,18.0116959064327,18.1286549707602
