"","nvar","r","d","het","iter","alpha","strategy","p1","p2","p3","p4","p5"
"1",82,0.3,0.2,0,1000,0.05,1,71.1157455683003,13.6600625651721,7.50782064650678,4.79666319082377,2.81543274244004
"2",82,0.3,0.2,0,1000,0.05,2,71.1157455683003,13.6600625651721,7.50782064650678,4.79666319082377,2.81543274244004
"3",82,0.3,0.2,0,1000,0.05,3,27.6329509906152,16.8925964546402,17.6225234619395,18.873826903024,18.978102189781
