"","nvar","r","d","het","iter","alpha","strategy","p1","p2","p3","p4","p5"
"1",106,0.9,0.2,0,1000,0.05,1,46.2469733656174,17.6755447941889,16.4648910411622,11.138014527845,8.47457627118644
"2",106,0.9,0.2,0,1000,0.05,2,46.2469733656174,17.6755447941889,16.4648910411622,11.138014527845,8.47457627118644
"3",106,0.9,0.2,0,1000,0.05,3,17.4334140435835,12.8329297820823,16.7070217917676,24.2130750605327,28.8135593220339
