"","nvar","r","d","het","iter","alpha","strategy","p1","p2","p3","p4","p5"
"1",130,0.4,0.1,0,1000,0.05,1,54.4086021505376,20.2150537634409,12.9032258064516,7.41935483870968,5.05376344086022
"2",130,0.4,0.1,0,1000,0.05,2,54.4086021505376,20.2150537634409,12.9032258064516,7.41935483870968,5.05376344086022
"3",130,0.4,0.1,0,1000,0.05,3,14.4086021505376,17.0967741935484,20.752688172043,22.3655913978495,25.3763440860215
