"","nvar","r","d","het","iter","alpha","strategy","p1","p2","p3","p4","p5"
"1",148,0.5,0.1,0,1000,0.05,1,52.9680365296804,20.7762557077626,12.7853881278539,7.30593607305936,6.16438356164384
"2",148,0.5,0.1,0,1000,0.05,2,52.9680365296804,20.7762557077626,12.7853881278539,7.30593607305936,6.16438356164384
"3",148,0.5,0.1,0,1000,0.05,3,15.0684931506849,18.1506849315068,19.8630136986301,21.689497716895,25.2283105022831
