"","nvar","r","d","het","iter","alpha","strategy","p1","p2","p3","p4","p5"
"1",66,0.4,0.3,0,1000,0.05,1,75.2411575562701,11.5755627009646,6.64523043944266,3.21543408360129,2.46516613076099
"2",66,0.4,0.3,0,1000,0.05,2,75.2411575562701,11.5755627009646,6.64523043944266,3.21543408360129,2.46516613076099
"3",66,0.4,0.3,0,1000,0.05,3,33.6548767416935,17.6848874598071,18.1136120042872,16.0771704180064,14.2550911039657
