"","nvar","r","d","het","iter","alpha","strategy","p1","p2","p3","p4","p5"
"1",12,0.6,0.2,0,1000,0.05,1,49.402390438247,19.9203187250996,13.1474103585657,9.36254980079681,8.16733067729084
"2",12,0.6,0.2,0,1000,0.05,2,49.402390438247,19.9203187250996,13.1474103585657,9.36254980079681,8.16733067729084
"3",12,0.6,0.2,0,1000,0.05,3,27.0916334661355,20.1195219123506,20.7171314741036,14.9402390438247,17.1314741035857
