"","nvar","r","d","het","iter","alpha","strategy","p1","p2","p3","p4","p5"
"1",130,0.1,0.3,0,1000,0.05,1,94.994994994995,3.2032032032032,0.900900900900901,0.1001001001001,0
"2",130,0.1,0.3,0,1000,0.05,2,94.994994994995,3.2032032032032,0.900900900900901,0.1001001001001,0
"3",130,0.1,0.3,0,1000,0.05,3,39.6396396396396,19.2192192192192,14.2142142142142,14.6146146146146,12.3123123123123
