"","nvar","r","d","het","iter","alpha","strategy","p1","p2","p3","p4","p5"
"1",2,0.2,0.3,0,1000,0.05,1,55.8752997601918,17.7458033573141,10.5515587529976,8.87290167865707,5.99520383693046
"2",2,0.2,0.3,0,1000,0.05,2,55.8752997601918,17.7458033573141,10.5515587529976,8.87290167865707,5.99520383693046
"3",2,0.2,0.3,0,1000,0.05,3,48.4412470023981,18.4652278177458,12.9496402877698,11.031175059952,8.39328537170264
