"","nvar","r","d","het","iter","alpha","strategy","p1","p2","p3","p4","p5"
"1",182,0.5,0.3,0,1000,0.05,1,76.5756302521009,11.1344537815126,5.98739495798319,3.46638655462185,1.57563025210084
"2",182,0.5,0.3,0,1000,0.05,2,76.5756302521009,11.1344537815126,5.98739495798319,3.46638655462185,1.57563025210084
"3",182,0.5,0.3,0,1000,0.05,3,31.4075630252101,16.4915966386555,17.7521008403361,18.172268907563,15.9663865546218
