"","nvar","r","d","het","iter","alpha","strategy","p1","p2","p3","p4","p5"
"1",194,0.4,0.3,0,1000,0.05,1,82.4898785425101,9.31174089068826,3.54251012145749,2.32793522267206,1.01214574898785
"2",194,0.4,0.3,0,1000,0.05,2,82.4898785425101,9.31174089068826,3.54251012145749,2.32793522267206,1.01214574898785
"3",194,0.4,0.3,0,1000,0.05,3,29.5546558704453,19.5344129554656,16.8016194331984,16.497975708502,17.1052631578947
