"","nvar","r","d","het","iter","alpha","strategy","p1","p2","p3","p4","p5"
"1",192,0.8,0.1,0,1000,0.05,1,42.4063116370809,19.9211045364891,13.0177514792899,14.5956607495069,10.0591715976331
"2",192,0.8,0.1,0,1000,0.05,2,42.4063116370809,19.9211045364891,13.0177514792899,14.5956607495069,10.0591715976331
"3",192,0.8,0.1,0,1000,0.05,3,9.46745562130178,11.6370808678501,20.3155818540434,27.6134122287968,30.9664694280079
