"","nvar","r","d","het","iter","alpha","strategy","p1","p2","p3","p4","p5"
"1",148,0.5,0.2,0,1000,0.05,1,66.0869565217391,14.5652173913043,10.1086956521739,5.21739130434783,4.02173913043478
"2",148,0.5,0.2,0,1000,0.05,2,66.0869565217391,14.5652173913043,10.1086956521739,5.21739130434783,4.02173913043478
"3",148,0.5,0.2,0,1000,0.05,3,20.8695652173913,17.8260869565217,18.2608695652174,20.9782608695652,22.0652173913043
