"","nvar","r","d","het","iter","alpha","strategy","p1","p2","p3","p4","p5"
"1",54,0.3,0.1,0,1000,0.05,1,50.6285714285714,19.0857142857143,14.0571428571429,8.68571428571429,7.54285714285714
"2",54,0.3,0.1,0,1000,0.05,2,50.6285714285714,19.0857142857143,14.0571428571429,8.68571428571429,7.54285714285714
"3",54,0.3,0.1,0,1000,0.05,3,20.3428571428571,19.4285714285714,21.0285714285714,19.6571428571429,19.5428571428571
