"","nvar","r","d","het","iter","alpha","strategy","p1","p2","p3","p4","p5"
"1",126,0.4,0.3,0,1000,0.05,1,80.5128205128205,9.33333333333333,5.53846153846154,2.35897435897436,1.94871794871795
"2",126,0.4,0.3,0,1000,0.05,2,80.5128205128205,9.33333333333333,5.53846153846154,2.35897435897436,1.94871794871795
"3",126,0.4,0.3,0,1000,0.05,3,32.4102564102564,18.6666666666667,17.2307692307692,15.6923076923077,16
