"","nvar","r","d","het","iter","alpha","strategy","p1","p2","p3","p4","p5"
"1",148,0.5,0.3,0,1000,0.05,1,76.495278069255,11.2277019937041,6.08604407135362,3.77754459601259,1.8887722980063
"2",148,0.5,0.3,0,1000,0.05,2,76.495278069255,11.2277019937041,6.08604407135362,3.77754459601259,1.8887722980063
"3",148,0.5,0.3,0,1000,0.05,3,28.4365162644281,19.202518363064,18.3630640083945,17.4186778593914,16.5792235047219
