"","nvar","r","d","het","iter","alpha","strategy","p1","p2","p3","p4","p5"
"1",92,0.7,0.1,0,1000,0.05,1,42.1903052064632,20.4667863554758,15.08078994614,11.6696588868941,10.5924596050269
"2",92,0.7,0.1,0,1000,0.05,2,42.1903052064632,20.4667863554758,15.08078994614,11.6696588868941,10.5924596050269
"3",92,0.7,0.1,0,1000,0.05,3,10.5924596050269,17.2351885098743,21.3644524236984,22.8007181328546,28.0071813285458
