"","nvar","r","d","het","iter","alpha","strategy","p1","p2","p3","p4","p5"
"1",14,0.7,0.1,0,1000,0.05,1,38.3954154727794,21.2034383954155,11.4613180515759,15.7593123209169,13.1805157593123
"2",14,0.7,0.1,0,1000,0.05,2,38.3954154727794,21.2034383954155,11.4613180515759,15.7593123209169,13.1805157593123
"3",14,0.7,0.1,0,1000,0.05,3,17.7650429799427,18.9111747851003,14.8997134670487,25.5014326647564,22.9226361031519
