"","nvar","r","d","het","iter","alpha","strategy","p1","p2","p3","p4","p5"
"1",48,0.5,0.2,0,1000,0.05,1,58.2901554404145,16.580310880829,12.5647668393782,5.95854922279793,6.60621761658031
"2",48,0.5,0.2,0,1000,0.05,2,58.2901554404145,16.580310880829,12.5647668393782,5.95854922279793,6.60621761658031
"3",48,0.5,0.2,0,1000,0.05,3,21.2435233160622,20.0777202072539,21.1139896373057,18.0051813471503,19.559585492228
