"","nvar","r","d","het","iter","alpha","strategy","p1","p2","p3","p4","p5"
"1",56,0.3,0.1,0,1000,0.05,1,50.3972758229285,20.3178206583428,13.0533484676504,9.19409761634506,7.03745743473326
"2",56,0.3,0.1,0,1000,0.05,2,50.3972758229285,20.3178206583428,13.0533484676504,9.19409761634506,7.03745743473326
"3",56,0.3,0.1,0,1000,0.05,3,20.2043132803632,18.955732122588,19.7502837684449,19.0692395005675,22.0204313280363
