"","nvar","r","d","het","iter","alpha","strategy","p1","p2","p3","p4","p5"
"1",38,0.2,0.3,0,1000,0.05,1,76.4890282131661,12.748171368861,4.70219435736677,3.44827586206897,2.08986415882968
"2",38,0.2,0.3,0,1000,0.05,2,76.4890282131661,12.748171368861,4.70219435736677,3.44827586206897,2.08986415882968
"3",38,0.2,0.3,0,1000,0.05,3,37.0950888192268,19.7492163009404,15.8829676071055,13.5841170323929,13.6886102403344
