"","nvar","r","d","het","iter","alpha","strategy","p1","p2","p3","p4","p5"
"1",74,0.4,0.2,0,1000,0.05,1,66.7393675027263,14.9400218102508,9.48745910577972,5.34351145038168,3.4896401308615
"2",74,0.4,0.2,0,1000,0.05,2,66.7393675027263,14.9400218102508,9.48745910577972,5.34351145038168,3.4896401308615
"3",74,0.4,0.2,0,1000,0.05,3,27.0447110141767,19.0839694656489,17.8844056706652,17.2300981461287,18.7568157033806
