"","nvar","r","d","het","iter","alpha","strategy","p1","p2","p3","p4","p5"
"1",182,0.2,0.2,0,1000,0.05,1,87.7877877877878,9.40940940940941,2.3023023023023,0.500500500500501,0
"2",182,0.2,0.2,0,1000,0.05,2,87.7877877877878,9.40940940940941,2.3023023023023,0.500500500500501,0
"3",182,0.2,0.2,0,1000,0.05,3,27.1271271271271,22.3223223223223,18.6186186186186,17.2172172172172,14.7147147147147
