"","nvar","r","d","het","iter","alpha","strategy","p1","p2","p3","p4","p5"
"1",136,0.1,0.1,0,1000,0.05,1,80.8617234468938,14.6292585170341,3.90781563126252,0.400801603206413,0.200400801603206
"2",136,0.1,0.1,0,1000,0.05,2,80.8617234468938,14.6292585170341,3.90781563126252,0.400801603206413,0.200400801603206
"3",136,0.1,0.1,0,1000,0.05,3,23.5470941883768,17.434869739479,18.7374749498998,20.6412825651303,19.6392785571142
