"","nvar","r","d","het","iter","alpha","strategy","p1","p2","p3","p4","p5"
"1",20,0.4,0.1,0,1000,0.05,1,36.5051903114187,21.6262975778547,14.878892733564,13.3217993079585,13.6678200692042
"2",20,0.4,0.1,0,1000,0.05,2,36.5051903114187,21.6262975778547,14.878892733564,13.3217993079585,13.6678200692042
"3",20,0.4,0.1,0,1000,0.05,3,17.4740484429066,18.6851211072664,20.9342560553633,19.7231833910035,23.1833910034602
