"","nvar","r","d","het","iter","alpha","strategy","p1","p2","p3","p4","p5"
"1",186,0.8,0.2,0,1000,0.05,1,55.5555555555556,16.0493827160494,11.8165784832451,10.4056437389771,6.17283950617284
"2",186,0.8,0.2,0,1000,0.05,2,55.5555555555556,16.0493827160494,11.8165784832451,10.4056437389771,6.17283950617284
"3",186,0.8,0.2,0,1000,0.05,3,16.9312169312169,13.2275132275132,18.342151675485,23.1040564373898,28.3950617283951
