"","nvar","r","d","het","iter","alpha","strategy","p1","p2","p3","p4","p5"
"1",58,0.1,0.2,0,1000,0.05,1,75.6072874493927,13.5627530364372,5.97165991902834,3.34008097165992,1.417004048583
"2",58,0.1,0.2,0,1000,0.05,2,75.6072874493927,13.5627530364372,5.97165991902834,3.34008097165992,1.417004048583
"3",58,0.1,0.2,0,1000,0.05,3,28.2388663967611,18.7246963562753,19.1295546558704,18.6234817813765,15.2834008097166
