"","nvar","r","d","het","iter","alpha","strategy","p1","p2","p3","p4","p5"
"1",66,0.2,0.1,0,1000,0.05,1,57.7568134171908,21.2788259958071,11.6352201257862,5.66037735849057,3.66876310272537
"2",66,0.2,0.1,0,1000,0.05,2,57.7568134171908,21.2788259958071,11.6352201257862,5.66037735849057,3.66876310272537
"3",66,0.2,0.1,0,1000,0.05,3,22.2222222222222,20.9643605870021,20.9643605870021,19.1823899371069,16.6666666666667
