"","nvar","r","d","het","iter","alpha","strategy","p1","p2","p3","p4","p5"
"1",112,0.6,0.1,0,1000,0.05,1,49.2676431424767,16.7776298268975,12.3834886817577,11.5845539280959,9.9866844207723
"2",112,0.6,0.1,0,1000,0.05,2,49.2676431424767,16.7776298268975,12.3834886817577,11.5845539280959,9.9866844207723
"3",112,0.6,0.1,0,1000,0.05,3,14.647137150466,15.3129161118509,19.7070572569907,23.5685752330226,26.7643142476698
