"","nvar","r","d","het","iter","alpha","strategy","p1","p2","p3","p4","p5"
"1",182,0.3,0.2,0,1000,0.05,1,82.5125628140703,10.9547738693467,4.12060301507538,1.50753768844221,0.804020100502513
"2",182,0.3,0.2,0,1000,0.05,2,82.5125628140703,10.9547738693467,4.12060301507538,1.50753768844221,0.804020100502513
"3",182,0.3,0.2,0,1000,0.05,3,25.8291457286432,19.3969849246231,18.9949748743719,16.9849246231156,18.7939698492462
