"","nvar","r","d","het","iter","alpha","strategy","p1","p2","p3","p4","p5"
"1",76,0.7,0.2,0,1000,0.05,1,56.5349544072948,17.0212765957447,11.2462006079027,8.66261398176292,6.53495440729483
"2",76,0.7,0.2,0,1000,0.05,2,56.5349544072948,17.0212765957447,11.2462006079027,8.66261398176292,6.53495440729483
"3",76,0.7,0.2,0,1000,0.05,3,17.629179331307,15.8054711246201,20.3647416413374,22.0364741641337,24.1641337386018
