"","nvar","r","d","het","iter","alpha","strategy","p1","p2","p3","p4","p5"
"1",146,0.3,0.3,0,1000,0.05,1,86.5191146881288,7.54527162977867,3.01810865191147,1.7102615694165,0.402414486921529
"2",146,0.3,0.3,0,1000,0.05,2,86.5191146881288,7.54527162977867,3.01810865191147,1.7102615694165,0.402414486921529
"3",146,0.3,0.3,0,1000,0.05,3,32.5955734406439,18.7122736418511,15.8953722334004,17.2032193158954,15.3923541247485
