"","nvar","r","d","het","iter","alpha","strategy","p1","p2","p3","p4","p5"
"1",84,0.4,0.2,0,1000,0.05,1,64.3776824034335,16.2017167381974,8.2618025751073,6.97424892703863,4.18454935622318
"2",84,0.4,0.2,0,1000,0.05,2,64.3776824034335,16.2017167381974,8.2618025751073,6.97424892703863,4.18454935622318
"3",84,0.4,0.2,0,1000,0.05,3,23.8197424892704,20.3862660944206,17.1673819742489,18.4549356223176,20.1716738197425
