"","nvar","r","d","het","iter","alpha","strategy","p1","p2","p3","p4","p5"
"1",162,0.5,0.2,0,1000,0.05,1,66.448087431694,14.9726775956284,9.18032786885246,5.24590163934426,4.15300546448087
"2",162,0.5,0.2,0,1000,0.05,2,66.448087431694,14.9726775956284,9.18032786885246,5.24590163934426,4.15300546448087
"3",162,0.5,0.2,0,1000,0.05,3,18.1420765027322,20.1092896174863,17.8142076502732,20.655737704918,23.2786885245902
