"","nvar","r","d","het","iter","alpha","strategy","p1","p2","p3","p4","p5"
"1",114,0.5,0.1,0,1000,0.05,1,51.566265060241,20,10.8433734939759,10.6024096385542,6.98795180722892
"2",114,0.5,0.1,0,1000,0.05,2,51.566265060241,20,10.8433734939759,10.6024096385542,6.98795180722892
"3",114,0.5,0.1,0,1000,0.05,3,14.8192771084337,16.6265060240964,19.2771084337349,25.7831325301205,23.4939759036145
