"","nvar","r","d","het","iter","alpha","strategy","p1","p2","p3","p4","p5"
"1",90,0.6,0.1,0,1000,0.05,1,46.1212976022567,19.3229901269394,14.5275035260931,10.8603667136812,9.16784203102962
"2",90,0.6,0.1,0,1000,0.05,2,46.1212976022567,19.3229901269394,14.5275035260931,10.8603667136812,9.16784203102962
"3",90,0.6,0.1,0,1000,0.05,3,15.2327221438646,15.5148095909732,21.7207334273625,23.836389280677,23.6953455571227
