"","nvar","r","d","het","iter","alpha","strategy","p1","p2","p3","p4","p5"
"1",8,0.9,0.2,0,1000,0.05,1,49.4949494949495,18.1818181818182,9.42760942760943,12.4579124579125,10.4377104377104
"2",8,0.9,0.2,0,1000,0.05,2,49.4949494949495,18.1818181818182,9.42760942760943,12.4579124579125,10.4377104377104
"3",8,0.9,0.2,0,1000,0.05,3,31.6498316498317,15.4882154882155,15.8249158249158,18.1818181818182,18.8552188552189
