"","nvar","r","d","het","iter","alpha","strategy","p1","p2","p3","p4","p5"
"1",134,0.4,0.2,0,1000,0.05,1,71.1458333333333,13.9583333333333,8.64583333333333,3.64583333333333,2.60416666666667
"2",134,0.4,0.2,0,1000,0.05,2,71.1458333333333,13.9583333333333,8.64583333333333,3.64583333333333,2.60416666666667
"3",134,0.4,0.2,0,1000,0.05,3,23.5416666666667,18.4375,20.625,18.125,19.2708333333333
