"","nvar","r","d","het","iter","alpha","strategy","p1","p2","p3","p4","p5"
"1",26,0.5,0.1,0,1000,0.05,1,39.3382352941176,22.9779411764706,12.1323529411765,13.0514705882353,12.5
"2",26,0.5,0.1,0,1000,0.05,2,39.3382352941176,22.9779411764706,12.1323529411765,13.0514705882353,12.5
"3",26,0.5,0.1,0,1000,0.05,3,17.6470588235294,20.2205882352941,20.4044117647059,21.5073529411765,20.2205882352941
