"","nvar","r","d","het","iter","alpha","strategy","p1","p2","p3","p4","p5"
"1",98,0.2,0.2,0,1000,0.05,1,77.5201612903226,13.9112903225806,5.04032258064516,1.71370967741935,1.61290322580645
"2",98,0.2,0.2,0,1000,0.05,2,77.5201612903226,13.9112903225806,5.04032258064516,1.71370967741935,1.61290322580645
"3",98,0.2,0.2,0,1000,0.05,3,27.116935483871,20.866935483871,17.741935483871,17.3387096774194,16.9354838709677
