"","nvar","r","d","het","iter","alpha","strategy","p1","p2","p3","p4","p5"
"1",98,0.1,0.2,0,1000,0.05,1,86.6599799398195,8.32497492477432,2.80842527582748,1.80541624874624,0.401203610832498
"2",98,0.1,0.2,0,1000,0.05,2,86.6599799398195,8.32497492477432,2.80842527582748,1.80541624874624,0.401203610832498
"3",98,0.1,0.2,0,1000,0.05,3,29.6890672016048,21.2637913741224,16.7502507522568,16.6499498495486,15.6469408224674
