"","nvar","r","d","het","iter","alpha","strategy","p1","p2","p3","p4","p5"
"1",26,0.5,0.2,0,1000,0.05,1,55.9490084985836,17.1388101983003,9.91501416430595,9.91501416430595,7.08215297450425
"2",26,0.5,0.2,0,1000,0.05,2,55.9490084985836,17.1388101983003,9.91501416430595,9.91501416430595,7.08215297450425
"3",26,0.5,0.2,0,1000,0.05,3,24.929178470255,17.8470254957507,17.5637393767705,20.8215297450425,18.8385269121813
