"","nvar","r","d","het","iter","alpha","strategy","p1","p2","p3","p4","p5"
"1",120,0.5,0.3,0,1000,0.05,1,74.8407643312102,10.6157112526539,5.52016985138004,4.35244161358811,3.82165605095541
"2",120,0.5,0.3,0,1000,0.05,2,74.8407643312102,10.6157112526539,5.52016985138004,4.35244161358811,3.82165605095541
"3",120,0.5,0.3,0,1000,0.05,3,29.6178343949045,17.3036093418259,18.3651804670913,16.348195329087,18.1528662420382
