"","nvar","r","d","het","iter","alpha","strategy","p1","p2","p3","p4","p5"
"1",90,0.6,0.3,0,1000,0.05,1,68.6690223792697,13.3097762073027,8.8339222614841,4.12249705535925,4.59363957597173
"2",90,0.6,0.3,0,1000,0.05,2,68.6690223792697,13.3097762073027,8.8339222614841,4.12249705535925,4.59363957597173
"3",90,0.6,0.3,0,1000,0.05,3,26.9729093050648,18.3745583038869,17.7856301531213,15.6654888103651,20.9658421672556
