"","nvar","r","d","het","iter","alpha","strategy","p1","p2","p3","p4","p5"
"1",192,0.8,0.2,0,1000,0.05,1,59.0189873417722,14.3987341772152,11.0759493670886,8.70253164556962,6.80379746835443
"2",192,0.8,0.2,0,1000,0.05,2,59.0189873417722,14.3987341772152,11.0759493670886,8.70253164556962,6.80379746835443
"3",192,0.8,0.2,0,1000,0.05,3,19.620253164557,15.3481012658228,17.5632911392405,23.7341772151899,23.7341772151899
