"","nvar","r","d","het","iter","alpha","strategy","p1","p2","p3","p4","p5"
"1",24,0.9,0.2,0,1000,0.05,1,49.4152046783626,17.2514619883041,14.6198830409357,10.8187134502924,7.89473684210526
"2",24,0.9,0.2,0,1000,0.05,2,49.4152046783626,17.2514619883041,14.6198830409357,10.8187134502924,7.89473684210526
"3",24,0.9,0.2,0,1000,0.05,3,23.3918128654971,16.9590643274854,18.4210526315789,19.0058479532164,22.2222222222222
