"","nvar","r","d","het","iter","alpha","strategy","p1","p2","p3","p4","p5"
"1",172,0.3,0.2,0,1000,0.05,1,80.4828973843058,12.6760563380282,4.62776659959759,2.01207243460765,0.100603621730382
"2",172,0.3,0.2,0,1000,0.05,2,80.4828973843058,12.6760563380282,4.62776659959759,2.01207243460765,0.100603621730382
"3",172,0.3,0.2,0,1000,0.05,3,26.5593561368209,18.1086519114688,20.0201207243461,16.8008048289738,18.5110663983903
