"","nvar","r","d","het","iter","alpha","strategy","p1","p2","p3","p4","p5"
"1",146,0.2,0.1,0,1000,0.05,1,75.2016129032258,16.2298387096774,5.94758064516129,2.31854838709677,0.30241935483871
"2",146,0.2,0.1,0,1000,0.05,2,75.2016129032258,16.2298387096774,5.94758064516129,2.31854838709677,0.30241935483871
"3",146,0.2,0.1,0,1000,0.05,3,21.5725806451613,18.2459677419355,19.4556451612903,21.3709677419355,19.3548387096774
