"","nvar","r","d","het","iter","alpha","strategy","p1","p2","p3","p4","p5"
"1",196,0.7,0.1,0,1000,0.05,1,48.3211678832117,19.2700729927007,13.2846715328467,11.6788321167883,7.44525547445255
"2",196,0.7,0.1,0,1000,0.05,2,48.3211678832117,19.2700729927007,13.2846715328467,11.6788321167883,7.44525547445255
"3",196,0.7,0.1,0,1000,0.05,3,9.1970802919708,16.0583941605839,19.7080291970803,25.5474452554745,29.4890510948905
