"","nvar","r","d","het","iter","alpha","strategy","p1","p2","p3","p4","p5"
"1",156,0.6,0.3,0,1000,0.05,1,72.6467331118494,12.1816168327796,6.64451827242525,4.4296788482835,2.99003322259136
"2",156,0.6,0.3,0,1000,0.05,2,72.6467331118494,12.1816168327796,6.64451827242525,4.4296788482835,2.99003322259136
"3",156,0.6,0.3,0,1000,0.05,3,29.7895902547065,17.0542635658915,16.500553709856,18.936877076412,17.718715393134
