"","nvar","r","d","het","iter","alpha","strategy","p1","p2","p3","p4","p5"
"1",110,0.4,0.1,0,1000,0.05,1,52.4698133918771,21.4050493962678,11.1964873765093,9.11086717892426,5.81778265642151
"2",110,0.4,0.1,0,1000,0.05,2,52.4698133918771,21.4050493962678,11.1964873765093,9.11086717892426,5.81778265642151
"3",110,0.4,0.1,0,1000,0.05,3,16.4654226125137,18.8803512623491,19.648737650933,21.8441273326015,23.1613611416026
