"","nvar","r","d","het","iter","alpha","strategy","p1","p2","p3","p4","p5"
"1",160,0.6,0.2,0,1000,0.05,1,61.5023474178404,15.2582159624413,9.85915492957746,6.45539906103286,6.8075117370892
"2",160,0.6,0.2,0,1000,0.05,2,61.5023474178404,15.2582159624413,9.85915492957746,6.45539906103286,6.8075117370892
"3",160,0.6,0.2,0,1000,0.05,3,20.0704225352113,17.6056338028169,17.9577464788732,19.9530516431925,24.4131455399061
