"","nvar","r","d","het","iter","alpha","strategy","p1","p2","p3","p4","p5"
"1",30,0.3,0.3,0,1000,0.05,1,71.3160854893138,12.14848143982,7.98650168728909,4.6119235095613,3.1496062992126
"2",30,0.3,0.3,0,1000,0.05,2,71.3160854893138,12.14848143982,7.98650168728909,4.6119235095613,3.1496062992126
"3",30,0.3,0.3,0,1000,0.05,3,34.4206974128234,20.1349831271091,16.9853768278965,15.748031496063,12.4859392575928
