"","nvar","r","d","het","iter","alpha","strategy","p1","p2","p3","p4","p5"
"1",72,0.6,0.2,0,1000,0.05,1,60.5504587155963,12.9750982961992,10.3538663171691,8.51900393184797,7.60157273918742
"2",72,0.6,0.2,0,1000,0.05,2,60.5504587155963,12.9750982961992,10.3538663171691,8.51900393184797,7.60157273918742
"3",72,0.6,0.2,0,1000,0.05,3,20.7077326343381,18.7418086500655,15.8584534731324,22.1494102228047,22.5425950196592
