"","nvar","r","d","het","iter","alpha","strategy","p1","p2","p3","p4","p5"
"1",26,0.3,0.3,0,1000,0.05,1,71.0194730813288,11.340206185567,6.64375715922108,5.15463917525773,4.81099656357388
"2",26,0.3,0.3,0,1000,0.05,2,71.0194730813288,11.340206185567,6.64375715922108,5.15463917525773,4.81099656357388
"3",26,0.3,0.3,0,1000,0.05,3,36.5406643757159,18.3276059564719,16.0366552119129,14.5475372279496,14.0893470790378
