"","nvar","r","d","het","iter","alpha","strategy","p1","p2","p3","p4","p5"
"1",34,0.1,0.3,0,1000,0.05,1,79.0339157245632,10.5858170606372,4.72764645426516,2.672147995889,1.95272353545735
"2",34,0.1,0.3,0,1000,0.05,2,79.0339157245632,10.5858170606372,4.72764645426516,2.672147995889,1.95272353545735
"3",34,0.1,0.3,0,1000,0.05,3,39.054470709147,18.8078108941418,16.5467625899281,13.360739979445,12.0246659815005
