"","nvar","r","d","het","iter","alpha","strategy","p1","p2","p3","p4","p5"
"1",192,0.2,0.1,0,1000,0.05,1,81.1811811811812,14.014014014014,3.7037037037037,0.800800800800801,0.3003003003003
"2",192,0.2,0.1,0,1000,0.05,2,81.1811811811812,14.014014014014,3.7037037037037,0.800800800800801,0.3003003003003
"3",192,0.2,0.1,0,1000,0.05,3,21.7217217217217,20.2202202202202,18.8188188188188,16.9169169169169,22.3223223223223
