"","nvar","r","d","het","iter","alpha","strategy","p1","p2","p3","p4","p5"
"1",190,0.5,0.3,0,1000,0.05,1,77.7777777777778,9.25925925925926,6.37860082304527,3.39506172839506,2.98353909465021
"2",190,0.5,0.3,0,1000,0.05,2,77.7777777777778,9.25925925925926,6.37860082304527,3.39506172839506,2.98353909465021
"3",190,0.5,0.3,0,1000,0.05,3,28.8065843621399,18.0041152263375,16.9753086419753,16.9753086419753,19.238683127572
