"","nvar","r","d","het","iter","alpha","strategy","p1","p2","p3","p4","p5"
"1",130,0.9,0.2,0,1000,0.05,1,51.5625,16.7410714285714,11.3839285714286,11.3839285714286,8.92857142857143
"2",130,0.9,0.2,0,1000,0.05,2,51.5625,16.7410714285714,11.3839285714286,11.3839285714286,8.92857142857143
"3",130,0.9,0.2,0,1000,0.05,3,19.4196428571429,14.2857142857143,15.625,23.4375,27.2321428571429
