"","nvar","r","d","het","iter","alpha","strategy","p1","p2","p3","p4","p5"
"1",76,0.1,0.3,0,1000,0.05,1,88.1881881881882,7.50750750750751,2.2022022022022,0.700700700700701,0.500500500500501
"2",76,0.1,0.3,0,1000,0.05,2,88.1881881881882,7.50750750750751,2.2022022022022,0.700700700700701,0.500500500500501
"3",76,0.1,0.3,0,1000,0.05,3,36.7367367367367,18.6186186186186,15.4154154154154,14.014014014014,15.015015015015
