"","nvar","r","d","het","iter","alpha","strategy","p1","p2","p3","p4","p5"
"1",78,0.9,0.2,0,1000,0.05,1,51.4666666666667,14.9333333333333,13.0666666666667,12,8.53333333333333
"2",78,0.9,0.2,0,1000,0.05,2,51.4666666666667,14.9333333333333,13.0666666666667,12,8.53333333333333
"3",78,0.9,0.2,0,1000,0.05,3,20.8,10.4,18.1333333333333,23.2,27.4666666666667
