"","nvar","r","d","het","iter","alpha","strategy","p1","p2","p3","p4","p5"
"1",52,0.4,0.2,0,1000,0.05,1,62.7177700348432,15.7955865272938,9.1753774680604,6.73635307781649,5.57491289198606
"2",52,0.4,0.2,0,1000,0.05,2,62.7177700348432,15.7955865272938,9.1753774680604,6.73635307781649,5.57491289198606
"3",52,0.4,0.2,0,1000,0.05,3,26.1324041811847,18.2346109175377,19.6283391405343,16.6085946573751,19.3960511033682
