"","nvar","r","d","het","iter","alpha","strategy","p1","p2","p3","p4","p5"
"1",136,0.6,0.2,0,1000,0.05,1,60.5515587529976,16.9064748201439,10.1918465227818,6.35491606714628,5.75539568345324
"2",136,0.6,0.2,0,1000,0.05,2,60.5515587529976,16.9064748201439,10.1918465227818,6.35491606714628,5.75539568345324
"3",136,0.6,0.2,0,1000,0.05,3,19.4244604316547,17.5059952038369,19.4244604316547,23.1414868105516,20.5035971223022
