"","nvar","r","d","het","iter","alpha","strategy","p1","p2","p3","p4","p5"
"1",120,0.4,0.1,0,1000,0.05,1,54.5157780195865,21.8715995647443,11.6430903155604,6.63764961915125,5.33188248095756
"2",120,0.4,0.1,0,1000,0.05,2,54.5157780195865,21.8715995647443,11.6430903155604,6.63764961915125,5.33188248095756
"3",120,0.4,0.1,0,1000,0.05,3,15.4515778019587,17.4102285092492,21.7627856365615,22.4156692056583,22.9597388465724
