"","nvar","r","d","het","iter","alpha","strategy","p1","p2","p3","p4","p5"
"1",44,0.7,0.3,0,1000,0.05,1,62.9737609329446,14.7230320699708,9.7667638483965,5.68513119533528,5.68513119533528
"2",44,0.7,0.3,0,1000,0.05,2,62.9737609329446,14.7230320699708,9.7667638483965,5.68513119533528,5.68513119533528
"3",44,0.7,0.3,0,1000,0.05,3,29.3002915451895,17.6384839650146,17.0553935860058,17.3469387755102,18.2215743440233
