"","nvar","r","d","het","iter","alpha","strategy","p1","p2","p3","p4","p5"
"1",62,0.2,0.3,0,1000,0.05,1,84.2158859470468,10.183299389002,2.85132382892057,1.22199592668024,0.610997963340122
"2",62,0.2,0.3,0,1000,0.05,2,84.2158859470468,10.183299389002,2.85132382892057,1.22199592668024,0.610997963340122
"3",62,0.2,0.3,0,1000,0.05,3,38.1873727087576,21.1812627291242,12.6272912423625,13.3401221995927,14.5621181262729
