"","nvar","r","d","het","iter","alpha","strategy","p1","p2","p3","p4","p5"
"1",172,0.4,0.3,0,1000,0.05,1,82.4186991869919,8.33333333333333,4.8780487804878,1.93089430894309,1.21951219512195
"2",172,0.4,0.3,0,1000,0.05,2,82.4186991869919,8.33333333333333,4.8780487804878,1.93089430894309,1.21951219512195
"3",172,0.4,0.3,0,1000,0.05,3,33.4349593495935,16.6666666666667,17.479674796748,17.1747967479675,14.7357723577236
