"","nvar","r","d","het","iter","alpha","strategy","p1","p2","p3","p4","p5"
"1",32,0.1,0.3,0,1000,0.05,1,79.4421487603306,10.1239669421488,5.68181818181818,2.78925619834711,1.13636363636364
"2",32,0.1,0.3,0,1000,0.05,2,79.4421487603306,10.1239669421488,5.68181818181818,2.78925619834711,1.13636363636364
"3",32,0.1,0.3,0,1000,0.05,3,41.0123966942149,17.8719008264463,14.7727272727273,14.1528925619835,11.8801652892562
