"","nvar","r","d","het","iter","alpha","strategy","p1","p2","p3","p4","p5"
"1",136,0.7,0.2,0,1000,0.05,1,58.9358799454297,13.6425648021828,10.0954979536153,9.27694406548431,7.91268758526603
"2",136,0.7,0.2,0,1000,0.05,2,58.9358799454297,13.6425648021828,10.0954979536153,9.27694406548431,7.91268758526603
"3",136,0.7,0.2,0,1000,0.05,3,17.1896316507503,16.2346521145975,19.3724420190996,21.0095497953615,26.193724420191
