"","nvar","r","d","het","iter","alpha","strategy","p1","p2","p3","p4","p5"
"1",92,0.4,0.1,0,1000,0.05,1,52.6795895096921,19.042189281642,11.8586088939567,10.1482326111745,6.27137970353478
"2",92,0.4,0.1,0,1000,0.05,2,52.6795895096921,19.042189281642,11.8586088939567,10.1482326111745,6.27137970353478
"3",92,0.4,0.1,0,1000,0.05,3,16.3055872291904,18.5860889395667,20.6385404789054,23.0330672748005,21.4367160775371
