"","nvar","r","d","het","iter","alpha","strategy","p1","p2","p3","p4","p5"
"1",44,0.5,0.2,0,1000,0.05,1,58.1841432225064,14.9616368286445,11.8925831202046,9.33503836317136,5.62659846547315
"2",44,0.5,0.2,0,1000,0.05,2,58.1841432225064,14.9616368286445,11.8925831202046,9.33503836317136,5.62659846547315
"3",44,0.5,0.2,0,1000,0.05,3,24.6803069053708,18.4143222506394,18.4143222506394,19.693094629156,18.7979539641944
