"","nvar","r","d","het","iter","alpha","strategy","p1","p2","p3","p4","p5"
"1",48,0.8,0.2,0,1000,0.05,1,56.3492063492063,16.0714285714286,11.7063492063492,9.12698412698413,6.74603174603175
"2",48,0.8,0.2,0,1000,0.05,2,56.3492063492063,16.0714285714286,11.7063492063492,9.12698412698413,6.74603174603175
"3",48,0.8,0.2,0,1000,0.05,3,20.2380952380952,13.4920634920635,22.6190476190476,19.8412698412698,23.8095238095238
