"","nvar","r","d","het","iter","alpha","strategy","p1","p2","p3","p4","p5"
"1",16,0.8,0.2,0,1000,0.05,1,46.3235294117647,19.6078431372549,14.4607843137255,10.7843137254902,8.82352941176471
"2",16,0.8,0.2,0,1000,0.05,2,46.3235294117647,19.6078431372549,14.4607843137255,10.7843137254902,8.82352941176471
"3",16,0.8,0.2,0,1000,0.05,3,22.3039215686275,19.6078431372549,20.8333333333333,17.6470588235294,19.6078431372549
