"","nvar","r","d","het","iter","alpha","strategy","p1","p2","p3","p4","p5"
"1",36,0.2,0.1,0,1000,0.05,1,46.1077844311377,22.1556886227545,15.4491017964072,8.98203592814371,7.30538922155689
"2",36,0.2,0.1,0,1000,0.05,2,46.1077844311377,22.1556886227545,15.4491017964072,8.98203592814371,7.30538922155689
"3",36,0.2,0.1,0,1000,0.05,3,22.5149700598802,19.2814371257485,19.5209580838323,17.4850299401198,21.1976047904192
