"","nvar","r","d","het","iter","alpha","strategy","p1","p2","p3","p4","p5"
"1",116,0.1,0.3,0,1000,0.05,1,93.4934934934935,3.7037037037037,1.001001001001,0.3003003003003,0.1001001001001
"2",116,0.1,0.3,0,1000,0.05,2,93.4934934934935,3.7037037037037,1.001001001001,0.3003003003003,0.1001001001001
"3",116,0.1,0.3,0,1000,0.05,3,36.9369369369369,18.1181181181181,17.4174174174174,14.9149149149149,12.3123123123123
