"","nvar","r","d","het","iter","alpha","strategy","p1","p2","p3","p4","p5"
"1",20,0.3,0.1,0,1000,0.05,1,42.7406199021207,18.7601957585644,16.4763458401305,11.2561174551387,10.7667210440457
"2",20,0.3,0.1,0,1000,0.05,2,42.7406199021207,18.7601957585644,16.4763458401305,11.2561174551387,10.7667210440457
"3",20,0.3,0.1,0,1000,0.05,3,24.4698205546493,18.2707993474715,18.2707993474715,16.4763458401305,22.5122349102773
