"","nvar","r","d","het","iter","alpha","strategy","p1","p2","p3","p4","p5"
"1",18,0.6,0.2,0,1000,0.05,1,51.965811965812,17.7777777777778,14.017094017094,8.71794871794872,7.52136752136752
"2",18,0.6,0.2,0,1000,0.05,2,51.965811965812,17.7777777777778,14.017094017094,8.71794871794872,7.52136752136752
"3",18,0.6,0.2,0,1000,0.05,3,25.1282051282051,19.1452991452991,19.8290598290598,16.7521367521367,19.1452991452991
