"","nvar","r","d","het","iter","alpha","strategy","p1","p2","p3","p4","p5"
"1",48,0.6,0.3,0,1000,0.05,1,66.0759493670886,12.2784810126582,8.60759493670886,6.32911392405063,5.69620253164557
"2",48,0.6,0.3,0,1000,0.05,2,66.0759493670886,12.2784810126582,8.60759493670886,6.32911392405063,5.69620253164557
"3",48,0.6,0.3,0,1000,0.05,3,30.8860759493671,18.1012658227848,17.0886075949367,16.3291139240506,17.0886075949367
