"","nvar","r","d","het","iter","alpha","strategy","p1","p2","p3","p4","p5"
"1",174,0.7,0.1,0,1000,0.05,1,46.5875370919881,18.3976261127596,13.353115727003,11.5727002967359,10.0890207715134
"2",174,0.7,0.1,0,1000,0.05,2,46.5875370919881,18.3976261127596,13.353115727003,11.5727002967359,10.0890207715134
"3",174,0.7,0.1,0,1000,0.05,3,9.19881305637982,16.0237388724036,20.7715133531157,24.1839762611276,29.8219584569733
