"","nvar","r","d","het","iter","alpha","strategy","p1","p2","p3","p4","p5"
"1",70,0.5,0.2,0,1000,0.05,1,58.8377723970944,16.9491525423729,11.138014527845,7.99031476997579,4.9636803874092
"2",70,0.5,0.2,0,1000,0.05,2,58.8377723970944,16.9491525423729,11.138014527845,7.99031476997579,4.9636803874092
"3",70,0.5,0.2,0,1000,0.05,3,20.9443099273608,21.4285714285714,18.2808716707022,18.6440677966102,20.7021791767554
