"","nvar","r","d","het","iter","alpha","strategy","p1","p2","p3","p4","p5"
"1",2,0.4,0.3,0,1000,0.05,1,56.2945368171021,14.9643705463183,12.3515439429929,7.83847980997625,8.07600950118765
"2",2,0.4,0.3,0,1000,0.05,2,56.2945368171021,14.9643705463183,12.3515439429929,7.83847980997625,8.07600950118765
"3",2,0.4,0.3,0,1000,0.05,3,49.8812351543943,15.9144893111639,14.2517814726841,9.26365795724466,10.2137767220903
