"","nvar","r","d","het","iter","alpha","strategy","p1","p2","p3","p4","p5"
"1",30,0.5,0.2,0,1000,0.05,1,53.6690647482014,18.4172661870504,12.3741007194245,9.06474820143885,6.47482014388489
"2",30,0.5,0.2,0,1000,0.05,2,53.6690647482014,18.4172661870504,12.3741007194245,9.06474820143885,6.47482014388489
"3",30,0.5,0.2,0,1000,0.05,3,22.8776978417266,21.4388489208633,18.273381294964,20,17.410071942446
