"","nvar","r","d","het","iter","alpha","strategy","p1","p2","p3","p4","p5"
"1",96,0.2,0.1,0,1000,0.05,1,66.9404517453799,18.0698151950719,8.31622176591376,4.31211498973306,2.36139630390144
"2",96,0.2,0.1,0,1000,0.05,2,66.9404517453799,18.0698151950719,8.31622176591376,4.31211498973306,2.36139630390144
"3",96,0.2,0.1,0,1000,0.05,3,22.4845995893224,20.2258726899384,20.2258726899384,18.3778234086242,18.6858316221766
