"","nvar","r","d","het","iter","alpha","strategy","p1","p2","p3","p4","p5"
"1",134,0.3,0.2,0,1000,0.05,1,77.6992936427851,14.2280524722503,4.74268415741675,2.32088799192735,0.908173562058527
"2",134,0.3,0.2,0,1000,0.05,2,77.6992936427851,14.2280524722503,4.74268415741675,2.32088799192735,0.908173562058527
"3",134,0.3,0.2,0,1000,0.05,3,27.2452068617558,21.0898082744702,16.7507568113017,17.8607467204844,17.0534813319879
