"","nvar","r","d","het","iter","alpha","strategy","p1","p2","p3","p4","p5"
"1",140,0.5,0.1,0,1000,0.05,1,53.8638985005767,20.2998846597463,13.1487889273356,6.45905420991926,6.22837370242214
"2",140,0.5,0.1,0,1000,0.05,2,53.8638985005767,20.2998846597463,13.1487889273356,6.45905420991926,6.22837370242214
"3",140,0.5,0.1,0,1000,0.05,3,15.4555940023068,17.0703575547866,21.3379469434833,20.7612456747405,25.3748558246828
