"","nvar","r","d","het","iter","alpha","strategy","p1","p2","p3","p4","p5"
"1",194,0.8,0.1,0,1000,0.05,1,39.7916666666667,18.9583333333333,14.5833333333333,13.9583333333333,12.7083333333333
"2",194,0.8,0.1,0,1000,0.05,2,39.7916666666667,18.9583333333333,14.5833333333333,13.9583333333333,12.7083333333333
"3",194,0.8,0.1,0,1000,0.05,3,7.70833333333333,12.9166666666667,20.4166666666667,26.6666666666667,32.2916666666667
