"","nvar","r","d","het","iter","alpha","strategy","p1","p2","p3","p4","p5"
"1",72,0.7,0.2,0,1000,0.05,1,59.1185410334346,15.6534954407295,10.0303951367781,9.57446808510638,5.62310030395137
"2",72,0.7,0.2,0,1000,0.05,2,59.1185410334346,15.6534954407295,10.0303951367781,9.57446808510638,5.62310030395137
"3",72,0.7,0.2,0,1000,0.05,3,20.6686930091185,17.4772036474164,20.3647416413374,21.1246200607903,20.3647416413374
