"","nvar","r","d","het","iter","alpha","strategy","p1","p2","p3","p4","p5"
"1",2,0.2,0.2,0,1000,0.05,1,46.1267605633803,15.1408450704225,17.6056338028169,11.2676056338028,9.85915492957746
"2",2,0.2,0.2,0,1000,0.05,2,46.1267605633803,15.1408450704225,17.6056338028169,11.2676056338028,9.85915492957746
"3",2,0.2,0.2,0,1000,0.05,3,41.5492957746479,17.2535211267606,17.6056338028169,11.2676056338028,12.3239436619718
