"","nvar","r","d","het","iter","alpha","strategy","p1","p2","p3","p4","p5"
"1",18,0,0.2,0,1000,0.05,1,60.4838709677419,17.1658986175115,10.9447004608295,7.02764976958525,4.3778801843318
"2",18,0,0.2,0,1000,0.05,2,60.4838709677419,17.1658986175115,10.9447004608295,7.02764976958525,4.3778801843318
"3",18,0,0.2,0,1000,0.05,3,33.9861751152074,20.3917050691244,17.741935483871,14.7465437788018,13.1336405529954
