"","nvar","r","d","het","iter","alpha","strategy","p1","p2","p3","p4","p5"
"1",160,0.2,0.2,0,1000,0.05,1,85.985985985986,10.7107107107107,2.2022022022022,1.001001001001,0
"2",160,0.2,0.2,0,1000,0.05,2,85.985985985986,10.7107107107107,2.2022022022022,1.001001001001,0
"3",160,0.2,0.2,0,1000,0.05,3,26.3263263263263,20.6206206206206,17.8178178178178,19.1191191191191,16.1161161161161
