"","nvar","r","d","het","iter","alpha","strategy","p1","p2","p3","p4","p5"
"1",20,0.4,0.2,0,1000,0.05,1,52.6241134751773,17.4468085106383,12.3404255319149,10.6382978723404,6.95035460992908
"2",20,0.4,0.2,0,1000,0.05,2,52.6241134751773,17.4468085106383,12.3404255319149,10.6382978723404,6.95035460992908
"3",20,0.4,0.2,0,1000,0.05,3,23.5460992907801,21.2765957446809,18.2978723404255,20,16.8794326241135
