"","nvar","r","d","het","iter","alpha","strategy","p1","p2","p3","p4","p5"
"1",80,0.3,0.1,0,1000,0.05,1,55.0429184549356,19.8497854077253,11.587982832618,7.61802575107296,5.90128755364807
"2",80,0.3,0.1,0,1000,0.05,2,55.0429184549356,19.8497854077253,11.587982832618,7.61802575107296,5.90128755364807
"3",80,0.3,0.1,0,1000,0.05,3,20.1716738197425,19.31330472103,20.3862660944206,20.2789699570815,19.8497854077253
