"","nvar","r","d","het","iter","alpha","strategy","p1","p2","p3","p4","p5"
"1",144,0.5,0.1,0,1000,0.05,1,52.6018099547511,19.2307692307692,11.6515837104072,10.1809954751131,6.33484162895928
"2",144,0.5,0.1,0,1000,0.05,2,52.6018099547511,19.2307692307692,11.6515837104072,10.1809954751131,6.33484162895928
"3",144,0.5,0.1,0,1000,0.05,3,15.9502262443439,18.4389140271493,18.7782805429864,22.5113122171946,24.3212669683258
