"","nvar","r","d","het","iter","alpha","strategy","p1","p2","p3","p4","p5"
"1",164,0.7,0.1,0,1000,0.05,1,42.512077294686,17.5523349436393,16.4251207729469,12.8824476650564,10.6280193236715
"2",164,0.7,0.1,0,1000,0.05,2,42.512077294686,17.5523349436393,16.4251207729469,12.8824476650564,10.6280193236715
"3",164,0.7,0.1,0,1000,0.05,3,10.1449275362319,14.8148148148148,18.8405797101449,26.8921095008052,29.3075684380032
