"","nvar","r","d","het","iter","alpha","strategy","p1","p2","p3","p4","p5"
"1",58,0.8,0.2,0,1000,0.05,1,51.3671875,16.40625,12.3046875,14.453125,5.46875
"2",58,0.8,0.2,0,1000,0.05,2,51.3671875,16.40625,12.3046875,14.453125,5.46875
"3",58,0.8,0.2,0,1000,0.05,3,22.4609375,12.3046875,17.96875,25.390625,21.875
