"","nvar","r","d","het","iter","alpha","strategy","p1","p2","p3","p4","p5"
"1",42,0.7,0.1,0,1000,0.05,1,40.8898305084746,19.7033898305085,15.6779661016949,10.593220338983,13.135593220339
"2",42,0.7,0.1,0,1000,0.05,2,40.8898305084746,19.7033898305085,15.6779661016949,10.593220338983,13.135593220339
"3",42,0.7,0.1,0,1000,0.05,3,11.6525423728814,15.0423728813559,21.8220338983051,24.7881355932203,26.6949152542373
