"","nvar","r","d","het","iter","alpha","strategy","p1","p2","p3","p4","p5"
"1",184,0.9,0.2,0,1000,0.05,1,52.2248243559719,18.0327868852459,10.7728337236534,8.66510538641686,10.3044496487119
"2",184,0.9,0.2,0,1000,0.05,2,52.2248243559719,18.0327868852459,10.7728337236534,8.66510538641686,10.3044496487119
"3",184,0.9,0.2,0,1000,0.05,3,20.6088992974239,11.7096018735363,15.4566744730679,21.0772833723653,31.1475409836066
