"","nvar","r","d","het","iter","alpha","strategy","p1","p2","p3","p4","p5"
"1",68,0,0.2,0,1000,0.05,1,84.8241206030151,10.7537688442211,2.61306532663317,1.20603015075377,0.50251256281407
"2",68,0,0.2,0,1000,0.05,2,84.8241206030151,10.7537688442211,2.61306532663317,1.20603015075377,0.50251256281407
"3",68,0,0.2,0,1000,0.05,3,30.4522613065327,18.0904522613065,20.1005025125628,16.9849246231156,14.3718592964824
