"","nvar","r","d","het","iter","alpha","strategy","p1","p2","p3","p4","p5"
"1",20,0.8,0.2,0,1000,0.05,1,52.3148148148148,17.5925925925926,10.6481481481481,11.1111111111111,8.33333333333333
"2",20,0.8,0.2,0,1000,0.05,2,52.3148148148148,17.5925925925926,10.6481481481481,11.1111111111111,8.33333333333333
"3",20,0.8,0.2,0,1000,0.05,3,24.0740740740741,17.8240740740741,15.5092592592593,21.2962962962963,21.2962962962963
