"","nvar","r","d","het","iter","alpha","strategy","p1","p2","p3","p4","p5"
"1",154,0.2,0.1,0,1000,0.05,1,77.5551102204409,15.8316633266533,4.80961923847695,1.40280561122244,0.400801603206413
"2",154,0.2,0.1,0,1000,0.05,2,77.5551102204409,15.8316633266533,4.80961923847695,1.40280561122244,0.400801603206413
"3",154,0.2,0.1,0,1000,0.05,3,21.8436873747495,19.438877755511,20.8416833667335,18.7374749498998,19.1382765531062
