"","nvar","r","d","het","iter","alpha","strategy","p1","p2","p3","p4","p5"
"1",114,0.6,0.3,0,1000,0.05,1,71.6077537058153,10.1482326111745,7.63968072976055,5.81527936145952,4.33295324971494
"2",114,0.6,0.3,0,1000,0.05,2,71.6077537058153,10.1482326111745,7.63968072976055,5.81527936145952,4.33295324971494
"3",114,0.6,0.3,0,1000,0.05,3,26.4538198403649,17.5598631698974,17.9019384264538,17.6738882554162,20.2964652223489
