"","nvar","r","d","het","iter","alpha","strategy","p1","p2","p3","p4","p5"
"1",100,0.8,0.1,0,1000,0.05,1,40.0890868596882,16.2583518930958,17.1492204899777,14.0311804008909,12.4721603563474
"2",100,0.8,0.1,0,1000,0.05,2,40.0890868596882,16.2583518930958,17.1492204899777,14.0311804008909,12.4721603563474
"3",100,0.8,0.1,0,1000,0.05,3,11.1358574610245,12.249443207127,19.1536748329621,25.8351893095768,31.6258351893096
