"","nvar","r","d","het","iter","alpha","strategy","p1","p2","p3","p4","p5"
"1",196,0.8,0.2,0,1000,0.05,1,56.0897435897436,15.7051282051282,10.2564102564103,9.93589743589744,8.01282051282051
"2",196,0.8,0.2,0,1000,0.05,2,56.0897435897436,15.7051282051282,10.2564102564103,9.93589743589744,8.01282051282051
"3",196,0.8,0.2,0,1000,0.05,3,18.5897435897436,15.224358974359,16.8269230769231,23.8782051282051,25.4807692307692
