"","nvar","r","d","het","iter","alpha","strategy","p1","p2","p3","p4","p5"
"1",158,0.5,0.3,0,1000,0.05,1,77.4633123689728,9.64360587002096,5.66037735849057,3.87840670859539,2.62054507337526
"2",158,0.5,0.3,0,1000,0.05,2,77.4633123689728,9.64360587002096,5.66037735849057,3.87840670859539,2.62054507337526
"3",158,0.5,0.3,0,1000,0.05,3,31.8658280922432,16.2473794549266,16.9811320754717,16.6666666666667,18.1341719077568
