"","nvar","r","d","het","iter","alpha","strategy","p1","p2","p3","p4","p5"
"1",132,0.8,0.2,0,1000,0.05,1,54.6428571428571,16.0714285714286,11.6071428571429,10.3571428571429,7.32142857142857
"2",132,0.8,0.2,0,1000,0.05,2,54.6428571428571,16.0714285714286,11.6071428571429,10.3571428571429,7.32142857142857
"3",132,0.8,0.2,0,1000,0.05,3,18.75,13.2142857142857,16.7857142857143,24.4642857142857,26.7857142857143
