"","nvar","r","d","het","iter","alpha","strategy","p1","p2","p3","p4","p5"
"1",108,0.3,0.1,0,1000,0.05,1,62.2779519331243,18.3908045977011,10.6583072100313,5.74712643678161,2.92580982236155
"2",108,0.3,0.1,0,1000,0.05,2,62.2779519331243,18.3908045977011,10.6583072100313,5.74712643678161,2.92580982236155
"3",108,0.3,0.1,0,1000,0.05,3,18.9132706374086,21.4211076280042,19.5402298850575,19.435736677116,20.6896551724138
