"","nvar","r","d","het","iter","alpha","strategy","p1","p2","p3","p4","p5"
"1",14,0.5,0.2,0,1000,0.05,1,50.761421319797,14.8900169204738,14.2131979695431,11.6751269035533,8.46023688663283
"2",14,0.5,0.2,0,1000,0.05,2,50.761421319797,14.8900169204738,14.2131979695431,11.6751269035533,8.46023688663283
"3",14,0.5,0.2,0,1000,0.05,3,27.4111675126904,17.258883248731,18.7817258883249,18.6125211505922,17.9357021996616
