"","nvar","r","d","het","iter","alpha","strategy","p1","p2","p3","p4","p5"
"1",36,0.4,0.3,0,1000,0.05,1,68.2926829268293,13.472706155633,8.13008130081301,5.22648083623693,3.83275261324042
"2",36,0.4,0.3,0,1000,0.05,2,68.2926829268293,13.472706155633,8.13008130081301,5.22648083623693,3.83275261324042
"3",36,0.4,0.3,0,1000,0.05,3,32.9849012775842,20.7897793263647,15.3310104529617,15.6794425087108,15.0987224157956
