"","nvar","r","d","het","iter","alpha","strategy","p1","p2","p3","p4","p5"
"1",154,0.6,0.1,0,1000,0.05,1,46.8112244897959,19.515306122449,13.6479591836735,10.2040816326531,9.82142857142857
"2",154,0.6,0.1,0,1000,0.05,2,46.8112244897959,19.515306122449,13.6479591836735,10.2040816326531,9.82142857142857
"3",154,0.6,0.1,0,1000,0.05,3,12.2448979591837,16.3265306122449,21.4285714285714,24.234693877551,25.765306122449
