"","nvar","r","d","het","iter","alpha","strategy","p1","p2","p3","p4","p5"
"1",146,0.4,0.1,0,1000,0.05,1,61.4164904862579,18.2875264270613,11.3107822410148,6.44820295983087,2.5369978858351
"2",146,0.4,0.1,0,1000,0.05,2,61.4164904862579,18.2875264270613,11.3107822410148,6.44820295983087,2.5369978858351
"3",146,0.4,0.1,0,1000,0.05,3,16.5961945031712,20.507399577167,19.2389006342495,23.3615221987315,20.2959830866808
