"","nvar","r","d","het","iter","alpha","strategy","p1","p2","p3","p4","p5"
"1",60,0.5,0.2,0,1000,0.05,1,63.2850241545894,12.0772946859903,10.8695652173913,8.57487922705314,4.95169082125604
"2",60,0.5,0.2,0,1000,0.05,2,63.2850241545894,12.0772946859903,10.8695652173913,8.57487922705314,4.95169082125604
"3",60,0.5,0.2,0,1000,0.05,3,23.6714975845411,17.512077294686,18.1159420289855,19.4444444444444,21.256038647343
