"","nvar","r","d","het","iter","alpha","strategy","p1","p2","p3","p4","p5"
"1",116,0.8,0.2,0,1000,0.05,1,54.8446069469835,14.6252285191956,13.162705667276,10.2376599634369,7.12979890310786
"2",116,0.8,0.2,0,1000,0.05,2,54.8446069469835,14.6252285191956,13.162705667276,10.2376599634369,7.12979890310786
"3",116,0.8,0.2,0,1000,0.05,3,18.6471663619744,15.9049360146252,18.8299817184643,21.2065813528336,25.4113345521024
