"","nvar","r","d","het","iter","alpha","strategy","p1","p2","p3","p4","p5"
"1",142,0.8,0.1,0,1000,0.05,1,38.3196721311475,21.516393442623,15.983606557377,12.2950819672131,11.8852459016393
"2",142,0.8,0.1,0,1000,0.05,2,38.3196721311475,21.516393442623,15.983606557377,12.2950819672131,11.8852459016393
"3",142,0.8,0.1,0,1000,0.05,3,8.4016393442623,13.1147540983607,20.9016393442623,23.3606557377049,34.2213114754098
