"","nvar","r","d","het","iter","alpha","strategy","p1","p2","p3","p4","p5"
"1",90,0.1,0.2,0,1000,0.05,1,85.0701402805611,10.2204408817635,3.0060120240481,1.10220440881764,0.601202404809619
"2",90,0.1,0.2,0,1000,0.05,2,85.0701402805611,10.2204408817635,3.0060120240481,1.10220440881764,0.601202404809619
"3",90,0.1,0.2,0,1000,0.05,3,29.559118236473,18.5370741482966,19.2384769539078,17.1342685370741,15.5310621242485
