"","nvar","r","d","het","iter","alpha","strategy","p1","p2","p3","p4","p5"
"1",192,0.9,0.1,0,1000,0.05,1,42.6966292134831,14.3258426966292,18.2584269662921,13.2022471910112,11.5168539325843
"2",192,0.9,0.1,0,1000,0.05,2,42.6966292134831,14.3258426966292,18.2584269662921,13.2022471910112,11.5168539325843
"3",192,0.9,0.1,0,1000,0.05,3,10.6741573033708,12.0786516853933,16.8539325842697,25.2808988764045,35.1123595505618
