"","nvar","r","d","het","iter","alpha","strategy","p1","p2","p3","p4","p5"
"1",140,0.2,0.1,0,1000,0.05,1,72.3895582329317,17.2690763052209,6.92771084337349,2.51004016064257,0.903614457831325
"2",140,0.2,0.1,0,1000,0.05,2,72.3895582329317,17.2690763052209,6.92771084337349,2.51004016064257,0.903614457831325
"3",140,0.2,0.1,0,1000,0.05,3,22.1887550200803,18.8755020080321,17.6706827309237,20.4819277108434,20.7831325301205
