"","nvar","r","d","het","iter","alpha","strategy","p1","p2","p3","p4","p5"
"1",138,0.2,0.3,0,1000,0.05,1,91.0821643286573,5.01002004008016,1.80360721442886,0.601202404809619,0.30060120240481
"2",138,0.2,0.3,0,1000,0.05,2,91.0821643286573,5.01002004008016,1.80360721442886,0.601202404809619,0.30060120240481
"3",138,0.2,0.3,0,1000,0.05,3,33.1663326653307,21.0420841683367,18.3366733466934,13.4268537074148,13.8276553106212
