"","nvar","r","d","het","iter","alpha","strategy","p1","p2","p3","p4","p5"
"1",138,0.2,0.1,0,1000,0.05,1,74.3460764587525,17.4044265593561,5.63380281690141,1.91146881287726,0.704225352112676
"2",138,0.2,0.1,0,1000,0.05,2,74.3460764587525,17.4044265593561,5.63380281690141,1.91146881287726,0.704225352112676
"3",138,0.2,0.1,0,1000,0.05,3,21.5291750503018,20.523138832998,20.4225352112676,19.215291750503,18.3098591549296
