"","nvar","r","d","het","iter","alpha","strategy","p1","p2","p3","p4","p5"
"1",10,0.7,0.1,0,1000,0.05,1,34.6570397111913,20.9386281588448,15.1624548736462,15.5234657039711,13.7184115523466
"2",10,0.7,0.1,0,1000,0.05,2,34.6570397111913,20.9386281588448,15.1624548736462,15.5234657039711,13.7184115523466
"3",10,0.7,0.1,0,1000,0.05,3,16.2454873646209,19.1335740072202,16.6064981949458,23.1046931407942,24.9097472924188
