"","nvar","r","d","het","iter","alpha","strategy","p1","p2","p3","p4","p5"
"1",76,0.4,0.1,0,1000,0.05,1,48.6857142857143,23.2,13.4857142857143,9.02857142857143,5.6
"2",76,0.4,0.1,0,1000,0.05,2,48.6857142857143,23.2,13.4857142857143,9.02857142857143,5.6
"3",76,0.4,0.1,0,1000,0.05,3,17.8285714285714,19.8857142857143,19.4285714285714,21.9428571428571,20.9142857142857
