"","nvar","r","d","het","iter","alpha","strategy","p1","p2","p3","p4","p5"
"1",138,0.9,0.2,0,1000,0.05,1,51.276102088167,15.5452436194896,12.9930394431555,12.2969837587007,7.88863109048724
"2",138,0.9,0.2,0,1000,0.05,2,51.276102088167,15.5452436194896,12.9930394431555,12.2969837587007,7.88863109048724
"3",138,0.9,0.2,0,1000,0.05,3,22.2737819025522,7.65661252900232,15.0812064965197,23.8979118329466,31.0904872389791
