"","nvar","r","d","het","iter","alpha","strategy","p1","p2","p3","p4","p5"
"1",52,0.9,0.1,0,1000,0.05,1,34.4569288389513,19.1011235955056,15.7303370786517,14.6067415730337,16.1048689138577
"2",52,0.9,0.1,0,1000,0.05,2,34.4569288389513,19.1011235955056,15.7303370786517,14.6067415730337,16.1048689138577
"3",52,0.9,0.1,0,1000,0.05,3,10.4868913857678,11.6104868913858,16.4794007490637,25.0936329588015,36.3295880149813
