"","nvar","r","d","het","iter","alpha","strategy","p1","p2","p3","p4","p5"
"1",8,0.9,0.1,0,1000,0.05,1,39.5348837209302,18.6046511627907,16.8604651162791,15.6976744186047,9.30232558139535
"2",8,0.9,0.1,0,1000,0.05,2,39.5348837209302,18.6046511627907,16.8604651162791,15.6976744186047,9.30232558139535
"3",8,0.9,0.1,0,1000,0.05,3,18.0232558139535,19.7674418604651,20.3488372093023,18.6046511627907,23.2558139534884
