"","nvar","r","d","het","iter","alpha","strategy","p1","p2","p3","p4","p5"
"1",76,0.2,0.1,0,1000,0.05,1,60.7438016528926,21.6942148760331,9.40082644628099,5.37190082644628,2.78925619834711
"2",76,0.2,0.1,0,1000,0.05,2,60.7438016528926,21.6942148760331,9.40082644628099,5.37190082644628,2.78925619834711
"3",76,0.2,0.1,0,1000,0.05,3,22.8305785123967,19.3181818181818,18.698347107438,18.801652892562,20.3512396694215
