"","nvar","r","d","het","iter","alpha","strategy","p1","p2","p3","p4","p5"
"1",150,0.9,0.2,0,1000,0.05,1,53.0837004405286,16.9603524229075,10.352422907489,11.4537444933921,8.14977973568282
"2",150,0.9,0.2,0,1000,0.05,2,53.0837004405286,16.9603524229075,10.352422907489,11.4537444933921,8.14977973568282
"3",150,0.9,0.2,0,1000,0.05,3,22.0264317180617,12.7753303964758,14.5374449339207,20.2643171806167,30.3964757709251
