"","nvar","r","d","het","iter","alpha","strategy","p1","p2","p3","p4","p5"
"1",76,0.2,0.3,0,1000,0.05,1,84.5766129032258,8.26612903225806,3.125,1.31048387096774,1.20967741935484
"2",76,0.2,0.3,0,1000,0.05,2,84.5766129032258,8.26612903225806,3.125,1.31048387096774,1.20967741935484
"3",76,0.2,0.3,0,1000,0.05,3,36.8951612903226,19.2540322580645,16.0282258064516,15.3225806451613,12.0967741935484
