"","nvar","r","d","het","iter","alpha","strategy","p1","p2","p3","p4","p5"
"1",36,0.6,0.3,0,1000,0.05,1,67.7083333333333,13.0208333333333,8.59375,5.33854166666667,4.94791666666667
"2",36,0.6,0.3,0,1000,0.05,2,67.7083333333333,13.0208333333333,8.59375,5.33854166666667,4.94791666666667
"3",36,0.6,0.3,0,1000,0.05,3,32.8125,15.625,18.0989583333333,16.1458333333333,17.1875
