"","nvar","r","d","het","iter","alpha","strategy","p1","p2","p3","p4","p5"
"1",32,0.2,0.1,0,1000,0.05,1,45.6928838951311,19.6004993757803,15.7303370786517,10.2372034956305,8.73907615480649
"2",32,0.2,0.1,0,1000,0.05,2,45.6928838951311,19.6004993757803,15.7303370786517,10.2372034956305,8.73907615480649
"3",32,0.2,0.1,0,1000,0.05,3,21.7228464419476,17.478152309613,21.4731585518102,19.6004993757803,19.7253433208489
