"","nvar","r","d","het","iter","alpha","strategy","p1","p2","p3","p4","p5"
"1",102,0.3,0.3,0,1000,0.05,1,81.6887080366226,9.25737538148525,4.57782299084435,1.62767039674466,1.52594099694812
"2",102,0.3,0.3,0,1000,0.05,2,81.6887080366226,9.25737538148525,4.57782299084435,1.62767039674466,1.52594099694812
"3",102,0.3,0.3,0,1000,0.05,3,32.4516785350966,20.8545269582909,16.6836215666328,14.7507629704985,15.0559511698881
