"","nvar","r","d","het","iter","alpha","strategy","p1","p2","p3","p4","p5"
"1",146,0.5,0.1,0,1000,0.05,1,50.285062713797,20.1824401368301,13.4549600912201,9.57810718358039,6.49942987457241
"2",146,0.5,0.1,0,1000,0.05,2,50.285062713797,20.1824401368301,13.4549600912201,9.57810718358039,6.49942987457241
"3",146,0.5,0.1,0,1000,0.05,3,13.3409350057013,17.9019384264538,20.5245153933865,23.945267958951,24.2873432155074
