"","nvar","r","d","het","iter","alpha","strategy","p1","p2","p3","p4","p5"
"1",100,0.3,0.2,0,1000,0.05,1,73.305954825462,15.7084188911704,5.85215605749487,3.08008213552361,2.05338809034908
"2",100,0.3,0.2,0,1000,0.05,2,73.305954825462,15.7084188911704,5.85215605749487,3.08008213552361,2.05338809034908
"3",100,0.3,0.2,0,1000,0.05,3,25.4620123203285,20.2258726899384,19.1991786447639,18.2751540041068,16.8377823408624
