"","nvar","r","d","het","iter","alpha","strategy","p1","p2","p3","p4","p5"
"1",94,0.8,0.1,0,1000,0.05,1,42.8884026258206,20.7877461706783,12.691466083151,11.8161925601751,11.8161925601751
"2",94,0.8,0.1,0,1000,0.05,2,42.8884026258206,20.7877461706783,12.691466083151,11.8161925601751,11.8161925601751
"3",94,0.8,0.1,0,1000,0.05,3,10.5032822757112,13.7855579868709,19.0371991247265,25.382932166302,31.2910284463895
