"","nvar","r","d","het","iter","alpha","strategy","p1","p2","p3","p4","p5"
"1",144,0,0.1,0,1000,0.05,1,88.4884884884885,9.50950950950951,1.5015015015015,0.500500500500501,0
"2",144,0,0.1,0,1000,0.05,2,88.4884884884885,9.50950950950951,1.5015015015015,0.500500500500501,0
"3",144,0,0.1,0,1000,0.05,3,23.5235235235235,21.5215215215215,19.2192192192192,17.5175175175175,18.2182182182182
