"","nvar","r","d","het","iter","alpha","strategy","p1","p2","p3","p4","p5"
"1",90,0.2,0.3,0,1000,0.05,1,87.4623871614845,7.12136409227683,3.00902708124373,1.60481444332999,0.200601805416249
"2",90,0.2,0.3,0,1000,0.05,2,87.4623871614845,7.12136409227683,3.00902708124373,1.60481444332999,0.200601805416249
"3",90,0.2,0.3,0,1000,0.05,3,35.3059177532598,21.5646940822467,13.741223671013,15.346038114343,13.741223671013
