"","nvar","r","d","het","iter","alpha","strategy","p1","p2","p3","p4","p5"
"1",94,0.5,0.2,0,1000,0.05,1,64.8679678530425,13.3180252583238,10.4477611940298,6.54420206659013,4.70723306544202
"2",94,0.5,0.2,0,1000,0.05,2,64.8679678530425,13.3180252583238,10.4477611940298,6.54420206659013,4.70723306544202
"3",94,0.5,0.2,0,1000,0.05,3,24.3398392652124,17.451205510907,15.9586681974742,21.4695752009185,20.7807118254879
