"","nvar","r","d","het","iter","alpha","strategy","p1","p2","p3","p4","p5"
"1",36,0.7,0.3,0,1000,0.05,1,60.8571428571429,15.2857142857143,8.85714285714286,7.85714285714286,6.57142857142857
"2",36,0.7,0.3,0,1000,0.05,2,60.8571428571429,15.2857142857143,8.85714285714286,7.85714285714286,6.57142857142857
"3",36,0.7,0.3,0,1000,0.05,3,30.4285714285714,15.2857142857143,15.5714285714286,17.8571428571429,20.5714285714286
