"","nvar","r","d","het","iter","alpha","strategy","p1","p2","p3","p4","p5"
"1",130,0.6,0.2,0,1000,0.05,1,62.3134328358209,15.4228855721393,9.5771144278607,6.96517412935323,5.72139303482587
"2",130,0.6,0.2,0,1000,0.05,2,62.3134328358209,15.4228855721393,9.5771144278607,6.96517412935323,5.72139303482587
"3",130,0.6,0.2,0,1000,0.05,3,20.1492537313433,17.910447761194,19.7761194029851,20.5223880597015,21.6417910447761
