"","nvar","r","d","het","iter","alpha","strategy","p1","p2","p3","p4","p5"
"1",76,0.6,0.3,0,1000,0.05,1,68.452380952381,12.5,8.0952380952381,5.47619047619048,4.88095238095238
"2",76,0.6,0.3,0,1000,0.05,2,68.452380952381,12.5,8.0952380952381,5.47619047619048,4.88095238095238
"3",76,0.6,0.3,0,1000,0.05,3,27.3809523809524,16.1904761904762,19.5238095238095,17.8571428571429,18.9285714285714
