"","nvar","r","d","het","iter","alpha","strategy","p1","p2","p3","p4","p5"
"1",126,0.4,0.2,0,1000,0.05,1,72.7941176470588,14.1806722689076,5.46218487394958,4.83193277310924,2.62605042016807
"2",126,0.4,0.2,0,1000,0.05,2,72.7941176470588,14.1806722689076,5.46218487394958,4.83193277310924,2.62605042016807
"3",126,0.4,0.2,0,1000,0.05,3,23.0042016806723,19.8529411764706,17.5420168067227,20.2731092436975,19.327731092437
