"","nvar","r","d","het","iter","alpha","strategy","p1","p2","p3","p4","p5"
"1",56,0.1,0.3,0,1000,0.05,1,84.8790322580645,8.06451612903226,3.42741935483871,1.61290322580645,0.907258064516129
"2",56,0.1,0.3,0,1000,0.05,2,84.8790322580645,8.06451612903226,3.42741935483871,1.61290322580645,0.907258064516129
"3",56,0.1,0.3,0,1000,0.05,3,38.4072580645161,17.9435483870968,15.0201612903226,14.5161290322581,14.0120967741935
