"","nvar","r","d","het","iter","alpha","strategy","p1","p2","p3","p4","p5"
"1",40,0.7,0.1,0,1000,0.05,1,37.8723404255319,19.5744680851064,15.1063829787234,15.1063829787234,12.3404255319149
"2",40,0.7,0.1,0,1000,0.05,2,37.8723404255319,19.5744680851064,15.1063829787234,15.1063829787234,12.3404255319149
"3",40,0.7,0.1,0,1000,0.05,3,13.8297872340426,17.6595744680851,18.7234042553191,24.6808510638298,25.1063829787234
