"","nvar","r","d","het","iter","alpha","strategy","p1","p2","p3","p4","p5"
"1",44,0.2,0.1,0,1000,0.05,1,52.4916943521595,21.7054263565891,11.40642303433,8.74861572535991,5.64784053156146
"2",44,0.2,0.1,0,1000,0.05,2,52.4916943521595,21.7054263565891,11.40642303433,8.74861572535991,5.64784053156146
"3",44,0.2,0.1,0,1000,0.05,3,23.6987818383167,20.265780730897,18.8261351052049,20.1550387596899,17.0542635658915
