"","nvar","r","d","het","iter","alpha","strategy","p1","p2","p3","p4","p5"
"1",46,0.3,0.3,0,1000,0.05,1,77.1058315334773,10.5831533477322,5.50755939524838,3.77969762419006,1.83585313174946
"2",46,0.3,0.3,0,1000,0.05,2,77.1058315334773,10.5831533477322,5.50755939524838,3.77969762419006,1.83585313174946
"3",46,0.3,0.3,0,1000,0.05,3,38.2289416846652,16.7386609071274,16.3066954643628,15.9827213822894,12.5269978401728
