"","nvar","r","d","het","iter","alpha","strategy","p1","p2","p3","p4","p5"
"1",84,0.1,0.2,0,1000,0.05,1,83.4677419354839,10.9879032258065,2.72177419354839,1.91532258064516,0.907258064516129
"2",84,0.1,0.2,0,1000,0.05,2,83.4677419354839,10.9879032258065,2.72177419354839,1.91532258064516,0.907258064516129
"3",84,0.1,0.2,0,1000,0.05,3,28.7298387096774,19.8588709677419,17.3387096774194,17.6411290322581,16.4314516129032
