"","nvar","r","d","het","iter","alpha","strategy","p1","p2","p3","p4","p5"
"1",68,0.2,0.1,0,1000,0.05,1,60.8967674661105,19.6037539103233,9.48905109489051,6.46506777893639,3.54535974973931
"2",68,0.2,0.1,0,1000,0.05,2,60.8967674661105,19.6037539103233,9.48905109489051,6.46506777893639,3.54535974973931
"3",68,0.2,0.1,0,1000,0.05,3,22.4191866527633,21.0636079249218,17.8310740354536,18.7695516162669,19.9165797705944
