"","nvar","r","d","het","iter","alpha","strategy","p1","p2","p3","p4","p5"
"1",68,0.6,0.1,0,1000,0.05,1,45.8860759493671,16.1392405063291,14.873417721519,12.9746835443038,10.126582278481
"2",68,0.6,0.1,0,1000,0.05,2,45.8860759493671,16.1392405063291,14.873417721519,12.9746835443038,10.126582278481
"3",68,0.6,0.1,0,1000,0.05,3,12.9746835443038,17.5632911392405,21.2025316455696,22.3101265822785,25.9493670886076
