"","nvar","r","d","het","iter","alpha","strategy","p1","p2","p3","p4","p5"
"1",2,0.8,0.2,0,1000,0.05,1,43.6123348017621,18.0616740088106,11.8942731277533,11.4537444933921,14.9779735682819
"2",2,0.8,0.2,0,1000,0.05,2,43.6123348017621,18.0616740088106,11.8942731277533,11.4537444933921,14.9779735682819
"3",2,0.8,0.2,0,1000,0.05,3,38.3259911894273,17.1806167400881,12.3348017621145,12.7753303964758,19.3832599118943
