"","nvar","r","d","het","iter","alpha","strategy","p1","p2","p3","p4","p5"
"1",86,0.2,0.2,0,1000,0.05,1,77.6195320447609,12.1057985757884,6.10376398779247,2.9501525940997,1.01729399796541
"2",86,0.2,0.2,0,1000,0.05,2,77.6195320447609,12.1057985757884,6.10376398779247,2.9501525940997,1.01729399796541
"3",86,0.2,0.2,0,1000,0.05,3,30.2136317395727,20.4476093591048,17.1922685656155,15.971515768057,16.17497456765
