"","nvar","r","d","het","iter","alpha","strategy","p1","p2","p3","p4","p5"
"1",52,0.7,0.3,0,1000,0.05,1,68.3238636363636,13.2102272727273,6.53409090909091,5.96590909090909,5.11363636363636
"2",52,0.7,0.3,0,1000,0.05,2,68.3238636363636,13.2102272727273,6.53409090909091,5.96590909090909,5.11363636363636
"3",52,0.7,0.3,0,1000,0.05,3,30.6818181818182,14.3465909090909,17.8977272727273,17.7556818181818,19.3181818181818
