"","nvar","r","d","het","iter","alpha","strategy","p1","p2","p3","p4","p5"
"1",8,0.6,0.1,0,1000,0.05,1,35.7894736842105,21.0526315789474,15.7894736842105,14.7368421052632,12.6315789473684
"2",8,0.6,0.1,0,1000,0.05,2,35.7894736842105,21.0526315789474,15.7894736842105,14.7368421052632,12.6315789473684
"3",8,0.6,0.1,0,1000,0.05,3,20.7017543859649,16.4912280701754,19.6491228070175,22.8070175438596,20.3508771929825
