"","nvar","r","d","het","iter","alpha","strategy","p1","p2","p3","p4","p5"
"1",104,0.2,0.1,0,1000,0.05,1,67.8463094034378,18.5035389282103,7.6845298281092,3.8422649140546,2.12335692618807
"2",104,0.2,0.1,0,1000,0.05,2,67.8463094034378,18.5035389282103,7.6845298281092,3.8422649140546,2.12335692618807
"3",104,0.2,0.1,0,1000,0.05,3,21.6380182002022,18.4024266936299,18.3013144590495,23.2558139534884,18.4024266936299
