"","nvar","r","d","het","iter","alpha","strategy","p1","p2","p3","p4","p5"
"1",144,0.5,0.2,0,1000,0.05,1,69.5135135135135,12.6486486486486,8.32432432432432,6.16216216216216,3.35135135135135
"2",144,0.5,0.2,0,1000,0.05,2,69.5135135135135,12.6486486486486,8.32432432432432,6.16216216216216,3.35135135135135
"3",144,0.5,0.2,0,1000,0.05,3,23.5675675675676,16.5405405405405,18.2702702702703,21.5135135135135,20.1081081081081
