"","nvar","r","d","het","iter","alpha","strategy","p1","p2","p3","p4","p5"
"1",42,0.5,0.1,0,1000,0.05,1,46.2462462462462,19.3693693693694,14.5645645645646,10.0600600600601,9.75975975975976
"2",42,0.5,0.1,0,1000,0.05,2,46.2462462462462,19.3693693693694,14.5645645645646,10.0600600600601,9.75975975975976
"3",42,0.5,0.1,0,1000,0.05,3,18.4684684684685,17.5675675675676,21.1711711711712,18.7687687687688,24.024024024024
