"","nvar","r","d","het","iter","alpha","strategy","p1","p2","p3","p4","p5"
"1",70,0,0.2,0,1000,0.05,1,88.1644934804413,7.72316950852558,2.50752256770311,1.00300902708124,0.501504513540622
"2",70,0,0.2,0,1000,0.05,2,88.1644934804413,7.72316950852558,2.50752256770311,1.00300902708124,0.501504513540622
"3",70,0,0.2,0,1000,0.05,3,34.0020060180542,20.7622868605817,14.543630892678,16.8505516549649,13.8415245737212
