"","nvar","r","d","het","iter","alpha","strategy","p1","p2","p3","p4","p5"
"1",122,0.5,0.2,0,1000,0.05,1,62.5274725274725,18.4615384615385,8.68131868131868,6.04395604395604,4.28571428571429
"2",122,0.5,0.2,0,1000,0.05,2,62.5274725274725,18.4615384615385,8.68131868131868,6.04395604395604,4.28571428571429
"3",122,0.5,0.2,0,1000,0.05,3,20.5494505494505,18.5714285714286,20.7692307692308,19.2307692307692,20.8791208791209
