"","nvar","r","d","het","iter","alpha","strategy","p1","p2","p3","p4","p5"
"1",18,0,0.3,0,1000,0.05,1,70.8955223880597,12.6865671641791,8.31556503198294,4.79744136460554,2.3454157782516
"2",18,0,0.3,0,1000,0.05,2,70.8955223880597,12.6865671641791,8.31556503198294,4.79744136460554,2.3454157782516
"3",18,0,0.3,0,1000,0.05,3,39.9786780383795,16.9509594882729,16.7377398720682,13.8592750533049,12.046908315565
