"","nvar","r","d","het","iter","alpha","strategy","p1","p2","p3","p4","p5"
"1",12,0.3,0.1,0,1000,0.05,1,36.3636363636364,18.989898989899,16.1616161616162,17.1717171717172,11.3131313131313
"2",12,0.3,0.1,0,1000,0.05,2,36.3636363636364,18.989898989899,16.1616161616162,17.1717171717172,11.3131313131313
"3",12,0.3,0.1,0,1000,0.05,3,23.6363636363636,19.1919191919192,18.7878787878788,21.8181818181818,16.5656565656566
