"","nvar","r","d","het","iter","alpha","strategy","p1","p2","p3","p4","p5"
"1",20,0.2,0.3,0,1000,0.05,1,70.8149779735683,12.4449339207048,8.70044052863436,4.51541850220264,3.19383259911894
"2",20,0.2,0.3,0,1000,0.05,2,70.8149779735683,12.4449339207048,8.70044052863436,4.51541850220264,3.19383259911894
"3",20,0.2,0.3,0,1000,0.05,3,39.9779735682819,17.84140969163,16.9603524229075,12.9955947136564,12.1145374449339
