"","nvar","r","d","het","iter","alpha","strategy","p1","p2","p3","p4","p5"
"1",18,0.8,0.2,0,1000,0.05,1,51.3994910941476,19.3384223918575,9.16030534351145,10.4325699745547,9.4147582697201
"2",18,0.8,0.2,0,1000,0.05,2,51.3994910941476,19.3384223918575,9.16030534351145,10.4325699745547,9.4147582697201
"3",18,0.8,0.2,0,1000,0.05,3,25.9541984732824,18.3206106870229,19.3384223918575,17.3027989821883,19.0839694656489
