"","nvar","r","d","het","iter","alpha","strategy","p1","p2","p3","p4","p5"
"1",30,0.4,0.2,0,1000,0.05,1,57.8947368421053,14.1206675224647,11.1681643132221,8.85750962772786,7.9589216944801
"2",30,0.4,0.2,0,1000,0.05,2,57.8947368421053,14.1206675224647,11.1681643132221,8.85750962772786,7.9589216944801
"3",30,0.4,0.2,0,1000,0.05,3,27.7278562259307,19.5121951219512,16.9448010269576,17.7150192554557,18.1001283697047
