"","nvar","r","d","het","iter","alpha","strategy","p1","p2","p3","p4","p5"
"1",22,0.5,0.2,0,1000,0.05,1,55.3225806451613,17.741935483871,10,8.87096774193548,8.06451612903226
"2",22,0.5,0.2,0,1000,0.05,2,55.3225806451613,17.741935483871,10,8.87096774193548,8.06451612903226
"3",22,0.5,0.2,0,1000,0.05,3,26.1290322580645,19.3548387096774,17.258064516129,19.5161290322581,17.741935483871
