"","nvar","r","d","het","iter","alpha","strategy","p1","p2","p3","p4","p5"
"1",146,0.9,0.1,0,1000,0.05,1,43.4920634920635,13.968253968254,19.6825396825397,11.7460317460317,11.1111111111111
"2",146,0.9,0.1,0,1000,0.05,2,43.4920634920635,13.968253968254,19.6825396825397,11.7460317460317,11.1111111111111
"3",146,0.9,0.1,0,1000,0.05,3,11.7460317460317,9.84126984126984,19.6825396825397,23.4920634920635,35.2380952380952
