"","nvar","r","d","het","iter","alpha","strategy","p1","p2","p3","p4","p5"
"1",72,0.1,0.3,0,1000,0.05,1,87.9759519038076,7.71543086172345,2.30460921843687,0.601202404809619,0.400801603206413
"2",72,0.1,0.3,0,1000,0.05,2,87.9759519038076,7.71543086172345,2.30460921843687,0.601202404809619,0.400801603206413
"3",72,0.1,0.3,0,1000,0.05,3,35.7715430861724,20.0400801603206,15.9318637274549,15.8316633266533,11.9238476953908
