"","nvar","r","d","het","iter","alpha","strategy","p1","p2","p3","p4","p5"
"1",62,0.8,0.1,0,1000,0.05,1,40.9200968523002,21.7917675544794,15.4963680387409,11.864406779661,9.9273607748184
"2",62,0.8,0.1,0,1000,0.05,2,40.9200968523002,21.7917675544794,15.4963680387409,11.864406779661,9.9273607748184
"3",62,0.8,0.1,0,1000,0.05,3,10.4116222760291,16.7070217917676,22.2760290556901,23.0024213075061,27.6029055690073
