"","nvar","r","d","het","iter","alpha","strategy","p1","p2","p3","p4","p5"
"1",64,0.4,0.3,0,1000,0.05,1,75.2665245202559,10.6609808102345,6.39658848614073,4.37100213219616,2.45202558635394
"2",64,0.4,0.3,0,1000,0.05,2,75.2665245202559,10.6609808102345,6.39658848614073,4.37100213219616,2.45202558635394
"3",64,0.4,0.3,0,1000,0.05,3,32.5159914712154,18.7633262260128,17.6972281449893,15.5650319829424,15.4584221748401
