"","nvar","r","d","het","iter","alpha","strategy","p1","p2","p3","p4","p5"
"1",50,0.2,0.1,0,1000,0.05,1,54.6840958605665,19.8257080610022,13.2897603485839,6.31808278867102,5.88235294117647
"2",50,0.2,0.1,0,1000,0.05,2,54.6840958605665,19.8257080610022,13.2897603485839,6.31808278867102,5.88235294117647
"3",50,0.2,0.1,0,1000,0.05,3,20.6971677559913,21.4596949891068,21.2418300653595,15.9041394335512,20.6971677559913
