"","nvar","r","d","het","iter","alpha","strategy","p1","p2","p3","p4","p5"
"1",102,0.2,0.1,0,1000,0.05,1,68.149646107179,17.4924165824065,9.20121334681496,3.74115267947422,1.41557128412538
"2",102,0.2,0.1,0,1000,0.05,2,68.149646107179,17.4924165824065,9.20121334681496,3.74115267947422,1.41557128412538
"3",102,0.2,0.1,0,1000,0.05,3,21.4357937310415,18.7057633973711,20.4246713852376,19.9191102123357,19.5146612740142
