"","nvar","r","d","het","iter","alpha","strategy","p1","p2","p3","p4","p5"
"1",96,0.6,0.3,0,1000,0.05,1,69.2132269099202,11.7445838084379,8.20980615735462,6.27137970353478,4.44697833523375
"2",96,0.6,0.3,0,1000,0.05,2,69.2132269099202,11.7445838084379,8.20980615735462,6.27137970353478,4.44697833523375
"3",96,0.6,0.3,0,1000,0.05,3,27.4800456100342,18.2440136830103,16.7616875712657,19.3842645381984,18.0159635119726
