"","nvar","r","d","het","iter","alpha","strategy","p1","p2","p3","p4","p5"
"1",184,0.3,0.2,0,1000,0.05,1,81.1871227364185,12.8772635814889,3.82293762575453,1.60965794768612,0.402414486921529
"2",184,0.3,0.2,0,1000,0.05,2,81.1871227364185,12.8772635814889,3.82293762575453,1.60965794768612,0.402414486921529
"3",184,0.3,0.2,0,1000,0.05,3,26.1569416498994,20.3219315895372,17.907444668008,19.0140845070423,16.5995975855131
