"","nvar","r","d","het","iter","alpha","strategy","p1","p2","p3","p4","p5"
"1",184,0.8,0.2,0,1000,0.05,1,58.2258064516129,13.7096774193548,11.1290322580645,9.67741935483871,7.25806451612903
"2",184,0.8,0.2,0,1000,0.05,2,58.2258064516129,13.7096774193548,11.1290322580645,9.67741935483871,7.25806451612903
"3",184,0.8,0.2,0,1000,0.05,3,19.8387096774194,13.8709677419355,17.5806451612903,22.4193548387097,26.2903225806452
