"","nvar","r","d","het","iter","alpha","strategy","p1","p2","p3","p4","p5"
"1",188,0.4,0.2,0,1000,0.05,1,72.4137931034483,12.5760649087221,8.72210953346856,3.65111561866126,2.23123732251521
"2",188,0.4,0.2,0,1000,0.05,2,72.4137931034483,12.5760649087221,8.72210953346856,3.65111561866126,2.23123732251521
"3",188,0.4,0.2,0,1000,0.05,3,20.3853955375254,19.0669371196755,21.0953346855984,19.8782961460446,19.5740365111562
