"","nvar","r","d","het","iter","alpha","strategy","p1","p2","p3","p4","p5"
"1",52,0.2,0.3,0,1000,0.05,1,80.6748466257669,9.40695296523517,5.01022494887526,2.86298568507157,1.22699386503067
"2",52,0.2,0.3,0,1000,0.05,2,80.6748466257669,9.40695296523517,5.01022494887526,2.86298568507157,1.22699386503067
"3",52,0.2,0.3,0,1000,0.05,3,35.7873210633947,17.7914110429448,16.4621676891616,15.9509202453988,13.8036809815951
