"","nvar","r","d","het","iter","alpha","strategy","p1","p2","p3","p4","p5"
"1",66,0.8,0.2,0,1000,0.05,1,52.6802218114603,18.1146025878004,12.5693160813309,9.61182994454713,7.02402957486137
"2",66,0.8,0.2,0,1000,0.05,2,52.6802218114603,18.1146025878004,12.5693160813309,9.61182994454713,7.02402957486137
"3",66,0.8,0.2,0,1000,0.05,3,20.1478743068392,16.6358595194085,17.7449168207024,21.6266173752311,23.8447319778189
