"","nvar","r","d","het","iter","alpha","strategy","p1","p2","p3","p4","p5"
"1",144,0.1,0.2,0,1000,0.05,1,93.0930930930931,5.2052052052052,1.5015015015015,0.2002002002002,0
"2",144,0.1,0.2,0,1000,0.05,2,93.0930930930931,5.2052052052052,1.5015015015015,0.2002002002002,0
"3",144,0.1,0.2,0,1000,0.05,3,32.6326326326326,18.5185185185185,16.016016016016,14.2142142142142,18.6186186186186
