"","nvar","r","d","het","iter","alpha","strategy","p1","p2","p3","p4","p5"
"1",82,0.9,0.1,0,1000,0.05,1,39,20.3333333333333,17,13.3333333333333,10.3333333333333
"2",82,0.9,0.1,0,1000,0.05,2,39,20.3333333333333,17,13.3333333333333,10.3333333333333
"3",82,0.9,0.1,0,1000,0.05,3,9.33333333333333,14.3333333333333,22,22.6666666666667,31.6666666666667
