"","nvar","r","d","het","iter","alpha","strategy","p1","p2","p3","p4","p5"
"1",132,0.9,0.1,0,1000,0.05,1,35.7366771159875,21.0031347962382,15.6739811912226,12.5391849529781,15.0470219435737
"2",132,0.9,0.1,0,1000,0.05,2,35.7366771159875,21.0031347962382,15.6739811912226,12.5391849529781,15.0470219435737
"3",132,0.9,0.1,0,1000,0.05,3,8.15047021943574,10.3448275862069,17.8683385579937,25.0783699059561,38.5579937304075
