"","nvar","r","d","het","iter","alpha","strategy","p1","p2","p3","p4","p5"
"1",158,0.6,0.1,0,1000,0.05,1,48.171500630517,18.5372005044136,14.5018915510719,10.5926860025221,8.19672131147541
"2",158,0.6,0.1,0,1000,0.05,2,48.171500630517,18.5372005044136,14.5018915510719,10.5926860025221,8.19672131147541
"3",158,0.6,0.1,0,1000,0.05,3,11.4754098360656,17.1500630517024,21.3114754098361,24.7162673392182,25.3467843631778
