"","nvar","r","d","het","iter","alpha","strategy","p1","p2","p3","p4","p5"
"1",44,0.1,0.2,0,1000,0.05,1,69.7601668404588,15.3284671532847,7.50782064650678,4.37956204379562,2.91970802919708
"2",44,0.1,0.2,0,1000,0.05,2,69.7601668404588,15.3284671532847,7.50782064650678,4.37956204379562,2.91970802919708
"3",44,0.1,0.2,0,1000,0.05,3,28.8842544316997,19.2909280500521,19.6037539103233,16.266944734098,15.9541188738269
