"","nvar","r","d","het","iter","alpha","strategy","p1","p2","p3","p4","p5"
"1",32,0,0.2,0,1000,0.05,1,69.5198329853862,14.9269311064718,8.45511482254697,4.48851774530271,2.60960334029228
"2",32,0,0.2,0,1000,0.05,2,69.5198329853862,14.9269311064718,8.45511482254697,4.48851774530271,2.60960334029228
"3",32,0,0.2,0,1000,0.05,3,31.0020876826722,19.4154488517745,17.9540709812109,16.4926931106472,15.1356993736952
