"","nvar","r","d","het","iter","alpha","strategy","p1","p2","p3","p4","p5"
"1",68,0.2,0.3,0,1000,0.05,1,83.5187057633974,10.4145601617796,3.13447927199191,1.82002022244692,0.70778564206269
"2",68,0.2,0.3,0,1000,0.05,2,83.5187057633974,10.4145601617796,3.13447927199191,1.82002022244692,0.70778564206269
"3",68,0.2,0.3,0,1000,0.05,3,35.8948432760364,20.1213346814965,14.7623862487361,15.9757330637007,13.2457027300303
