"","nvar","r","d","het","iter","alpha","strategy","p1","p2","p3","p4","p5"
"1",58,0.9,0.1,0,1000,0.05,1,38.2456140350877,20.7017543859649,14.3859649122807,14.0350877192982,12.6315789473684
"2",58,0.9,0.1,0,1000,0.05,2,38.2456140350877,20.7017543859649,14.3859649122807,14.0350877192982,12.6315789473684
"3",58,0.9,0.1,0,1000,0.05,3,12.9824561403509,10.5263157894737,18.5964912280702,24.5614035087719,33.3333333333333
