"","nvar","r","d","het","iter","alpha","strategy","p1","p2","p3","p4","p5"
"1",30,0.1,0.2,0,1000,0.05,1,63.9697950377562,17.1521035598706,9.38511326860841,6.04099244875944,3.45199568500539
"2",30,0.1,0.2,0,1000,0.05,2,63.9697950377562,17.1521035598706,9.38511326860841,6.04099244875944,3.45199568500539
"3",30,0.1,0.2,0,1000,0.05,3,30.3128371089536,20.0647249190939,17.3678532901834,15.9654800431499,16.2891046386192
