"","nvar","r","d","het","iter","alpha","strategy","p1","p2","p3","p4","p5"
"1",28,0,0.1,0,1000,0.05,1,49.0719257540603,21.461716937355,14.15313225058,9.39675174013921,5.91647331786543
"2",28,0,0.1,0,1000,0.05,2,49.0719257540603,21.461716937355,14.15313225058,9.39675174013921,5.91647331786543
"3",28,0,0.1,0,1000,0.05,3,26.4501160092807,20.6496519721578,19.1415313225058,16.9373549883991,16.8213457076566
