"","nvar","r","d","het","iter","alpha","strategy","p1","p2","p3","p4","p5"
"1",2,0.5,0.3,0,1000,0.05,1,53.7662337662338,14.8051948051948,10.6493506493506,11.6883116883117,8.31168831168831
"2",2,0.5,0.3,0,1000,0.05,2,53.7662337662338,14.8051948051948,10.6493506493506,11.6883116883117,8.31168831168831
"3",2,0.5,0.3,0,1000,0.05,3,47.7922077922078,16.3636363636364,11.4285714285714,13.2467532467532,10.6493506493506
