"","nvar","r","d","het","iter","alpha","strategy","p1","p2","p3","p4","p5"
"1",92,0.1,0.2,0,1000,0.05,1,83.7837837837838,11.6116116116116,2.9029029029029,1.1011011011011,0.500500500500501
"2",92,0.1,0.2,0,1000,0.05,2,83.7837837837838,11.6116116116116,2.9029029029029,1.1011011011011,0.500500500500501
"3",92,0.1,0.2,0,1000,0.05,3,27.9279279279279,19.7197197197197,19.6196196196196,17.7177177177177,15.015015015015
