"","nvar","r","d","het","iter","alpha","strategy","p1","p2","p3","p4","p5"
"1",20,0.1,0.3,0,1000,0.05,1,72.8555917480999,12.8121606948969,5.97176981541802,4.56026058631922,3.04017372421281
"2",20,0.1,0.3,0,1000,0.05,2,72.8555917480999,12.8121606948969,5.97176981541802,4.56026058631922,3.04017372421281
"3",20,0.1,0.3,0,1000,0.05,3,37.8935939196526,19.9782844733985,16.3952225841477,14.0065146579805,11.400651465798
