"","nvar","r","d","het","iter","alpha","strategy","p1","p2","p3","p4","p5"
"1",152,0.9,0.2,0,1000,0.05,1,50,20.0913242009132,10.958904109589,11.6438356164384,7.07762557077625
"2",152,0.9,0.2,0,1000,0.05,2,50,20.0913242009132,10.958904109589,11.6438356164384,7.07762557077625
"3",152,0.9,0.2,0,1000,0.05,3,18.2648401826484,14.3835616438356,12.3287671232877,25.5707762557078,29.4520547945205
