"","nvar","r","d","het","iter","alpha","strategy","p1","p2","p3","p4","p5"
"1",168,0.5,0.1,0,1000,0.05,1,54.9280177187154,19.6013289036545,10.9634551495017,8.97009966777409,5.53709856035437
"2",168,0.5,0.1,0,1000,0.05,2,54.9280177187154,19.6013289036545,10.9634551495017,8.97009966777409,5.53709856035437
"3",168,0.5,0.1,0,1000,0.05,3,13.7320044296788,19.6013289036545,17.9401993355482,22.5913621262458,26.1351052048726
