"","nvar","r","d","het","iter","alpha","strategy","p1","p2","p3","p4","p5"
"1",2,0,0.2,0,1000,0.05,1,45.8333333333333,17.7083333333333,16.3194444444444,9.375,10.7638888888889
"2",2,0,0.2,0,1000,0.05,2,45.8333333333333,17.7083333333333,16.3194444444444,9.375,10.7638888888889
"3",2,0,0.2,0,1000,0.05,3,43.4027777777778,17.3611111111111,16.6666666666667,10.0694444444444,12.5
