"","nvar","r","d","het","iter","alpha","strategy","p1","p2","p3","p4","p5"
"1",184,0.5,0.2,0,1000,0.05,1,68.5714285714286,14.0740740740741,8.46560846560847,5.07936507936508,3.7037037037037
"2",184,0.5,0.2,0,1000,0.05,2,68.5714285714286,14.0740740740741,8.46560846560847,5.07936507936508,3.7037037037037
"3",184,0.5,0.2,0,1000,0.05,3,20.3174603174603,18.8359788359788,19.1534391534392,19.1534391534392,22.5396825396825
