"","nvar","r","d","het","iter","alpha","strategy","p1","p2","p3","p4","p5"
"1",180,0.4,0.2,0,1000,0.05,1,73.7755102040816,13.8775510204082,6.83673469387755,3.57142857142857,1.83673469387755
"2",180,0.4,0.2,0,1000,0.05,2,73.7755102040816,13.8775510204082,6.83673469387755,3.57142857142857,1.83673469387755
"3",180,0.4,0.2,0,1000,0.05,3,25.3061224489796,16.3265306122449,19.1836734693878,18.3673469387755,20.8163265306122
