"","nvar","r","d","het","iter","alpha","strategy","p1","p2","p3","p4","p5"
"1",78,0.4,0.1,0,1000,0.05,1,52.8064146620848,20.6185567010309,12.6002290950745,9.27835051546392,4.69644902634593
"2",78,0.4,0.1,0,1000,0.05,2,52.8064146620848,20.6185567010309,12.6002290950745,9.27835051546392,4.69644902634593
"3",78,0.4,0.1,0,1000,0.05,3,18.7857961053837,18.213058419244,22.2222222222222,20.9621993127148,19.8167239404353
