"","nvar","r","d","het","iter","alpha","strategy","p1","p2","p3","p4","p5"
"1",46,0.7,0.3,0,1000,0.05,1,63.314447592068,12.6062322946176,8.78186968838527,8.64022662889518,5.52407932011331
"2",46,0.7,0.3,0,1000,0.05,2,63.314447592068,12.6062322946176,8.78186968838527,8.64022662889518,5.52407932011331
"3",46,0.7,0.3,0,1000,0.05,3,28.7535410764873,17.4220963172805,17.7053824362606,16.71388101983,19.2634560906516
