"","nvar","r","d","het","iter","alpha","strategy","p1","p2","p3","p4","p5"
"1",46,0.9,0.2,0,1000,0.05,1,48.6413043478261,18.2065217391304,13.3152173913043,9.23913043478261,10.5978260869565
"2",46,0.9,0.2,0,1000,0.05,2,48.6413043478261,18.2065217391304,13.3152173913043,9.23913043478261,10.5978260869565
"3",46,0.9,0.2,0,1000,0.05,3,22.2826086956522,12.2282608695652,17.1195652173913,21.7391304347826,26.6304347826087
