"","nvar","r","d","het","iter","alpha","strategy","p1","p2","p3","p4","p5"
"1",70,0.9,0.2,0,1000,0.05,1,50.4545454545455,17.0454545454545,12.9545454545455,8.63636363636364,10.9090909090909
"2",70,0.9,0.2,0,1000,0.05,2,50.4545454545455,17.0454545454545,12.9545454545455,8.63636363636364,10.9090909090909
"3",70,0.9,0.2,0,1000,0.05,3,20.6818181818182,16.1363636363636,15.9090909090909,20.2272727272727,27.0454545454545
