"","nvar","r","d","het","iter","alpha","strategy","p1","p2","p3","p4","p5"
"1",132,0.5,0.1,0,1000,0.05,1,53.3180778032037,17.0480549199085,13.8443935926773,8.69565217391304,7.09382151029748
"2",132,0.5,0.1,0,1000,0.05,2,53.3180778032037,17.0480549199085,13.8443935926773,8.69565217391304,7.09382151029748
"3",132,0.5,0.1,0,1000,0.05,3,16.2471395881007,17.5057208237986,19.7940503432494,22.4256292906178,24.0274599542334
