"","nvar","r","d","het","iter","alpha","strategy","p1","p2","p3","p4","p5"
"1",126,0.1,0.2,0,1000,0.05,1,90.8908908908909,6.90690690690691,1.6016016016016,0.3003003003003,0.1001001001001
"2",126,0.1,0.2,0,1000,0.05,2,90.8908908908909,6.90690690690691,1.6016016016016,0.3003003003003,0.1001001001001
"3",126,0.1,0.2,0,1000,0.05,3,30.8308308308308,20.4204204204204,17.6176176176176,13.9139139139139,17.2172172172172
