"","nvar","r","d","het","iter","alpha","strategy","p1","p2","p3","p4","p5"
"1",98,0.8,0.2,0,1000,0.05,1,52.7336860670194,17.4603174603175,11.4638447971781,10.0529100529101,7.93650793650794
"2",98,0.8,0.2,0,1000,0.05,2,52.7336860670194,17.4603174603175,11.4638447971781,10.0529100529101,7.93650793650794
"3",98,0.8,0.2,0,1000,0.05,3,15.6966490299824,16.9312169312169,19.047619047619,23.8095238095238,24.5149911816578
