"","nvar","r","d","het","iter","alpha","strategy","p1","p2","p3","p4","p5"
"1",126,0.5,0.2,0,1000,0.05,1,65.6699889258029,14.5071982281285,9.19158361018826,6.64451827242525,3.87596899224806
"2",126,0.5,0.2,0,1000,0.05,2,65.6699889258029,14.5071982281285,9.19158361018826,6.64451827242525,3.87596899224806
"3",126,0.5,0.2,0,1000,0.05,3,20.9302325581395,19.8228128460687,19.7120708748616,18.4939091915836,21.0409745293466
