"","nvar","r","d","het","iter","alpha","strategy","p1","p2","p3","p4","p5"
"1",18,0.5,0.3,0,1000,0.05,1,60.9822646657572,15.9618008185539,10.2319236016371,6.27557980900409,6.41200545702592
"2",18,0.5,0.3,0,1000,0.05,2,60.9822646657572,15.9618008185539,10.2319236016371,6.27557980900409,6.41200545702592
"3",18,0.5,0.3,0,1000,0.05,3,32.4693042291951,18.8267394270123,18.5538881309686,15.4160982264666,14.7339699863574
