"","nvar","r","d","het","iter","alpha","strategy","p1","p2","p3","p4","p5"
"1",48,0.2,0.2,0,1000,0.05,1,68.4713375796178,15.2866242038217,9.34182590233546,4.14012738853503,2.54777070063694
"2",48,0.2,0.2,0,1000,0.05,2,68.4713375796178,15.2866242038217,9.34182590233546,4.14012738853503,2.54777070063694
"3",48,0.2,0.2,0,1000,0.05,3,30.5732484076433,19.8513800424628,16.135881104034,17.6220806794055,15.8174097664544
