"","nvar","r","d","het","iter","alpha","strategy","p1","p2","p3","p4","p5"
"1",6,0.5,0.1,0,1000,0.05,1,33.3333333333333,20.7407407407407,17.037037037037,15.1851851851852,13.7037037037037
"2",6,0.5,0.1,0,1000,0.05,2,33.3333333333333,20.7407407407407,17.037037037037,15.1851851851852,13.7037037037037
"3",6,0.5,0.1,0,1000,0.05,3,22.962962962963,20.7407407407407,19.2592592592593,19.6296296296296,17.4074074074074
