"","nvar","r","d","het","iter","alpha","strategy","p1","p2","p3","p4","p5"
"1",2,0.4,0.1,0,1000,0.05,1,36.3636363636364,16.7832167832168,17.4825174825175,16.7832167832168,12.5874125874126
"2",2,0.4,0.1,0,1000,0.05,2,36.3636363636364,16.7832167832168,17.4825174825175,16.7832167832168,12.5874125874126
"3",2,0.4,0.1,0,1000,0.05,3,32.1678321678322,16.0839160839161,18.1818181818182,18.8811188811189,14.6853146853147
