"","nvar","r","d","het","iter","alpha","strategy","p1","p2","p3","p4","p5"
"1",130,0.7,0.1,0,1000,0.05,1,42.809364548495,19.3979933110368,15.2173913043478,14.0468227424749,8.52842809364548
"2",130,0.7,0.1,0,1000,0.05,2,42.809364548495,19.3979933110368,15.2173913043478,14.0468227424749,8.52842809364548
"3",130,0.7,0.1,0,1000,0.05,3,10.2006688963211,17.3913043478261,21.571906354515,26.5886287625418,24.247491638796
