"","nvar","r","d","het","iter","alpha","strategy","p1","p2","p3","p4","p5"
"1",168,0.3,0.2,0,1000,0.05,1,82.3943661971831,10.9657947686117,4.32595573440644,1.7102615694165,0.402414486921529
"2",168,0.3,0.2,0,1000,0.05,2,82.3943661971831,10.9657947686117,4.32595573440644,1.7102615694165,0.402414486921529
"3",168,0.3,0.2,0,1000,0.05,3,27.5653923541247,19.6177062374245,19.6177062374245,15.79476861167,17.4044265593561
