"","nvar","r","d","het","iter","alpha","strategy","p1","p2","p3","p4","p5"
"1",184,0.4,0.1,0,1000,0.05,1,61.0710607621009,18.2286302780639,11.740473738414,6.07621009268795,2.88362512873326
"2",184,0.4,0.1,0,1000,0.05,2,61.0710607621009,18.2286302780639,11.740473738414,6.07621009268795,2.88362512873326
"3",184,0.4,0.1,0,1000,0.05,3,16.6838311019567,17.610710607621,21.2152420185376,21.4212152420185,23.0690010298661
