"","nvar","r","d","het","iter","alpha","strategy","p1","p2","p3","p4","p5"
"1",92,0.9,0.2,0,1000,0.05,1,51.5513126491647,15.9904534606205,11.2171837708831,11.4558472553699,9.78520286396181
"2",92,0.9,0.2,0,1000,0.05,2,51.5513126491647,15.9904534606205,11.2171837708831,11.4558472553699,9.78520286396181
"3",92,0.9,0.2,0,1000,0.05,3,22.4343675417661,12.6491646778043,15.9904534606205,21.4797136038186,27.4463007159904
