"","nvar","r","d","het","iter","alpha","strategy","p1","p2","p3","p4","p5"
"1",174,0.4,0.1,0,1000,0.05,1,61.1924686192469,19.979079497908,10.0418410041841,5.1255230125523,3.66108786610879
"2",174,0.4,0.1,0,1000,0.05,2,61.1924686192469,19.979079497908,10.0418410041841,5.1255230125523,3.66108786610879
"3",174,0.4,0.1,0,1000,0.05,3,16.8410041841004,17.2594142259414,21.234309623431,22.907949790795,21.7573221757322
