"","nvar","r","d","het","iter","alpha","strategy","p1","p2","p3","p4","p5"
"1",10,0.2,0.3,0,1000,0.05,1,62.2395833333333,15.1041666666667,11.8489583333333,6.640625,3.77604166666667
"2",10,0.2,0.3,0,1000,0.05,2,62.2395833333333,15.1041666666667,11.8489583333333,6.640625,3.77604166666667
"3",10,0.2,0.3,0,1000,0.05,3,39.9739583333333,21.2239583333333,17.7083333333333,12.5,8.33333333333333
