"","nvar","r","d","het","iter","alpha","strategy","p1","p2","p3","p4","p5"
"1",40,0,0.2,0,1000,0.05,1,73.8241308793456,14.1104294478528,6.85071574642127,2.86298568507157,2.24948875255624
"2",40,0,0.2,0,1000,0.05,2,73.8241308793456,14.1104294478528,6.85071574642127,2.86298568507157,2.24948875255624
"3",40,0,0.2,0,1000,0.05,3,32.1063394683027,18.9161554192229,17.280163599182,14.9284253578732,16.7689161554192
