"","nvar","r","d","het","iter","alpha","strategy","p1","p2","p3","p4","p5"
"1",4,0.6,0.3,0,1000,0.05,1,56.0081466395112,14.4602851323829,9.979633401222,11.6089613034623,7.53564154786151
"2",4,0.6,0.3,0,1000,0.05,2,56.0081466395112,14.4602851323829,9.979633401222,11.6089613034623,7.53564154786151
"3",4,0.6,0.3,0,1000,0.05,3,39.5112016293279,17.5152749490835,13.6456211812627,16.0896130346232,12.8309572301426
