"","nvar","r","d","het","iter","alpha","strategy","p1","p2","p3","p4","p5"
"1",72,0.2,0.1,0,1000,0.05,1,59.3717277486911,20.5235602094241,10.261780104712,5.86387434554974,3.97905759162304
"2",72,0.2,0.1,0,1000,0.05,2,59.3717277486911,20.5235602094241,10.261780104712,5.86387434554974,3.97905759162304
"3",72,0.2,0.1,0,1000,0.05,3,20.5235602094241,18.1151832460733,22.303664921466,19.3717277486911,19.6858638743456
