"","nvar","r","d","het","iter","alpha","strategy","p1","p2","p3","p4","p5"
"1",40,0.7,0.2,0,1000,0.05,1,57.7054794520548,15.4109589041096,11.3013698630137,8.56164383561644,7.02054794520548
"2",40,0.7,0.2,0,1000,0.05,2,57.7054794520548,15.4109589041096,11.3013698630137,8.56164383561644,7.02054794520548
"3",40,0.7,0.2,0,1000,0.05,3,26.027397260274,17.6369863013699,17.9794520547945,19.6917808219178,18.6643835616438
