"","nvar","r","d","het","iter","alpha","strategy","p1","p2","p3","p4","p5"
"1",188,0.3,0.3,0,1000,0.05,1,90.0801603206413,6.01202404809619,1.80360721442886,0.901803607214429,0
"2",188,0.3,0.3,0,1000,0.05,2,90.0801603206413,6.01202404809619,1.80360721442886,0.901803607214429,0
"3",188,0.3,0.3,0,1000,0.05,3,34.4689378757515,20.9418837675351,15.2304609218437,14.1282565130261,15.0300601202405
