"","nvar","r","d","het","iter","alpha","strategy","p1","p2","p3","p4","p5"
"1",26,0.1,0.3,0,1000,0.05,1,74.8148148148148,12.4867724867725,6.03174603174603,3.5978835978836,2.32804232804233
"2",26,0.1,0.3,0,1000,0.05,2,74.8148148148148,12.4867724867725,6.03174603174603,3.5978835978836,2.32804232804233
"3",26,0.1,0.3,0,1000,0.05,3,36.2962962962963,18.7301587301587,15.3439153439153,15.7671957671958,13.6507936507937
