"","nvar","r","d","het","iter","alpha","strategy","p1","p2","p3","p4","p5"
"1",24,0.8,0.1,0,1000,0.05,1,36.7781155015198,21.8844984802432,13.677811550152,16.4133738601824,11.2462006079027
"2",24,0.8,0.1,0,1000,0.05,2,36.7781155015198,21.8844984802432,13.677811550152,16.4133738601824,11.2462006079027
"3",24,0.8,0.1,0,1000,0.05,3,13.677811550152,16.1094224924012,16.1094224924012,26.1398176291793,27.9635258358663
