"","nvar","r","d","het","iter","alpha","strategy","p1","p2","p3","p4","p5"
"1",176,0.5,0.3,0,1000,0.05,1,78.1704781704782,9.35550935550936,6.23700623700624,3.01455301455301,2.18295218295218
"2",176,0.5,0.3,0,1000,0.05,2,78.1704781704782,9.35550935550936,6.23700623700624,3.01455301455301,2.18295218295218
"3",176,0.5,0.3,0,1000,0.05,3,29.002079002079,18.3991683991684,18.5031185031185,16.1122661122661,17.5675675675676
