"","nvar","r","d","het","iter","alpha","strategy","p1","p2","p3","p4","p5"
"1",184,0.4,0.3,0,1000,0.05,1,83.6567926455567,8.06945863125638,3.77936670071502,2.34933605720123,1.12359550561798
"2",184,0.4,0.3,0,1000,0.05,2,83.6567926455567,8.06945863125638,3.77936670071502,2.34933605720123,1.12359550561798
"3",184,0.4,0.3,0,1000,0.05,3,31.5628192032686,18.7946884576098,15.2196118488253,16.9560776302349,17.2625127681307
