"","nvar","r","d","het","iter","alpha","strategy","p1","p2","p3","p4","p5"
"1",50,0,0.1,0,1000,0.05,1,58.8726513569937,20.8768267223382,11.6910229645094,5.74112734864301,2.81837160751566
"2",50,0,0.1,0,1000,0.05,2,58.8726513569937,20.8768267223382,11.6910229645094,5.74112734864301,2.81837160751566
"3",50,0,0.1,0,1000,0.05,3,25.1565762004175,17.8496868475992,20.7724425887265,18.8935281837161,17.3277661795407
