"","nvar","r","d","het","iter","alpha","strategy","p1","p2","p3","p4","p5"
"1",170,0.9,0.1,0,1000,0.05,1,37.9008746355685,20.9912536443149,15.4518950437318,14.5772594752187,11.0787172011662
"2",170,0.9,0.1,0,1000,0.05,2,37.9008746355685,20.9912536443149,15.4518950437318,14.5772594752187,11.0787172011662
"3",170,0.9,0.1,0,1000,0.05,3,9.32944606413994,7.5801749271137,15.1603498542274,28.5714285714286,39.3586005830904
