"","nvar","r","d","het","iter","alpha","strategy","p1","p2","p3","p4","p5"
"1",26,0.6,0.2,0,1000,0.05,1,55.0888529886914,18.7399030694669,12.4394184168013,7.26978998384491,6.46203554119548
"2",26,0.6,0.2,0,1000,0.05,2,55.0888529886914,18.7399030694669,12.4394184168013,7.26978998384491,6.46203554119548
"3",26,0.6,0.2,0,1000,0.05,3,25.686591276252,18.0936995153473,21.486268174475,16.8012924071082,17.9321486268174
