"","nvar","r","d","het","iter","alpha","strategy","p1","p2","p3","p4","p5"
"1",154,0.8,0.2,0,1000,0.05,1,53.476821192053,16.2251655629139,10.4304635761589,10.7615894039735,9.10596026490066
"2",154,0.8,0.2,0,1000,0.05,2,53.476821192053,16.2251655629139,10.4304635761589,10.7615894039735,9.10596026490066
"3",154,0.8,0.2,0,1000,0.05,3,15.7284768211921,13.7417218543046,17.2185430463576,24.6688741721854,28.6423841059603
