"","nvar","r","d","het","iter","alpha","strategy","p1","p2","p3","p4","p5"
"1",176,0.9,0.2,0,1000,0.05,1,58.1235697940503,13.9588100686499,11.441647597254,8.23798627002288,8.23798627002288
"2",176,0.9,0.2,0,1000,0.05,2,58.1235697940503,13.9588100686499,11.441647597254,8.23798627002288,8.23798627002288
"3",176,0.9,0.2,0,1000,0.05,3,18.9931350114416,12.3569794050343,18.0778032036613,20.8237986270023,29.7482837528604
