"","nvar","r","d","het","iter","alpha","strategy","p1","p2","p3","p4","p5"
"1",134,0.4,0.1,0,1000,0.05,1,56.7481402763018,18.0658873538788,13.7088204038257,7.43889479277365,4.03825717321998
"2",134,0.4,0.1,0,1000,0.05,2,56.7481402763018,18.0658873538788,13.7088204038257,7.43889479277365,4.03825717321998
"3",134,0.4,0.1,0,1000,0.05,3,16.4718384697131,16.1530286928799,22.8480340063762,24.6546227417641,19.8724760892667
