"","nvar","r","d","het","iter","alpha","strategy","p1","p2","p3","p4","p5"
"1",90,0.3,0.1,0,1000,0.05,1,55.5791710945802,22.1041445270988,11.7959617428268,7.43889479277365,3.08182784272051
"2",90,0.3,0.1,0,1000,0.05,2,55.5791710945802,22.1041445270988,11.7959617428268,7.43889479277365,3.08182784272051
"3",90,0.3,0.1,0,1000,0.05,3,17.0031880977683,20.7226354941552,21.1477151965994,22.3166843783209,18.8097768331562
