"","nvar","r","d","het","iter","alpha","strategy","p1","p2","p3","p4","p5"
"1",12,0.1,0.1,0,1000,0.05,1,37.1171171171171,22.3423423423423,15.1351351351351,12.4324324324324,12.972972972973
"2",12,0.1,0.1,0,1000,0.05,2,37.1171171171171,22.3423423423423,15.1351351351351,12.4324324324324,12.972972972973
"3",12,0.1,0.1,0,1000,0.05,3,27.9279279279279,20,15.6756756756757,16.7567567567568,19.6396396396396
