"","nvar","r","d","het","iter","alpha","strategy","p1","p2","p3","p4","p5"
"1",144,0.5,0.3,0,1000,0.05,1,73.2840549102429,11.8268215417107,6.23020063357973,4.64625131995776,3.27349524815206
"2",144,0.5,0.3,0,1000,0.05,2,73.2840549102429,11.8268215417107,6.23020063357973,4.64625131995776,3.27349524815206
"3",144,0.5,0.3,0,1000,0.05,3,28.4054910242872,19.2185850052798,15.7338965153115,19.4297782470961,17.1066525871172
