"","nvar","r","d","het","iter","alpha","strategy","p1","p2","p3","p4","p5"
"1",62,0.7,0.1,0,1000,0.05,1,44.1233140655106,19.4605009633911,13.8728323699422,12.9094412331407,9.63391136801541
"2",62,0.7,0.1,0,1000,0.05,2,44.1233140655106,19.4605009633911,13.8728323699422,12.9094412331407,9.63391136801541
"3",62,0.7,0.1,0,1000,0.05,3,14.2581888246628,18.3044315992293,18.6897880539499,24.8554913294798,23.8921001926782
