"","nvar","r","d","het","iter","alpha","strategy","p1","p2","p3","p4","p5"
"1",36,0,0.2,0,1000,0.05,1,72.4593495934959,13.5162601626016,8.13008130081301,2.94715447154472,2.74390243902439
"2",36,0,0.2,0,1000,0.05,2,72.4593495934959,13.5162601626016,8.13008130081301,2.94715447154472,2.74390243902439
"3",36,0,0.2,0,1000,0.05,3,31.6056910569106,18.5975609756098,18.4959349593496,15.1422764227642,16.1585365853659
