"","nvar","r","d","het","iter","alpha","strategy","p1","p2","p3","p4","p5"
"1",8,0.2,0.2,0,1000,0.05,1,47.7234401349072,16.8634064080944,14.8397976391231,10.2866779089376,10.2866779089376
"2",8,0.2,0.2,0,1000,0.05,2,47.7234401349072,16.8634064080944,14.8397976391231,10.2866779089376,10.2866779089376
"3",8,0.2,0.2,0,1000,0.05,3,32.7150084317032,18.8870151770658,17.0320404721754,16.0202360876897,15.3456998313659
