"","nvar","r","d","het","iter","alpha","strategy","p1","p2","p3","p4","p5"
"1",38,0.3,0.1,0,1000,0.05,1,45.8536585365854,20.1219512195122,14.8780487804878,11.7073170731707,7.4390243902439
"2",38,0.3,0.1,0,1000,0.05,2,45.8536585365854,20.1219512195122,14.8780487804878,11.7073170731707,7.4390243902439
"3",38,0.3,0.1,0,1000,0.05,3,20,20.9756097560976,17.6829268292683,21.3414634146341,20
