"","nvar","r","d","het","iter","alpha","strategy","p1","p2","p3","p4","p5"
"1",168,0.8,0.2,0,1000,0.05,1,57.9310344827586,12.0689655172414,10.5172413793103,10.8620689655172,8.62068965517241
"2",168,0.8,0.2,0,1000,0.05,2,57.9310344827586,12.0689655172414,10.5172413793103,10.8620689655172,8.62068965517241
"3",168,0.8,0.2,0,1000,0.05,3,19.3103448275862,12.4137931034483,16.0344827586207,24.8275862068966,27.4137931034483
