"","nvar","r","d","het","iter","alpha","strategy","p1","p2","p3","p4","p5"
"1",102,0.4,0.2,0,1000,0.05,1,69.2954784437434,13.3543638275499,8.72765509989485,4.6267087276551,3.99579390115668
"2",102,0.4,0.2,0,1000,0.05,2,69.2954784437434,13.3543638275499,8.72765509989485,4.6267087276551,3.99579390115668
"3",102,0.4,0.2,0,1000,0.05,3,23.4490010515247,18.8222923238696,21.5562565720294,16.403785488959,19.7686645636172
