"","nvar","r","d","het","iter","alpha","strategy","p1","p2","p3","p4","p5"
"1",120,0.3,0.3,0,1000,0.05,1,83.484390735146,8.55991943605237,4.43101711983887,1.4098690835851,1.00704934541793
"2",120,0.3,0.3,0,1000,0.05,2,83.484390735146,8.55991943605237,4.43101711983887,1.4098690835851,1.00704934541793
"3",120,0.3,0.3,0,1000,0.05,3,34.6424974823766,18.429003021148,18.7311178247734,15.4078549848943,12.6888217522659
