"","nvar","r","d","het","iter","alpha","strategy","p1","p2","p3","p4","p5"
"1",52,0.1,0.2,0,1000,0.05,1,73.2925586136595,12.8440366972477,6.93170234454638,4.79102956167176,2.03873598369011
"2",52,0.1,0.2,0,1000,0.05,2,73.2925586136595,12.8440366972477,6.93170234454638,4.79102956167176,2.03873598369011
"3",52,0.1,0.2,0,1000,0.05,3,27.9306829765545,21.7125382262997,15.9021406727829,17.329255861366,17.1253822629969
