"","nvar","r","d","het","iter","alpha","strategy","p1","p2","p3","p4","p5"
"1",198,0.3,0.3,0,1000,0.05,1,89.1783567134269,6.4128256513026,1.90380761523046,0.801603206412826,0.501002004008016
"2",198,0.3,0.3,0,1000,0.05,2,89.1783567134269,6.4128256513026,1.90380761523046,0.801603206412826,0.501002004008016
"3",198,0.3,0.3,0,1000,0.05,3,34.5691382765531,21.7434869739479,13.7274549098196,15.2304609218437,14.5290581162325
