"","nvar","r","d","het","iter","alpha","strategy","p1","p2","p3","p4","p5"
"1",198,0.9,0.2,0,1000,0.05,1,54.1125541125541,13.8528138528139,11.038961038961,11.038961038961,9.95670995670996
"2",198,0.9,0.2,0,1000,0.05,2,54.1125541125541,13.8528138528139,11.038961038961,11.038961038961,9.95670995670996
"3",198,0.9,0.2,0,1000,0.05,3,22.7272727272727,11.6883116883117,11.6883116883117,22.9437229437229,30.952380952381
