"","nvar","r","d","het","iter","alpha","strategy","p1","p2","p3","p4","p5"
"1",158,0.9,0.2,0,1000,0.05,1,45.578231292517,21.5419501133787,13.8321995464853,9.52380952380952,9.52380952380952
"2",158,0.9,0.2,0,1000,0.05,2,45.578231292517,21.5419501133787,13.8321995464853,9.52380952380952,9.52380952380952
"3",158,0.9,0.2,0,1000,0.05,3,16.7800453514739,12.4716553287982,11.3378684807256,23.5827664399093,35.827664399093
