"","nvar","r","d","het","iter","alpha","strategy","p1","p2","p3","p4","p5"
"1",4,0.1,0.2,0,1000,0.05,1,43.6241610738255,21.2527964205817,14.0939597315436,11.8568232662192,9.17225950782998
"2",4,0.1,0.2,0,1000,0.05,2,43.6241610738255,21.2527964205817,14.0939597315436,11.8568232662192,9.17225950782998
"3",4,0.1,0.2,0,1000,0.05,3,35.1230425055928,21.7002237136465,17.4496644295302,13.4228187919463,12.3042505592841
