"","nvar","r","d","het","iter","alpha","strategy","p1","p2","p3","p4","p5"
"1",52,0.8,0.2,0,1000,0.05,1,52.4557956777996,20.2357563850688,12.37721021611,8.44793713163065,6.48330058939096
"2",52,0.8,0.2,0,1000,0.05,2,52.4557956777996,20.2357563850688,12.37721021611,8.44793713163065,6.48330058939096
"3",52,0.8,0.2,0,1000,0.05,3,18.0746561886051,17.2888015717092,18.467583497053,23.7721021611002,22.3968565815324
