"","nvar","r","d","het","iter","alpha","strategy","p1","p2","p3","p4","p5"
"1",88,0.7,0.1,0,1000,0.05,1,44.8040885860307,18.3986371379898,14.8211243611584,11.4139693356048,10.5621805792164
"2",88,0.7,0.1,0,1000,0.05,2,44.8040885860307,18.3986371379898,14.8211243611584,11.4139693356048,10.5621805792164
"3",88,0.7,0.1,0,1000,0.05,3,13.1175468483816,15.5025553662692,21.1243611584327,23.8500851788756,26.4054514480409
