"","nvar","r","d","het","iter","alpha","strategy","p1","p2","p3","p4","p5"
"1",94,0.6,0.3,0,1000,0.05,1,69.7041420118343,12.5443786982249,8.04733727810651,4.73372781065089,4.02366863905325
"2",94,0.6,0.3,0,1000,0.05,2,69.7041420118343,12.5443786982249,8.04733727810651,4.73372781065089,4.02366863905325
"3",94,0.6,0.3,0,1000,0.05,3,29.8224852071006,16.4497041420118,17.1597633136095,18.9349112426036,17.2781065088757
