"","nvar","r","d","het","iter","alpha","strategy","p1","p2","p3","p4","p5"
"1",118,0.6,0.1,0,1000,0.05,1,50.2024291497976,16.3292847503374,15.9244264507422,9.58164642375169,7.96221322537112
"2",118,0.6,0.1,0,1000,0.05,2,50.2024291497976,16.3292847503374,15.9244264507422,9.58164642375169,7.96221322537112
"3",118,0.6,0.1,0,1000,0.05,3,12.280701754386,14.5748987854251,21.5924426450742,24.4264507422402,27.1255060728745
