"","nvar","r","d","het","iter","alpha","strategy","p1","p2","p3","p4","p5"
"1",198,0.3,0.2,0,1000,0.05,1,82.5476429287864,12.5376128385155,3.10932798395186,1.30391173520562,0.401203610832498
"2",198,0.3,0.2,0,1000,0.05,2,82.5476429287864,12.5376128385155,3.10932798395186,1.30391173520562,0.401203610832498
"3",198,0.3,0.2,0,1000,0.05,3,25.0752256770311,20.7622868605817,19.0571715145436,19.0571715145436,16.0481444332999
