"","nvar","r","d","het","iter","alpha","strategy","p1","p2","p3","p4","p5"
"1",104,0.6,0.2,0,1000,0.05,1,57.9335793357934,19.0651906519065,9.34809348093481,9.10209102091021,4.4280442804428
"2",104,0.6,0.2,0,1000,0.05,2,57.9335793357934,19.0651906519065,9.34809348093481,9.10209102091021,4.4280442804428
"3",104,0.6,0.2,0,1000,0.05,3,19.5571955719557,17.220172201722,20.4182041820418,22.6322263222632,20.1722017220172
