"","nvar","r","d","het","iter","alpha","strategy","p1","p2","p3","p4","p5"
"1",134,0.1,0.1,0,1000,0.05,1,79.8798798798799,15.015015015015,3.2032032032032,1.5015015015015,0.4004004004004
"2",134,0.1,0.1,0,1000,0.05,2,79.8798798798799,15.015015015015,3.2032032032032,1.5015015015015,0.4004004004004
"3",134,0.1,0.1,0,1000,0.05,3,21.2212212212212,21.3213213213213,18.5185185185185,18.7187187187187,20.2202202202202
