"","nvar","r","d","het","iter","alpha","strategy","p1","p2","p3","p4","p5"
"1",56,0.6,0.3,0,1000,0.05,1,66.9950738916256,12.6847290640394,8.99014778325123,5.91133004926108,4.67980295566502
"2",56,0.6,0.3,0,1000,0.05,2,66.9950738916256,12.6847290640394,8.99014778325123,5.91133004926108,4.67980295566502
"3",56,0.6,0.3,0,1000,0.05,3,27.8325123152709,19.4581280788177,17.487684729064,18.3497536945813,16.5024630541872
