"","nvar","r","d","het","iter","alpha","strategy","p1","p2","p3","p4","p5"
"1",58,0.5,0.3,0,1000,0.05,1,69.9771689497717,13.1278538812785,7.07762557077625,4.68036529680365,3.99543378995434
"2",58,0.5,0.3,0,1000,0.05,2,69.9771689497717,13.1278538812785,7.07762557077625,4.68036529680365,3.99543378995434
"3",58,0.5,0.3,0,1000,0.05,3,31.0502283105023,19.0639269406393,16.7808219178082,17.5799086757991,15.296803652968
