"","nvar","r","d","het","iter","alpha","strategy","p1","p2","p3","p4","p5"
"1",130,0.1,0.1,0,1000,0.05,1,81.9639278557114,12.3246492985972,4.30861723446894,0.901803607214429,0.501002004008016
"2",130,0.1,0.1,0,1000,0.05,2,81.9639278557114,12.3246492985972,4.30861723446894,0.901803607214429,0.501002004008016
"3",130,0.1,0.1,0,1000,0.05,3,22.7454909819639,19.939879759519,19.6392785571142,19.0380761523046,18.6372745490982
