"","nvar","r","d","het","iter","alpha","strategy","p1","p2","p3","p4","p5"
"1",16,0.1,0.2,0,1000,0.05,1,56.8434032059186,18.3723797780518,11.0974106041924,7.89149198520345,5.79531442663379
"2",16,0.1,0.2,0,1000,0.05,2,56.8434032059186,18.3723797780518,11.0974106041924,7.89149198520345,5.79531442663379
"3",16,0.1,0.2,0,1000,0.05,3,30.4562268803946,20.4685573366215,15.2897657213317,17.2626387176326,16.5228113440197
