"","nvar","r","d","het","iter","alpha","strategy","p1","p2","p3","p4","p5"
"1",26,0.7,0.1,0,1000,0.05,1,38.9873417721519,21.2658227848101,13.6708860759494,14.1772151898734,11.8987341772152
"2",26,0.7,0.1,0,1000,0.05,2,38.9873417721519,21.2658227848101,13.6708860759494,14.1772151898734,11.8987341772152
"3",26,0.7,0.1,0,1000,0.05,3,17.2151898734177,16.7088607594937,18.7341772151899,23.2911392405063,24.0506329113924
