"","nvar","r","d","het","iter","alpha","strategy","p1","p2","p3","p4","p5"
"1",62,0.4,0.3,0,1000,0.05,1,77.0139634801289,10.9559613319012,5.37056928034372,3.11493018259936,2.79269602577873
"2",62,0.4,0.3,0,1000,0.05,2,77.0139634801289,10.9559613319012,5.37056928034372,3.11493018259936,2.79269602577873
"3",62,0.4,0.3,0,1000,0.05,3,36.4124597207304,17.937701396348,17.937701396348,13.2116004296455,14.500537056928
