"","nvar","r","d","het","iter","alpha","strategy","p1","p2","p3","p4","p5"
"1",28,0.4,0.1,0,1000,0.05,1,44.7166921898928,22.9709035222052,13.4762633996937,9.18836140888208,9.64777947932619
"2",28,0.4,0.1,0,1000,0.05,2,44.7166921898928,22.9709035222052,13.4762633996937,9.18836140888208,9.64777947932619
"3",28,0.4,0.1,0,1000,0.05,3,20.2143950995406,23.4303215926493,17.457886676876,18.989280245023,19.9081163859112
