"","nvar","r","d","het","iter","alpha","strategy","p1","p2","p3","p4","p5"
"1",14,0.8,0.2,0,1000,0.05,1,49.6042216358839,19.7889182058047,12.9287598944591,11.3456464379947,6.33245382585752
"2",14,0.8,0.2,0,1000,0.05,2,49.6042216358839,19.7889182058047,12.9287598944591,11.3456464379947,6.33245382585752
"3",14,0.8,0.2,0,1000,0.05,3,25.8575197889182,18.9973614775726,14.5118733509235,21.1081794195251,19.5250659630607
