"","nvar","r","d","het","iter","alpha","strategy","p1","p2","p3","p4","p5"
"1",74,0.5,0.1,0,1000,0.05,1,46.4146023468057,19.0352020860495,14.7327249022164,11.2125162972621,8.60495436766623
"2",74,0.5,0.1,0,1000,0.05,2,46.4146023468057,19.0352020860495,14.7327249022164,11.2125162972621,8.60495436766623
"3",74,0.5,0.1,0,1000,0.05,3,14.2112125162973,17.7314211212516,20.9908735332464,22.9465449804433,24.1199478487614
