"","nvar","r","d","het","iter","alpha","strategy","p1","p2","p3","p4","p5"
"1",142,0.5,0.3,0,1000,0.05,1,74.468085106383,12.4468085106383,6.27659574468085,3.19148936170213,2.87234042553191
"2",142,0.5,0.3,0,1000,0.05,2,74.468085106383,12.4468085106383,6.27659574468085,3.19148936170213,2.87234042553191
"3",142,0.5,0.3,0,1000,0.05,3,30.531914893617,18.8297872340426,18.5106382978723,16.2765957446809,15.6382978723404
