"","nvar","r","d","het","iter","alpha","strategy","p1","p2","p3","p4","p5"
"1",176,0.6,0.1,0,1000,0.05,1,55.2731893265565,18.0432020330368,10.5463786531131,9.52986022871664,6.60736975857687
"2",176,0.6,0.1,0,1000,0.05,2,55.2731893265565,18.0432020330368,10.5463786531131,9.52986022871664,6.60736975857687
"3",176,0.6,0.1,0,1000,0.05,3,11.9440914866582,17.4078780177891,17.2808132147395,25.5400254129606,27.8271918678526
