"","nvar","r","d","het","iter","alpha","strategy","p1","p2","p3","p4","p5"
"1",50,0.5,0.1,0,1000,0.05,1,43.026706231454,21.6617210682493,12.9080118694362,11.1275964391691,11.2759643916914
"2",50,0.5,0.1,0,1000,0.05,2,43.026706231454,21.6617210682493,12.9080118694362,11.1275964391691,11.2759643916914
"3",50,0.5,0.1,0,1000,0.05,3,15.727002967359,20.4747774480712,19.4362017804154,21.0682492581602,23.2937685459941
