"","nvar","r","d","het","iter","alpha","strategy","p1","p2","p3","p4","p5"
"1",38,0.5,0.2,0,1000,0.05,1,57.2987721691678,17.462482946794,9.6862210095498,9.00409276944066,6.54843110504775
"2",38,0.5,0.2,0,1000,0.05,2,57.2987721691678,17.462482946794,9.6862210095498,9.00409276944066,6.54843110504775
"3",38,0.5,0.2,0,1000,0.05,3,23.055934515689,22.1009549795362,18.1446111869031,19.7817189631651,16.9167803547067
