"","nvar","r","d","het","iter","alpha","strategy","p1","p2","p3","p4","p5"
"1",98,0.6,0.3,0,1000,0.05,1,69.6759259259259,12.3842592592593,7.63888888888889,5.09259259259259,4.51388888888889
"2",98,0.6,0.3,0,1000,0.05,2,69.6759259259259,12.3842592592593,7.63888888888889,5.09259259259259,4.51388888888889
"3",98,0.6,0.3,0,1000,0.05,3,28.9351851851852,17.7083333333333,17.1296296296296,18.1712962962963,17.8240740740741
