"","nvar","r","d","het","iter","alpha","strategy","p1","p2","p3","p4","p5"
"1",106,0.4,0.1,0,1000,0.05,1,54.4652701212789,20.8379272326351,11.3561190738699,8.93054024255788,4.41014332965821
"2",106,0.4,0.1,0,1000,0.05,2,54.4652701212789,20.8379272326351,11.3561190738699,8.93054024255788,4.41014332965821
"3",106,0.4,0.1,0,1000,0.05,3,17.9713340683572,17.4200661521499,20.0661521499449,23.8147739801544,20.7276736493936
