"","nvar","r","d","het","iter","alpha","strategy","p1","p2","p3","p4","p5"
"1",194,0.5,0.3,0,1000,0.05,1,77.995867768595,8.98760330578513,6.30165289256198,3.20247933884297,2.58264462809917
"2",194,0.5,0.3,0,1000,0.05,2,77.995867768595,8.98760330578513,6.30165289256198,3.20247933884297,2.58264462809917
"3",194,0.5,0.3,0,1000,0.05,3,28.5123966942149,18.3884297520661,18.595041322314,17.0454545454545,17.1487603305785
