"","nvar","r","d","het","iter","alpha","strategy","p1","p2","p3","p4","p5"
"1",6,0.7,0.1,0,1000,0.05,1,37.109375,17.578125,18.359375,13.28125,13.671875
"2",6,0.7,0.1,0,1000,0.05,2,37.109375,17.578125,18.359375,13.28125,13.671875
"3",6,0.7,0.1,0,1000,0.05,3,22.265625,15.625,19.53125,21.09375,21.484375
