"","nvar","r","d","het","iter","alpha","strategy","p1","p2","p3","p4","p5"
"1",38,0.5,0.3,0,1000,0.05,1,66.0996354799514,13.1227217496962,8.26245443499393,7.04738760631835,4.73876063183475
"2",38,0.5,0.3,0,1000,0.05,2,66.0996354799514,13.1227217496962,8.26245443499393,7.04738760631835,4.73876063183475
"3",38,0.5,0.3,0,1000,0.05,3,30.7411907654921,18.2260024301337,16.8894289185905,17.6184690157959,16.4034021871203
