"","nvar","r","d","het","iter","alpha","strategy","p1","p2","p3","p4","p5"
"1",80,0.2,0.3,0,1000,0.05,1,86.1167002012072,7.64587525150905,2.51509054325956,1.91146881287726,1.00603621730382
"2",80,0.2,0.3,0,1000,0.05,2,86.1167002012072,7.64587525150905,2.51509054325956,1.91146881287726,1.00603621730382
"3",80,0.2,0.3,0,1000,0.05,3,38.3299798792757,19.4164989939638,16.1971830985916,12.1730382293763,13.682092555332
