"","nvar","r","d","het","iter","alpha","strategy","p1","p2","p3","p4","p5"
"1",196,0.4,0.3,0,1000,0.05,1,82.9441624365482,7.81725888324873,5.17766497461929,1.6243654822335,1.11675126903553
"2",196,0.4,0.3,0,1000,0.05,2,82.9441624365482,7.81725888324873,5.17766497461929,1.6243654822335,1.11675126903553
"3",196,0.4,0.3,0,1000,0.05,3,31.3705583756345,18.0710659898477,18.0710659898477,17.0558375634518,15.2284263959391
