"","nvar","r","d","het","iter","alpha","strategy","p1","p2","p3","p4","p5"
"1",190,0.9,0.1,0,1000,0.05,1,37.2832369942197,19.6531791907514,19.0751445086705,11.849710982659,12.1387283236994
"2",190,0.9,0.1,0,1000,0.05,2,37.2832369942197,19.6531791907514,19.0751445086705,11.849710982659,12.1387283236994
"3",190,0.9,0.1,0,1000,0.05,3,9.82658959537572,12.7167630057803,12.1387283236994,24.8554913294798,40.4624277456647
