"","nvar","r","d","het","iter","alpha","strategy","p1","p2","p3","p4","p5"
"1",104,0.2,0.3,0,1000,0.05,1,87.7877877877878,7.20720720720721,2.3023023023023,1.1011011011011,0.900900900900901
"2",104,0.2,0.3,0,1000,0.05,2,87.7877877877878,7.20720720720721,2.3023023023023,1.1011011011011,0.900900900900901
"3",104,0.2,0.3,0,1000,0.05,3,35.8358358358358,19.019019019019,15.6156156156156,13.1131131131131,16.2162162162162
