"","nvar","r","d","het","iter","alpha","strategy","p1","p2","p3","p4","p5"
"1",80,0.2,0.1,0,1000,0.05,1,61.6649537512847,21.0688591983556,9.04419321685509,5.03597122302158,3.18602261048304
"2",80,0.2,0.1,0,1000,0.05,2,61.6649537512847,21.0688591983556,9.04419321685509,5.03597122302158,3.18602261048304
"3",80,0.2,0.1,0,1000,0.05,3,20.3494347379239,18.6022610483042,20.4522096608428,19.7327852004111,20.863309352518
