"","nvar","r","d","het","iter","alpha","strategy","p1","p2","p3","p4","p5"
"1",84,0.3,0.3,0,1000,0.05,1,81.0783316378433,9.46083418107833,4.47609359104781,2.9501525940997,1.11902339776195
"2",84,0.3,0.3,0,1000,0.05,2,81.0783316378433,9.46083418107833,4.47609359104781,2.9501525940997,1.11902339776195
"3",84,0.3,0.3,0,1000,0.05,3,32.9603255340793,19.8372329603255,14.9542217700916,18.3112919633774,13.7334689725331
