"","nvar","r","d","het","iter","alpha","strategy","p1","p2","p3","p4","p5"
"1",196,0.9,0.2,0,1000,0.05,1,54.646017699115,16.1504424778761,11.5044247787611,11.283185840708,6.41592920353982
"2",196,0.9,0.2,0,1000,0.05,2,54.646017699115,16.1504424778761,11.5044247787611,11.283185840708,6.41592920353982
"3",196,0.9,0.2,0,1000,0.05,3,19.6902654867257,10.6194690265487,17.6991150442478,19.9115044247788,32.0796460176991
