"","nvar","r","d","het","iter","alpha","strategy","p1","p2","p3","p4","p5"
"1",172,0.4,0.2,0,1000,0.05,1,77.19836400818,12.1676891615542,6.33946830265849,2.45398773006135,1.6359918200409
"2",172,0.4,0.2,0,1000,0.05,2,77.19836400818,12.1676891615542,6.33946830265849,2.45398773006135,1.6359918200409
"3",172,0.4,0.2,0,1000,0.05,3,26.9938650306748,17.3824130879346,19.5296523517382,18.9161554192229,17.1779141104294
