"","nvar","r","d","het","iter","alpha","strategy","p1","p2","p3","p4","p5"
"1",132,0.3,0.3,0,1000,0.05,1,84.4064386317907,8.85311871227364,3.31991951710262,1.30784708249497,0.804828973843058
"2",132,0.3,0.3,0,1000,0.05,2,84.4064386317907,8.85311871227364,3.31991951710262,1.30784708249497,0.804828973843058
"3",132,0.3,0.3,0,1000,0.05,3,31.58953722334,18.5110663983903,16.4989939637827,18.9134808853119,14.2857142857143
