"","nvar","r","d","het","iter","alpha","strategy","p1","p2","p3","p4","p5"
"1",192,0.6,0.2,0,1000,0.05,1,63.9714625445898,14.5065398335315,9.3935790725327,6.18311533888228,5.82639714625446
"2",192,0.6,0.2,0,1000,0.05,2,63.9714625445898,14.5065398335315,9.3935790725327,6.18311533888228,5.82639714625446
"3",192,0.6,0.2,0,1000,0.05,3,18.0737217598098,18.9060642092747,20.6896551724138,20.5707491082045,21.7598097502973
