"","nvar","r","d","het","iter","alpha","strategy","p1","p2","p3","p4","p5"
"1",188,0.3,0.2,0,1000,0.05,1,83.0150753768844,11.0552763819095,3.81909547738693,1.50753768844221,0.603015075376884
"2",188,0.3,0.2,0,1000,0.05,2,83.0150753768844,11.0552763819095,3.81909547738693,1.50753768844221,0.603015075376884
"3",188,0.3,0.2,0,1000,0.05,3,25.7286432160804,18.6934673366834,18.9949748743719,18.5929648241206,17.9899497487437
