"","nvar","r","d","het","iter","alpha","strategy","p1","p2","p3","p4","p5"
"1",98,0.4,0.3,0,1000,0.05,1,79.1752577319588,9.07216494845361,5.56701030927835,2.88659793814433,2.88659793814433
"2",98,0.4,0.3,0,1000,0.05,2,79.1752577319588,9.07216494845361,5.56701030927835,2.88659793814433,2.88659793814433
"3",98,0.4,0.3,0,1000,0.05,3,33.4020618556701,20.3092783505155,16.2886597938144,14.4329896907216,15.360824742268
