"","nvar","r","d","het","iter","alpha","strategy","p1","p2","p3","p4","p5"
"1",52,0.5,0.1,0,1000,0.05,1,44.7075208913649,19.2200557103064,16.016713091922,9.88857938718663,10.1671309192201
"2",52,0.5,0.1,0,1000,0.05,2,44.7075208913649,19.2200557103064,16.016713091922,9.88857938718663,10.1671309192201
"3",52,0.5,0.1,0,1000,0.05,3,14.2061281337047,18.3844011142061,22.8412256267409,22.1448467966574,22.4233983286908
