"","nvar","r","d","het","iter","alpha","strategy","p1","p2","p3","p4","p5"
"1",8,0,0.3,0,1000,0.05,1,62.9861982434128,14.6800501882058,8.65746549560853,8.03011292346299,5.26976160602258
"2",8,0,0.3,0,1000,0.05,2,62.9861982434128,14.6800501882058,8.65746549560853,8.03011292346299,5.26976160602258
"3",8,0,0.3,0,1000,0.05,3,42.4090338770389,18.5696361355082,13.9272271016311,14.6800501882058,10.4140526976161
