"","nvar","r","d","het","iter","alpha","strategy","p1","p2","p3","p4","p5"
"1",152,0.9,0.1,0,1000,0.05,1,40.8695652173913,17.1014492753623,17.3913043478261,12.7536231884058,11.8840579710145
"2",152,0.9,0.1,0,1000,0.05,2,40.8695652173913,17.1014492753623,17.3913043478261,12.7536231884058,11.8840579710145
"3",152,0.9,0.1,0,1000,0.05,3,10.4347826086957,10.7246376811594,16.5217391304348,25.7971014492754,36.5217391304348
