"","nvar","r","d","het","iter","alpha","strategy","p1","p2","p3","p4","p5"
"1",40,0.9,0.1,0,1000,0.05,1,37.4501992031873,19.1235059760956,19.1235059760956,14.7410358565737,9.56175298804781
"2",40,0.9,0.1,0,1000,0.05,2,37.4501992031873,19.1235059760956,19.1235059760956,14.7410358565737,9.56175298804781
"3",40,0.9,0.1,0,1000,0.05,3,12.3505976095618,10.3585657370518,19.9203187250996,28.6852589641434,28.6852589641434
