"","nvar","r","d","het","iter","alpha","strategy","p1","p2","p3","p4","p5"
"1",86,0.4,0.2,0,1000,0.05,1,67.2907488986784,15.4185022026432,8.37004405286344,5.2863436123348,3.52422907488987
"2",86,0.4,0.2,0,1000,0.05,2,67.2907488986784,15.4185022026432,8.37004405286344,5.2863436123348,3.52422907488987
"3",86,0.4,0.2,0,1000,0.05,3,24.5594713656388,18.8325991189427,21.3656387665198,15.6387665198238,19.6035242290749
