"","nvar","r","d","het","iter","alpha","strategy","p1","p2","p3","p4","p5"
"1",142,0.4,0.1,0,1000,0.05,1,61.7492096944152,17.0706006322445,10.2212855637513,7.58693361433088,3.37197049525817
"2",142,0.4,0.1,0,1000,0.05,2,61.7492096944152,17.0706006322445,10.2212855637513,7.58693361433088,3.37197049525817
"3",142,0.4,0.1,0,1000,0.05,3,17.7028451001054,18.4404636459431,20.0210748155954,21.8124341412013,22.0231822971549
