"","nvar","r","d","het","iter","alpha","strategy","p1","p2","p3","p4","p5"
"1",60,0.3,0.3,0,1000,0.05,1,77.8586278586279,10.6029106029106,5.50935550935551,2.80665280665281,2.39085239085239
"2",60,0.3,0.3,0,1000,0.05,2,77.8586278586279,10.6029106029106,5.50935550935551,2.80665280665281,2.39085239085239
"3",60,0.3,0.3,0,1000,0.05,3,34.3035343035343,20.0623700623701,14.3451143451143,15.6964656964657,15.2806652806653
