"","nvar","r","d","het","iter","alpha","strategy","p1","p2","p3","p4","p5"
"1",10,0.1,0.1,0,1000,0.05,1,35.0701402805611,22.8456913827655,14.6292585170341,12.625250501002,14.8296593186373
"2",10,0.1,0.1,0,1000,0.05,2,35.0701402805611,22.8456913827655,14.6292585170341,12.625250501002,14.8296593186373
"3",10,0.1,0.1,0,1000,0.05,3,23.2464929859719,21.6432865731463,16.6332665330661,15.8316633266533,22.6452905811623
