"","nvar","r","d","het","iter","alpha","strategy","p1","p2","p3","p4","p5"
"1",90,0.7,0.3,0,1000,0.05,1,65.5126498002663,13.5818908122503,6.92410119840213,6.39147802929427,5.99201065246338
"2",90,0.7,0.3,0,1000,0.05,2,65.5126498002663,13.5818908122503,6.92410119840213,6.39147802929427,5.99201065246338
"3",90,0.7,0.3,0,1000,0.05,3,27.6964047936085,15.9786950732357,15.9786950732357,17.1770972037284,22.103861517976
