"","nvar","r","d","het","iter","alpha","strategy","p1","p2","p3","p4","p5"
"1",40,0.1,0.3,0,1000,0.05,1,82.1428571428571,10.1020408163265,3.46938775510204,1.73469387755102,1.63265306122449
"2",40,0.1,0.3,0,1000,0.05,2,82.1428571428571,10.1020408163265,3.46938775510204,1.73469387755102,1.63265306122449
"3",40,0.1,0.3,0,1000,0.05,3,38.265306122449,20,14.3877551020408,14.5918367346939,12.4489795918367
