"","nvar","r","d","het","iter","alpha","strategy","p1","p2","p3","p4","p5"
"1",76,0.7,0.1,0,1000,0.05,1,40.3478260869565,22.9565217391304,12.8695652173913,13.2173913043478,10.6086956521739
"2",76,0.7,0.1,0,1000,0.05,2,40.3478260869565,22.9565217391304,12.8695652173913,13.2173913043478,10.6086956521739
"3",76,0.7,0.1,0,1000,0.05,3,12.1739130434783,15.6521739130435,18.2608695652174,25.7391304347826,28.1739130434783
