"","nvar","r","d","het","iter","alpha","strategy","p1","p2","p3","p4","p5"
"1",60,0.4,0.2,0,1000,0.05,1,62.3863636363636,17.1590909090909,8.97727272727273,5.79545454545454,5.68181818181818
"2",60,0.4,0.2,0,1000,0.05,2,62.3863636363636,17.1590909090909,8.97727272727273,5.79545454545454,5.68181818181818
"3",60,0.4,0.2,0,1000,0.05,3,24.6590909090909,18.9772727272727,18.2954545454545,17.6136363636364,20.4545454545455
