"","nvar","r","d","het","iter","alpha","strategy","p1","p2","p3","p4","p5"
"1",184,0.6,0.1,0,1000,0.05,1,48.1761006289308,18.4905660377358,14.7169811320755,9.81132075471698,8.80503144654088
"2",184,0.6,0.1,0,1000,0.05,2,48.1761006289308,18.4905660377358,14.7169811320755,9.81132075471698,8.80503144654088
"3",184,0.6,0.1,0,1000,0.05,3,12.4528301886792,15.0943396226415,22.2641509433962,23.7735849056604,26.4150943396226
