"","nvar","r","d","het","iter","alpha","strategy","p1","p2","p3","p4","p5"
"1",88,0.4,0.2,0,1000,0.05,1,65.948275862069,16.2715517241379,7.86637931034483,6.25,3.66379310344828
"2",88,0.4,0.2,0,1000,0.05,2,65.948275862069,16.2715517241379,7.86637931034483,6.25,3.66379310344828
"3",88,0.4,0.2,0,1000,0.05,3,22.4137931034483,19.7198275862069,20.2586206896552,20.1508620689655,17.4568965517241
