"","nvar","r","d","het","iter","alpha","strategy","p1","p2","p3","p4","p5"
"1",142,0.3,0.3,0,1000,0.05,1,86.2449799196787,7.2289156626506,2.51004016064257,1.40562248995984,1.40562248995984
"2",142,0.3,0.3,0,1000,0.05,2,86.2449799196787,7.2289156626506,2.51004016064257,1.40562248995984,1.40562248995984
"3",142,0.3,0.3,0,1000,0.05,3,31.8273092369478,19.9799196787149,17.4698795180723,16.2650602409639,14.1566265060241
