"","nvar","r","d","het","iter","alpha","strategy","p1","p2","p3","p4","p5"
"1",92,0.9,0.1,0,1000,0.05,1,31.0810810810811,19.2567567567568,14.527027027027,19.5945945945946,15.5405405405405
"2",92,0.9,0.1,0,1000,0.05,2,31.0810810810811,19.2567567567568,14.527027027027,19.5945945945946,15.5405405405405
"3",92,0.9,0.1,0,1000,0.05,3,9.7972972972973,8.44594594594595,15.2027027027027,29.054054054054,37.5
