"","nvar","r","d","het","iter","alpha","strategy","p1","p2","p3","p4","p5"
"1",60,0.9,0.2,0,1000,0.05,1,50.78125,17.96875,12.7604166666667,8.85416666666667,9.63541666666667
"2",60,0.9,0.2,0,1000,0.05,2,50.78125,17.96875,12.7604166666667,8.85416666666667,9.63541666666667
"3",60,0.9,0.2,0,1000,0.05,3,21.875,12.5,13.5416666666667,21.6145833333333,30.46875
