"","nvar","r","d","het","iter","alpha","strategy","p1","p2","p3","p4","p5"
"1",178,0.3,0.3,0,1000,0.05,1,89.2678034102307,7.02106318956871,2.00601805416249,0.501504513540622,0.200601805416249
"2",178,0.3,0.3,0,1000,0.05,2,89.2678034102307,7.02106318956871,2.00601805416249,0.501504513540622,0.200601805416249
"3",178,0.3,0.3,0,1000,0.05,3,30.9929789368104,19.7592778335005,16.950852557673,17.1514543630893,14.8445336008024
