"","nvar","r","d","het","iter","alpha","strategy","p1","p2","p3","p4","p5"
"1",72,0.8,0.2,0,1000,0.05,1,50.1901140684411,16.7300380228137,13.4980988593156,10.6463878326996,8.93536121673004
"2",72,0.8,0.2,0,1000,0.05,2,50.1901140684411,16.7300380228137,13.4980988593156,10.6463878326996,8.93536121673004
"3",72,0.8,0.2,0,1000,0.05,3,15.3992395437262,13.4980988593156,17.680608365019,24.1444866920152,29.277566539924
