"","nvar","r","d","het","iter","alpha","strategy","p1","p2","p3","p4","p5"
"1",74,0,0.3,0,1000,0.05,1,95.1951951951952,2.9029029029029,0.4004004004004,0.2002002002002,0.1001001001001
"2",74,0,0.3,0,1000,0.05,2,95.1951951951952,2.9029029029029,0.4004004004004,0.2002002002002,0.1001001001001
"3",74,0,0.3,0,1000,0.05,3,41.4414414414414,18.4184184184184,13.2132132132132,13.1131131131131,13.6136136136136
