"","nvar","r","d","het","iter","alpha","strategy","p1","p2","p3","p4","p5"
"1",46,0.7,0.1,0,1000,0.05,1,42.2505307855626,18.0467091295117,13.8004246284501,14.8619957537155,11.0403397027601
"2",46,0.7,0.1,0,1000,0.05,2,42.2505307855626,18.0467091295117,13.8004246284501,14.8619957537155,11.0403397027601
"3",46,0.7,0.1,0,1000,0.05,3,13.1634819532909,16.7728237791932,21.2314225053079,23.3545647558386,25.4777070063694
