"","nvar","r","d","het","iter","alpha","strategy","p1","p2","p3","p4","p5"
"1",78,0.8,0.2,0,1000,0.05,1,50.093808630394,20.0750469043152,10.3189493433396,10.1313320825516,9.00562851782364
"2",78,0.8,0.2,0,1000,0.05,2,50.093808630394,20.0750469043152,10.3189493433396,10.1313320825516,9.00562851782364
"3",78,0.8,0.2,0,1000,0.05,3,20.2626641651032,14.2589118198874,17.4484052532833,19.8874296435272,28.1425891181989
