"","nvar","r","d","het","iter","alpha","strategy","p1","p2","p3","p4","p5"
"1",24,0.3,0.1,0,1000,0.05,1,43.2551319648094,21.4076246334311,15.5425219941349,10.8504398826979,8.94428152492669
"2",24,0.3,0.1,0,1000,0.05,2,43.2551319648094,21.4076246334311,15.5425219941349,10.8504398826979,8.94428152492669
"3",24,0.3,0.1,0,1000,0.05,3,19.941348973607,20.2346041055718,20.9677419354839,18.475073313783,20.3812316715543
