"","nvar","r","d","het","iter","alpha","strategy","p1","p2","p3","p4","p5"
"1",196,0.4,0.1,0,1000,0.05,1,63.7385086823289,18.8968335035751,8.78447395301328,5.41368743615935,3.16649642492339
"2",196,0.4,0.1,0,1000,0.05,2,63.7385086823289,18.8968335035751,8.78447395301328,5.41368743615935,3.16649642492339
"3",196,0.4,0.1,0,1000,0.05,3,15.6281920326864,19.8161389172625,21.7568947906027,20.6332992849847,22.1654749744637
