"","nvar","r","d","het","iter","alpha","strategy","p1","p2","p3","p4","p5"
"1",60,0.8,0.2,0,1000,0.05,1,49.7131931166348,17.208413001912,14.7227533460803,9.94263862332696,8.41300191204589
"2",60,0.8,0.2,0,1000,0.05,2,49.7131931166348,17.208413001912,14.7227533460803,9.94263862332696,8.41300191204589
"3",60,0.8,0.2,0,1000,0.05,3,21.0325047801147,15.678776290631,19.1204588910134,20.8413001912046,23.3269598470363
