"","nvar","r","d","het","iter","alpha","strategy","p1","p2","p3","p4","p5"
"1",16,0.6,0.2,0,1000,0.05,1,53.0075187969925,16.5413533834586,13.9097744360902,9.21052631578947,7.33082706766917
"2",16,0.6,0.2,0,1000,0.05,2,53.0075187969925,16.5413533834586,13.9097744360902,9.21052631578947,7.33082706766917
"3",16,0.6,0.2,0,1000,0.05,3,27.8195488721804,19.9248120300752,18.0451127819549,17.1052631578947,17.1052631578947
