"","nvar","r","d","het","iter","alpha","strategy","p1","p2","p3","p4","p5"
"1",92,0.3,0.2,0,1000,0.05,1,72.1936148300721,14.8300720906282,7.31204943357363,3.50154479917611,1.956745623069
"2",92,0.3,0.2,0,1000,0.05,2,72.1936148300721,14.8300720906282,7.31204943357363,3.50154479917611,1.956745623069
"3",92,0.3,0.2,0,1000,0.05,3,25.9526261585994,20.7003089598352,20.1853759011329,16.3748712667353,16.7868177136972
