"","nvar","r","d","het","iter","alpha","strategy","p1","p2","p3","p4","p5"
"1",136,0.4,0.2,0,1000,0.05,1,71.7549325025961,14.2263759086189,6.74974039460021,4.56905503634476,2.49221183800623
"2",136,0.4,0.2,0,1000,0.05,2,71.7549325025961,14.2263759086189,6.74974039460021,4.56905503634476,2.49221183800623
"3",136,0.4,0.2,0,1000,0.05,3,22.4299065420561,19.730010384216,19.6261682242991,19.5223260643821,18.6915887850467
