"","nvar","r","d","het","iter","alpha","strategy","p1","p2","p3","p4","p5"
"1",138,0.6,0.2,0,1000,0.05,1,60.6134969325153,15.9509202453988,9.69325153374233,7.85276073619632,5.88957055214724
"2",138,0.6,0.2,0,1000,0.05,2,60.6134969325153,15.9509202453988,9.69325153374233,7.85276073619632,5.88957055214724
"3",138,0.6,0.2,0,1000,0.05,3,19.3865030674847,16.0736196319018,19.7546012269939,21.840490797546,22.9447852760736
