"","nvar","r","d","het","iter","alpha","strategy","p1","p2","p3","p4","p5"
"1",24,0.7,0.2,0,1000,0.05,1,52.165725047081,16.9491525423729,12.6177024482109,11.1111111111111,7.1563088512241
"2",24,0.7,0.2,0,1000,0.05,2,52.165725047081,16.9491525423729,12.6177024482109,11.1111111111111,7.1563088512241
"3",24,0.7,0.2,0,1000,0.05,3,22.2222222222222,19.774011299435,17.7024482109228,21.2806026365348,19.0207156308851
