"","nvar","r","d","het","iter","alpha","strategy","p1","p2","p3","p4","p5"
"1",118,0.2,0.1,0,1000,0.05,1,71.2550607287449,18.5222672064777,6.17408906882591,3.03643724696356,1.01214574898785
"2",118,0.2,0.1,0,1000,0.05,2,71.2550607287449,18.5222672064777,6.17408906882591,3.03643724696356,1.01214574898785
"3",118,0.2,0.1,0,1000,0.05,3,20.8502024291498,18.4210526315789,22.8744939271255,18.7246963562753,19.1295546558704
