"","nvar","r","d","het","iter","alpha","strategy","p1","p2","p3","p4","p5"
"1",86,0.7,0.2,0,1000,0.05,1,53.2233883058471,17.9910044977511,14.8425787106447,7.19640179910045,6.74662668665667
"2",86,0.7,0.2,0,1000,0.05,2,53.2233883058471,17.9910044977511,14.8425787106447,7.19640179910045,6.74662668665667
"3",86,0.7,0.2,0,1000,0.05,3,20.6896551724138,17.6911544227886,22.1889055472264,16.0419790104948,23.3883058470765
