"","nvar","r","d","het","iter","alpha","strategy","p1","p2","p3","p4","p5"
"1",104,0.7,0.2,0,1000,0.05,1,56.2408223201175,16.0058737151248,13.0690161527166,7.48898678414097,7.04845814977974
"2",104,0.7,0.2,0,1000,0.05,2,56.2408223201175,16.0058737151248,13.0690161527166,7.48898678414097,7.04845814977974
"3",104,0.7,0.2,0,1000,0.05,3,18.7958883994126,17.4743024963289,20.8516886930984,17.6211453744493,25.2569750367107
