"","nvar","r","d","het","iter","alpha","strategy","p1","p2","p3","p4","p5"
"1",44,0.9,0.2,0,1000,0.05,1,46.7191601049869,15.4855643044619,14.1732283464567,12.8608923884514,10.761154855643
"2",44,0.9,0.2,0,1000,0.05,2,46.7191601049869,15.4855643044619,14.1732283464567,12.8608923884514,10.761154855643
"3",44,0.9,0.2,0,1000,0.05,3,21.7847769028871,11.8110236220472,18.3727034120735,19.9475065616798,28.0839895013123
