"","nvar","r","d","het","iter","alpha","strategy","p1","p2","p3","p4","p5"
"1",136,0.9,0.1,0,1000,0.05,1,35.973597359736,19.8019801980198,16.5016501650165,15.1815181518152,12.5412541254125
"2",136,0.9,0.1,0,1000,0.05,2,35.973597359736,19.8019801980198,16.5016501650165,15.1815181518152,12.5412541254125
"3",136,0.9,0.1,0,1000,0.05,3,8.25082508250825,7.59075907590759,19.8019801980198,25.0825082508251,39.2739273927393
