"","nvar","r","d","het","iter","alpha","strategy","p1","p2","p3","p4","p5"
"1",70,0.3,0.1,0,1000,0.05,1,55.7522123893805,19.0265486725664,12.3893805309735,7.52212389380531,5.30973451327434
"2",70,0.3,0.1,0,1000,0.05,2,55.7522123893805,19.0265486725664,12.3893805309735,7.52212389380531,5.30973451327434
"3",70,0.3,0.1,0,1000,0.05,3,21.9026548672566,18.2522123893805,17.146017699115,22.4557522123894,20.2433628318584
