"","nvar","r","d","het","iter","alpha","strategy","p1","p2","p3","p4","p5"
"1",28,0.5,0.2,0,1000,0.05,1,58.5434173669468,16.1064425770308,12.1848739495798,7.14285714285714,6.02240896358543
"2",28,0.5,0.2,0,1000,0.05,2,58.5434173669468,16.1064425770308,12.1848739495798,7.14285714285714,6.02240896358543
"3",28,0.5,0.2,0,1000,0.05,3,27.03081232493,17.7871148459384,19.4677871148459,17.6470588235294,18.0672268907563
