"","nvar","r","d","het","iter","alpha","strategy","p1","p2","p3","p4","p5"
"1",86,0.6,0.3,0,1000,0.05,1,71.0743801652893,11.5702479338843,7.31995277449823,4.36835891381346,4.60448642266824
"2",86,0.6,0.3,0,1000,0.05,2,71.0743801652893,11.5702479338843,7.31995277449823,4.36835891381346,4.60448642266824
"3",86,0.6,0.3,0,1000,0.05,3,32.1133412042503,16.5289256198347,17.9456906729634,16.0566706021251,17.0011806375443
