"","nvar","r","d","het","iter","alpha","strategy","p1","p2","p3","p4","p5"
"1",24,0.6,0.1,0,1000,0.05,1,41.7582417582418,16.2637362637363,16.4835164835165,12.967032967033,12.5274725274725
"2",24,0.6,0.1,0,1000,0.05,2,41.7582417582418,16.2637362637363,16.4835164835165,12.967032967033,12.5274725274725
"3",24,0.6,0.1,0,1000,0.05,3,16.2637362637363,14.9450549450549,22.6373626373626,24.3956043956044,21.7582417582418
