"","nvar","r","d","het","iter","alpha","strategy","p1","p2","p3","p4","p5"
"1",120,0.2,0.3,0,1000,0.05,1,89.9699097291876,5.81745235707121,1.90571715145436,1.00300902708124,0.300902708124373
"2",120,0.2,0.3,0,1000,0.05,2,89.9699097291876,5.81745235707121,1.90571715145436,1.00300902708124,0.300902708124373
"3",120,0.2,0.3,0,1000,0.05,3,37.6128385155466,18.1544633901705,17.0511534603811,13.6409227683049,13.5406218655968
