"","nvar","r","d","het","iter","alpha","strategy","p1","p2","p3","p4","p5"
"1",198,0.2,0.1,0,1000,0.05,1,82.4473420260782,12.8385155466399,3.41023069207623,1.20361083249749,0.100300902708124
"2",198,0.2,0.1,0,1000,0.05,2,82.4473420260782,12.8385155466399,3.41023069207623,1.20361083249749,0.100300902708124
"3",198,0.2,0.1,0,1000,0.05,3,18.3550651955868,20.160481444333,20.3610832497492,20.962888665998,20.160481444333
