"","nvar","r","d","het","iter","alpha","strategy","p1","p2","p3","p4","p5"
"1",106,0.2,0.1,0,1000,0.05,1,71.2550607287449,17.004048582996,8.19838056680162,2.02429149797571,1.51821862348178
"2",106,0.2,0.1,0,1000,0.05,2,71.2550607287449,17.004048582996,8.19838056680162,2.02429149797571,1.51821862348178
"3",106,0.2,0.1,0,1000,0.05,3,22.6720647773279,19.4331983805668,22.4696356275304,16.9028340080972,18.5222672064777
