"","nvar","r","d","het","iter","alpha","strategy","p1","p2","p3","p4","p5"
"1",8,0.3,0.3,0,1000,0.05,1,60.6060606060606,16.3059163059163,9.66810966810967,6.92640692640693,5.91630591630592
"2",8,0.3,0.3,0,1000,0.05,2,60.6060606060606,16.3059163059163,9.66810966810967,6.92640692640693,5.91630591630592
"3",8,0.3,0.3,0,1000,0.05,3,40.1154401154401,19.6248196248196,13.2756132756133,14.8629148629149,11.8326118326118
