"","nvar","r","d","het","iter","alpha","strategy","p1","p2","p3","p4","p5"
"1",16,0.6,0.3,0,1000,0.05,1,60.9756097560976,14.1768292682927,10.0609756097561,6.85975609756098,6.85975609756098
"2",16,0.6,0.3,0,1000,0.05,2,60.9756097560976,14.1768292682927,10.0609756097561,6.85975609756098,6.85975609756098
"3",16,0.6,0.3,0,1000,0.05,3,35.5182926829268,17.530487804878,14.4817073170732,15.3963414634146,16.6158536585366
