"","nvar","r","d","het","iter","alpha","strategy","p1","p2","p3","p4","p5"
"1",60,0.4,0.3,0,1000,0.05,1,72.885032537961,11.3882863340564,6.941431670282,4.55531453362256,3.14533622559653
"2",60,0.4,0.3,0,1000,0.05,2,72.885032537961,11.3882863340564,6.941431670282,4.55531453362256,3.14533622559653
"3",60,0.4,0.3,0,1000,0.05,3,31.9956616052061,18.5466377440347,16.1605206073753,16.5943600867679,16.4859002169197
