"","nvar","r","d","het","iter","alpha","strategy","p1","p2","p3","p4","p5"
"1",6,0.9,0.2,0,1000,0.05,1,48.5294117647059,17.6470588235294,14.7058823529412,11.7647058823529,7.35294117647059
"2",6,0.9,0.2,0,1000,0.05,2,48.5294117647059,17.6470588235294,14.7058823529412,11.7647058823529,7.35294117647059
"3",6,0.9,0.2,0,1000,0.05,3,31.25,16.5441176470588,18.75,19.8529411764706,13.6029411764706
