"","nvar","r","d","het","iter","alpha","strategy","p1","p2","p3","p4","p5"
"1",90,0.9,0.2,0,1000,0.05,1,51.1520737327189,18.2027649769585,9.67741935483871,11.7511520737327,9.21658986175115
"2",90,0.9,0.2,0,1000,0.05,2,51.1520737327189,18.2027649769585,9.67741935483871,11.7511520737327,9.21658986175115
"3",90,0.9,0.2,0,1000,0.05,3,21.4285714285714,12.6728110599078,16.5898617511521,20.5069124423963,28.8018433179723
