"","nvar","r","d","het","iter","alpha","strategy","p1","p2","p3","p4","p5"
"1",100,0.6,0.3,0,1000,0.05,1,70.4046242774566,13.2947976878613,7.51445086705202,4.27745664739884,3.23699421965318
"2",100,0.6,0.3,0,1000,0.05,2,70.4046242774566,13.2947976878613,7.51445086705202,4.27745664739884,3.23699421965318
"3",100,0.6,0.3,0,1000,0.05,3,29.9421965317919,18.9595375722543,16.9942196531792,15.9537572254335,17.6878612716763
