"","nvar","r","d","het","iter","alpha","strategy","p1","p2","p3","p4","p5"
"1",132,0.4,0.2,0,1000,0.05,1,70.6735751295337,14.5077720207254,7.87564766839378,4.24870466321244,2.59067357512953
"2",132,0.4,0.2,0,1000,0.05,2,70.6735751295337,14.5077720207254,7.87564766839378,4.24870466321244,2.59067357512953
"3",132,0.4,0.2,0,1000,0.05,3,22.9015544041451,19.1709844559585,17.720207253886,20.9326424870466,19.2746113989637
