"","nvar","r","d","het","iter","alpha","strategy","p1","p2","p3","p4","p5"
"1",132,0.2,0.3,0,1000,0.05,1,90.5717151454363,5.81745235707121,1.70511534603811,0.702106318956871,0.100300902708124
"2",132,0.2,0.3,0,1000,0.05,2,90.5717151454363,5.81745235707121,1.70511534603811,0.702106318956871,0.100300902708124
"3",132,0.2,0.3,0,1000,0.05,3,37.5125376128385,20.160481444333,15.1454363089268,15.2457372116349,11.8355065195587
