"","nvar","r","d","het","iter","alpha","strategy","p1","p2","p3","p4","p5"
"1",4,0.4,0.2,0,1000,0.05,1,50,18.0203045685279,11.6751269035533,10.6598984771574,9.64467005076142
"2",4,0.4,0.2,0,1000,0.05,2,50,18.0203045685279,11.6751269035533,10.6598984771574,9.64467005076142
"3",4,0.4,0.2,0,1000,0.05,3,40.3553299492386,17.005076142132,14.7208121827411,13.9593908629442,13.9593908629442
