"","nvar","r","d","het","iter","alpha","strategy","p1","p2","p3","p4","p5"
"1",104,0.8,0.2,0,1000,0.05,1,53.9449541284404,17.2477064220184,13.2110091743119,8.07339449541285,7.52293577981651
"2",104,0.8,0.2,0,1000,0.05,2,53.9449541284404,17.2477064220184,13.2110091743119,8.07339449541285,7.52293577981651
"3",104,0.8,0.2,0,1000,0.05,3,18.348623853211,15.045871559633,20,22.3853211009174,24.2201834862385
