"","nvar","r","d","het","iter","alpha","strategy","p1","p2","p3","p4","p5"
"1",26,0.2,0.2,0,1000,0.05,1,60.0472813238771,16.3120567375887,11.2293144208038,6.73758865248227,5.55555555555556
"2",26,0.2,0.2,0,1000,0.05,2,60.0472813238771,16.3120567375887,11.2293144208038,6.73758865248227,5.55555555555556
"3",26,0.2,0.2,0,1000,0.05,3,28.2505910165485,18.6761229314421,17.966903073286,15.839243498818,19.2671394799054
