"","nvar","r","d","het","iter","alpha","strategy","p1","p2","p3","p4","p5"
"1",116,0.5,0.3,0,1000,0.05,1,74.2004264392324,12.4733475479744,6.39658848614073,4.26439232409382,2.13219616204691
"2",116,0.5,0.3,0,1000,0.05,2,74.2004264392324,12.4733475479744,6.39658848614073,4.26439232409382,2.13219616204691
"3",116,0.5,0.3,0,1000,0.05,3,30.0639658848614,16.8443496801706,18.1236673773987,18.3368869936034,16.6311300639659
