"","nvar","r","d","het","iter","alpha","strategy","p1","p2","p3","p4","p5"
"1",108,0.5,0.2,0,1000,0.05,1,63.4506242905789,16.0045402951192,9.19409761634506,6.92395005675369,4.42678774120318
"2",108,0.5,0.2,0,1000,0.05,2,63.4506242905789,16.0045402951192,9.19409761634506,6.92395005675369,4.42678774120318
"3",108,0.5,0.2,0,1000,0.05,3,22.360953461975,20.0908059023837,17.1396140749149,21.4528944381385,18.955732122588
