"","nvar","r","d","het","iter","alpha","strategy","p1","p2","p3","p4","p5"
"1",176,0.4,0.1,0,1000,0.05,1,63.343717549325,18.6915887850467,10.1765316718588,5.08826583592939,2.69989615784008
"2",176,0.4,0.1,0,1000,0.05,2,63.343717549325,18.6915887850467,10.1765316718588,5.08826583592939,2.69989615784008
"3",176,0.4,0.1,0,1000,0.05,3,16.5109034267913,19.1069574247144,20.2492211838006,22.0145379023884,22.1183800623053
