"","nvar","r","d","het","iter","alpha","strategy","p1","p2","p3","p4","p5"
"1",154,0.5,0.3,0,1000,0.05,1,77.5898520084567,8.56236786469345,6.87103594080338,3.59408033826638,2.00845665961945
"2",154,0.5,0.3,0,1000,0.05,2,77.5898520084567,8.56236786469345,6.87103594080338,3.59408033826638,2.00845665961945
"3",154,0.5,0.3,0,1000,0.05,3,31.8181818181818,16.4904862579281,18.816067653277,17.3361522198731,15.2219873150106
