"","nvar","r","d","het","iter","alpha","strategy","p1","p2","p3","p4","p5"
"1",10,0.7,0.2,0,1000,0.05,1,46.1716937354988,18.7935034802784,13.6890951276102,10.6728538283063,10.6728538283063
"2",10,0.7,0.2,0,1000,0.05,2,46.1716937354988,18.7935034802784,13.6890951276102,10.6728538283063,10.6728538283063
"3",10,0.7,0.2,0,1000,0.05,3,24.3619489559165,20.4176334106729,16.7053364269142,18.5614849187935,19.953596287703
