"","nvar","r","d","het","iter","alpha","strategy","p1","p2","p3","p4","p5"
"1",170,0.7,0.2,0,1000,0.05,1,54.7887323943662,17.6056338028169,10.9859154929577,8.02816901408451,8.45070422535211
"2",170,0.7,0.2,0,1000,0.05,2,54.7887323943662,17.6056338028169,10.9859154929577,8.02816901408451,8.45070422535211
"3",170,0.7,0.2,0,1000,0.05,3,17.0422535211268,15.7746478873239,18.3098591549296,23.2394366197183,25.6338028169014
