"","nvar","r","d","het","iter","alpha","strategy","p1","p2","p3","p4","p5"
"1",76,0.6,0.2,0,1000,0.05,1,58.1890812250333,14.91344873502,11.5845539280959,7.32356857523302,7.98934753661784
"2",76,0.6,0.2,0,1000,0.05,2,58.1890812250333,14.91344873502,11.5845539280959,7.32356857523302,7.98934753661784
"3",76,0.6,0.2,0,1000,0.05,3,19.0412782956059,19.0412782956059,19.3075898801598,19.3075898801598,23.3022636484687
