"","nvar","r","d","het","iter","alpha","strategy","p1","p2","p3","p4","p5"
"1",32,0.2,0.3,0,1000,0.05,1,72.9957805907173,12.2362869198312,6.32911392405063,5.06329113924051,2.74261603375527
"2",32,0.2,0.3,0,1000,0.05,2,72.9957805907173,12.2362869198312,6.32911392405063,5.06329113924051,2.74261603375527
"3",32,0.2,0.3,0,1000,0.05,3,35.126582278481,18.1434599156118,14.9789029535865,16.8776371308017,14.7679324894515
