"","nvar","r","d","het","iter","alpha","strategy","p1","p2","p3","p4","p5"
"1",16,0.8,0.1,0,1000,0.05,1,36.6101694915254,21.3559322033898,19.6610169491525,8.8135593220339,13.5593220338983
"2",16,0.8,0.1,0,1000,0.05,2,36.6101694915254,21.3559322033898,19.6610169491525,8.8135593220339,13.5593220338983
"3",16,0.8,0.1,0,1000,0.05,3,13.8983050847458,15.5932203389831,25.7627118644068,17.9661016949153,26.7796610169492
