"","nvar","r","d","het","iter","alpha","strategy","p1","p2","p3","p4","p5"
"1",16,0.4,0.1,0,1000,0.05,1,36.7704280155642,21.011673151751,17.8988326848249,14.2023346303502,10.1167315175097
"2",16,0.4,0.1,0,1000,0.05,2,36.7704280155642,21.011673151751,17.8988326848249,14.2023346303502,10.1167315175097
"3",16,0.4,0.1,0,1000,0.05,3,20.0389105058366,19.6498054474708,22.568093385214,20.0389105058366,17.704280155642
