"","nvar","r","d","het","iter","alpha","strategy","p1","p2","p3","p4","p5"
"1",68,0.3,0.3,0,1000,0.05,1,78.3367556468173,9.85626283367557,5.74948665297741,3.38809034907598,1.84804928131417
"2",68,0.3,0.3,0,1000,0.05,2,78.3367556468173,9.85626283367557,5.74948665297741,3.38809034907598,1.84804928131417
"3",68,0.3,0.3,0,1000,0.05,3,33.0595482546201,20.1232032854209,16.735112936345,16.0164271047228,13.8603696098563
