"","nvar","r","d","het","iter","alpha","strategy","p1","p2","p3","p4","p5"
"1",194,0.3,0.2,0,1000,0.05,1,83.7675350701403,10.7214428857715,3.90781563126252,1.20240480961924,0.400801603206413
"2",194,0.3,0.2,0,1000,0.05,2,83.7675350701403,10.7214428857715,3.90781563126252,1.20240480961924,0.400801603206413
"3",194,0.3,0.2,0,1000,0.05,3,27.4549098196393,19.5390781563126,18.3366733466934,16.7334669338677,17.935871743487
