"","nvar","r","d","het","iter","alpha","strategy","p1","p2","p3","p4","p5"
"1",180,0.6,0.2,0,1000,0.05,1,62.5,14.8364485981308,9.22897196261682,8.52803738317757,4.90654205607477
"2",180,0.6,0.2,0,1000,0.05,2,62.5,14.8364485981308,9.22897196261682,8.52803738317757,4.90654205607477
"3",180,0.6,0.2,0,1000,0.05,3,19.392523364486,17.8738317757009,19.9766355140187,21.9626168224299,20.7943925233645
