"","nvar","r","d","het","iter","alpha","strategy","p1","p2","p3","p4","p5"
"1",196,0.6,0.2,0,1000,0.05,1,62.3693379790941,16.260162601626,11.8466898954704,6.15563298490128,3.36817653890825
"2",196,0.6,0.2,0,1000,0.05,2,62.3693379790941,16.260162601626,11.8466898954704,6.15563298490128,3.36817653890825
"3",196,0.6,0.2,0,1000,0.05,3,17.7700348432056,18.3507549361208,23.2288037166086,19.7444831591173,20.9059233449477
