"","nvar","r","d","het","iter","alpha","strategy","p1","p2","p3","p4","p5"
"1",138,0.4,0.2,0,1000,0.05,1,70.3549060542798,14.4050104384134,7.30688935281837,4.27974947807933,3.5490605427975
"2",138,0.4,0.2,0,1000,0.05,2,70.3549060542798,14.4050104384134,7.30688935281837,4.27974947807933,3.5490605427975
"3",138,0.4,0.2,0,1000,0.05,3,24.0083507306889,17.5365344467641,19.8329853862213,19.7286012526096,18.8935281837161
