"","nvar","r","d","het","iter","alpha","strategy","p1","p2","p3","p4","p5"
"1",178,0.2,0.1,0,1000,0.05,1,79.6796796796797,14.5145145145145,4.1041041041041,1.3013013013013,0.4004004004004
"2",178,0.2,0.1,0,1000,0.05,2,79.6796796796797,14.5145145145145,4.1041041041041,1.3013013013013,0.4004004004004
"3",178,0.2,0.1,0,1000,0.05,3,19.019019019019,22.9229229229229,20.4204204204204,19.4194194194194,18.2182182182182
