"","nvar","r","d","het","iter","alpha","strategy","p1","p2","p3","p4","p5"
"1",198,0.2,0.2,0,1000,0.05,1,89.98998998999,7.20720720720721,2.2022022022022,0.500500500500501,0.1001001001001
"2",198,0.2,0.2,0,1000,0.05,2,89.98998998999,7.20720720720721,2.2022022022022,0.500500500500501,0.1001001001001
"3",198,0.2,0.2,0,1000,0.05,3,29.4294294294294,19.4194194194194,16.6166166166166,16.7167167167167,17.8178178178178
