"","nvar","r","d","het","iter","alpha","strategy","p1","p2","p3","p4","p5"
"1",6,0.6,0.2,0,1000,0.05,1,43.8902743142145,18.9526184538653,13.715710723192,12.2194513715711,11.2219451371571
"2",6,0.6,0.2,0,1000,0.05,2,43.8902743142145,18.9526184538653,13.715710723192,12.2194513715711,11.2219451371571
"3",6,0.6,0.2,0,1000,0.05,3,29.1770573566085,17.2069825436409,18.2044887780549,17.2069825436409,18.2044887780549
