"","nvar","r","d","het","iter","alpha","strategy","p1","p2","p3","p4","p5"
"1",102,0.7,0.2,0,1000,0.05,1,57.5070821529745,16.2889518413598,10.056657223796,8.07365439093484,8.07365439093484
"2",102,0.7,0.2,0,1000,0.05,2,57.5070821529745,16.2889518413598,10.056657223796,8.07365439093484,8.07365439093484
"3",102,0.7,0.2,0,1000,0.05,3,20.8215297450425,16.5722379603399,17.8470254957507,21.8130311614731,22.9461756373938
