"","nvar","r","d","het","iter","alpha","strategy","p1","p2","p3","p4","p5"
"1",172,0.7,0.1,0,1000,0.05,1,43.5257410296412,21.5288611544462,14.5085803432137,12.01248049922,8.42433697347894
"2",172,0.7,0.1,0,1000,0.05,2,43.5257410296412,21.5288611544462,14.5085803432137,12.01248049922,8.42433697347894
"3",172,0.7,0.1,0,1000,0.05,3,9.98439937597504,16.0686427457098,19.5007800312012,27.1450858034321,27.3010920436817
