"","nvar","r","d","het","iter","alpha","strategy","p1","p2","p3","p4","p5"
"1",110,0.5,0.2,0,1000,0.05,1,63.8920134983127,14.1732283464567,11.0236220472441,5.96175478065242,4.94938132733408
"2",110,0.5,0.2,0,1000,0.05,2,63.8920134983127,14.1732283464567,11.0236220472441,5.96175478065242,4.94938132733408
"3",110,0.5,0.2,0,1000,0.05,3,17.7727784026997,19.9100112485939,21.259842519685,19.9100112485939,21.1473565804274
