"","nvar","r","d","het","iter","alpha","strategy","p1","p2","p3","p4","p5"
"1",46,0.1,0.2,0,1000,0.05,1,74.4834710743802,11.3636363636364,7.12809917355372,4.33884297520661,2.58264462809917
"2",46,0.1,0.2,0,1000,0.05,2,74.4834710743802,11.3636363636364,7.12809917355372,4.33884297520661,2.58264462809917
"3",46,0.1,0.2,0,1000,0.05,3,33.5743801652893,17.3553719008264,16.9421487603306,17.2520661157025,14.8760330578512
