"","nvar","r","d","het","iter","alpha","strategy","p1","p2","p3","p4","p5"
"1",52,0.1,0.1,0,1000,0.05,1,58.1740976645435,20.8067940552017,11.0403397027601,5.9447983014862,4.03397027600849
"2",52,0.1,0.1,0,1000,0.05,2,58.1740976645435,20.8067940552017,11.0403397027601,5.9447983014862,4.03397027600849
"3",52,0.1,0.1,0,1000,0.05,3,24.9469214437367,18.2590233545648,22.2929936305732,16.6666666666667,17.8343949044586
