"","nvar","r","d","het","iter","alpha","strategy","p1","p2","p3","p4","p5"
"1",196,0.3,0.2,0,1000,0.05,1,82.3647294589178,10.1202404809619,4.50901803607214,2.30460921843687,0.701402805611222
"2",196,0.3,0.2,0,1000,0.05,2,82.3647294589178,10.1202404809619,4.50901803607214,2.30460921843687,0.701402805611222
"3",196,0.3,0.2,0,1000,0.05,3,26.0521042084168,20.3406813627255,15.7314629258517,17.2344689378758,20.6412825651303
