"","nvar","r","d","het","iter","alpha","strategy","p1","p2","p3","p4","p5"
"1",14,0.2,0.1,0,1000,0.05,1,35.9649122807018,18.9473684210526,19.2982456140351,15.9649122807018,9.82456140350877
"2",14,0.2,0.1,0,1000,0.05,2,35.9649122807018,18.9473684210526,19.2982456140351,15.9649122807018,9.82456140350877
"3",14,0.2,0.1,0,1000,0.05,3,23.6842105263158,18.9473684210526,20.7017543859649,20.3508771929825,16.3157894736842
