"","nvar","r","d","het","iter","alpha","strategy","p1","p2","p3","p4","p5"
"1",172,0.6,0.2,0,1000,0.05,1,65.6398104265403,13.9810426540284,9.00473933649289,5.6872037914692,5.6872037914692
"2",172,0.6,0.2,0,1000,0.05,2,65.6398104265403,13.9810426540284,9.00473933649289,5.6872037914692,5.6872037914692
"3",172,0.6,0.2,0,1000,0.05,3,19.4312796208531,20.0236966824645,19.5497630331754,18.8388625592417,22.1563981042654
