"","nvar","r","d","het","iter","alpha","strategy","p1","p2","p3","p4","p5"
"1",74,0.6,0.1,0,1000,0.05,1,43.9370078740157,18.1102362204724,16.5354330708661,11.3385826771654,10.0787401574803
"2",74,0.6,0.1,0,1000,0.05,2,43.9370078740157,18.1102362204724,16.5354330708661,11.3385826771654,10.0787401574803
"3",74,0.6,0.1,0,1000,0.05,3,14.0157480314961,14.8031496062992,22.992125984252,21.259842519685,26.9291338582677
