"","nvar","r","d","het","iter","alpha","strategy","p1","p2","p3","p4","p5"
"1",60,0.4,0.1,0,1000,0.05,1,49.6932515337423,21.7177914110429,12.760736196319,7.97546012269939,7.85276073619632
"2",60,0.4,0.1,0,1000,0.05,2,49.6932515337423,21.7177914110429,12.760736196319,7.97546012269939,7.85276073619632
"3",60,0.4,0.1,0,1000,0.05,3,17.1779141104294,19.6319018404908,20.1226993865031,19.8773006134969,23.1901840490798
