"","nvar","r","d","het","iter","alpha","strategy","p1","p2","p3","p4","p5"
"1",46,0.4,0.3,0,1000,0.05,1,71.6794731064764,10.5378704720088,7.46432491767289,5.59824368825466,3.62239297475302
"2",46,0.4,0.3,0,1000,0.05,2,71.6794731064764,10.5378704720088,7.46432491767289,5.59824368825466,3.62239297475302
"3",46,0.4,0.3,0,1000,0.05,3,31.2843029637761,19.0998902305159,15.1481888035126,18.5510428100988,15.4774972557629
