"","nvar","r","d","het","iter","alpha","strategy","p1","p2","p3","p4","p5"
"1",188,0.5,0.1,0,1000,0.05,1,54.4956140350877,18.2017543859649,12.719298245614,8.33333333333333,6.25
"2",188,0.5,0.1,0,1000,0.05,2,54.4956140350877,18.2017543859649,12.719298245614,8.33333333333333,6.25
"3",188,0.5,0.1,0,1000,0.05,3,14.4736842105263,16.0087719298246,20.1754385964912,23.3552631578947,25.9868421052632
