"","nvar","r","d","het","iter","alpha","strategy","p1","p2","p3","p4","p5"
"1",56,0.2,0.3,0,1000,0.05,1,82.906857727738,9.31422722620266,3.48004094165814,1.94472876151484,1.63766632548618
"2",56,0.2,0.3,0,1000,0.05,2,82.906857727738,9.31422722620266,3.48004094165814,1.94472876151484,1.63766632548618
"3",56,0.2,0.3,0,1000,0.05,3,35.3121801432958,18.1166837256909,15.8648925281474,15.6601842374616,14.8413510747185
