"","nvar","r","d","het","iter","alpha","strategy","p1","p2","p3","p4","p5"
"1",72,0.1,0.1,0,1000,0.05,1,67.1079429735234,19.3482688391039,9.16496945010183,2.74949083503055,1.62932790224033
"2",72,0.1,0.1,0,1000,0.05,2,67.1079429735234,19.3482688391039,9.16496945010183,2.74949083503055,1.62932790224033
"3",72,0.1,0.1,0,1000,0.05,3,24.0325865580448,20.7739307535642,18.5336048879837,18.3299389002037,18.3299389002037
