"","nvar","r","d","het","iter","alpha","strategy","p1","p2","p3","p4","p5"
"1",174,0.4,0.3,0,1000,0.05,1,83.7209302325581,9.6056622851365,3.33670374115268,1.82002022244692,0.70778564206269
"2",174,0.4,0.3,0,1000,0.05,2,83.7209302325581,9.6056622851365,3.33670374115268,1.82002022244692,0.70778564206269
"3",174,0.4,0.3,0,1000,0.05,3,31.7492416582406,20.1213346814965,15.1668351870576,15.7735085945399,16.8857431749242
