"","nvar","r","d","het","iter","alpha","strategy","p1","p2","p3","p4","p5"
"1",88,0.5,0.3,0,1000,0.05,1,71.8340611353712,12.4454148471616,7.75109170305677,3.60262008733624,3.27510917030568
"2",88,0.5,0.3,0,1000,0.05,2,71.8340611353712,12.4454148471616,7.75109170305677,3.60262008733624,3.27510917030568
"3",88,0.5,0.3,0,1000,0.05,3,30.4585152838428,19.3231441048035,17.5764192139738,14.6288209606987,17.7947598253275
