"","nvar","r","d","het","iter","alpha","strategy","p1","p2","p3","p4","p5"
"1",66,0,0.2,0,1000,0.05,1,86.2311557788945,9.64824120603015,2.71356783919598,0.804020100502513,0.402010050251256
"2",66,0,0.2,0,1000,0.05,2,86.2311557788945,9.64824120603015,2.71356783919598,0.804020100502513,0.402010050251256
"3",66,0,0.2,0,1000,0.05,3,35.2763819095477,18.6934673366834,16.1809045226131,14.572864321608,15.2763819095477
