"","nvar","r","d","het","iter","alpha","strategy","p1","p2","p3","p4","p5"
"1",48,0.2,0.1,0,1000,0.05,1,50.1657458563536,21.767955801105,13.2596685082873,9.17127071823204,5.6353591160221
"2",48,0.2,0.1,0,1000,0.05,2,50.1657458563536,21.767955801105,13.2596685082873,9.17127071823204,5.6353591160221
"3",48,0.2,0.1,0,1000,0.05,3,21.1049723756906,20.2209944751381,20.1104972375691,18.8950276243094,19.6685082872928
