"","nvar","r","d","het","iter","alpha","strategy","p1","p2","p3","p4","p5"
"1",26,0.8,0.2,0,1000,0.05,1,48.7755102040816,17.5510204081633,11.2244897959184,11.2244897959184,11.2244897959184
"2",26,0.8,0.2,0,1000,0.05,2,48.7755102040816,17.5510204081633,11.2244897959184,11.2244897959184,11.2244897959184
"3",26,0.8,0.2,0,1000,0.05,3,22.4489795918367,16.3265306122449,17.5510204081633,21.0204081632653,22.6530612244898
