"","nvar","r","d","het","iter","alpha","strategy","p1","p2","p3","p4","p5"
"1",56,0.5,0.3,0,1000,0.05,1,68.259385665529,13.0830489192264,7.05346985210466,6.93970420932878,3.86803185437998
"2",56,0.5,0.3,0,1000,0.05,2,68.259385665529,13.0830489192264,7.05346985210466,6.93970420932878,3.86803185437998
"3",56,0.5,0.3,0,1000,0.05,3,30.6029579067122,17.9749715585893,17.5199089874858,17.5199089874858,16.0409556313993
