"","nvar","r","d","het","iter","alpha","strategy","p1","p2","p3","p4","p5"
"1",56,0.4,0.3,0,1000,0.05,1,72.3127035830619,11.0749185667752,8.14332247557003,4.99457111834962,2.60586319218241
"2",56,0.4,0.3,0,1000,0.05,2,72.3127035830619,11.0749185667752,8.14332247557003,4.99457111834962,2.60586319218241
"3",56,0.4,0.3,0,1000,0.05,3,35.5048859934853,15.9609120521173,16.1780673181325,16.8295331161781,15.4180238870793
