"","nvar","r","d","het","iter","alpha","strategy","p1","p2","p3","p4","p5"
"1",68,0.4,0.1,0,1000,0.05,1,47.9713603818616,21.5990453460621,14.0811455847255,10.5011933174224,5.8472553699284
"2",68,0.4,0.1,0,1000,0.05,2,47.9713603818616,21.5990453460621,14.0811455847255,10.5011933174224,5.8472553699284
"3",68,0.4,0.1,0,1000,0.05,3,17.4224343675418,17.7804295942721,21.7183770883055,21.3603818615752,21.7183770883055
