"","nvar","r","d","het","iter","alpha","strategy","p1","p2","p3","p4","p5"
"1",120,0.4,0.2,0,1000,0.05,1,68.8352570828961,12.591815320042,9.54879328436516,5.5613850996852,3.46274921301154
"2",120,0.4,0.2,0,1000,0.05,2,68.8352570828961,12.591815320042,9.54879328436516,5.5613850996852,3.46274921301154
"3",120,0.4,0.2,0,1000,0.05,3,24.8688352570829,18.4679958027282,19.6222455403987,18.5729275970619,18.4679958027282
