"","nvar","r","d","het","iter","alpha","strategy","p1","p2","p3","p4","p5"
"1",170,0.2,0.2,0,1000,0.05,1,88.1881881881882,8.50850850850851,2.002002002002,1.001001001001,0.3003003003003
"2",170,0.2,0.2,0,1000,0.05,2,88.1881881881882,8.50850850850851,2.002002002002,1.001001001001,0.3003003003003
"3",170,0.2,0.2,0,1000,0.05,3,26.3263263263263,22.022022022022,16.8168168168168,17.9179179179179,16.9169169169169
