"","nvar","r","d","het","iter","alpha","strategy","p1","p2","p3","p4","p5"
"1",50,0.1,0.2,0,1000,0.05,1,70.6611570247934,13.6363636363636,7.33471074380165,5.16528925619835,3.09917355371901
"2",50,0.1,0.2,0,1000,0.05,2,70.6611570247934,13.6363636363636,7.33471074380165,5.16528925619835,3.09917355371901
"3",50,0.1,0.2,0,1000,0.05,3,26.4462809917355,21.3842975206612,16.3223140495868,18.698347107438,17.1487603305785
