"","nvar","r","d","het","iter","alpha","strategy","p1","p2","p3","p4","p5"
"1",102,0.3,0.1,0,1000,0.05,1,61.2435233160622,20.3108808290155,10.3626943005181,5.49222797927461,2.59067357512953
"2",102,0.3,0.1,0,1000,0.05,2,61.2435233160622,20.3108808290155,10.3626943005181,5.49222797927461,2.59067357512953
"3",102,0.3,0.1,0,1000,0.05,3,18.7564766839378,20.6217616580311,19.7927461139896,21.3471502590674,19.4818652849741
