"","nvar","r","d","het","iter","alpha","strategy","p1","p2","p3","p4","p5"
"1",148,0.4,0.2,0,1000,0.05,1,72.8483606557377,13.1147540983607,6.86475409836066,5.22540983606557,1.84426229508197
"2",148,0.4,0.2,0,1000,0.05,2,72.8483606557377,13.1147540983607,6.86475409836066,5.22540983606557,1.84426229508197
"3",148,0.4,0.2,0,1000,0.05,3,23.4631147540984,17.827868852459,18.6475409836066,20.7991803278689,19.2622950819672
