"","nvar","r","d","het","iter","alpha","strategy","p1","p2","p3","p4","p5"
"1",12,0.6,0.1,0,1000,0.05,1,41.7613636363636,17.6136363636364,13.0681818181818,15.3409090909091,12.2159090909091
"2",12,0.6,0.1,0,1000,0.05,2,41.7613636363636,17.6136363636364,13.0681818181818,15.3409090909091,12.2159090909091
"3",12,0.6,0.1,0,1000,0.05,3,23.8636363636364,16.1931818181818,17.3295454545455,23.0113636363636,19.6022727272727
