"","nvar","r","d","het","iter","alpha","strategy","p1","p2","p3","p4","p5"
"1",142,0.6,0.3,0,1000,0.05,1,70.6818181818182,13.4090909090909,7.5,4.20454545454545,3.40909090909091
"2",142,0.6,0.3,0,1000,0.05,2,70.6818181818182,13.4090909090909,7.5,4.20454545454545,3.40909090909091
"3",142,0.6,0.3,0,1000,0.05,3,26.0227272727273,16.0227272727273,18.5227272727273,19.3181818181818,19.7727272727273
