"","nvar","r","d","het","iter","alpha","strategy","p1","p2","p3","p4","p5"
"1",54,0.4,0.3,0,1000,0.05,1,72.568306010929,13.7704918032787,5.79234972677596,4.04371584699454,2.95081967213115
"2",54,0.4,0.3,0,1000,0.05,2,72.568306010929,13.7704918032787,5.79234972677596,4.04371584699454,2.95081967213115
"3",54,0.4,0.3,0,1000,0.05,3,31.0382513661202,21.6393442622951,18.5792349726776,14.0983606557377,14.3169398907104
