"","nvar","r","d","het","iter","alpha","strategy","p1","p2","p3","p4","p5"
"1",84,0.7,0.1,0,1000,0.05,1,42.4347826086957,18.7826086956522,15.1304347826087,13.7391304347826,9.91304347826087
"2",84,0.7,0.1,0,1000,0.05,2,42.4347826086957,18.7826086956522,15.1304347826087,13.7391304347826,9.91304347826087
"3",84,0.7,0.1,0,1000,0.05,3,12.8695652173913,16.695652173913,21.0434782608696,23.8260869565217,25.5652173913043
