"","nvar","r","d","het","iter","alpha","strategy","p1","p2","p3","p4","p5"
"1",194,0.8,0.2,0,1000,0.05,1,57.7054794520548,15.5821917808219,11.6438356164384,7.36301369863014,7.7054794520548
"2",194,0.8,0.2,0,1000,0.05,2,57.7054794520548,15.5821917808219,11.6438356164384,7.36301369863014,7.7054794520548
"3",194,0.8,0.2,0,1000,0.05,3,17.6369863013699,15.5821917808219,17.2945205479452,19.8630136986301,29.6232876712329
