"","nvar","r","d","het","iter","alpha","strategy","p1","p2","p3","p4","p5"
"1",154,0.9,0.2,0,1000,0.05,1,50.1098901098901,17.5824175824176,13.1868131868132,9.89010989010989,9.23076923076923
"2",154,0.9,0.2,0,1000,0.05,2,50.1098901098901,17.5824175824176,13.1868131868132,9.89010989010989,9.23076923076923
"3",154,0.9,0.2,0,1000,0.05,3,18.2417582417582,13.6263736263736,16.7032967032967,21.978021978022,29.4505494505495
