"","nvar","r","d","het","iter","alpha","strategy","p1","p2","p3","p4","p5"
"1",12,0.9,0.1,0,1000,0.05,1,35.0253807106599,22.8426395939086,12.6903553299492,15.7360406091371,13.7055837563452
"2",12,0.9,0.1,0,1000,0.05,2,35.0253807106599,22.8426395939086,12.6903553299492,15.7360406091371,13.7055837563452
"3",12,0.9,0.1,0,1000,0.05,3,16.243654822335,17.258883248731,18.7817258883249,18.7817258883249,28.9340101522843
