"","nvar","r","d","het","iter","alpha","strategy","p1","p2","p3","p4","p5"
"1",192,0.5,0.2,0,1000,0.05,1,67.3056443024494,15.4419595314164,7.98722044728434,5.96379126730564,3.3013844515442
"2",192,0.5,0.2,0,1000,0.05,2,67.3056443024494,15.4419595314164,7.98722044728434,5.96379126730564,3.3013844515442
"3",192,0.5,0.2,0,1000,0.05,3,19.4888178913738,17.7848775292865,21.7252396166134,19.7018104366347,21.2992545260916
