"","nvar","r","d","het","iter","alpha","strategy","p1","p2","p3","p4","p5"
"1",44,0.6,0.2,0,1000,0.05,1,53.0642750373692,18.98355754858,9.86547085201794,11.9581464872945,6.12855007473842
"2",44,0.6,0.2,0,1000,0.05,2,53.0642750373692,18.98355754858,9.86547085201794,11.9581464872945,6.12855007473842
"3",44,0.6,0.2,0,1000,0.05,3,20.0298953662182,20.9267563527653,19.2825112107623,20.627802690583,19.1330343796712
