"","nvar","r","d","het","iter","alpha","strategy","p1","p2","p3","p4","p5"
"1",38,0.6,0.1,0,1000,0.05,1,40.1869158878505,21.6822429906542,13.8317757009346,15.3271028037383,8.97196261682243
"2",38,0.6,0.1,0,1000,0.05,2,40.1869158878505,21.6822429906542,13.8317757009346,15.3271028037383,8.97196261682243
"3",38,0.6,0.1,0,1000,0.05,3,15.5140186915888,20.3738317757009,19.0654205607477,25.0467289719626,20
