"","nvar","r","d","het","iter","alpha","strategy","p1","p2","p3","p4","p5"
"1",66,0.7,0.2,0,1000,0.05,1,55.6426332288401,13.9498432601881,12.2257053291536,9.40438871473354,8.77742946708464
"2",66,0.7,0.2,0,1000,0.05,2,55.6426332288401,13.9498432601881,12.2257053291536,9.40438871473354,8.77742946708464
"3",66,0.7,0.2,0,1000,0.05,3,18.3385579937304,18.3385579937304,18.3385579937304,18.4952978056426,26.4890282131661
