"","nvar","r","d","het","iter","alpha","strategy","p1","p2","p3","p4","p5"
"1",162,0.5,0.3,0,1000,0.05,1,75.3396029258098,11.7032392894462,6.58307210031348,2.92580982236155,2.50783699059561
"2",162,0.5,0.3,0,1000,0.05,2,75.3396029258098,11.7032392894462,6.58307210031348,2.92580982236155,2.50783699059561
"3",162,0.5,0.3,0,1000,0.05,3,26.8547544409613,17.8683385579937,18.2863113897597,18.2863113897597,18.2863113897597
