"","nvar","r","d","het","iter","alpha","strategy","p1","p2","p3","p4","p5"
"1",6,0.6,0.3,0,1000,0.05,1,55.3072625698324,15.0837988826816,13.780260707635,8.93854748603352,5.77281191806332
"2",6,0.6,0.3,0,1000,0.05,2,55.3072625698324,15.0837988826816,13.780260707635,8.93854748603352,5.77281191806332
"3",6,0.6,0.3,0,1000,0.05,3,40.0372439478585,17.1322160148976,16.0148975791434,14.5251396648045,11.731843575419
