"","nvar","r","d","het","iter","alpha","strategy","p1","p2","p3","p4","p5"
"1",24,0.7,0.3,0,1000,0.05,1,60.4826546003017,15.3846153846154,10.4072398190045,6.93815987933635,6.03318250377074
"2",24,0.7,0.3,0,1000,0.05,2,60.4826546003017,15.3846153846154,10.4072398190045,6.93815987933635,6.03318250377074
"3",24,0.7,0.3,0,1000,0.05,3,31.5233785822021,16.4404223227753,19.3061840120664,15.6862745098039,16.7420814479638
