"","nvar","r","d","het","iter","alpha","strategy","p1","p2","p3","p4","p5"
"1",16,0.6,0.1,0,1000,0.05,1,36.4764267990074,18.1141439205955,20.5955334987593,12.1588089330025,12.6550868486352
"2",16,0.6,0.1,0,1000,0.05,2,36.4764267990074,18.1141439205955,20.5955334987593,12.1588089330025,12.6550868486352
"3",16,0.6,0.1,0,1000,0.05,3,15.6327543424318,16.6253101736973,23.5732009925558,19.6029776674938,24.5657568238213
