"","nvar","r","d","het","iter","alpha","strategy","p1","p2","p3","p4","p5"
"1",160,0.3,0.2,0,1000,0.05,1,84.20523138833,9.45674044265593,4.12474849094567,1.60965794768612,0.603621730382294
"2",160,0.3,0.2,0,1000,0.05,2,84.20523138833,9.45674044265593,4.12474849094567,1.60965794768612,0.603621730382294
"3",160,0.3,0.2,0,1000,0.05,3,27.5653923541247,16.7002012072435,18.8128772635815,17.5050301810865,19.4164989939638
