"","nvar","r","d","het","iter","alpha","strategy","p1","p2","p3","p4","p5"
"1",190,0.4,0.3,0,1000,0.05,1,84.949494949495,7.57575757575758,3.43434343434343,1.91919191919192,0.808080808080808
"2",190,0.4,0.3,0,1000,0.05,2,84.949494949495,7.57575757575758,3.43434343434343,1.91919191919192,0.808080808080808
"3",190,0.4,0.3,0,1000,0.05,3,32.7272727272727,15.959595959596,15.5555555555556,19.0909090909091,16.1616161616162
