"","nvar","r","d","het","iter","alpha","strategy","p1","p2","p3","p4","p5"
"1",108,0.2,0.2,0,1000,0.05,1,80.1005025125628,12.2613065326633,4.321608040201,2.01005025125628,1.30653266331658
"2",108,0.2,0.2,0,1000,0.05,2,80.1005025125628,12.2613065326633,4.321608040201,2.01005025125628,1.30653266331658
"3",108,0.2,0.2,0,1000,0.05,3,29.2462311557789,18.5929648241206,17.6884422110553,18.391959798995,16.0804020100502
