"","nvar","r","d","het","iter","alpha","strategy","p1","p2","p3","p4","p5"
"1",62,0.2,0.1,0,1000,0.05,1,54.7568710359408,21.4587737843552,13.953488372093,6.02536997885835,3.80549682875264
"2",62,0.2,0.1,0,1000,0.05,2,54.7568710359408,21.4587737843552,13.953488372093,6.02536997885835,3.80549682875264
"3",62,0.2,0.1,0,1000,0.05,3,20.1902748414376,20.0845665961945,22.093023255814,18.9217758985201,18.7103594080338
