"","nvar","r","d","het","iter","alpha","strategy","p1","p2","p3","p4","p5"
"1",134,0.2,0.3,0,1000,0.05,1,90.990990990991,5.4054054054054,1.7017017017017,0.3003003003003,0.3003003003003
"2",134,0.2,0.3,0,1000,0.05,2,90.990990990991,5.4054054054054,1.7017017017017,0.3003003003003,0.3003003003003
"3",134,0.2,0.3,0,1000,0.05,3,35.3353353353353,19.9199199199199,15.6156156156156,14.5145145145145,14.3143143143143
