"","nvar","r","d","het","iter","alpha","strategy","p1","p2","p3","p4","p5"
"1",26,0.6,0.1,0,1000,0.05,1,41.4784394250513,21.1498973305955,15.605749486653,13.347022587269,8.41889117043121
"2",26,0.6,0.1,0,1000,0.05,2,41.4784394250513,21.1498973305955,15.605749486653,13.347022587269,8.41889117043121
"3",26,0.6,0.1,0,1000,0.05,3,16.0164271047228,19.917864476386,19.5071868583162,24.435318275154,20.1232032854209
