"","nvar","r","d","het","iter","alpha","strategy","p1","p2","p3","p4","p5"
"1",44,0.5,0.3,0,1000,0.05,1,69.5395513577332,11.4521841794569,7.6741440377804,4.72255017709563,5.78512396694215
"2",44,0.5,0.3,0,1000,0.05,2,69.5395513577332,11.4521841794569,7.6741440377804,4.72255017709563,5.78512396694215
"3",44,0.5,0.3,0,1000,0.05,3,31.2868949232586,19.7166469893743,15.5844155844156,15.9386068476978,17.0011806375443
