"","nvar","r","d","het","iter","alpha","strategy","p1","p2","p3","p4","p5"
"1",152,0.3,0.2,0,1000,0.05,1,79.7775530839232,11.830131445905,4.55005055611729,2.02224469160768,1.61779575328615
"2",152,0.3,0.2,0,1000,0.05,2,79.7775530839232,11.830131445905,4.55005055611729,2.02224469160768,1.61779575328615
"3",152,0.3,0.2,0,1000,0.05,3,26.0869565217391,20.9302325581395,17.6946410515672,16.1779575328615,19.1102123356926
