"","nvar","r","d","het","iter","alpha","strategy","p1","p2","p3","p4","p5"
"1",64,0.8,0.1,0,1000,0.05,1,41.6256157635468,21.4285714285714,16.5024630541872,11.0837438423645,9.35960591133005
"2",64,0.8,0.1,0,1000,0.05,2,41.6256157635468,21.4285714285714,16.5024630541872,11.0837438423645,9.35960591133005
"3",64,0.8,0.1,0,1000,0.05,3,11.576354679803,18.7192118226601,19.7044334975369,23.8916256157635,26.1083743842365
