"","nvar","r","d","het","iter","alpha","strategy","p1","p2","p3","p4","p5"
"1",136,0.6,0.3,0,1000,0.05,1,71.3151927437642,12.2448979591837,6.80272108843537,5.55555555555556,3.40136054421769
"2",136,0.6,0.3,0,1000,0.05,2,71.3151927437642,12.2448979591837,6.80272108843537,5.55555555555556,3.40136054421769
"3",136,0.6,0.3,0,1000,0.05,3,27.7777777777778,15.9863945578231,17.687074829932,19.047619047619,19.3877551020408
