"","nvar","r","d","het","iter","alpha","strategy","p1","p2","p3","p4","p5"
"1",118,0.4,0.2,0,1000,0.05,1,71.9334719334719,14.1372141372141,7.38045738045738,3.95010395010395,2.4948024948025
"2",118,0.4,0.2,0,1000,0.05,2,71.9334719334719,14.1372141372141,7.38045738045738,3.95010395010395,2.4948024948025
"3",118,0.4,0.2,0,1000,0.05,3,25.5717255717256,18.7110187110187,19.5426195426195,18.9189189189189,17.2557172557173
