"","nvar","r","d","het","iter","alpha","strategy","p1","p2","p3","p4","p5"
"1",184,0.2,0.1,0,1000,0.05,1,78.4353059177533,16.6499498495486,3.91173520561685,0.702106318956871,0.300902708124373
"2",184,0.2,0.1,0,1000,0.05,2,78.4353059177533,16.6499498495486,3.91173520561685,0.702106318956871,0.300902708124373
"3",184,0.2,0.1,0,1000,0.05,3,21.3640922768305,22.0661985957874,20.160481444333,18.4553660982949,17.9538615847543
