"","nvar","r","d","het","iter","alpha","strategy","p1","p2","p3","p4","p5"
"1",26,0.4,0.2,0,1000,0.05,1,58.9333333333333,14.9333333333333,12.5333333333333,8.8,4.8
"2",26,0.4,0.2,0,1000,0.05,2,58.9333333333333,14.9333333333333,12.5333333333333,8.8,4.8
"3",26,0.4,0.2,0,1000,0.05,3,28.5333333333333,21.0666666666667,19.2,16.9333333333333,14.2666666666667
