"","nvar","r","d","het","iter","alpha","strategy","p1","p2","p3","p4","p5"
"1",48,0.1,0.3,0,1000,0.05,1,85.4251012145749,7.59109311740891,3.23886639676113,2.22672064777328,1.01214574898785
"2",48,0.1,0.3,0,1000,0.05,2,85.4251012145749,7.59109311740891,3.23886639676113,2.22672064777328,1.01214574898785
"3",48,0.1,0.3,0,1000,0.05,3,38.8663967611336,19.0283400809717,15.7894736842105,13.2591093117409,12.6518218623482
