"","nvar","r","d","het","iter","alpha","strategy","p1","p2","p3","p4","p5"
"1",148,0.6,0.3,0,1000,0.05,1,72.6966292134831,11.4606741573034,6.29213483146067,4.71910112359551,4.15730337078652
"2",148,0.6,0.3,0,1000,0.05,2,72.6966292134831,11.4606741573034,6.29213483146067,4.71910112359551,4.15730337078652
"3",148,0.6,0.3,0,1000,0.05,3,27.6404494382022,17.1910112359551,16.7415730337079,19.2134831460674,18.9887640449438
