"","nvar","r","d","het","iter","alpha","strategy","p1","p2","p3","p4","p5"
"1",102,0.4,0.3,0,1000,0.05,1,76.2833675564682,11.4989733059548,6.46817248459959,3.49075975359343,1.64271047227926
"2",102,0.4,0.3,0,1000,0.05,2,76.2833675564682,11.4989733059548,6.46817248459959,3.49075975359343,1.64271047227926
"3",102,0.4,0.3,0,1000,0.05,3,31.211498973306,19.8151950718686,17.5564681724846,15.4004106776181,15.7084188911704
