"","nvar","r","d","het","iter","alpha","strategy","p1","p2","p3","p4","p5"
"1",130,0.6,0.3,0,1000,0.05,1,71.9730941704036,10.5381165919283,6.50224215246637,6.39013452914798,3.47533632286996
"2",130,0.6,0.3,0,1000,0.05,2,71.9730941704036,10.5381165919283,6.50224215246637,6.39013452914798,3.47533632286996
"3",130,0.6,0.3,0,1000,0.05,3,27.3542600896861,16.2556053811659,17.8251121076233,18.0493273542601,19.9551569506726
