"","nvar","r","d","het","iter","alpha","strategy","p1","p2","p3","p4","p5"
"1",4,0.2,0.1,0,1000,0.05,1,30.4511278195489,21.0526315789474,18.796992481203,17.2932330827068,12.406015037594
"2",4,0.2,0.1,0,1000,0.05,2,30.4511278195489,21.0526315789474,18.796992481203,17.2932330827068,12.406015037594
"3",4,0.2,0.1,0,1000,0.05,3,24.812030075188,20.3007518796992,21.0526315789474,18.4210526315789,15.4135338345865
