"","nvar","r","d","het","iter","alpha","strategy","p1","p2","p3","p4","p5"
"1",176,0.9,0.1,0,1000,0.05,1,40.3174603174603,21.9047619047619,15.5555555555556,13.015873015873,9.20634920634921
"2",176,0.9,0.1,0,1000,0.05,2,40.3174603174603,21.9047619047619,15.5555555555556,13.015873015873,9.20634920634921
"3",176,0.9,0.1,0,1000,0.05,3,8.88888888888889,11.1111111111111,17.4603174603175,26.3492063492064,36.1904761904762
