"","nvar","r","d","het","iter","alpha","strategy","p1","p2","p3","p4","p5"
"1",102,0.7,0.1,0,1000,0.05,1,41.6095890410959,19.1780821917808,16.7808219178082,11.472602739726,10.958904109589
"2",102,0.7,0.1,0,1000,0.05,2,41.6095890410959,19.1780821917808,16.7808219178082,11.472602739726,10.958904109589
"3",102,0.7,0.1,0,1000,0.05,3,10.7876712328767,14.5547945205479,22.6027397260274,24.8287671232877,27.2260273972603
