"","nvar","r","d","het","iter","alpha","strategy","p1","p2","p3","p4","p5"
"1",198,0.4,0.1,0,1000,0.05,1,64.0368852459016,17.4180327868852,10.9631147540984,5.63524590163934,1.94672131147541
"2",198,0.4,0.1,0,1000,0.05,2,64.0368852459016,17.4180327868852,10.9631147540984,5.63524590163934,1.94672131147541
"3",198,0.4,0.1,0,1000,0.05,3,16.0860655737705,18.9549180327869,20.4918032786885,22.3360655737705,22.1311475409836
