"","nvar","r","d","het","iter","alpha","strategy","p1","p2","p3","p4","p5"
"1",54,0.4,0.1,0,1000,0.05,1,42.4710424710425,22.2651222651223,14.8005148005148,12.7413127413127,7.72200772200772
"2",54,0.4,0.1,0,1000,0.05,2,42.4710424710425,22.2651222651223,14.8005148005148,12.7413127413127,7.72200772200772
"3",54,0.4,0.1,0,1000,0.05,3,15.0579150579151,20.4633204633205,21.1068211068211,21.8790218790219,21.4929214929215
