"","nvar","r","d","het","iter","alpha","strategy","p1","p2","p3","p4","p5"
"1",156,0.3,0.1,0,1000,0.05,1,69.238578680203,17.4619289340102,7.61421319796954,3.55329949238579,2.13197969543147
"2",156,0.3,0.1,0,1000,0.05,2,69.238578680203,17.4619289340102,7.61421319796954,3.55329949238579,2.13197969543147
"3",156,0.3,0.1,0,1000,0.05,3,19.492385786802,18.6802030456853,19.5939086294416,22.741116751269,19.492385786802
