"","nvar","r","d","het","iter","alpha","strategy","p1","p2","p3","p4","p5"
"1",108,0.5,0.3,0,1000,0.05,1,73.6954206602769,11.5015974440895,6.70926517571885,3.94036208732694,3.3013844515442
"2",108,0.5,0.3,0,1000,0.05,2,73.6954206602769,11.5015974440895,6.70926517571885,3.94036208732694,3.3013844515442
"3",108,0.5,0.3,0,1000,0.05,3,28.5410010649627,16.8264110756124,17.4653887113951,17.678381256656,19.1693290734824
