"","nvar","r","d","het","iter","alpha","strategy","p1","p2","p3","p4","p5"
"1",200,0.9,0.2,0,1000,0.05,1,49.6613995485327,19.6388261851016,11.5124153498871,10.6094808126411,8.57787810383747
"2",200,0.9,0.2,0,1000,0.05,2,49.6613995485327,19.6388261851016,11.5124153498871,10.6094808126411,8.57787810383747
"3",200,0.9,0.2,0,1000,0.05,3,19.4130925507901,9.48081264108352,11.2866817155756,23.9277652370203,35.8916478555305
