"","nvar","r","d","het","iter","alpha","strategy","p1","p2","p3","p4","p5"
"1",26,0,0.1,0,1000,0.05,1,45.89774078478,21.640903686088,15.6956004756243,10.3448275862069,6.42092746730083
"2",26,0,0.1,0,1000,0.05,2,45.89774078478,21.640903686088,15.6956004756243,10.3448275862069,6.42092746730083
"3",26,0,0.1,0,1000,0.05,3,20.5707491082045,20.8085612366231,23.1866825208086,18.3115338882283,17.1224732461356
