"","nvar","r","d","het","iter","alpha","strategy","p1","p2","p3","p4","p5"
"1",158,0.6,0.3,0,1000,0.05,1,71.8820861678005,11.1111111111111,8.04988662131519,5.32879818594104,3.17460317460317
"2",158,0.6,0.3,0,1000,0.05,2,71.8820861678005,11.1111111111111,8.04988662131519,5.32879818594104,3.17460317460317
"3",158,0.6,0.3,0,1000,0.05,3,24.6031746031746,17.4603174603175,17.9138321995465,21.0884353741497,18.8208616780045
