"","nvar","r","d","het","iter","alpha","strategy","p1","p2","p3","p4","p5"
"1",128,0.2,0.2,0,1000,0.05,1,84.7236180904523,9.84924623115578,3.81909547738693,1.00502512562814,0.50251256281407
"2",128,0.2,0.2,0,1000,0.05,2,84.7236180904523,9.84924623115578,3.81909547738693,1.00502512562814,0.50251256281407
"3",128,0.2,0.2,0,1000,0.05,3,27.7386934673367,19.5979899497487,17.8894472361809,18.4924623115578,16.2814070351759
