"","nvar","r","d","het","iter","alpha","strategy","p1","p2","p3","p4","p5"
"1",108,0.9,0.1,0,1000,0.05,1,33.448275862069,22.0689655172414,16.551724137931,13.448275862069,14.4827586206897
"2",108,0.9,0.1,0,1000,0.05,2,33.448275862069,22.0689655172414,16.551724137931,13.448275862069,14.4827586206897
"3",108,0.9,0.1,0,1000,0.05,3,9.6551724137931,11.7241379310345,13.448275862069,25.1724137931034,40
