"","nvar","r","d","het","iter","alpha","strategy","p1","p2","p3","p4","p5"
"1",190,0.1,0.1,0,1000,0.05,1,88.8888888888889,9.00900900900901,1.7017017017017,0.2002002002002,0.2002002002002
"2",190,0.1,0.1,0,1000,0.05,2,88.8888888888889,9.00900900900901,1.7017017017017,0.2002002002002,0.2002002002002
"3",190,0.1,0.1,0,1000,0.05,3,22.6226226226226,20.1201201201201,21.021021021021,18.2182182182182,18.018018018018
