"","nvar","r","d","het","iter","alpha","strategy","p1","p2","p3","p4","p5"
"1",128,0,0.1,0,1000,0.05,1,86.9739478957916,10.6212424849699,1.90380761523046,0.501002004008016,0
"2",128,0,0.1,0,1000,0.05,2,86.9739478957916,10.6212424849699,1.90380761523046,0.501002004008016,0
"3",128,0,0.1,0,1000,0.05,3,25.9519038076152,22.1442885771543,19.8396793587174,16.7334669338677,15.3306613226453
