"","nvar","r","d","het","iter","alpha","strategy","p1","p2","p3","p4","p5"
"1",68,0.7,0.1,0,1000,0.05,1,42.9111531190926,20.9829867674858,14.1776937618147,11.531190926276,10.3969754253308
"2",68,0.7,0.1,0,1000,0.05,2,42.9111531190926,20.9829867674858,14.1776937618147,11.531190926276,10.3969754253308
"3",68,0.7,0.1,0,1000,0.05,3,13.421550094518,16.4461247637051,18.7145557655955,23.6294896030246,27.7882797731569
