"","nvar","r","d","het","iter","alpha","strategy","p1","p2","p3","p4","p5"
"1",108,0.5,0.1,0,1000,0.05,1,54.958183990442,17.8016726403823,13.7395459976105,8.00477897252091,5.49581839904421
"2",108,0.5,0.1,0,1000,0.05,2,54.958183990442,17.8016726403823,13.7395459976105,8.00477897252091,5.49581839904421
"3",108,0.5,0.1,0,1000,0.05,3,13.142174432497,17.0848267622461,24.0143369175627,21.1469534050179,24.6117084826762
