"","nvar","r","d","het","iter","alpha","strategy","p1","p2","p3","p4","p5"
"1",20,0.2,0.2,0,1000,0.05,1,53.0663329161452,21.6520650813517,10.5131414267835,8.88610763454318,5.88235294117647
"2",20,0.2,0.2,0,1000,0.05,2,53.0663329161452,21.6520650813517,10.5131414267835,8.88610763454318,5.88235294117647
"3",20,0.2,0.2,0,1000,0.05,3,27.7847309136421,22.4030037546934,15.6445556946183,18.523153942428,15.6445556946183
