"","nvar","r","d","het","iter","alpha","strategy","p1","p2","p3","p4","p5"
"1",64,0.6,0.2,0,1000,0.05,1,58.0559254327563,14.2476697736352,10.6524633821571,9.85352862849534,7.19041278295606
"2",64,0.6,0.2,0,1000,0.05,2,58.0559254327563,14.2476697736352,10.6524633821571,9.85352862849534,7.19041278295606
"3",64,0.6,0.2,0,1000,0.05,3,22.103861517976,18.508655126498,18.508655126498,21.3049267643142,19.5739014647137
