"","nvar","r","d","het","iter","alpha","strategy","p1","p2","p3","p4","p5"
"1",124,0.4,0.1,0,1000,0.05,1,59.9571734475375,18.8436830835118,10.813704496788,5.99571734475375,4.38972162740899
"2",124,0.4,0.1,0,1000,0.05,2,59.9571734475375,18.8436830835118,10.813704496788,5.99571734475375,4.38972162740899
"3",124,0.4,0.1,0,1000,0.05,3,17.0235546038544,18.4154175588865,18.6295503211991,22.2698072805139,23.661670235546
