"","nvar","r","d","het","iter","alpha","strategy","p1","p2","p3","p4","p5"
"1",50,0,0.2,0,1000,0.05,1,77.0161290322581,14.2137096774194,5.14112903225806,2.92338709677419,0.604838709677419
"2",50,0,0.2,0,1000,0.05,2,77.0161290322581,14.2137096774194,5.14112903225806,2.92338709677419,0.604838709677419
"3",50,0,0.2,0,1000,0.05,3,31.3508064516129,19.6572580645161,17.9435483870968,16.4314516129032,14.616935483871
