"","nvar","r","d","het","iter","alpha","strategy","p1","p2","p3","p4","p5"
"1",118,0.7,0.2,0,1000,0.05,1,61.3180515759312,15.9025787965616,8.73925501432665,7.44985673352436,6.59025787965616
"2",118,0.7,0.2,0,1000,0.05,2,61.3180515759312,15.9025787965616,8.73925501432665,7.44985673352436,6.59025787965616
"3",118,0.7,0.2,0,1000,0.05,3,18.6246418338109,18.6246418338109,17.7650429799427,21.919770773639,23.0659025787966
