"","nvar","r","d","het","iter","alpha","strategy","p1","p2","p3","p4","p5"
"1",106,0.6,0.3,0,1000,0.05,1,69.4835680751174,14.0845070422535,6.2206572769953,5.63380281690141,3.75586854460094
"2",106,0.6,0.3,0,1000,0.05,2,69.4835680751174,14.0845070422535,6.2206572769953,5.63380281690141,3.75586854460094
"3",106,0.6,0.3,0,1000,0.05,3,26.2910798122066,19.8356807511737,17.6056338028169,17.6056338028169,18.4272300469484
