"","nvar","r","d","het","iter","alpha","strategy","p1","p2","p3","p4","p5"
"1",168,0.4,0.1,0,1000,0.05,1,61.2668743509865,17.4454828660436,11.214953271028,6.54205607476635,3.53063343717549
"2",168,0.4,0.1,0,1000,0.05,2,61.2668743509865,17.4454828660436,11.214953271028,6.54205607476635,3.53063343717549
"3",168,0.4,0.1,0,1000,0.05,3,15.472481827622,18.276220145379,20.7684319833853,23.0529595015576,22.4299065420561
