"","nvar","r","d","het","iter","alpha","strategy","p1","p2","p3","p4","p5"
"1",22,0.4,0.1,0,1000,0.05,1,39.7350993377483,19.7019867549669,16.7218543046358,11.7549668874172,12.0860927152318
"2",22,0.4,0.1,0,1000,0.05,2,39.7350993377483,19.7019867549669,16.7218543046358,11.7549668874172,12.0860927152318
"3",22,0.4,0.1,0,1000,0.05,3,21.8543046357616,18.7086092715232,21.1920529801325,16.2251655629139,22.0198675496689
