"","nvar","r","d","het","iter","alpha","strategy","p1","p2","p3","p4","p5"
"1",70,0.1,0.2,0,1000,0.05,1,78.5207700101317,13.4751773049645,5.36980749746707,1.92502532928065,0.709219858156028
"2",70,0.1,0.2,0,1000,0.05,2,78.5207700101317,13.4751773049645,5.36980749746707,1.92502532928065,0.709219858156028
"3",70,0.1,0.2,0,1000,0.05,3,30.2938196555218,20.5673758865248,17.8318135764944,17.5278622087133,13.7791286727457
