"","nvar","r","d","het","iter","alpha","strategy","p1","p2","p3","p4","p5"
"1",30,0.2,0.2,0,1000,0.05,1,66.5529010238908,13.3105802047782,8.41865756541524,6.14334470989761,5.5745164960182
"2",30,0.2,0.2,0,1000,0.05,2,66.5529010238908,13.3105802047782,8.41865756541524,6.14334470989761,5.5745164960182
"3",30,0.2,0.2,0,1000,0.05,3,30.0341296928328,20.0227531285552,17.1786120591581,15.8134243458476,16.9510807736064
