"","nvar","r","d","het","iter","alpha","strategy","p1","p2","p3","p4","p5"
"1",156,0.6,0.2,0,1000,0.05,1,62.0728929384966,15.1480637813212,10.1366742596811,6.71981776765376,5.92255125284738
"2",156,0.6,0.2,0,1000,0.05,2,62.0728929384966,15.1480637813212,10.1366742596811,6.71981776765376,5.92255125284738
"3",156,0.6,0.2,0,1000,0.05,3,19.1343963553531,19.3621867881549,18.6788154897494,22.3234624145786,20.501138952164
