"","nvar","r","d","het","iter","alpha","strategy","p1","p2","p3","p4","p5"
"1",106,0.9,0.1,0,1000,0.05,1,34.4594594594595,21.9594594594595,17.2297297297297,13.1756756756757,13.1756756756757
"2",106,0.9,0.1,0,1000,0.05,2,34.4594594594595,21.9594594594595,17.2297297297297,13.1756756756757,13.1756756756757
"3",106,0.9,0.1,0,1000,0.05,3,9.7972972972973,9.7972972972973,14.8648648648649,27.3648648648649,38.1756756756757
