"","nvar","r","d","het","iter","alpha","strategy","p1","p2","p3","p4","p5"
"1",2,0.3,0.1,0,1000,0.05,1,31.1377245508982,18.562874251497,17.9640718562874,16.1676646706587,16.1676646706587
"2",2,0.3,0.1,0,1000,0.05,2,31.1377245508982,18.562874251497,17.9640718562874,16.1676646706587,16.1676646706587
"3",2,0.3,0.1,0,1000,0.05,3,28.7425149700599,17.3652694610778,18.562874251497,17.3652694610778,17.9640718562874
