"","nvar","r","d","het","iter","alpha","strategy","p1","p2","p3","p4","p5"
"1",102,0.9,0.2,0,1000,0.05,1,49.7584541062802,17.6328502415459,12.56038647343,10.8695652173913,9.17874396135266
"2",102,0.9,0.2,0,1000,0.05,2,49.7584541062802,17.6328502415459,12.56038647343,10.8695652173913,9.17874396135266
"3",102,0.9,0.2,0,1000,0.05,3,23.1884057971014,10.1449275362319,16.4251207729469,21.256038647343,28.9855072463768
