"","nvar","r","d","het","iter","alpha","strategy","p1","p2","p3","p4","p5"
"1",52,0.8,0.1,0,1000,0.05,1,35.6955380577428,20.4724409448819,18.8976377952756,11.2860892388451,13.6482939632546
"2",52,0.8,0.1,0,1000,0.05,2,35.6955380577428,20.4724409448819,18.8976377952756,11.2860892388451,13.6482939632546
"3",52,0.8,0.1,0,1000,0.05,3,10.2362204724409,15.2230971128609,19.1601049868766,23.8845144356955,31.496062992126
