"","nvar","r","d","het","iter","alpha","strategy","p1","p2","p3","p4","p5"
"1",86,0.2,0.1,0,1000,0.05,1,64.0657084188912,19.1991786447639,8.62422997946612,5.54414784394251,2.56673511293634
"2",86,0.2,0.1,0,1000,0.05,2,64.0657084188912,19.1991786447639,8.62422997946612,5.54414784394251,2.56673511293634
"3",86,0.2,0.1,0,1000,0.05,3,20.9445585215606,22.2792607802875,16.3244353182752,20.8418891170431,19.6098562628337
