"","nvar","r","d","het","iter","alpha","strategy","p1","p2","p3","p4","p5"
"1",32,0.5,0.1,0,1000,0.05,1,40.0337837837838,17.9054054054054,17.0608108108108,14.527027027027,10.472972972973
"2",32,0.5,0.1,0,1000,0.05,2,40.0337837837838,17.9054054054054,17.0608108108108,14.527027027027,10.472972972973
"3",32,0.5,0.1,0,1000,0.05,3,18.5810810810811,17.7364864864865,19.5945945945946,24.3243243243243,19.7635135135135
