"","nvar","r","d","het","iter","alpha","strategy","p1","p2","p3","p4","p5"
"1",52,0.4,0.3,0,1000,0.05,1,72.4025974025974,12.5541125541126,6.27705627705628,4.76190476190476,2.48917748917749
"2",52,0.4,0.3,0,1000,0.05,2,72.4025974025974,12.5541125541126,6.27705627705628,4.76190476190476,2.48917748917749
"3",52,0.4,0.3,0,1000,0.05,3,33.7662337662338,18.0735930735931,14.9350649350649,16.017316017316,16.8831168831169
