"","nvar","r","d","het","iter","alpha","strategy","p1","p2","p3","p4","p5"
"1",120,0.6,0.3,0,1000,0.05,1,73.6063708759955,11.490329920364,5.91581342434585,4.43686006825939,4.3230944254835
"2",120,0.6,0.3,0,1000,0.05,2,73.6063708759955,11.490329920364,5.91581342434585,4.43686006825939,4.3230944254835
"3",120,0.6,0.3,0,1000,0.05,3,27.9863481228669,16.2684869169511,17.1786120591581,18.8850967007964,19.5676905574517
