"","nvar","r","d","het","iter","alpha","strategy","p1","p2","p3","p4","p5"
"1",66,0.7,0.1,0,1000,0.05,1,41.3793103448276,18.007662835249,14.9425287356322,13.7931034482759,11.8773946360153
"2",66,0.7,0.1,0,1000,0.05,2,41.3793103448276,18.007662835249,14.9425287356322,13.7931034482759,11.8773946360153
"3",66,0.7,0.1,0,1000,0.05,3,12.4521072796935,16.2835249042146,20.4980842911877,22.7969348659004,27.9693486590038
