"","nvar","r","d","het","iter","alpha","strategy","p1","p2","p3","p4","p5"
"1",138,0.8,0.2,0,1000,0.05,1,54.0587219343696,17.7892918825561,12.6079447322971,7.5993091537133,7.9447322970639
"2",138,0.8,0.2,0,1000,0.05,2,54.0587219343696,17.7892918825561,12.6079447322971,7.5993091537133,7.9447322970639
"3",138,0.8,0.2,0,1000,0.05,3,17.2711571675302,13.9896373056995,18.6528497409326,22.1070811744387,27.979274611399
