"","nvar","r","d","het","iter","alpha","strategy","p1","p2","p3","p4","p5"
"1",14,0,0.2,0,1000,0.05,1,55.2631578947368,15.2882205513784,13.4085213032581,9.77443609022556,6.265664160401
"2",14,0,0.2,0,1000,0.05,2,55.2631578947368,15.2882205513784,13.4085213032581,9.77443609022556,6.265664160401
"3",14,0,0.2,0,1000,0.05,3,35.7142857142857,16.5413533834586,17.7944862155388,14.9122807017544,15.0375939849624
