"","nvar","r","d","het","iter","alpha","strategy","p1","p2","p3","p4","p5"
"1",88,0.5,0.1,0,1000,0.05,1,48.5387547649301,19.8221092757306,13.5959339263024,9.91105463786531,8.13214739517154
"2",88,0.5,0.1,0,1000,0.05,2,48.5387547649301,19.8221092757306,13.5959339263024,9.91105463786531,8.13214739517154
"3",88,0.5,0.1,0,1000,0.05,3,15.3748411689962,20.2033036848793,21.8551461245235,20.0762388818297,22.4904701397713
