"","nvar","r","d","het","iter","alpha","strategy","p1","p2","p3","p4","p5"
"1",48,0.7,0.2,0,1000,0.05,1,54.0133779264214,16.3879598662207,10.5351170568562,9.36454849498328,9.6989966555184
"2",48,0.7,0.2,0,1000,0.05,2,54.0133779264214,16.3879598662207,10.5351170568562,9.36454849498328,9.6989966555184
"3",48,0.7,0.2,0,1000,0.05,3,20.7357859531773,16.3879598662207,17.8929765886288,21.2374581939799,23.7458193979933
