"","nvar","r","d","het","iter","alpha","strategy","p1","p2","p3","p4","p5"
"1",166,0.5,0.1,0,1000,0.05,1,54.6770601336303,16.815144766147,13.4743875278396,8.35189309576838,6.6815144766147
"2",166,0.5,0.1,0,1000,0.05,2,54.6770601336303,16.815144766147,13.4743875278396,8.35189309576838,6.6815144766147
"3",166,0.5,0.1,0,1000,0.05,3,13.4743875278396,16.7037861915368,22.8285077951002,23.162583518931,23.8307349665924
