"","nvar","r","d","het","iter","alpha","strategy","p1","p2","p3","p4","p5"
"1",10,0.9,0.1,0,1000,0.05,1,31.8918918918919,20.5405405405405,14.0540540540541,21.0810810810811,12.4324324324324
"2",10,0.9,0.1,0,1000,0.05,2,31.8918918918919,20.5405405405405,14.0540540540541,21.0810810810811,12.4324324324324
"3",10,0.9,0.1,0,1000,0.05,3,15.6756756756757,15.6756756756757,19.4594594594595,24.3243243243243,24.8648648648649
