"","nvar","r","d","het","iter","alpha","strategy","p1","p2","p3","p4","p5"
"1",68,0.3,0.2,0,1000,0.05,1,68.0042238648363,17.5290390707497,7.07497360084477,4.54065469904963,2.7455121436114
"2",68,0.3,0.2,0,1000,0.05,2,68.0042238648363,17.5290390707497,7.07497360084477,4.54065469904963,2.7455121436114
"3",68,0.3,0.2,0,1000,0.05,3,27.9831045406547,21.0137275607181,18.585005279831,16.3674762407603,16.0506863780359
