"","nvar","r","d","het","iter","alpha","strategy","p1","p2","p3","p4","p5"
"1",120,0.7,0.2,0,1000,0.05,1,59.8885793871866,15.8774373259053,10.3064066852368,8.35654596100279,5.57103064066852
"2",120,0.7,0.2,0,1000,0.05,2,59.8885793871866,15.8774373259053,10.3064066852368,8.35654596100279,5.57103064066852
"3",120,0.7,0.2,0,1000,0.05,3,17.5487465181058,18.5236768802228,19.3593314763231,22.5626740947075,22.0055710306407
