"","nvar","r","d","het","iter","alpha","strategy","p1","p2","p3","p4","p5"
"1",138,0.4,0.1,0,1000,0.05,1,57.0675105485232,21.2025316455696,10.9704641350211,6.43459915611814,4.32489451476793
"2",138,0.4,0.1,0,1000,0.05,2,57.0675105485232,21.2025316455696,10.9704641350211,6.43459915611814,4.32489451476793
"3",138,0.4,0.1,0,1000,0.05,3,14.4514767932489,20.5696202531646,20.6751054852321,22.3628691983122,21.9409282700422
