"","nvar","r","d","het","iter","alpha","strategy","p1","p2","p3","p4","p5"
"1",6,0.4,0.2,0,1000,0.05,1,48.6842105263158,16.4473684210526,12.719298245614,12.5,9.64912280701754
"2",6,0.4,0.2,0,1000,0.05,2,48.6842105263158,16.4473684210526,12.719298245614,12.5,9.64912280701754
"3",6,0.4,0.2,0,1000,0.05,3,30.921052631579,17.3245614035088,16.0087719298246,18.640350877193,17.1052631578947
