"","nvar","r","d","het","iter","alpha","strategy","p1","p2","p3","p4","p5"
"1",154,0.9,0.1,0,1000,0.05,1,36.3344051446945,22.1864951768489,15.4340836012862,13.8263665594855,12.2186495176849
"2",154,0.9,0.1,0,1000,0.05,2,36.3344051446945,22.1864951768489,15.4340836012862,13.8263665594855,12.2186495176849
"3",154,0.9,0.1,0,1000,0.05,3,9.64630225080386,9.64630225080386,17.0418006430868,26.3665594855305,37.2990353697749
