"","nvar","r","d","het","iter","alpha","strategy","p1","p2","p3","p4","p5"
"1",16,0.2,0.1,0,1000,0.05,1,38.6792452830189,23.4276729559748,15.7232704402516,13.0503144654088,9.11949685534591
"2",16,0.2,0.1,0,1000,0.05,2,38.6792452830189,23.4276729559748,15.7232704402516,13.0503144654088,9.11949685534591
"3",16,0.2,0.1,0,1000,0.05,3,21.5408805031447,21.0691823899371,20.2830188679245,19.496855345912,17.6100628930818
