"","nvar","r","d","het","iter","alpha","strategy","p1","p2","p3","p4","p5"
"1",144,0.4,0.3,0,1000,0.05,1,81.9018404907976,10.3271983640082,3.2719836400818,2.04498977505112,1.53374233128834
"2",144,0.4,0.3,0,1000,0.05,2,81.9018404907976,10.3271983640082,3.2719836400818,2.04498977505112,1.53374233128834
"3",144,0.4,0.3,0,1000,0.05,3,29.8568507157464,20.3476482617587,16.6666666666667,17.3824130879346,15.439672801636
