"","nvar","r","d","het","iter","alpha","strategy","p1","p2","p3","p4","p5"
"1",188,0.4,0.3,0,1000,0.05,1,84.0725806451613,7.56048387096774,4.53629032258065,1.71370967741935,0.907258064516129
"2",188,0.4,0.3,0,1000,0.05,2,84.0725806451613,7.56048387096774,4.53629032258065,1.71370967741935,0.907258064516129
"3",188,0.4,0.3,0,1000,0.05,3,34.2741935483871,16.8346774193548,16.9354838709677,15.4233870967742,16.2298387096774
