"","nvar","r","d","het","iter","alpha","strategy","p1","p2","p3","p4","p5"
"1",22,0.2,0.2,0,1000,0.05,1,58.7591240875912,17.0316301703163,10.3406326034063,9.00243309002433,4.8661800486618
"2",22,0.2,0.2,0,1000,0.05,2,58.7591240875912,17.0316301703163,10.3406326034063,9.00243309002433,4.8661800486618
"3",22,0.2,0.2,0,1000,0.05,3,29.4403892944039,20.4379562043796,16.9099756690998,16.9099756690998,16.301703163017
