"","nvar","r","d","het","iter","alpha","strategy","p1","p2","p3","p4","p5"
"1",10,0.5,0.2,0,1000,0.05,1,49.1428571428571,19.6190476190476,12.3809523809524,9.9047619047619,8.95238095238095
"2",10,0.5,0.2,0,1000,0.05,2,49.1428571428571,19.6190476190476,12.3809523809524,9.9047619047619,8.95238095238095
"3",10,0.5,0.2,0,1000,0.05,3,28.7619047619048,21.3333333333333,17.3333333333333,14.8571428571429,17.7142857142857
