"","nvar","r","d","het","iter","alpha","strategy","p1","p2","p3","p4","p5"
"1",100,0.4,0.1,0,1000,0.05,1,51.6556291390728,20.4194260485651,13.6865342163355,8.38852097130243,5.84988962472406
"2",100,0.4,0.1,0,1000,0.05,2,51.6556291390728,20.4194260485651,13.6865342163355,8.38852097130243,5.84988962472406
"3",100,0.4,0.1,0,1000,0.05,3,17.9911699779249,17.7704194260486,22.5165562913907,19.5364238410596,22.1854304635762
