"","nvar","r","d","het","iter","alpha","strategy","p1","p2","p3","p4","p5"
"1",60,0.2,0.1,0,1000,0.05,1,54.4181034482759,21.3362068965517,12.6077586206897,7.86637931034483,3.77155172413793
"2",60,0.2,0.1,0,1000,0.05,2,54.4181034482759,21.3362068965517,12.6077586206897,7.86637931034483,3.77155172413793
"3",60,0.2,0.1,0,1000,0.05,3,19.5043103448276,18.8577586206897,20.0431034482759,21.551724137931,20.0431034482759
