"","nvar","r","d","het","iter","alpha","strategy","p1","p2","p3","p4","p5"
"1",160,0.2,0.1,0,1000,0.05,1,77.1313941825476,16.148445336008,4.81444332998997,1.30391173520562,0.601805416248746
"2",160,0.2,0.1,0,1000,0.05,2,77.1313941825476,16.148445336008,4.81444332998997,1.30391173520562,0.601805416248746
"3",160,0.2,0.1,0,1000,0.05,3,18.3550651955868,19.9598796389167,20.2607823470411,21.1634904714142,20.2607823470411
