"","nvar","r","d","het","iter","alpha","strategy","p1","p2","p3","p4","p5"
"1",196,0.6,0.1,0,1000,0.05,1,50.2487562189055,19.4029850746269,13.4328358208955,8.83084577114428,8.08457711442786
"2",196,0.6,0.1,0,1000,0.05,2,50.2487562189055,19.4029850746269,13.4328358208955,8.83084577114428,8.08457711442786
"3",196,0.6,0.1,0,1000,0.05,3,10.9452736318408,19.1542288557214,20.6467661691542,23.134328358209,26.1194029850746
