"","nvar","r","d","het","iter","alpha","strategy","p1","p2","p3","p4","p5"
"1",76,0.1,0.2,0,1000,0.05,1,81.2060301507538,10.9547738693467,4.62311557788945,1.90954773869347,1.20603015075377
"2",76,0.1,0.2,0,1000,0.05,2,81.2060301507538,10.9547738693467,4.62311557788945,1.90954773869347,1.20603015075377
"3",76,0.1,0.2,0,1000,0.05,3,27.8391959798995,20.8040201005025,18.5929648241206,15.7788944723618,16.9849246231156
