"","nvar","r","d","het","iter","alpha","strategy","p1","p2","p3","p4","p5"
"1",92,0.1,0.3,0,1000,0.05,1,91.5831663326653,5.51102204408818,2.10420841683367,0.100200400801603,0.100200400801603
"2",92,0.1,0.3,0,1000,0.05,2,91.5831663326653,5.51102204408818,2.10420841683367,0.100200400801603,0.100200400801603
"3",92,0.1,0.3,0,1000,0.05,3,37.4749498997996,19.6392785571142,17.2344689378758,13.2264529058116,12.4248496993988
