"","nvar","r","d","het","iter","alpha","strategy","p1","p2","p3","p4","p5"
"1",166,0.5,0.2,0,1000,0.05,1,68.8311688311688,12.5541125541126,9.09090909090909,4.65367965367965,4.76190476190476
"2",166,0.5,0.2,0,1000,0.05,2,68.8311688311688,12.5541125541126,9.09090909090909,4.65367965367965,4.76190476190476
"3",166,0.5,0.2,0,1000,0.05,3,22.5108225108225,16.4502164502165,19.047619047619,19.1558441558442,22.8354978354978
