"","nvar","r","d","het","iter","alpha","strategy","p1","p2","p3","p4","p5"
"1",120,0.1,0.1,0,1000,0.05,1,75.9519038076152,16.2324649298597,5.51102204408818,1.70340681362725,0.601202404809619
"2",120,0.1,0.1,0,1000,0.05,2,75.9519038076152,16.2324649298597,5.51102204408818,1.70340681362725,0.601202404809619
"3",120,0.1,0.1,0,1000,0.05,3,22.5450901803607,19.7394789579158,20.5410821643287,18.6372745490982,18.5370741482966
