"","nvar","r","d","het","iter","alpha","strategy","p1","p2","p3","p4","p5"
"1",8,0,0.1,0,1000,0.05,1,34.7368421052632,20.421052631579,16.6315789473684,17.6842105263158,10.5263157894737
"2",8,0,0.1,0,1000,0.05,2,34.7368421052632,20.421052631579,16.6315789473684,17.6842105263158,10.5263157894737
"3",8,0,0.1,0,1000,0.05,3,25.2631578947368,20.6315789473684,17.8947368421053,20.421052631579,15.7894736842105
