"","nvar","r","d","het","iter","alpha","strategy","p1","p2","p3","p4","p5"
"1",26,0.4,0.1,0,1000,0.05,1,39.871382636656,21.0610932475884,17.3633440514469,11.5755627009646,10.1286173633441
"2",26,0.4,0.1,0,1000,0.05,2,39.871382636656,21.0610932475884,17.3633440514469,11.5755627009646,10.1286173633441
"3",26,0.4,0.1,0,1000,0.05,3,19.2926045016077,18.4887459807074,19.935691318328,21.3826366559486,20.9003215434084
