"","nvar","r","d","het","iter","alpha","strategy","p1","p2","p3","p4","p5"
"1",136,0.4,0.1,0,1000,0.05,1,58.8110403397028,18.1528662420382,11.8895966029724,7.64331210191083,3.5031847133758
"2",136,0.4,0.1,0,1000,0.05,2,58.8110403397028,18.1528662420382,11.8895966029724,7.64331210191083,3.5031847133758
"3",136,0.4,0.1,0,1000,0.05,3,16.348195329087,19.1082802547771,20.8067940552017,22.6114649681529,21.1252653927813
