"","nvar","r","d","het","iter","alpha","strategy","p1","p2","p3","p4","p5"
"1",112,0.4,0.2,0,1000,0.05,1,72.507869884575,12.3819517313746,7.86988457502623,4.30220356768101,2.93809024134313
"2",112,0.4,0.2,0,1000,0.05,2,72.507869884575,12.3819517313746,7.86988457502623,4.30220356768101,2.93809024134313
"3",112,0.4,0.2,0,1000,0.05,3,26.5477439664218,19.6222455403987,18.0482686253935,16.6841552990556,19.0975865687303
