"","nvar","r","d","het","iter","alpha","strategy","p1","p2","p3","p4","p5"
"1",16,0.5,0.2,0,1000,0.05,1,49.8327759197324,19.0635451505017,13.5451505016722,8.52842809364548,9.03010033444816
"2",16,0.5,0.2,0,1000,0.05,2,49.8327759197324,19.0635451505017,13.5451505016722,8.52842809364548,9.03010033444816
"3",16,0.5,0.2,0,1000,0.05,3,27.0903010033445,21.571906354515,18.3946488294314,15.3846153846154,17.5585284280936
