"","nvar","r","d","het","iter","alpha","strategy","p1","p2","p3","p4","p5"
"1",140,0.4,0.1,0,1000,0.05,1,57.5401069518717,19.3582887700535,10.8021390374332,7.70053475935829,4.59893048128342
"2",140,0.4,0.1,0,1000,0.05,2,57.5401069518717,19.3582887700535,10.8021390374332,7.70053475935829,4.59893048128342
"3",140,0.4,0.1,0,1000,0.05,3,18.1818181818182,18.2887700534759,19.4652406417112,22.6737967914439,21.3903743315508
