"","nvar","r","d","het","iter","alpha","strategy","p1","p2","p3","p4","p5"
"1",42,0.6,0.1,0,1000,0.05,1,38.4615384615385,21.2880143112701,16.6368515205725,13.953488372093,9.66010733452594
"2",42,0.6,0.1,0,1000,0.05,2,38.4615384615385,21.2880143112701,16.6368515205725,13.953488372093,9.66010733452594
"3",42,0.6,0.1,0,1000,0.05,3,13.2379248658318,19.6779964221825,21.1091234347048,23.2558139534884,22.7191413237925
