"","nvar","r","d","het","iter","alpha","strategy","p1","p2","p3","p4","p5"
"1",18,0.4,0.3,0,1000,0.05,1,67.1267252195734,12.4215809284818,9.5357590966123,5.39523212045169,4.39146800501882
"2",18,0.4,0.3,0,1000,0.05,2,67.1267252195734,12.4215809284818,9.5357590966123,5.39523212045169,4.39146800501882
"3",18,0.4,0.3,0,1000,0.05,3,41.405269761606,16.6875784190715,16.5621079046424,11.7942283563363,13.1744040150565
