"","nvar","r","d","het","iter","alpha","strategy","p1","p2","p3","p4","p5"
"1",200,0.3,0.1,0,1000,0.05,1,73.4468937875751,16.8336673346693,7.21442885771543,1.60320641282565,0.901803607214429
"2",200,0.3,0.1,0,1000,0.05,2,73.4468937875751,16.8336673346693,7.21442885771543,1.60320641282565,0.901803607214429
"3",200,0.3,0.1,0,1000,0.05,3,17.7354709418838,19.1382765531062,22.8456913827655,21.0420841683367,19.2384769539078
