"","nvar","r","d","het","iter","alpha","strategy","p1","p2","p3","p4","p5"
"1",118,0.5,0.1,0,1000,0.05,1,48.0791618160652,20.8381839348079,12.3399301513388,11.0593713620489,7.68335273573923
"2",118,0.5,0.1,0,1000,0.05,2,48.0791618160652,20.8381839348079,12.3399301513388,11.0593713620489,7.68335273573923
"3",118,0.5,0.1,0,1000,0.05,3,13.6204889406286,18.5098952270082,20.023282887078,23.1664726426077,24.6798603026775
