"","nvar","r","d","het","iter","alpha","strategy","p1","p2","p3","p4","p5"
"1",26,0.9,0.2,0,1000,0.05,1,51.3846153846154,17.8461538461538,11.6923076923077,10.4615384615385,8.61538461538461
"2",26,0.9,0.2,0,1000,0.05,2,51.3846153846154,17.8461538461538,11.6923076923077,10.4615384615385,8.61538461538461
"3",26,0.9,0.2,0,1000,0.05,3,25.8461538461538,13.2307692307692,16.9230769230769,21.5384615384615,22.4615384615385
