"","nvar","r","d","het","iter","alpha","strategy","p1","p2","p3","p4","p5"
"1",74,0.8,0.1,0,1000,0.05,1,41.2663755458515,17.2489082969432,18.1222707423581,11.353711790393,12.0087336244541
"2",74,0.8,0.1,0,1000,0.05,2,41.2663755458515,17.2489082969432,18.1222707423581,11.353711790393,12.0087336244541
"3",74,0.8,0.1,0,1000,0.05,3,10.4803493449782,14.6288209606987,21.17903930131,24.0174672489083,29.6943231441048
