"","nvar","r","d","het","iter","alpha","strategy","p1","p2","p3","p4","p5"
"1",42,0.4,0.2,0,1000,0.05,1,57.6251455180442,16.5308498253783,11.5250291036088,8.14901047729918,6.0535506402794
"2",42,0.4,0.2,0,1000,0.05,2,57.6251455180442,16.5308498253783,11.5250291036088,8.14901047729918,6.0535506402794
"3",42,0.4,0.2,0,1000,0.05,3,22.7008149010477,19.790454016298,19.2083818393481,21.3038416763679,16.9965075669383
