"","nvar","r","d","het","iter","alpha","strategy","p1","p2","p3","p4","p5"
"1",170,0.3,0.3,0,1000,0.05,1,89.1783567134269,5.41082164328657,3.0060120240481,1.00200400801603,0.400801603206413
"2",170,0.3,0.3,0,1000,0.05,2,89.1783567134269,5.41082164328657,3.0060120240481,1.00200400801603,0.400801603206413
"3",170,0.3,0.3,0,1000,0.05,3,32.7655310621242,18.8376753507014,16.6332665330661,17.5350701402806,14.0280561122244
