"","nvar","r","d","het","iter","alpha","strategy","p1","p2","p3","p4","p5"
"1",148,0.9,0.2,0,1000,0.05,1,46.1716937354988,17.169373549884,14.6171693735499,11.1368909512761,10.9048723897912
"2",148,0.9,0.2,0,1000,0.05,2,46.1716937354988,17.169373549884,14.6171693735499,11.1368909512761,10.9048723897912
"3",148,0.9,0.2,0,1000,0.05,3,20.1856148491879,8.81670533642691,15.5452436194896,24.5939675174014,30.8584686774942
