"","nvar","r","d","het","iter","alpha","strategy","p1","p2","p3","p4","p5"
"1",32,0.5,0.3,0,1000,0.05,1,67.1641791044776,10.9452736318408,8.45771144278607,6.8407960199005,5.22388059701492
"2",32,0.5,0.3,0,1000,0.05,2,67.1641791044776,10.9452736318408,8.45771144278607,6.8407960199005,5.22388059701492
"3",32,0.5,0.3,0,1000,0.05,3,31.3432835820896,16.2935323383085,18.407960199005,18.9054726368159,14.5522388059702
