"","nvar","r","d","het","iter","alpha","strategy","p1","p2","p3","p4","p5"
"1",162,0.3,0.2,0,1000,0.05,1,80.6613226452906,13.12625250501,3.70741482965932,1.90380761523046,0.601202404809619
"2",162,0.3,0.2,0,1000,0.05,2,80.6613226452906,13.12625250501,3.70741482965932,1.90380761523046,0.601202404809619
"3",162,0.3,0.2,0,1000,0.05,3,27.1543086172345,19.3386773547094,16.9338677354709,18.436873747495,18.1362725450902
