"","nvar","r","d","het","iter","alpha","strategy","p1","p2","p3","p4","p5"
"1",84,0.8,0.1,0,1000,0.05,1,40.7142857142857,19.047619047619,15.952380952381,12.6190476190476,11.6666666666667
"2",84,0.8,0.1,0,1000,0.05,2,40.7142857142857,19.047619047619,15.952380952381,12.6190476190476,11.6666666666667
"3",84,0.8,0.1,0,1000,0.05,3,13.0952380952381,14.047619047619,17.8571428571429,23.5714285714286,31.4285714285714
