"","nvar","r","d","het","iter","alpha","strategy","p1","p2","p3","p4","p5"
"1",96,0.9,0.2,0,1000,0.05,1,51.764705882353,20.7058823529412,12.2352941176471,7.05882352941176,8.23529411764706
"2",96,0.9,0.2,0,1000,0.05,2,51.764705882353,20.7058823529412,12.2352941176471,7.05882352941176,8.23529411764706
"3",96,0.9,0.2,0,1000,0.05,3,20.9411764705882,13.4117647058824,12.4705882352941,25.1764705882353,28
