"","nvar","r","d","het","iter","alpha","strategy","p1","p2","p3","p4","p5"
"1",40,0.4,0.3,0,1000,0.05,1,66.2908680947012,13.641488162345,10.1465614430665,4.39684329199549,4.28410372040586
"2",40,0.4,0.3,0,1000,0.05,2,66.2908680947012,13.641488162345,10.1465614430665,4.39684329199549,4.28410372040586
"3",40,0.4,0.3,0,1000,0.05,3,30.2142051860203,18.8275084554679,19.0529875986471,14.7688838782413,16.9109357384442
