"","nvar","r","d","het","iter","alpha","strategy","p1","p2","p3","p4","p5"
"1",124,0.9,0.1,0,1000,0.05,1,36.3013698630137,20.5479452054795,16.0958904109589,15.0684931506849,11.986301369863
"2",124,0.9,0.1,0,1000,0.05,2,36.3013698630137,20.5479452054795,16.0958904109589,15.0684931506849,11.986301369863
"3",124,0.9,0.1,0,1000,0.05,3,9.24657534246575,8.21917808219178,16.0958904109589,25.6849315068493,40.7534246575342
