"","nvar","r","d","het","iter","alpha","strategy","p1","p2","p3","p4","p5"
"1",186,0.2,0.1,0,1000,0.05,1,81.2812812812813,13.4134134134134,3.4034034034034,1.6016016016016,0.3003003003003
"2",186,0.2,0.1,0,1000,0.05,2,81.2812812812813,13.4134134134134,3.4034034034034,1.6016016016016,0.3003003003003
"3",186,0.2,0.1,0,1000,0.05,3,21.7217217217217,17.8178178178178,20.4204204204204,20.02002002002,20.02002002002
