"","nvar","r","d","het","iter","alpha","strategy","p1","p2","p3","p4","p5"
"1",14,0.4,0.1,0,1000,0.05,1,38.1526104417671,22.4899598393574,13.6546184738956,13.2530120481928,12.4497991967871
"2",14,0.4,0.1,0,1000,0.05,2,38.1526104417671,22.4899598393574,13.6546184738956,13.2530120481928,12.4497991967871
"3",14,0.4,0.1,0,1000,0.05,3,20.6827309236948,20.0803212851406,17.8714859437751,19.8795180722892,21.4859437751004
