"","nvar","r","d","het","iter","alpha","strategy","p1","p2","p3","p4","p5"
"1",8,0,0.2,0,1000,0.05,1,49.6171516079632,16.385911179173,14.3950995405819,9.95405819295559,9.49464012251149
"2",8,0,0.2,0,1000,0.05,2,49.6171516079632,16.385911179173,14.3950995405819,9.95405819295559,9.49464012251149
"3",8,0,0.2,0,1000,0.05,3,36.4471669218989,17.9173047473201,18.0704441041348,13.323124042879,14.2419601837672
