"","nvar","r","d","het","iter","alpha","strategy","p1","p2","p3","p4","p5"
"1",164,0.6,0.2,0,1000,0.05,1,60.1873536299766,16.2763466042155,9.83606557377049,8.66510538641686,5.03512880562061
"2",164,0.6,0.2,0,1000,0.05,2,60.1873536299766,16.2763466042155,9.83606557377049,8.66510538641686,5.03512880562061
"3",164,0.6,0.2,0,1000,0.05,3,18.8524590163934,17.3302107728337,21.3114754098361,21.0772833723653,21.4285714285714
