"","nvar","r","d","het","iter","alpha","strategy","p1","p2","p3","p4","p5"
"1",32,0.9,0.1,0,1000,0.05,1,35.3191489361702,15.7446808510638,16.5957446808511,16.1702127659574,16.1702127659574
"2",32,0.9,0.1,0,1000,0.05,2,35.3191489361702,15.7446808510638,16.5957446808511,16.1702127659574,16.1702127659574
"3",32,0.9,0.1,0,1000,0.05,3,14.468085106383,9.78723404255319,18.7234042553191,22.9787234042553,34.0425531914894
