"","nvar","r","d","het","iter","alpha","strategy","p1","p2","p3","p4","p5"
"1",60,0.3,0.2,0,1000,0.05,1,66.9197396963124,17.8958785249458,7.26681127982646,4.55531453362256,3.36225596529284
"2",60,0.3,0.2,0,1000,0.05,2,66.9197396963124,17.8958785249458,7.26681127982646,4.55531453362256,3.36225596529284
"3",60,0.3,0.2,0,1000,0.05,3,27.5488069414317,19.1973969631236,15.1843817787419,19.7396963123644,18.3297180043384
