"","nvar","r","d","het","iter","alpha","strategy","p1","p2","p3","p4","p5"
"1",68,0.8,0.2,0,1000,0.05,1,57.5868372943327,17.7330895795247,8.04387568555759,7.49542961608775,9.14076782449726
"2",68,0.8,0.2,0,1000,0.05,2,57.5868372943327,17.7330895795247,8.04387568555759,7.49542961608775,9.14076782449726
"3",68,0.8,0.2,0,1000,0.05,3,20.109689213894,16.636197440585,16.0877513711152,20.4753199268739,26.691042047532
