"","nvar","r","d","het","iter","alpha","strategy","p1","p2","p3","p4","p5"
"1",142,0.2,0.3,0,1000,0.05,1,91.0821643286573,6.2124248496994,0.801603206412826,1.00200400801603,0.100200400801603
"2",142,0.2,0.3,0,1000,0.05,2,91.0821643286573,6.2124248496994,0.801603206412826,1.00200400801603,0.100200400801603
"3",142,0.2,0.3,0,1000,0.05,3,35.0701402805611,19.3386773547094,16.4328657314629,15.5310621242485,13.5270541082164
