"","nvar","r","d","het","iter","alpha","strategy","p1","p2","p3","p4","p5"
"1",60,0.1,0.2,0,1000,0.05,1,77.8004073319756,12.3217922606925,6.0081466395112,1.83299389002037,2.03665987780041
"2",60,0.1,0.2,0,1000,0.05,2,77.8004073319756,12.3217922606925,6.0081466395112,1.83299389002037,2.03665987780041
"3",60,0.1,0.2,0,1000,0.05,3,29.938900203666,21.5885947046843,16.8024439918534,15.4786150712831,16.1914460285132
