"","nvar","r","d","het","iter","alpha","strategy","p1","p2","p3","p4","p5"
"1",182,0.9,0.1,0,1000,0.05,1,37.8378378378378,18.6186186186186,17.1171171171171,13.8138138138138,12.6126126126126
"2",182,0.9,0.1,0,1000,0.05,2,37.8378378378378,18.6186186186186,17.1171171171171,13.8138138138138,12.6126126126126
"3",182,0.9,0.1,0,1000,0.05,3,8.10810810810811,10.8108108108108,16.5165165165165,26.1261261261261,38.4384384384384
