"","nvar","r","d","het","iter","alpha","strategy","p1","p2","p3","p4","p5"
"1",58,0.5,0.1,0,1000,0.05,1,49.665327978581,16.7336010709505,13.520749665328,11.3788487282463,8.70147255689424
"2",58,0.5,0.1,0,1000,0.05,2,49.665327978581,16.7336010709505,13.520749665328,11.3788487282463,8.70147255689424
"3",58,0.5,0.1,0,1000,0.05,3,18.7416331994645,20.0803212851406,17.1352074966533,21.0174029451138,23.0254350736278
