"","nvar","r","d","het","iter","alpha","strategy","p1","p2","p3","p4","p5"
"1",102,0.6,0.2,0,1000,0.05,1,59.5690747782002,16.8567807351077,10.3929024081115,7.3510773130545,5.83016476552598
"2",102,0.6,0.2,0,1000,0.05,2,59.5690747782002,16.8567807351077,10.3929024081115,7.3510773130545,5.83016476552598
"3",102,0.6,0.2,0,1000,0.05,3,20.1520912547529,19.2648922686945,19.5183776932826,22.4334600760456,18.6311787072243
