"","nvar","r","d","het","iter","alpha","strategy","p1","p2","p3","p4","p5"
"1",192,0.2,0.2,0,1000,0.05,1,88.5885885885886,8.30830830830831,2.5025025025025,0.4004004004004,0.1001001001001
"2",192,0.2,0.2,0,1000,0.05,2,88.5885885885886,8.30830830830831,2.5025025025025,0.4004004004004,0.1001001001001
"3",192,0.2,0.2,0,1000,0.05,3,26.6266266266266,20.2202202202202,16.6166166166166,18.4184184184184,18.1181181181181
