"","nvar","r","d","het","iter","alpha","strategy","p1","p2","p3","p4","p5"
"1",124,0.9,0.2,0,1000,0.05,1,48.9702517162471,18.3066361556064,13.5011441647597,12.1281464530892,7.09382151029748
"2",124,0.9,0.2,0,1000,0.05,2,48.9702517162471,18.3066361556064,13.5011441647597,12.1281464530892,7.09382151029748
"3",124,0.9,0.2,0,1000,0.05,3,18.0778032036613,11.8993135011442,18.9931350114416,22.1967963386728,28.8329519450801
