"","nvar","r","d","het","iter","alpha","strategy","p1","p2","p3","p4","p5"
"1",94,0.4,0.3,0,1000,0.05,1,75.3381893860562,11.8626430801249,7.2840790842872,3.01768990634755,1.87304890738814
"2",94,0.4,0.3,0,1000,0.05,2,75.3381893860562,11.8626430801249,7.2840790842872,3.01768990634755,1.87304890738814
"3",94,0.4,0.3,0,1000,0.05,3,31.5296566077003,19.4588969823101,17.6899063475546,15.9209157127992,15.4006243496358
