"","nvar","r","d","het","iter","alpha","strategy","p1","p2","p3","p4","p5"
"1",80,0.8,0.1,0,1000,0.05,1,39.7260273972603,21.689497716895,15.5251141552511,11.4155251141553,11.6438356164384
"2",80,0.8,0.1,0,1000,0.05,2,39.7260273972603,21.689497716895,15.5251141552511,11.4155251141553,11.6438356164384
"3",80,0.8,0.1,0,1000,0.05,3,9.81735159817351,16.2100456621005,18.9497716894977,27.6255707762557,27.3972602739726
