"","nvar","r","d","het","iter","alpha","strategy","p1","p2","p3","p4","p5"
"1",54,0.3,0.3,0,1000,0.05,1,75.4440961337513,11.2852664576803,6.37408568443051,3.44827586206897,2.61233019853709
"2",54,0.3,0.3,0,1000,0.05,2,75.4440961337513,11.2852664576803,6.37408568443051,3.44827586206897,2.61233019853709
"3",54,0.3,0.3,0,1000,0.05,3,33.9602925809822,18.5997910135841,15.8829676071055,15.1515151515152,15.987460815047
