"","nvar","r","d","het","iter","alpha","strategy","p1","p2","p3","p4","p5"
"1",22,0.6,0.1,0,1000,0.05,1,38.2488479262673,16.3594470046083,17.0506912442396,16.8202764976959,11.5207373271889
"2",22,0.6,0.1,0,1000,0.05,2,38.2488479262673,16.3594470046083,17.0506912442396,16.8202764976959,11.5207373271889
"3",22,0.6,0.1,0,1000,0.05,3,19.1244239631336,16.1290322580645,19.5852534562212,26.2672811059908,18.8940092165899
