"","nvar","r","d","het","iter","alpha","strategy","p1","p2","p3","p4","p5"
"1",176,0.6,0.2,0,1000,0.05,1,60.9870740305523,15.7461809635723,10.5757931844888,6.46298472385429,6.11045828437133
"2",176,0.6,0.2,0,1000,0.05,2,60.9870740305523,15.7461809635723,10.5757931844888,6.46298472385429,6.11045828437133
"3",176,0.6,0.2,0,1000,0.05,3,20.0940070505288,17.5088131609871,18.096357226792,19.8589894242068,24.4418331374853
