"","nvar","r","d","het","iter","alpha","strategy","p1","p2","p3","p4","p5"
"1",74,0.7,0.2,0,1000,0.05,1,58.5443037974684,15.0316455696203,13.4493670886076,6.9620253164557,6.0126582278481
"2",74,0.7,0.2,0,1000,0.05,2,58.5443037974684,15.0316455696203,13.4493670886076,6.9620253164557,6.0126582278481
"3",74,0.7,0.2,0,1000,0.05,3,21.8354430379747,15.9810126582278,19.7784810126582,20.8860759493671,21.5189873417722
