"","nvar","r","d","het","iter","alpha","strategy","p1","p2","p3","p4","p5"
"1",92,0.5,0.3,0,1000,0.05,1,71.9393282773565,12.1343445287107,5.95882990249187,5.20043336944745,3.68364030335861
"2",92,0.5,0.3,0,1000,0.05,2,71.9393282773565,12.1343445287107,5.95882990249187,5.20043336944745,3.68364030335861
"3",92,0.5,0.3,0,1000,0.05,3,29.6858071505959,18.0931744312026,14.409534127844,17.9848320693391,19.501625135428
