"","nvar","r","d","het","iter","alpha","strategy","p1","p2","p3","p4","p5"
"1",24,0.3,0.3,0,1000,0.05,1,67.8651685393258,13.5955056179775,8.20224719101124,5.39325842696629,4.60674157303371
"2",24,0.3,0.3,0,1000,0.05,2,67.8651685393258,13.5955056179775,8.20224719101124,5.39325842696629,4.60674157303371
"3",24,0.3,0.3,0,1000,0.05,3,33.2584269662921,19.6629213483146,18.0898876404494,13.2584269662921,15.6179775280899
