"","nvar","r","d","het","iter","alpha","strategy","p1","p2","p3","p4","p5"
"1",160,0.7,0.2,0,1000,0.05,1,57.653791130186,15.5937052932761,10.8726752503577,8.86981402002861,6.86695278969957
"2",160,0.7,0.2,0,1000,0.05,2,57.653791130186,15.5937052932761,10.8726752503577,8.86981402002861,6.86695278969957
"3",160,0.7,0.2,0,1000,0.05,3,17.1673819742489,15.7367668097282,22.0314735336195,20.8869814020029,24.1773962804006
