"","nvar","r","d","het","iter","alpha","strategy","p1","p2","p3","p4","p5"
"1",158,0.8,0.1,0,1000,0.05,1,40.3508771929825,22.0272904483431,15.5945419103314,10.7212475633528,11.3060428849903
"2",158,0.8,0.1,0,1000,0.05,2,40.3508771929825,22.0272904483431,15.5945419103314,10.7212475633528,11.3060428849903
"3",158,0.8,0.1,0,1000,0.05,3,8.7719298245614,14.2300194931774,22.2222222222222,27.0955165692008,27.6803118908382
