"","nvar","r","d","het","iter","alpha","strategy","p1","p2","p3","p4","p5"
"1",44,0.5,0.1,0,1000,0.05,1,46.1309523809524,19.1964285714286,14.2857142857143,9.82142857142857,10.5654761904762
"2",44,0.5,0.1,0,1000,0.05,2,46.1309523809524,19.1964285714286,14.2857142857143,9.82142857142857,10.5654761904762
"3",44,0.5,0.1,0,1000,0.05,3,16.2202380952381,18.3035714285714,21.2797619047619,19.3452380952381,24.8511904761905
