"","nvar","r","d","het","iter","alpha","strategy","p1","p2","p3","p4","p5"
"1",98,0.5,0.3,0,1000,0.05,1,74.5708154506438,10.1931330472103,7.08154506437768,4.72103004291846,2.46781115879828
"2",98,0.5,0.3,0,1000,0.05,2,74.5708154506438,10.1931330472103,7.08154506437768,4.72103004291846,2.46781115879828
"3",98,0.5,0.3,0,1000,0.05,3,29.3991416309013,18.7768240343348,16.6309012875536,18.5622317596567,16.3090128755365
