"","nvar","r","d","het","iter","alpha","strategy","p1","p2","p3","p4","p5"
"1",194,0.5,0.1,0,1000,0.05,1,55.421686746988,19.8247535596933,10.2957283680175,9.74808324205915,4.70974808324206
"2",194,0.5,0.1,0,1000,0.05,2,55.421686746988,19.8247535596933,10.2957283680175,9.74808324205915,4.70974808324206
"3",194,0.5,0.1,0,1000,0.05,3,13.9101861993428,18.0722891566265,18.0722891566265,24.7535596933187,25.1916757940854
