"","nvar","r","d","het","iter","alpha","strategy","p1","p2","p3","p4","p5"
"1",36,0.9,0.2,0,1000,0.05,1,53.9473684210526,14.7368421052632,11.5789473684211,10.7894736842105,8.94736842105263
"2",36,0.9,0.2,0,1000,0.05,2,53.9473684210526,14.7368421052632,11.5789473684211,10.7894736842105,8.94736842105263
"3",36,0.9,0.2,0,1000,0.05,3,26.3157894736842,12.3684210526316,17.8947368421053,18.9473684210526,24.4736842105263
