"","nvar","r","d","het","iter","alpha","strategy","p1","p2","p3","p4","p5"
"1",112,0.1,0.3,0,1000,0.05,1,93.7937937937938,4.4044044044044,0.600600600600601,0.1001001001001,0
"2",112,0.1,0.3,0,1000,0.05,2,93.7937937937938,4.4044044044044,0.600600600600601,0.1001001001001,0
"3",112,0.1,0.3,0,1000,0.05,3,38.7387387387387,20.7207207207207,16.7167167167167,11.9119119119119,11.9119119119119
