"","nvar","r","d","het","iter","alpha","strategy","p1","p2","p3","p4","p5"
"1",166,0.2,0.1,0,1000,0.05,1,79.1374122367101,15.2457372116349,4.41323971915747,1.20361083249749,0
"2",166,0.2,0.1,0,1000,0.05,2,79.1374122367101,15.2457372116349,4.41323971915747,1.20361083249749,0
"3",166,0.2,0.1,0,1000,0.05,3,22.1664994984955,17.6529588766299,20.3610832497492,20.2607823470411,19.5586760280842
