"","nvar","r","d","het","iter","alpha","strategy","p1","p2","p3","p4","p5"
"1",40,0.4,0.2,0,1000,0.05,1,58.7144622991347,16.1928306551298,11.2484548825711,8.28182941903585,5.43881334981459
"2",40,0.4,0.2,0,1000,0.05,2,58.7144622991347,16.1928306551298,11.2484548825711,8.28182941903585,5.43881334981459
"3",40,0.4,0.2,0,1000,0.05,3,24.8454882571075,20.5191594561187,18.2941903584672,18.2941903584672,18.0469715698393
