"","nvar","r","d","het","iter","alpha","strategy","p1","p2","p3","p4","p5"
"1",126,0.3,0.1,0,1000,0.05,1,66.1569826707441,17.6350662589195,9.98980632008155,3.97553516819572,2.24260958205912
"2",126,0.3,0.1,0,1000,0.05,2,66.1569826707441,17.6350662589195,9.98980632008155,3.97553516819572,2.24260958205912
"3",126,0.3,0.1,0,1000,0.05,3,19.8776758409786,19.2660550458716,20.4892966360856,21.1009174311927,19.2660550458716
