"","nvar","r","d","het","iter","alpha","strategy","p1","p2","p3","p4","p5"
"1",16,0.3,0.1,0,1000,0.05,1,37.2516556291391,22.682119205298,16.5562913907285,13.4105960264901,10.0993377483444
"2",16,0.3,0.1,0,1000,0.05,2,37.2516556291391,22.682119205298,16.5562913907285,13.4105960264901,10.0993377483444
"3",16,0.3,0.1,0,1000,0.05,3,21.8543046357616,20.8609271523179,20.8609271523179,18.7086092715232,17.7152317880795
