"","nvar","r","d","het","iter","alpha","strategy","p1","p2","p3","p4","p5"
"1",38,0,0.2,0,1000,0.05,1,74.1044012282497,14.0225179119754,7.26714431934493,2.9682702149437,1.63766632548618
"2",38,0,0.2,0,1000,0.05,2,74.1044012282497,14.0225179119754,7.26714431934493,2.9682702149437,1.63766632548618
"3",38,0,0.2,0,1000,0.05,3,30.8085977482088,21.1873080859775,17.7072671443193,15.4554759467758,14.8413510747185
