"","nvar","r","d","het","iter","alpha","strategy","p1","p2","p3","p4","p5"
"1",118,0.8,0.1,0,1000,0.05,1,40.3547671840355,19.290465631929,15.5210643015521,13.9689578713969,10.8647450110865
"2",118,0.8,0.1,0,1000,0.05,2,40.3547671840355,19.290465631929,15.5210643015521,13.9689578713969,10.8647450110865
"3",118,0.8,0.1,0,1000,0.05,3,8.64745011086474,14.1906873614191,20.8425720620843,25.7206208425721,30.5986696230599
