"","nvar","r","d","het","iter","alpha","strategy","p1","p2","p3","p4","p5"
"1",78,0.2,0.3,0,1000,0.05,1,84.8088531187123,9.45674044265593,2.21327967806841,1.91146881287726,0.503018108651911
"2",78,0.2,0.3,0,1000,0.05,2,84.8088531187123,9.45674044265593,2.21327967806841,1.91146881287726,0.503018108651911
"3",78,0.2,0.3,0,1000,0.05,3,36.5191146881288,20.0201207243461,16.0965794768612,14.7887323943662,12.4748490945674
