"","nvar","r","d","het","iter","alpha","strategy","p1","p2","p3","p4","p5"
"1",156,0.2,0.3,0,1000,0.05,1,91.4914914914915,5.2052052052052,1.2012012012012,0.2002002002002,0
"2",156,0.2,0.3,0,1000,0.05,2,91.4914914914915,5.2052052052052,1.2012012012012,0.2002002002002,0
"3",156,0.2,0.3,0,1000,0.05,3,35.7357357357357,17.8178178178178,17.5175175175175,14.7147147147147,13.7137137137137
