"","nvar","r","d","het","iter","alpha","strategy","p1","p2","p3","p4","p5"
"1",130,0.9,0.1,0,1000,0.05,1,40.7407407407407,16.8350168350168,16.1616161616162,14.4781144781145,11.7845117845118
"2",130,0.9,0.1,0,1000,0.05,2,40.7407407407407,16.8350168350168,16.1616161616162,14.4781144781145,11.7845117845118
"3",130,0.9,0.1,0,1000,0.05,3,9.76430976430976,12.4579124579125,15.1515151515152,28.6195286195286,34.006734006734
