"","nvar","r","d","het","iter","alpha","strategy","p1","p2","p3","p4","p5"
"1",200,0.9,0.1,0,1000,0.05,1,36.3905325443787,18.0473372781065,17.7514792899408,13.0177514792899,14.792899408284
"2",200,0.9,0.1,0,1000,0.05,2,36.3905325443787,18.0473372781065,17.7514792899408,13.0177514792899,14.792899408284
"3",200,0.9,0.1,0,1000,0.05,3,7.98816568047337,8.87573964497041,15.6804733727811,26.0355029585799,41.4201183431953
