"","nvar","r","d","het","iter","alpha","strategy","p1","p2","p3","p4","p5"
"1",144,0.9,0.1,0,1000,0.05,1,36.4820846905537,21.1726384364821,16.2866449511401,12.3778501628664,13.6807817589577
"2",144,0.9,0.1,0,1000,0.05,2,36.4820846905537,21.1726384364821,16.2866449511401,12.3778501628664,13.6807817589577
"3",144,0.9,0.1,0,1000,0.05,3,9.12052117263844,10.0977198697068,16.2866449511401,28.0130293159609,36.4820846905537
