"","nvar","r","d","het","iter","alpha","strategy","p1","p2","p3","p4","p5"
"1",6,0.5,0.3,0,1000,0.05,1,54.2961608775137,18.2815356489945,10.054844606947,8.95795246800731,8.04387568555759
"2",6,0.5,0.3,0,1000,0.05,2,54.2961608775137,18.2815356489945,10.054844606947,8.95795246800731,8.04387568555759
"3",6,0.5,0.3,0,1000,0.05,3,36.3802559414991,18.2815356489945,17.1846435100548,12.6142595978062,15.5393053016453
