"","nvar","r","d","het","iter","alpha","strategy","p1","p2","p3","p4","p5"
"1",174,0.3,0.3,0,1000,0.05,1,90.0702106318957,5.21564694082247,2.00601805416249,1.30391173520562,0.300902708124373
"2",174,0.3,0.3,0,1000,0.05,2,90.0702106318957,5.21564694082247,2.00601805416249,1.30391173520562,0.300902708124373
"3",174,0.3,0.3,0,1000,0.05,3,34.9047141424273,17.9538615847543,17.9538615847543,15.2457372116349,13.5406218655968
