"","nvar","r","d","het","iter","alpha","strategy","p1","p2","p3","p4","p5"
"1",78,0.9,0.1,0,1000,0.05,1,45,17.6666666666667,13.6666666666667,12.3333333333333,11.3333333333333
"2",78,0.9,0.1,0,1000,0.05,2,45,17.6666666666667,13.6666666666667,12.3333333333333,11.3333333333333
"3",78,0.9,0.1,0,1000,0.05,3,11.6666666666667,13.3333333333333,19.6666666666667,22.3333333333333,33
