"","nvar","r","d","het","iter","alpha","strategy","p1","p2","p3","p4","p5"
"1",140,0.2,0.2,0,1000,0.05,1,87.5626880641926,8.72617853560682,2.00601805416249,1.40421263791374,0.300902708124373
"2",140,0.2,0.2,0,1000,0.05,2,87.5626880641926,8.72617853560682,2.00601805416249,1.40421263791374,0.300902708124373
"3",140,0.2,0.2,0,1000,0.05,3,27.8836509528586,22.1664994984955,17.4523570712136,14.543630892678,17.9538615847543
