"","nvar","r","d","het","iter","alpha","strategy","p1","p2","p3","p4","p5"
"1",124,0.8,0.1,0,1000,0.05,1,46.0043196544276,17.92656587473,12.9589632829374,13.8228941684665,9.28725701943845
"2",124,0.8,0.1,0,1000,0.05,2,46.0043196544276,17.92656587473,12.9589632829374,13.8228941684665,9.28725701943845
"3",124,0.8,0.1,0,1000,0.05,3,8.42332613390929,15.3347732181425,19.438444924406,23.3261339092873,33.4773218142549
