"","nvar","r","d","het","iter","alpha","strategy","p1","p2","p3","p4","p5"
"1",86,0.5,0.1,0,1000,0.05,1,47.8097622027534,19.7747183979975,13.0162703379224,11.2640801001252,8.1351689612015
"2",86,0.5,0.1,0,1000,0.05,2,47.8097622027534,19.7747183979975,13.0162703379224,11.2640801001252,8.1351689612015
"3",86,0.5,0.1,0,1000,0.05,3,15.5193992490613,18.1476846057572,18.523153942428,22.1526908635795,25.657071339174
