"","nvar","r","d","het","iter","alpha","strategy","p1","p2","p3","p4","p5"
"1",18,0.6,0.3,0,1000,0.05,1,63.622754491018,12.2754491017964,9.13173652694611,7.18562874251497,7.03592814371257
"2",18,0.6,0.3,0,1000,0.05,2,63.622754491018,12.2754491017964,9.13173652694611,7.18562874251497,7.03592814371257
"3",18,0.6,0.3,0,1000,0.05,3,36.8263473053892,17.2155688622755,16.1676646706587,13.4730538922156,15.8682634730539
