"","nvar","r","d","het","iter","alpha","strategy","p1","p2","p3","p4","p5"
"1",18,0.1,0.3,0,1000,0.05,1,71.3656387665198,12.5550660792952,6.71806167400881,5.39647577092511,3.19383259911894
"2",18,0.1,0.3,0,1000,0.05,2,71.3656387665198,12.5550660792952,6.71806167400881,5.39647577092511,3.19383259911894
"3",18,0.1,0.3,0,1000,0.05,3,40.4185022026432,16.9603524229075,13.8766519823789,16.6299559471366,12.0044052863436
