"","nvar","r","d","het","iter","alpha","strategy","p1","p2","p3","p4","p5"
"1",178,0.8,0.2,0,1000,0.05,1,55.4054054054054,15.2027027027027,12.6689189189189,9.12162162162162,7.60135135135135
"2",178,0.8,0.2,0,1000,0.05,2,55.4054054054054,15.2027027027027,12.6689189189189,9.12162162162162,7.60135135135135
"3",178,0.8,0.2,0,1000,0.05,3,17.0608108108108,14.0202702702703,19.0878378378378,24.3243243243243,25.5067567567568
