"","nvar","r","d","het","iter","alpha","strategy","p1","p2","p3","p4","p5"
"1",178,0.7,0.2,0,1000,0.05,1,58.1395348837209,16.2790697674419,11.2175102599179,8.48153214774282,5.88235294117647
"2",178,0.7,0.2,0,1000,0.05,2,58.1395348837209,16.2790697674419,11.2175102599179,8.48153214774282,5.88235294117647
"3",178,0.7,0.2,0,1000,0.05,3,13.6798905608755,15.7318741450068,22.1614227086183,23.6662106703146,24.7606019151847
