"","nvar","r","d","het","iter","alpha","strategy","p1","p2","p3","p4","p5"
"1",28,0.6,0.2,0,1000,0.05,1,53.9808917197452,18.7898089171975,11.9426751592357,8.43949044585987,6.84713375796178
"2",28,0.6,0.2,0,1000,0.05,2,53.9808917197452,18.7898089171975,11.9426751592357,8.43949044585987,6.84713375796178
"3",28,0.6,0.2,0,1000,0.05,3,24.203821656051,17.6751592356688,19.2675159235669,20.0636942675159,18.7898089171975
