"","nvar","r","d","het","iter","alpha","strategy","p1","p2","p3","p4","p5"
"1",126,0.9,0.2,0,1000,0.05,1,53.3769063180828,16.7755991285403,11.3289760348584,9.80392156862745,8.71459694989107
"2",126,0.9,0.2,0,1000,0.05,2,53.3769063180828,16.7755991285403,11.3289760348584,9.80392156862745,8.71459694989107
"3",126,0.9,0.2,0,1000,0.05,3,20.6971677559913,11.9825708061002,15.4684095860566,20.2614379084967,31.5904139433551
