"","nvar","r","d","het","iter","alpha","strategy","p1","p2","p3","p4","p5"
"1",84,0.8,0.2,0,1000,0.05,1,52.4074074074074,16.2962962962963,11.1111111111111,10.3703703703704,9.62962962962963
"2",84,0.8,0.2,0,1000,0.05,2,52.4074074074074,16.2962962962963,11.1111111111111,10.3703703703704,9.62962962962963
"3",84,0.8,0.2,0,1000,0.05,3,18.7037037037037,16.8518518518519,17.037037037037,20.9259259259259,26.2962962962963
