"","nvar","r","d","het","iter","alpha","strategy","p1","p2","p3","p4","p5"
"1",40,0.5,0.3,0,1000,0.05,1,67.2985781990521,12.6777251184834,9.47867298578199,6.16113744075829,4.02843601895735
"2",40,0.5,0.3,0,1000,0.05,2,67.2985781990521,12.6777251184834,9.47867298578199,6.16113744075829,4.02843601895735
"3",40,0.5,0.3,0,1000,0.05,3,31.1611374407583,17.8909952606635,17.654028436019,17.2985781990521,15.7582938388626
