"","nvar","r","d","het","iter","alpha","strategy","p1","p2","p3","p4","p5"
"1",58,0,0.1,0,1000,0.05,1,64.7773279352227,18.6234817813765,9.21052631578947,4.25101214574899,3.13765182186235
"2",58,0,0.1,0,1000,0.05,2,64.7773279352227,18.6234817813765,9.21052631578947,4.25101214574899,3.13765182186235
"3",58,0,0.1,0,1000,0.05,3,23.3805668016194,20.1417004048583,18.1174089068826,18.3198380566802,20.0404858299595
