"","nvar","r","d","het","iter","alpha","strategy","p1","p2","p3","p4","p5"
"1",144,0.3,0.3,0,1000,0.05,1,87.8391959798995,6.83417085427136,3.21608040201005,0.904522613065327,0.603015075376884
"2",144,0.3,0.3,0,1000,0.05,2,87.8391959798995,6.83417085427136,3.21608040201005,0.904522613065327,0.603015075376884
"3",144,0.3,0.3,0,1000,0.05,3,31.9597989949749,18.5929648241206,17.7889447236181,14.9748743718593,16.2814070351759
