"","nvar","r","d","het","iter","alpha","strategy","p1","p2","p3","p4","p5"
"1",50,0.5,0.3,0,1000,0.05,1,68.6926605504587,11.9266055045872,8.25688073394496,4.58715596330275,5.1605504587156
"2",50,0.5,0.3,0,1000,0.05,2,68.6926605504587,11.9266055045872,8.25688073394496,4.58715596330275,5.1605504587156
"3",50,0.5,0.3,0,1000,0.05,3,29.3577981651376,19.2660550458716,17.0871559633028,15.1376146788991,18.6926605504587
