"","nvar","r","d","het","iter","alpha","strategy","p1","p2","p3","p4","p5"
"1",136,0.2,0.1,0,1000,0.05,1,72.0603015075377,17.4874371859297,6.53266331658291,2.61306532663317,1.30653266331658
"2",136,0.2,0.1,0,1000,0.05,2,72.0603015075377,17.4874371859297,6.53266331658291,2.61306532663317,1.30653266331658
"3",136,0.2,0.1,0,1000,0.05,3,22.0100502512563,20,18.9949748743719,18.6934673366834,20.3015075376884
