"","nvar","r","d","het","iter","alpha","strategy","p1","p2","p3","p4","p5"
"1",126,0.3,0.2,0,1000,0.05,1,77.6315789473684,13.0566801619433,5.76923076923077,2.53036437246964,1.01214574898785
"2",126,0.3,0.2,0,1000,0.05,2,77.6315789473684,13.0566801619433,5.76923076923077,2.53036437246964,1.01214574898785
"3",126,0.3,0.2,0,1000,0.05,3,25.9109311740891,18.4210526315789,19.9392712550607,18.6234817813765,17.1052631578947
