"","nvar","r","d","het","iter","alpha","strategy","p1","p2","p3","p4","p5"
"1",50,0.9,0.2,0,1000,0.05,1,50.5181347150259,18.9119170984456,11.139896373057,9.84455958549223,9.58549222797927
"2",50,0.9,0.2,0,1000,0.05,2,50.5181347150259,18.9119170984456,11.139896373057,9.84455958549223,9.58549222797927
"3",50,0.9,0.2,0,1000,0.05,3,26.1658031088083,12.1761658031088,15.2849740932642,22.5388601036269,23.8341968911917
