"","nvar","r","d","het","iter","alpha","strategy","p1","p2","p3","p4","p5"
"1",112,0.2,0.2,0,1000,0.05,1,84.4221105527638,9.84924623115578,4.12060301507538,1.10552763819095,0.402010050251256
"2",112,0.2,0.2,0,1000,0.05,2,84.4221105527638,9.84924623115578,4.12060301507538,1.10552763819095,0.402010050251256
"3",112,0.2,0.2,0,1000,0.05,3,28.1407035175879,19.4974874371859,18.4924623115578,17.8894472361809,15.9798994974874
