"","nvar","r","d","het","iter","alpha","strategy","p1","p2","p3","p4","p5"
"1",4,0.6,0.2,0,1000,0.05,1,44.6107784431138,19.7604790419162,13.1736526946108,10.7784431137725,11.6766467065868
"2",4,0.6,0.2,0,1000,0.05,2,44.6107784431138,19.7604790419162,13.1736526946108,10.7784431137725,11.6766467065868
"3",4,0.6,0.2,0,1000,0.05,3,32.9341317365269,20.6586826347305,15.8682634730539,14.6706586826347,15.8682634730539
