"","nvar","r","d","het","iter","alpha","strategy","p1","p2","p3","p4","p5"
"1",94,0.6,0.1,0,1000,0.05,1,46.9014084507042,16.7605633802817,15.3521126760563,12.2535211267606,8.73239436619718
"2",94,0.6,0.1,0,1000,0.05,2,46.9014084507042,16.7605633802817,15.3521126760563,12.2535211267606,8.73239436619718
"3",94,0.6,0.1,0,1000,0.05,3,13.2394366197183,16.1971830985916,21.5492957746479,25.2112676056338,23.8028169014084
