"","nvar","r","d","het","iter","alpha","strategy","p1","p2","p3","p4","p5"
"1",80,0.9,0.2,0,1000,0.05,1,50,16.5853658536585,14.390243902439,10.2439024390244,8.78048780487805
"2",80,0.9,0.2,0,1000,0.05,2,50,16.5853658536585,14.390243902439,10.2439024390244,8.78048780487805
"3",80,0.9,0.2,0,1000,0.05,3,22.4390243902439,10.2439024390244,17.0731707317073,22.4390243902439,27.8048780487805
