"","nvar","r","d","het","iter","alpha","strategy","p1","p2","p3","p4","p5"
"1",48,0,0.2,0,1000,0.05,1,77.4974772956609,13.6226034308779,4.64177598385469,2.82542885973764,1.41271442986882
"2",48,0,0.2,0,1000,0.05,2,77.4974772956609,13.6226034308779,4.64177598385469,2.82542885973764,1.41271442986882
"3",48,0,0.2,0,1000,0.05,3,33.8042381432896,22.0988900100908,14.8335015136226,15.0353178607467,14.2280524722503
