"","nvar","r","d","het","iter","alpha","strategy","p1","p2","p3","p4","p5"
"1",156,0.9,0.1,0,1000,0.05,1,41.4965986394558,16.3265306122449,16.3265306122449,12.9251700680272,12.9251700680272
"2",156,0.9,0.1,0,1000,0.05,2,41.4965986394558,16.3265306122449,16.3265306122449,12.9251700680272,12.9251700680272
"3",156,0.9,0.1,0,1000,0.05,3,8.50340136054422,9.86394557823129,20.0680272108844,24.1496598639456,37.4149659863946
