"","nvar","r","d","het","iter","alpha","strategy","p1","p2","p3","p4","p5"
"1",148,0.2,0.2,0,1000,0.05,1,85.7572718154463,10.2306920762287,2.60782347041123,1.00300902708124,0.300902708124373
"2",148,0.2,0.2,0,1000,0.05,2,85.7572718154463,10.2306920762287,2.60782347041123,1.00300902708124,0.300902708124373
"3",148,0.2,0.2,0,1000,0.05,3,27.5827482447342,19.2577733199599,17.9538615847543,17.3520561685055,17.8535606820461
