"","nvar","r","d","het","iter","alpha","strategy","p1","p2","p3","p4","p5"
"1",174,0.5,0.1,0,1000,0.05,1,51.7621145374449,18.3920704845815,12.9955947136564,11.2334801762115,5.61674008810573
"2",174,0.5,0.1,0,1000,0.05,2,51.7621145374449,18.3920704845815,12.9955947136564,11.2334801762115,5.61674008810573
"3",174,0.5,0.1,0,1000,0.05,3,13.8766519823789,17.4008810572687,20.0440528634361,25,23.6784140969163
