"","nvar","r","d","het","iter","alpha","strategy","p1","p2","p3","p4","p5"
"1",38,0.2,0.2,0,1000,0.05,1,66.522210184182,15.4929577464789,8.99241603466956,5.63380281690141,3.25027085590466
"2",38,0.2,0.2,0,1000,0.05,2,66.522210184182,15.4929577464789,8.99241603466956,5.63380281690141,3.25027085590466
"3",38,0.2,0.2,0,1000,0.05,3,29.7941495124594,20.4767063921994,17.8764897074756,16.5763813651138,15.2762730227519
