"","nvar","r","d","het","iter","alpha","strategy","p1","p2","p3","p4","p5"
"1",150,0.2,0.2,0,1000,0.05,1,87.6753507014028,8.61723446893788,2.10420841683367,1.20240480961924,0.400801603206413
"2",150,0.2,0.2,0,1000,0.05,2,87.6753507014028,8.61723446893788,2.10420841683367,1.20240480961924,0.400801603206413
"3",150,0.2,0.2,0,1000,0.05,3,27.6553106212425,20.4408817635271,17.7354709418838,19.5390781563126,14.6292585170341
