"","nvar","r","d","het","iter","alpha","strategy","p1","p2","p3","p4","p5"
"1",106,0.7,0.1,0,1000,0.05,1,42.7807486631016,21.3903743315508,15.1515151515152,10.873440285205,9.80392156862745
"2",106,0.7,0.1,0,1000,0.05,2,42.7807486631016,21.3903743315508,15.1515151515152,10.873440285205,9.80392156862745
"3",106,0.7,0.1,0,1000,0.05,3,8.55614973262032,17.825311942959,24.0641711229947,25.3119429590018,24.2424242424242
