"","nvar","r","d","het","iter","alpha","strategy","p1","p2","p3","p4","p5"
"1",106,0.3,0.1,0,1000,0.05,1,59.9793174767322,19.1313340227508,11.4788004136505,6.10134436401241,3.30920372285419
"2",106,0.3,0.1,0,1000,0.05,2,59.9793174767322,19.1313340227508,11.4788004136505,6.10134436401241,3.30920372285419
"3",106,0.3,0.1,0,1000,0.05,3,19.8552223371251,19.4415718717684,19.6483971044467,21.3029989658738,19.7518097207859
