"","nvar","r","d","het","iter","alpha","strategy","p1","p2","p3","p4","p5"
"1",170,0.3,0.1,0,1000,0.05,1,69.8284561049445,16.7507568113017,8.37537840565086,3.73360242179617,1.31180625630676
"2",170,0.3,0.1,0,1000,0.05,2,69.8284561049445,16.7507568113017,8.37537840565086,3.73360242179617,1.31180625630676
"3",170,0.3,0.1,0,1000,0.05,3,19.4752774974773,19.5761856710394,19.6770938446014,20.0807265388496,21.1907164480323
