"","nvar","r","d","het","iter","alpha","strategy","p1","p2","p3","p4","p5"
"1",96,0,0.1,0,1000,0.05,1,77.4774774774775,16.1161161161161,4.4044044044044,1.3013013013013,0.700700700700701
"2",96,0,0.1,0,1000,0.05,2,77.4774774774775,16.1161161161161,4.4044044044044,1.3013013013013,0.700700700700701
"3",96,0,0.1,0,1000,0.05,3,26.3263263263263,19.9199199199199,20.02002002002,18.4184184184184,15.3153153153153
