"","nvar","r","d","het","iter","alpha","strategy","p1","p2","p3","p4","p5"
"1",4,0.2,0.2,0,1000,0.05,1,45.4545454545455,19.1387559808612,16.0287081339713,11.4832535885167,7.89473684210526
"2",4,0.2,0.2,0,1000,0.05,2,45.4545454545455,19.1387559808612,16.0287081339713,11.4832535885167,7.89473684210526
"3",4,0.2,0.2,0,1000,0.05,3,33.2535885167464,21.0526315789474,18.8995215311005,15.7894736842105,11.0047846889952
