"","nvar","r","d","het","iter","alpha","strategy","p1","p2","p3","p4","p5"
"1",114,0.3,0.3,0,1000,0.05,1,85.1926977687627,7.40365111561866,3.9553752535497,1.62271805273834,0.709939148073022
"2",114,0.3,0.3,0,1000,0.05,2,85.1926977687627,7.40365111561866,3.9553752535497,1.62271805273834,0.709939148073022
"3",114,0.3,0.3,0,1000,0.05,3,30.9330628803245,19.6754563894523,19.47261663286,14.1987829614604,15.4158215010142
