"","nvar","r","d","het","iter","alpha","strategy","p1","p2","p3","p4","p5"
"1",152,0.5,0.1,0,1000,0.05,1,51.3483146067416,20.6741573033708,14.1573033707865,6.96629213483146,6.85393258426966
"2",152,0.5,0.1,0,1000,0.05,2,51.3483146067416,20.6741573033708,14.1573033707865,6.96629213483146,6.85393258426966
"3",152,0.5,0.1,0,1000,0.05,3,14.6067415730337,19.1011235955056,20.7865168539326,21.685393258427,23.8202247191011
