"","nvar","r","d","het","iter","alpha","strategy","p1","p2","p3","p4","p5"
"1",42,0,0.3,0,1000,0.05,1,87.8391959798995,6.93467336683417,3.11557788944724,1.10552763819095,0.50251256281407
"2",42,0,0.3,0,1000,0.05,2,87.8391959798995,6.93467336683417,3.11557788944724,1.10552763819095,0.50251256281407
"3",42,0,0.3,0,1000,0.05,3,40.8040201005025,18.1909547738693,16.0804020100502,12.4623115577889,12.2613065326633
