"","nvar","r","d","het","iter","alpha","strategy","p1","p2","p3","p4","p5"
"1",96,0.8,0.1,0,1000,0.05,1,40.4157043879908,19.6304849884527,15.9353348729792,12.933025404157,11.0854503464203
"2",96,0.8,0.1,0,1000,0.05,2,40.4157043879908,19.6304849884527,15.9353348729792,12.933025404157,11.0854503464203
"3",96,0.8,0.1,0,1000,0.05,3,10.161662817552,13.6258660508083,18.2448036951501,25.635103926097,32.3325635103926
