"","nvar","r","d","het","iter","alpha","strategy","p1","p2","p3","p4","p5"
"1",42,0.8,0.2,0,1000,0.05,1,52.4416135881104,15.9235668789809,13.3757961783439,9.97876857749469,8.28025477707006
"2",42,0.8,0.2,0,1000,0.05,2,52.4416135881104,15.9235668789809,13.3757961783439,9.97876857749469,8.28025477707006
"3",42,0.8,0.2,0,1000,0.05,3,20.5944798301486,15.0743099787686,17.8343949044586,22.5053078556263,23.9915074309979
