"","nvar","r","d","het","iter","alpha","strategy","p1","p2","p3","p4","p5"
"1",58,0.5,0.2,0,1000,0.05,1,59.4561186650185,14.5859085290482,11.1248454882571,8.52904820766378,6.30407911001236
"2",58,0.5,0.2,0,1000,0.05,2,59.4561186650185,14.5859085290482,11.1248454882571,8.52904820766378,6.30407911001236
"3",58,0.5,0.2,0,1000,0.05,3,23.3621755253399,17.7997527812114,18.6650185414091,20.0247218788628,20.1483312731768
