"","nvar","r","d","het","iter","alpha","strategy","p1","p2","p3","p4","p5"
"1",130,0.1,0.2,0,1000,0.05,1,90.990990990991,6.30630630630631,1.8018018018018,0.700700700700701,0
"2",130,0.1,0.2,0,1000,0.05,2,90.990990990991,6.30630630630631,1.8018018018018,0.700700700700701,0
"3",130,0.1,0.2,0,1000,0.05,3,30.7307307307307,19.7197197197197,16.5165165165165,16.2162162162162,16.8168168168168
