"","nvar","r","d","het","iter","alpha","strategy","p1","p2","p3","p4","p5"
"1",64,0.3,0.2,0,1000,0.05,1,64.9253731343284,14.818763326226,9.80810234541578,5.97014925373134,4.47761194029851
"2",64,0.3,0.2,0,1000,0.05,2,64.9253731343284,14.818763326226,9.80810234541578,5.97014925373134,4.47761194029851
"3",64,0.3,0.2,0,1000,0.05,3,23.8805970149254,20.5756929637527,18.2302771855011,17.1641791044776,20.1492537313433
