"","nvar","r","d","het","iter","alpha","strategy","p1","p2","p3","p4","p5"
"1",114,0.5,0.3,0,1000,0.05,1,73.735199138859,12.5941872981701,6.13562970936491,4.19806243272336,2.58342303552207
"2",114,0.5,0.3,0,1000,0.05,2,73.735199138859,12.5941872981701,6.13562970936491,4.19806243272336,2.58342303552207
"3",114,0.5,0.3,0,1000,0.05,3,32.4004305705059,17.9763186221744,16.6846071044133,14.4241119483315,18.4068891280947
