"","nvar","r","d","het","iter","alpha","strategy","p1","p2","p3","p4","p5"
"1",2,0.7,0.3,0,1000,0.05,1,57.0621468926554,14.9717514124294,9.88700564971751,8.19209039548022,8.19209039548022
"2",2,0.7,0.3,0,1000,0.05,2,57.0621468926554,14.9717514124294,9.88700564971751,8.19209039548022,8.19209039548022
"3",2,0.7,0.3,0,1000,0.05,3,51.4124293785311,15.2542372881356,11.5819209039548,9.88700564971751,10.1694915254237
