"","nvar","r","d","het","iter","alpha","strategy","p1","p2","p3","p4","p5"
"1",90,0.1,0.3,0,1000,0.05,1,92.9859719438878,3.90781563126252,1.70340681362725,0.701402805611222,0.200400801603206
"2",90,0.1,0.3,0,1000,0.05,2,92.9859719438878,3.90781563126252,1.70340681362725,0.701402805611222,0.200400801603206
"3",90,0.1,0.3,0,1000,0.05,3,37.374749498998,22.2444889779559,15.9318637274549,14.5290581162325,9.81963927855711
