"","nvar","r","d","het","iter","alpha","strategy","p1","p2","p3","p4","p5"
"1",130,0.3,0.3,0,1000,0.05,1,85.5711422845691,8.21643286573146,2.10420841683367,2.20440881763527,0.701402805611222
"2",130,0.3,0.3,0,1000,0.05,2,85.5711422845691,8.21643286573146,2.10420841683367,2.20440881763527,0.701402805611222
"3",130,0.3,0.3,0,1000,0.05,3,31.1623246492986,19.1382765531062,16.6332665330661,16.4328657314629,16.2324649298597
