"","nvar","r","d","het","iter","alpha","strategy","p1","p2","p3","p4","p5"
"1",2,0.3,0.3,0,1000,0.05,1,56.9007263922518,14.7699757869249,10.6537530266344,8.23244552058111,8.71670702179177
"2",2,0.3,0.3,0,1000,0.05,2,56.9007263922518,14.7699757869249,10.6537530266344,8.23244552058111,8.71670702179177
"3",2,0.3,0.3,0,1000,0.05,3,48.18401937046,16.9491525423729,11.864406779661,12.3486682808717,9.9273607748184
