"","nvar","r","d","het","iter","alpha","strategy","p1","p2","p3","p4","p5"
"1",40,0.9,0.2,0,1000,0.05,1,45.4068241469816,20.7349081364829,14.4356955380577,11.2860892388451,8.13648293963255
"2",40,0.9,0.2,0,1000,0.05,2,45.4068241469816,20.7349081364829,14.4356955380577,11.2860892388451,8.13648293963255
"3",40,0.9,0.2,0,1000,0.05,3,26.246719160105,11.5485564304462,16.010498687664,20.4724409448819,25.7217847769029
