"","nvar","r","d","het","iter","alpha","strategy","p1","p2","p3","p4","p5"
"1",2,0.7,0.1,0,1000,0.05,1,29.6296296296296,20,14.8148148148148,14.0740740740741,21.4814814814815
"2",2,0.7,0.1,0,1000,0.05,2,29.6296296296296,20,14.8148148148148,14.0740740740741,21.4814814814815
"3",2,0.7,0.1,0,1000,0.05,3,22.2222222222222,22.2222222222222,15.5555555555556,17.7777777777778,22.2222222222222
