"","nvar","r","d","het","iter","alpha","strategy","p1","p2","p3","p4","p5"
"1",194,0.9,0.1,0,1000,0.05,1,37.1681415929204,18.8790560471976,19.76401179941,14.4542772861357,9.73451327433628
"2",194,0.9,0.1,0,1000,0.05,2,37.1681415929204,18.8790560471976,19.76401179941,14.4542772861357,9.73451327433628
"3",194,0.9,0.1,0,1000,0.05,3,8.25958702064897,10.9144542772861,20.6489675516224,25.3687315634218,34.8082595870207
