"","nvar","r","d","het","iter","alpha","strategy","p1","p2","p3","p4","p5"
"1",52,0.1,0.3,0,1000,0.05,1,85.4692230070636,7.66902119071645,3.53178607467205,1.81634712411705,0.908173562058527
"2",52,0.1,0.3,0,1000,0.05,2,85.4692230070636,7.66902119071645,3.53178607467205,1.81634712411705,0.908173562058527
"3",52,0.1,0.3,0,1000,0.05,3,40.6659939455096,18.5671039354188,14.9344096871847,12.008072653885,13.6226034308779
