"","nvar","r","d","het","iter","alpha","strategy","p1","p2","p3","p4","p5"
"1",108,0.8,0.1,0,1000,0.05,1,37.4407582938389,19.6682464454976,18.2464454976303,12.085308056872,12.5592417061611
"2",108,0.8,0.1,0,1000,0.05,2,37.4407582938389,19.6682464454976,18.2464454976303,12.085308056872,12.5592417061611
"3",108,0.8,0.1,0,1000,0.05,3,8.29383886255924,12.7962085308057,21.563981042654,27.0142180094787,30.3317535545024
