"","nvar","r","d","het","iter","alpha","strategy","p1","p2","p3","p4","p5"
"1",38,0.8,0.2,0,1000,0.05,1,52.267818574514,15.3347732181425,10.5831533477322,11.4470842332613,10.3671706263499
"2",38,0.8,0.2,0,1000,0.05,2,52.267818574514,15.3347732181425,10.5831533477322,11.4470842332613,10.3671706263499
"3",38,0.8,0.2,0,1000,0.05,3,21.3822894168467,16.414686825054,16.8466522678186,20.3023758099352,25.0539956803456
