"","nvar","r","d","het","iter","alpha","strategy","p1","p2","p3","p4","p5"
"1",2,0.6,0.3,0,1000,0.05,1,53.7467700258398,16.2790697674419,12.4031007751938,8.01033591731266,8.78552971576227
"2",2,0.6,0.3,0,1000,0.05,2,53.7467700258398,16.2790697674419,12.4031007751938,8.01033591731266,8.78552971576227
"3",2,0.6,0.3,0,1000,0.05,3,48.062015503876,17.312661498708,12.6614987080103,9.81912144702842,11.3695090439276
