"","nvar","r","d","het","iter","alpha","strategy","p1","p2","p3","p4","p5"
"1",110,0.6,0.1,0,1000,0.05,1,45.8677685950413,21.3498622589532,12.6721763085399,10.4683195592287,9.64187327823691
"2",110,0.6,0.1,0,1000,0.05,2,45.8677685950413,21.3498622589532,12.6721763085399,10.4683195592287,9.64187327823691
"3",110,0.6,0.1,0,1000,0.05,3,13.7741046831956,16.8044077134986,22.1763085399449,19.8347107438017,27.4104683195592
