"","nvar","r","d","het","iter","alpha","strategy","p1","p2","p3","p4","p5"
"1",104,0.6,0.1,0,1000,0.05,1,46.027397260274,20.1369863013699,11.9178082191781,12.1917808219178,9.72602739726027
"2",104,0.6,0.1,0,1000,0.05,2,46.027397260274,20.1369863013699,11.9178082191781,12.1917808219178,9.72602739726027
"3",104,0.6,0.1,0,1000,0.05,3,13.972602739726,16.5753424657534,18.6301369863014,23.972602739726,26.8493150684932
