"","nvar","r","d","het","iter","alpha","strategy","p1","p2","p3","p4","p5"
"1",74,0.9,0.2,0,1000,0.05,1,49.3403693931398,17.4142480211082,12.401055408971,10.5540897097625,10.2902374670185
"2",74,0.9,0.2,0,1000,0.05,2,49.3403693931398,17.4142480211082,12.401055408971,10.5540897097625,10.2902374670185
"3",74,0.9,0.2,0,1000,0.05,3,17.9419525065963,12.9287598944591,16.8865435356201,22.1635883905013,30.0791556728232
