"","nvar","r","d","het","iter","alpha","strategy","p1","p2","p3","p4","p5"
"1",166,0.9,0.1,0,1000,0.05,1,34.9673202614379,21.8954248366013,18.6274509803922,14.7058823529412,9.80392156862745
"2",166,0.9,0.1,0,1000,0.05,2,34.9673202614379,21.8954248366013,18.6274509803922,14.7058823529412,9.80392156862745
"3",166,0.9,0.1,0,1000,0.05,3,8.49673202614379,10.1307189542484,19.281045751634,27.7777777777778,34.3137254901961
