"","nvar","r","d","het","iter","alpha","strategy","p1","p2","p3","p4","p5"
"1",124,0.7,0.2,0,1000,0.05,1,57.0212765957447,16.4539007092199,12.7659574468085,8.93617021276596,4.82269503546099
"2",124,0.7,0.2,0,1000,0.05,2,57.0212765957447,16.4539007092199,12.7659574468085,8.93617021276596,4.82269503546099
"3",124,0.7,0.2,0,1000,0.05,3,19.7163120567376,16.7375886524823,20.2836879432624,19.5744680851064,23.6879432624113
