"","nvar","r","d","het","iter","alpha","strategy","p1","p2","p3","p4","p5"
"1",170,0.2,0.1,0,1000,0.05,1,77.5100401606426,16.3654618473896,3.91566265060241,1.60642570281124,0.602409638554217
"2",170,0.2,0.1,0,1000,0.05,2,77.5100401606426,16.3654618473896,3.91566265060241,1.60642570281124,0.602409638554217
"3",170,0.2,0.1,0,1000,0.05,3,20.8835341365462,20.8835341365462,19.0763052208835,19.6787148594378,19.4779116465863
