"","nvar","r","d","het","iter","alpha","strategy","p1","p2","p3","p4","p5"
"1",22,0.2,0.1,0,1000,0.05,1,41.4364640883978,23.3425414364641,14.5027624309392,11.3259668508287,9.39226519337017
"2",22,0.2,0.1,0,1000,0.05,2,41.4364640883978,23.3425414364641,14.5027624309392,11.3259668508287,9.39226519337017
"3",22,0.2,0.1,0,1000,0.05,3,21.5469613259669,23.4806629834254,18.0939226519337,17.5414364640884,19.3370165745856
