"","nvar","r","d","het","iter","alpha","strategy","p1","p2","p3","p4","p5"
"1",40,0,0.1,0,1000,0.05,1,56.2098501070664,21.8415417558887,10.3854389721627,8.02997858672377,3.53319057815846
"2",40,0,0.1,0,1000,0.05,2,56.2098501070664,21.8415417558887,10.3854389721627,8.02997858672377,3.53319057815846
"3",40,0,0.1,0,1000,0.05,3,23.8758029978587,20.0214132762313,20.0214132762313,18.6295503211991,17.4518201284797
