"","nvar","r","d","het","iter","alpha","strategy","p1","p2","p3","p4","p5"
"1",116,0.6,0.3,0,1000,0.05,1,70.8474576271186,11.864406779661,6.55367231638418,5.98870056497175,4.18079096045198
"2",116,0.6,0.3,0,1000,0.05,2,70.8474576271186,11.864406779661,6.55367231638418,5.98870056497175,4.18079096045198
"3",116,0.6,0.3,0,1000,0.05,3,27.7966101694915,16.045197740113,18.6440677966102,17.9661016949153,19.3220338983051
