"","nvar","r","d","het","iter","alpha","strategy","p1","p2","p3","p4","p5"
"1",2,0.9,0.2,0,1000,0.05,1,41.8604651162791,16.7441860465116,16.2790697674419,12.093023255814,13.0232558139535
"2",2,0.9,0.2,0,1000,0.05,2,41.8604651162791,16.7441860465116,16.2790697674419,12.093023255814,13.0232558139535
"3",2,0.9,0.2,0,1000,0.05,3,34.8837209302326,14.8837209302326,20.9302325581395,13.953488372093,15.3488372093023
