"","nvar","r","d","het","iter","alpha","strategy","p1","p2","p3","p4","p5"
"1",134,0.5,0.2,0,1000,0.05,1,64.1774891774892,14.7186147186147,9.52380952380952,7.14285714285714,4.22077922077922
"2",134,0.5,0.2,0,1000,0.05,2,64.1774891774892,14.7186147186147,9.52380952380952,7.14285714285714,4.22077922077922
"3",134,0.5,0.2,0,1000,0.05,3,24.3506493506494,18.2900432900433,16.7748917748918,19.8051948051948,20.6709956709957
