"","nvar","r","d","het","iter","alpha","strategy","p1","p2","p3","p4","p5"
"1",198,0.6,0.3,0,1000,0.05,1,74.8322147651007,10.2908277404922,6.82326621923937,4.02684563758389,3.13199105145414
"2",198,0.6,0.3,0,1000,0.05,2,74.8322147651007,10.2908277404922,6.82326621923937,4.02684563758389,3.13199105145414
"3",198,0.6,0.3,0,1000,0.05,3,27.7404921700224,17.0022371364653,20.0223713646532,14.6532438478747,20.2460850111857
