"","nvar","r","d","het","iter","alpha","strategy","p1","p2","p3","p4","p5"
"1",60,0.2,0.2,0,1000,0.05,1,73.2365145228216,13.6929460580913,6.43153526970954,4.66804979253112,1.97095435684647
"2",60,0.2,0.2,0,1000,0.05,2,73.2365145228216,13.6929460580913,6.43153526970954,4.66804979253112,1.97095435684647
"3",60,0.2,0.2,0,1000,0.05,3,30.1867219917012,21.7842323651452,14.0041493775934,18.4647302904564,15.5601659751037
