"","nvar","r","d","het","iter","alpha","strategy","p1","p2","p3","p4","p5"
"1",4,0.8,0.2,0,1000,0.05,1,48.2758620689655,18.6206896551724,8.62068965517241,14.1379310344828,10.3448275862069
"2",4,0.8,0.2,0,1000,0.05,2,48.2758620689655,18.6206896551724,8.62068965517241,14.1379310344828,10.3448275862069
"3",4,0.8,0.2,0,1000,0.05,3,33.448275862069,19.3103448275862,11.7241379310345,20.6896551724138,14.8275862068966
