"","nvar","r","d","het","iter","alpha","strategy","p1","p2","p3","p4","p5"
"1",114,0.1,0.2,0,1000,0.05,1,88.8665997993982,7.32196589769308,2.40722166499498,0.902708124373119,0.200601805416249
"2",114,0.1,0.2,0,1000,0.05,2,88.8665997993982,7.32196589769308,2.40722166499498,0.902708124373119,0.200601805416249
"3",114,0.1,0.2,0,1000,0.05,3,30.4914744232698,18.555667001003,18.0541624874624,16.3490471414243,16.5496489468405
