"","nvar","r","d","het","iter","alpha","strategy","p1","p2","p3","p4","p5"
"1",2,0.7,0.2,0,1000,0.05,1,51.984126984127,12.6984126984127,11.1111111111111,11.5079365079365,12.6984126984127
"2",2,0.7,0.2,0,1000,0.05,2,51.984126984127,12.6984126984127,11.1111111111111,11.5079365079365,12.6984126984127
"3",2,0.7,0.2,0,1000,0.05,3,46.031746031746,11.5079365079365,14.6825396825397,12.6984126984127,15.0793650793651
