"","nvar","r","d","het","iter","alpha","strategy","p1","p2","p3","p4","p5"
"1",128,0.5,0.3,0,1000,0.05,1,74.91961414791,10.5037513397642,6.64523043944266,4.18006430868167,2.89389067524116
"2",128,0.5,0.3,0,1000,0.05,2,74.91961414791,10.5037513397642,6.64523043944266,4.18006430868167,2.89389067524116
"3",128,0.5,0.3,0,1000,0.05,3,29.4748124330118,17.7920685959271,15.5412647374062,19.0782422293676,17.7920685959271
