"","nvar","r","d","het","iter","alpha","strategy","p1","p2","p3","p4","p5"
"1",126,0.9,0.1,0,1000,0.05,1,43.8066465256798,19.9395770392749,9.66767371601208,14.5015105740181,12.0845921450151
"2",126,0.9,0.1,0,1000,0.05,2,43.8066465256798,19.9395770392749,9.66767371601208,14.5015105740181,12.0845921450151
"3",126,0.9,0.1,0,1000,0.05,3,12.0845921450151,12.3867069486405,15.7099697885196,25.0755287009063,34.7432024169184
