"","nvar","r","d","het","iter","alpha","strategy","p1","p2","p3","p4","p5"
"1",132,0.5,0.3,0,1000,0.05,1,76.1955366631243,10.0956429330499,7.01381509032944,3.50690754516472,2.55047821466525
"2",132,0.5,0.3,0,1000,0.05,2,76.1955366631243,10.0956429330499,7.01381509032944,3.50690754516472,2.55047821466525
"3",132,0.5,0.3,0,1000,0.05,3,30.499468650372,17.7470775770457,19.0223166843783,17.9596174282678,14.6652497343252
