"","nvar","r","d","het","iter","alpha","strategy","p1","p2","p3","p4","p5"
"1",80,0,0.1,0,1000,0.05,1,73.8214643931795,16.4493480441324,6.11835506519559,2.40722166499498,1.20361083249749
"2",80,0,0.1,0,1000,0.05,2,73.8214643931795,16.4493480441324,6.11835506519559,2.40722166499498,1.20361083249749
"3",80,0,0.1,0,1000,0.05,3,24.172517552658,19.8595787362086,18.9568706118355,19.6589769307924,17.3520561685055
