"","nvar","r","d","het","iter","alpha","strategy","p1","p2","p3","p4","p5"
"1",126,0.6,0.3,0,1000,0.05,1,71.9594594594595,12.6126126126126,7.31981981981982,4.27927927927928,2.81531531531532
"2",126,0.6,0.3,0,1000,0.05,2,71.9594594594595,12.6126126126126,7.31981981981982,4.27927927927928,2.81531531531532
"3",126,0.6,0.3,0,1000,0.05,3,28.2657657657658,16.8918918918919,17.7927927927928,19.7072072072072,17.1171171171171
