"","nvar","r","d","het","iter","alpha","strategy","p1","p2","p3","p4","p5"
"1",82,0.1,0.1,0,1000,0.05,1,68.3890577507599,19.6555217831814,6.99088145896657,3.03951367781155,1.92502532928065
"2",82,0.1,0.1,0,1000,0.05,2,68.3890577507599,19.6555217831814,6.99088145896657,3.03951367781155,1.92502532928065
"3",82,0.1,0.1,0,1000,0.05,3,24.7213779128673,22.1884498480243,19.5542046605876,16.3120567375887,17.2239108409321
