"","nvar","r","d","het","iter","alpha","strategy","p1","p2","p3","p4","p5"
"1",30,0.3,0.2,0,1000,0.05,1,62.2302158273381,15.5875299760192,10.5515587529976,6.95443645083933,4.67625899280576
"2",30,0.3,0.2,0,1000,0.05,2,62.2302158273381,15.5875299760192,10.5515587529976,6.95443645083933,4.67625899280576
"3",30,0.3,0.2,0,1000,0.05,3,28.537170263789,20.9832134292566,16.9064748201439,18.3453237410072,15.2278177458034
