"","nvar","r","d","het","iter","alpha","strategy","p1","p2","p3","p4","p5"
"1",42,0.2,0.3,0,1000,0.05,1,78.4901758014478,10.0310237849018,5.27404343329886,2.89555325749741,2.27507755946225
"2",42,0.2,0.3,0,1000,0.05,2,78.4901758014478,10.0310237849018,5.27404343329886,2.89555325749741,2.27507755946225
"3",42,0.2,0.3,0,1000,0.05,3,37.6421923474664,17.3733195449845,17.7869700103413,13.8572905894519,13.1334022750776
