"","nvar","r","d","het","iter","alpha","strategy","p1","p2","p3","p4","p5"
"1",82,0.6,0.1,0,1000,0.05,1,45.2095808383234,16.7664670658683,14.9700598802395,13.0239520958084,10.0299401197605
"2",82,0.6,0.1,0,1000,0.05,2,45.2095808383234,16.7664670658683,14.9700598802395,13.0239520958084,10.0299401197605
"3",82,0.6,0.1,0,1000,0.05,3,13.7724550898204,17.0658682634731,21.2574850299401,23.9520958083832,23.9520958083832
