"","nvar","r","d","het","iter","alpha","strategy","p1","p2","p3","p4","p5"
"1",194,0.7,0.1,0,1000,0.05,1,42.9210134128167,18.7779433681073,14.903129657228,13.4128166915052,9.98509687034277
"2",194,0.7,0.1,0,1000,0.05,2,42.9210134128167,18.7779433681073,14.903129657228,13.4128166915052,9.98509687034277
"3",194,0.7,0.1,0,1000,0.05,3,8.34575260804769,14.0089418777943,21.3114754098361,25.6333830104322,30.7004470938897
