"","nvar","r","d","het","iter","alpha","strategy","p1","p2","p3","p4","p5"
"1",16,0.3,0.2,0,1000,0.05,1,54.016620498615,18.2825484764543,12.0498614958449,8.03324099722992,7.61772853185596
"2",16,0.3,0.2,0,1000,0.05,2,54.016620498615,18.2825484764543,12.0498614958449,8.03324099722992,7.61772853185596
"3",16,0.3,0.2,0,1000,0.05,3,29.2243767313019,22.4376731301939,18.2825484764543,14.9584487534626,15.0969529085873
