"","nvar","r","d","het","iter","alpha","strategy","p1","p2","p3","p4","p5"
"1",80,0.9,0.1,0,1000,0.05,1,41.1347517730496,21.6312056737589,13.8297872340426,10.6382978723404,12.7659574468085
"2",80,0.9,0.1,0,1000,0.05,2,41.1347517730496,21.6312056737589,13.8297872340426,10.6382978723404,12.7659574468085
"3",80,0.9,0.1,0,1000,0.05,3,12.0567375886525,12.4113475177305,15.9574468085106,27.6595744680851,31.9148936170213
