"","nvar","r","d","het","iter","alpha","strategy","p1","p2","p3","p4","p5"
"1",66,0.9,0.2,0,1000,0.05,1,53.1088082901554,15.2849740932642,11.9170984455959,11.3989637305699,8.29015544041451
"2",66,0.9,0.2,0,1000,0.05,2,53.1088082901554,15.2849740932642,11.9170984455959,11.3989637305699,8.29015544041451
"3",66,0.9,0.2,0,1000,0.05,3,27.4611398963731,9.58549222797927,15.5440414507772,20.7253886010363,26.6839378238342
