"","nvar","r","d","het","iter","alpha","strategy","p1","p2","p3","p4","p5"
"1",40,0.7,0.3,0,1000,0.05,1,64.6359583952452,15.3046062407132,10.6983655274889,4.90341753343239,4.45765230312036
"2",40,0.7,0.3,0,1000,0.05,2,64.6359583952452,15.3046062407132,10.6983655274889,4.90341753343239,4.45765230312036
"3",40,0.7,0.3,0,1000,0.05,3,28.0832095096582,17.9791976225854,16.1961367013373,17.2362555720654,20.5052005943536
