"","nvar","r","d","het","iter","alpha","strategy","p1","p2","p3","p4","p5"
"1",132,0.6,0.1,0,1000,0.05,1,47.8723404255319,20.0797872340426,13.1648936170213,11.8351063829787,7.04787234042553
"2",132,0.6,0.1,0,1000,0.05,2,47.8723404255319,20.0797872340426,13.1648936170213,11.8351063829787,7.04787234042553
"3",132,0.6,0.1,0,1000,0.05,3,12.7659574468085,16.3563829787234,22.7393617021277,24.468085106383,23.6702127659574
