"","nvar","r","d","het","iter","alpha","strategy","p1","p2","p3","p4","p5"
"1",102,0,0.1,0,1000,0.05,1,78.4353059177533,15.4463390170512,4.31293881644935,1.50451354062187,0.300902708124373
"2",102,0,0.1,0,1000,0.05,2,78.4353059177533,15.4463390170512,4.31293881644935,1.50451354062187,0.300902708124373
"3",102,0,0.1,0,1000,0.05,3,22.3671013039117,19.0571715145436,20.6619859578736,18.3550651955868,19.5586760280842
