"","nvar","r","d","het","iter","alpha","strategy","p1","p2","p3","p4","p5"
"1",190,0.6,0.2,0,1000,0.05,1,61.7782909930716,14.3187066974596,10.7390300230947,7.73672055427252,5.42725173210162
"2",190,0.6,0.2,0,1000,0.05,2,61.7782909930716,14.3187066974596,10.7390300230947,7.73672055427252,5.42725173210162
"3",190,0.6,0.2,0,1000,0.05,3,17.2055427251732,18.1293302540416,19.1685912240185,23.7875288683603,21.7090069284065
