"","nvar","r","d","het","iter","alpha","strategy","p1","p2","p3","p4","p5"
"1",200,0.3,0.2,0,1000,0.05,1,82.3647294589178,10.6212424849699,4.70941883767535,1.70340681362725,0.501002004008016
"2",200,0.3,0.2,0,1000,0.05,2,82.3647294589178,10.6212424849699,4.70941883767535,1.70340681362725,0.501002004008016
"3",200,0.3,0.2,0,1000,0.05,3,26.25250501002,17.8356713426854,19.438877755511,19.3386773547094,17.1342685370741
