"","nvar","r","d","het","iter","alpha","strategy","p1","p2","p3","p4","p5"
"1",132,0.7,0.2,0,1000,0.05,1,57.8651685393258,16.0112359550562,8.70786516853933,7.58426966292135,9.69101123595506
"2",132,0.7,0.2,0,1000,0.05,2,57.8651685393258,16.0112359550562,8.70786516853933,7.58426966292135,9.69101123595506
"3",132,0.7,0.2,0,1000,0.05,3,20.7865168539326,14.3258426966292,19.6629213483146,19.9438202247191,25.2808988764045
