"","nvar","r","d","het","iter","alpha","strategy","p1","p2","p3","p4","p5"
"1",88,0.3,0.1,0,1000,0.05,1,55.2715654952077,20.7667731629393,11.1821086261981,8.0937167199148,4.68583599574015
"2",88,0.3,0.1,0,1000,0.05,2,55.2715654952077,20.7667731629393,11.1821086261981,8.0937167199148,4.68583599574015
"3",88,0.3,0.1,0,1000,0.05,3,17.4653887113951,19.9148029818956,19.3823216187433,22.1512247071352,21.0862619808307
