"","nvar","r","d","het","iter","alpha","strategy","p1","p2","p3","p4","p5"
"1",128,0.6,0.2,0,1000,0.05,1,59.1708542713568,17.713567839196,9.92462311557789,7.1608040201005,5.90452261306533
"2",128,0.6,0.2,0,1000,0.05,2,59.1708542713568,17.713567839196,9.92462311557789,7.1608040201005,5.90452261306533
"3",128,0.6,0.2,0,1000,0.05,3,19.7236180904523,17.5879396984925,18.4673366834171,21.9849246231156,22.2361809045226
