"","nvar","r","d","het","iter","alpha","strategy","p1","p2","p3","p4","p5"
"1",94,0.7,0.3,0,1000,0.05,1,66.4516129032258,12.5161290322581,8.38709677419355,7.35483870967742,4.7741935483871
"2",94,0.7,0.3,0,1000,0.05,2,66.4516129032258,12.5161290322581,8.38709677419355,7.35483870967742,4.7741935483871
"3",94,0.7,0.3,0,1000,0.05,3,24,17.2903225806452,18.0645161290323,20.3870967741935,20
