"","nvar","r","d","het","iter","alpha","strategy","p1","p2","p3","p4","p5"
"1",58,0.7,0.2,0,1000,0.05,1,51.6483516483517,19.6232339089482,11.7739403453689,9.7331240188383,7.22135007849294
"2",58,0.7,0.2,0,1000,0.05,2,51.6483516483517,19.6232339089482,11.7739403453689,9.7331240188383,7.22135007849294
"3",58,0.7,0.2,0,1000,0.05,3,19.309262166405,16.6405023547881,18.5243328100471,21.5070643642072,24.0188383045526
