"","nvar","r","d","het","iter","alpha","strategy","p1","p2","p3","p4","p5"
"1",150,0.4,0.3,0,1000,0.05,1,80.9866392600206,8.83864337101747,4.52209660842754,2.77492291880781,1.64439876670092
"2",150,0.4,0.3,0,1000,0.05,2,80.9866392600206,8.83864337101747,4.52209660842754,2.77492291880781,1.64439876670092
"3",150,0.4,0.3,0,1000,0.05,3,32.2713257965056,18.9105858170606,16.4439876670092,16.9578622816033,15.0051387461459
