"","nvar","r","d","het","iter","alpha","strategy","p1","p2","p3","p4","p5"
"1",168,0.6,0.3,0,1000,0.05,1,72.8260869565217,10.5434782608696,6.95652173913043,4.34782608695652,4.67391304347826
"2",168,0.6,0.3,0,1000,0.05,2,72.8260869565217,10.5434782608696,6.95652173913043,4.34782608695652,4.67391304347826
"3",168,0.6,0.3,0,1000,0.05,3,27.7173913043478,16.4130434782609,19.1304347826087,16.4130434782609,20.1086956521739
