"","nvar","r","d","het","iter","alpha","strategy","p1","p2","p3","p4","p5"
"1",184,0.4,0.2,0,1000,0.05,1,74.2594484167518,13.585291113381,6.84371807967314,2.86006128702758,2.14504596527068
"2",184,0.4,0.2,0,1000,0.05,2,74.2594484167518,13.585291113381,6.84371807967314,2.86006128702758,2.14504596527068
"3",184,0.4,0.2,0,1000,0.05,3,21.9611848825332,17.7732379979571,20.3268641470889,19.3054136874362,20.6332992849847
