"","nvar","r","d","het","iter","alpha","strategy","p1","p2","p3","p4","p5"
"1",24,0.2,0.3,0,1000,0.05,1,72.7470141150923,13.1378935939197,5.97176981541802,4.56026058631922,3.04017372421281
"2",24,0.2,0.3,0,1000,0.05,2,72.7470141150923,13.1378935939197,5.97176981541802,4.56026058631922,3.04017372421281
"3",24,0.2,0.3,0,1000,0.05,3,40.3908794788274,17.8067318132465,16.7209554831705,13.2464712269273,11.7263843648208
