"","nvar","r","d","het","iter","alpha","strategy","p1","p2","p3","p4","p5"
"1",164,0.6,0.1,0,1000,0.05,1,51.3341804320203,20.0762388818297,11.3087674714104,10.6734434561626,6.60736975857687
"2",164,0.6,0.1,0,1000,0.05,2,51.3341804320203,20.0762388818297,11.3087674714104,10.6734434561626,6.60736975857687
"3",164,0.6,0.1,0,1000,0.05,3,11.9440914866582,21.3468869123253,19.1867852604828,20.2033036848793,27.3189326556544
