"","nvar","r","d","het","iter","alpha","strategy","p1","p2","p3","p4","p5"
"1",166,0.1,0.1,0,1000,0.05,1,84.8848848848849,11.4114114114114,2.9029029029029,0.700700700700701,0.1001001001001
"2",166,0.1,0.1,0,1000,0.05,2,84.8848848848849,11.4114114114114,2.9029029029029,0.700700700700701,0.1001001001001
"3",166,0.1,0.1,0,1000,0.05,3,22.5225225225225,20.9209209209209,16.016016016016,22.022022022022,18.5185185185185
