"","nvar","r","d","het","iter","alpha","strategy","p1","p2","p3","p4","p5"
"1",168,0.6,0.1,0,1000,0.05,1,47.4683544303797,18.7341772151899,14.5569620253165,11.2658227848101,7.9746835443038
"2",168,0.6,0.1,0,1000,0.05,2,47.4683544303797,18.7341772151899,14.5569620253165,11.2658227848101,7.9746835443038
"3",168,0.6,0.1,0,1000,0.05,3,11.2658227848101,15.3164556962025,21.3924050632911,25.5696202531646,26.4556962025316
