"","nvar","r","d","het","iter","alpha","strategy","p1","p2","p3","p4","p5"
"1",36,0.3,0.3,0,1000,0.05,1,76.0869565217391,10.5434782608696,6.41304347826087,3.47826086956522,3.04347826086957
"2",36,0.3,0.3,0,1000,0.05,2,76.0869565217391,10.5434782608696,6.41304347826087,3.47826086956522,3.04347826086957
"3",36,0.3,0.3,0,1000,0.05,3,38.9130434782609,15.9782608695652,17.3913043478261,12.9347826086957,14.6739130434783
