"","nvar","r","d","het","iter","alpha","strategy","p1","p2","p3","p4","p5"
"1",180,0.3,0.2,0,1000,0.05,1,83.2665330661323,10.3206412825651,4.00801603206413,1.80360721442886,0.501002004008016
"2",180,0.3,0.2,0,1000,0.05,2,83.2665330661323,10.3206412825651,4.00801603206413,1.80360721442886,0.501002004008016
"3",180,0.3,0.2,0,1000,0.05,3,27.5551102204409,17.7354709418838,20.6412825651303,18.3366733466934,15.7314629258517
