"","nvar","r","d","het","iter","alpha","strategy","p1","p2","p3","p4","p5"
"1",94,0.6,0.2,0,1000,0.05,1,56.9095477386935,16.8341708542714,9.17085427135678,8.79396984924623,8.29145728643216
"2",94,0.6,0.2,0,1000,0.05,2,56.9095477386935,16.8341708542714,9.17085427135678,8.79396984924623,8.29145728643216
"3",94,0.6,0.2,0,1000,0.05,3,19.5979899497487,16.4572864321608,18.21608040201,21.105527638191,24.6231155778894
