"","nvar","r","d","het","iter","alpha","strategy","p1","p2","p3","p4","p5"
"1",16,0.7,0.3,0,1000,0.05,1,63.527397260274,15.5821917808219,6.67808219178082,6.84931506849315,6.50684931506849
"2",16,0.7,0.3,0,1000,0.05,2,63.527397260274,15.5821917808219,6.67808219178082,6.84931506849315,6.50684931506849
"3",16,0.7,0.3,0,1000,0.05,3,35.1027397260274,17.2945205479452,13.527397260274,17.4657534246575,16.2671232876712
