"","nvar","r","d","het","iter","alpha","strategy","p1","p2","p3","p4","p5"
"1",118,0.6,0.3,0,1000,0.05,1,70.4081632653061,11.3378684807256,6.68934240362812,6.57596371882086,4.42176870748299
"2",118,0.6,0.3,0,1000,0.05,2,70.4081632653061,11.3378684807256,6.68934240362812,6.57596371882086,4.42176870748299
"3",118,0.6,0.3,0,1000,0.05,3,28.9115646258503,17.1201814058957,15.3061224489796,18.9342403628118,19.6145124716553
