"","nvar","r","d","het","iter","alpha","strategy","p1","p2","p3","p4","p5"
"1",82,0.5,0.1,0,1000,0.05,1,47.7535301668806,20.795892169448,14.7625160462131,10.1412066752246,6.54685494223363
"2",82,0.5,0.1,0,1000,0.05,2,47.7535301668806,20.795892169448,14.7625160462131,10.1412066752246,6.54685494223363
"3",82,0.5,0.1,0,1000,0.05,3,16.816431322208,16.5596919127086,22.2079589216945,23.3632862644416,21.0526315789474
