"","nvar","r","d","het","iter","alpha","strategy","p1","p2","p3","p4","p5"
"1",52,0.3,0.3,0,1000,0.05,1,75.8730158730159,10.4761904761905,6.34920634920635,3.5978835978836,2.75132275132275
"2",52,0.3,0.3,0,1000,0.05,2,75.8730158730159,10.4761904761905,6.34920634920635,3.5978835978836,2.75132275132275
"3",52,0.3,0.3,0,1000,0.05,3,35.4497354497354,16.7195767195767,16.8253968253968,15.7671957671958,15.1322751322751
