"","nvar","r","d","het","iter","alpha","strategy","p1","p2","p3","p4","p5"
"1",58,0.1,0.3,0,1000,0.05,1,85.9737638748739,7.36629667003027,3.43087790110999,1.71543895055499,0.504540867810293
"2",58,0.1,0.3,0,1000,0.05,2,85.9737638748739,7.36629667003027,3.43087790110999,1.71543895055499,0.504540867810293
"3",58,0.1,0.3,0,1000,0.05,3,38.4460141271443,19.7780020181635,14.4298688193744,14.3289606458123,12.8153380423814
