"","nvar","r","d","het","iter","alpha","strategy","p1","p2","p3","p4","p5"
"1",160,0.6,0.1,0,1000,0.05,1,47.5826972010178,21.2468193384224,13.4860050890585,9.9236641221374,7.76081424936387
"2",160,0.6,0.1,0,1000,0.05,2,47.5826972010178,21.2468193384224,13.4860050890585,9.9236641221374,7.76081424936387
"3",160,0.6,0.1,0,1000,0.05,3,10.559796437659,18.1933842239186,20.9923664122137,23.2824427480916,26.972010178117
