"","nvar","r","d","het","iter","alpha","strategy","p1","p2","p3","p4","p5"
"1",168,0.9,0.1,0,1000,0.05,1,41.296928327645,17.4061433447099,18.4300341296928,13.6518771331058,9.21501706484642
"2",168,0.9,0.1,0,1000,0.05,2,41.296928327645,17.4061433447099,18.4300341296928,13.6518771331058,9.21501706484642
"3",168,0.9,0.1,0,1000,0.05,3,9.89761092150171,8.19112627986348,21.160409556314,28.3276450511945,32.4232081911263
