"","nvar","r","d","het","iter","alpha","strategy","p1","p2","p3","p4","p5"
"1",128,0.5,0.2,0,1000,0.05,1,64.6153846153846,16.5934065934066,8.35164835164835,6.37362637362637,4.06593406593407
"2",128,0.5,0.2,0,1000,0.05,2,64.6153846153846,16.5934065934066,8.35164835164835,6.37362637362637,4.06593406593407
"3",128,0.5,0.2,0,1000,0.05,3,21.3186813186813,20.4395604395604,16.2637362637363,19.3406593406593,22.6373626373626
