"","nvar","r","d","het","iter","alpha","strategy","p1","p2","p3","p4","p5"
"1",142,0.4,0.3,0,1000,0.05,1,82.6175869120654,7.66871165644172,5.01022494887526,2.04498977505112,1.6359918200409
"2",142,0.4,0.3,0,1000,0.05,2,82.6175869120654,7.66871165644172,5.01022494887526,2.04498977505112,1.6359918200409
"3",142,0.4,0.3,0,1000,0.05,3,32.9243353783231,19.2229038854806,18.3026584867076,14.7239263803681,14.7239263803681
