"","nvar","r","d","het","iter","alpha","strategy","p1","p2","p3","p4","p5"
"1",72,0.3,0.1,0,1000,0.05,1,54.7826086956522,20.9782608695652,12.2826086956522,8.3695652173913,3.58695652173913
"2",72,0.3,0.1,0,1000,0.05,2,54.7826086956522,20.9782608695652,12.2826086956522,8.3695652173913,3.58695652173913
"3",72,0.3,0.1,0,1000,0.05,3,19.6739130434783,21.304347826087,19.2391304347826,21.0869565217391,18.695652173913
