"","nvar","r","d","het","iter","alpha","strategy","p1","p2","p3","p4","p5"
"1",148,0.3,0.1,0,1000,0.05,1,67.6798378926038,18.4397163120567,8.71327254305978,3.64741641337386,1.51975683890578
"2",148,0.3,0.1,0,1000,0.05,2,67.6798378926038,18.4397163120567,8.71327254305978,3.64741641337386,1.51975683890578
"3",148,0.3,0.1,0,1000,0.05,3,19.8581560283688,17.9331306990881,19.5542046605876,19.4528875379939,23.2016210739615
