"","nvar","r","d","het","iter","alpha","strategy","p1","p2","p3","p4","p5"
"1",26,0.7,0.2,0,1000,0.05,1,52.9080675422139,17.8236397748593,12.7579737335835,9.75609756097561,6.75422138836773
"2",26,0.7,0.2,0,1000,0.05,2,52.9080675422139,17.8236397748593,12.7579737335835,9.75609756097561,6.75422138836773
"3",26,0.7,0.2,0,1000,0.05,3,22.3264540337711,16.5103189493433,21.2007504690432,19.6998123827392,20.2626641651032
