"","nvar","r","d","het","iter","alpha","strategy","p1","p2","p3","p4","p5"
"1",10,0.6,0.2,0,1000,0.05,1,46.4444444444444,21.5555555555556,13.7777777777778,12.6666666666667,5.55555555555556
"2",10,0.6,0.2,0,1000,0.05,2,46.4444444444444,21.5555555555556,13.7777777777778,12.6666666666667,5.55555555555556
"3",10,0.6,0.2,0,1000,0.05,3,24.2222222222222,22.2222222222222,19.1111111111111,18.4444444444444,16
