"","nvar","r","d","het","iter","alpha","strategy","p1","p2","p3","p4","p5"
"1",124,0.1,0.2,0,1000,0.05,1,89.5582329317269,7.63052208835341,1.90763052208835,0.70281124497992,0.200803212851406
"2",124,0.1,0.2,0,1000,0.05,2,89.5582329317269,7.63052208835341,1.90763052208835,0.70281124497992,0.200803212851406
"3",124,0.1,0.2,0,1000,0.05,3,29.718875502008,20.8835341365462,17.9718875502008,15.5622489959839,15.863453815261
