"","nvar","r","d","het","iter","alpha","strategy","p1","p2","p3","p4","p5"
"1",122,0.8,0.1,0,1000,0.05,1,42.6124197002141,17.1306209850107,14.1327623126338,14.1327623126338,11.9914346895075
"2",122,0.8,0.1,0,1000,0.05,2,42.6124197002141,17.1306209850107,14.1327623126338,14.1327623126338,11.9914346895075
"3",122,0.8,0.1,0,1000,0.05,3,10.7066381156317,11.5631691648822,19.9143468950749,24.8394004282655,32.9764453961456
