"","nvar","r","d","het","iter","alpha","strategy","p1","p2","p3","p4","p5"
"1",110,0.2,0.2,0,1000,0.05,1,80.9859154929577,12.374245472837,4.12474849094567,1.30784708249497,1.10663983903421
"2",110,0.2,0.2,0,1000,0.05,2,80.9859154929577,12.374245472837,4.12474849094567,1.30784708249497,1.10663983903421
"3",110,0.2,0.2,0,1000,0.05,3,27.0623742454728,20.523138832998,19.9195171026157,15.8953722334004,16.5995975855131
