"","nvar","r","d","het","iter","alpha","strategy","p1","p2","p3","p4","p5"
"1",12,0.1,0.2,0,1000,0.05,1,52.6462395543176,17.5487465181058,12.3955431754875,9.05292479108635,8.35654596100279
"2",12,0.1,0.2,0,1000,0.05,2,52.6462395543176,17.5487465181058,12.3955431754875,9.05292479108635,8.35654596100279
"3",12,0.1,0.2,0,1000,0.05,3,32.1727019498607,20.1949860724234,15.5988857938719,15.7381615598886,16.2952646239554
