"","nvar","r","d","het","iter","alpha","strategy","p1","p2","p3","p4","p5"
"1",182,0.3,0.1,0,1000,0.05,1,69.4248234106963,19.2734611503532,6.96266397578204,2.21997981836529,2.11907164480323
"2",182,0.3,0.1,0,1000,0.05,2,69.4248234106963,19.2734611503532,6.96266397578204,2.21997981836529,2.11907164480323
"3",182,0.3,0.1,0,1000,0.05,3,20.0807265388496,19.5761856710394,19.1725529767911,20.9889001009082,20.1816347124117
