"","nvar","r","d","het","iter","alpha","strategy","p1","p2","p3","p4","p5"
"1",172,0.3,0.1,0,1000,0.05,1,70.9255533199195,18.5110663983903,5.73440643863179,2.91750503018109,1.91146881287726
"2",172,0.3,0.1,0,1000,0.05,2,70.9255533199195,18.5110663983903,5.73440643863179,2.91750503018109,1.91146881287726
"3",172,0.3,0.1,0,1000,0.05,3,17.8068410462777,20.8249496981891,20.7243460764588,20.2213279678068,20.4225352112676
