"","nvar","r","d","het","iter","alpha","strategy","p1","p2","p3","p4","p5"
"1",46,0,0.3,0,1000,0.05,1,86.9346733668342,8.14070351758794,2.51256281407035,1.00502512562814,0.50251256281407
"2",46,0,0.3,0,1000,0.05,2,86.9346733668342,8.14070351758794,2.51256281407035,1.00502512562814,0.50251256281407
"3",46,0,0.3,0,1000,0.05,3,39.2964824120603,18.391959798995,17.0854271356784,13.3668341708543,11.4572864321608
