"","nvar","r","d","het","iter","alpha","strategy","p1","p2","p3","p4","p5"
"1",178,0.8,0.1,0,1000,0.05,1,43.4077079107505,17.8498985801217,14.4016227180527,13.9959432048682,10.3448275862069
"2",178,0.8,0.1,0,1000,0.05,2,43.4077079107505,17.8498985801217,14.4016227180527,13.9959432048682,10.3448275862069
"3",178,0.8,0.1,0,1000,0.05,3,10.1419878296146,10.7505070993915,17.4442190669371,28.1947261663286,33.4685598377282
