"","nvar","r","d","het","iter","alpha","strategy","p1","p2","p3","p4","p5"
"1",174,0.9,0.1,0,1000,0.05,1,42.1725239616613,19.1693290734824,15.9744408945687,12.1405750798722,10.5431309904153
"2",174,0.9,0.1,0,1000,0.05,2,42.1725239616613,19.1693290734824,15.9744408945687,12.1405750798722,10.5431309904153
"3",174,0.9,0.1,0,1000,0.05,3,11.5015974440895,8.30670926517572,18.8498402555911,23.961661341853,37.3801916932907
