"","nvar","r","d","het","iter","alpha","strategy","p1","p2","p3","p4","p5"
"1",4,0.1,0.3,0,1000,0.05,1,59.7623089983022,15.1103565365025,8.14940577249576,8.14940577249576,7.64006791171477
"2",4,0.1,0.3,0,1000,0.05,2,59.7623089983022,15.1103565365025,8.14940577249576,8.14940577249576,7.64006791171477
"3",4,0.1,0.3,0,1000,0.05,3,47.7079796264856,16.9779286926995,12.5636672325976,11.3752122241087,10.8658743633277
