"","nvar","r","d","het","iter","alpha","strategy","p1","p2","p3","p4","p5"
"1",32,0,0.1,0,1000,0.05,1,50.8493771234428,20.6115515288788,13.2502831257078,8.60702151755379,6.68176670441676
"2",32,0,0.1,0,1000,0.05,2,50.8493771234428,20.6115515288788,13.2502831257078,8.60702151755379,6.68176670441676
"3",32,0,0.1,0,1000,0.05,3,26.3873159682899,20.0453001132503,18.233295583239,16.647791619479,18.6862967157418
