"","nvar","r","d","het","iter","alpha","strategy","p1","p2","p3","p4","p5"
"1",22,0.7,0.1,0,1000,0.05,1,32.6315789473684,21.5789473684211,16.3157894736842,16.578947368421,12.8947368421053
"2",22,0.7,0.1,0,1000,0.05,2,32.6315789473684,21.5789473684211,16.3157894736842,16.578947368421,12.8947368421053
"3",22,0.7,0.1,0,1000,0.05,3,15.2631578947368,16.8421052631579,17.6315789473684,23.6842105263158,26.578947368421
