"","nvar","r","d","het","iter","alpha","strategy","p1","p2","p3","p4","p5"
"1",122,0.2,0.3,0,1000,0.05,1,90.5905905905906,5.9059059059059,1.3013013013013,0.800800800800801,0.1001001001001
"2",122,0.2,0.3,0,1000,0.05,2,90.5905905905906,5.9059059059059,1.3013013013013,0.800800800800801,0.1001001001001
"3",122,0.2,0.3,0,1000,0.05,3,36.6366366366366,18.2182182182182,16.7167167167167,15.1151151151151,12.8128128128128
