"","nvar","r","d","het","iter","alpha","strategy","p1","p2","p3","p4","p5"
"1",176,0.3,0.2,0,1000,0.05,1,81.3065326633166,11.8592964824121,4.02010050251256,2.31155778894472,0.402010050251256
"2",176,0.3,0.2,0,1000,0.05,2,81.3065326633166,11.8592964824121,4.02010050251256,2.31155778894472,0.402010050251256
"3",176,0.3,0.2,0,1000,0.05,3,27.3366834170854,18.5929648241206,19.4974874371859,16.5829145728643,17.9899497487437
