"","nvar","r","d","het","iter","alpha","strategy","p1","p2","p3","p4","p5"
"1",154,0.5,0.2,0,1000,0.05,1,63.8023630504833,16.6487647690655,9.34479054779807,6.12244897959184,4.08163265306122
"2",154,0.5,0.2,0,1000,0.05,2,63.8023630504833,16.6487647690655,9.34479054779807,6.12244897959184,4.08163265306122
"3",154,0.5,0.2,0,1000,0.05,3,19.9785177228786,17.6154672395274,19.7636949516649,20.6229860365199,22.0193340494092
