"","nvar","r","d","het","iter","alpha","strategy","p1","p2","p3","p4","p5"
"1",86,0.1,0.1,0,1000,0.05,1,70.0707785642063,19.1102123356926,6.57229524772497,3.03336703741153,1.21334681496461
"2",86,0.1,0.1,0,1000,0.05,2,70.0707785642063,19.1102123356926,6.57229524772497,3.03336703741153,1.21334681496461
"3",86,0.1,0.1,0,1000,0.05,3,21.9413549039434,21.1324570273003,20.9302325581395,16.582406471183,19.4135490394338
