"","nvar","r","d","het","iter","alpha","strategy","p1","p2","p3","p4","p5"
"1",194,0.5,0.2,0,1000,0.05,1,69.9786324786325,14.5299145299145,7.58547008547009,5.02136752136752,2.77777777777778
"2",194,0.5,0.2,0,1000,0.05,2,69.9786324786325,14.5299145299145,7.58547008547009,5.02136752136752,2.77777777777778
"3",194,0.5,0.2,0,1000,0.05,3,21.474358974359,17.6282051282051,19.551282051282,21.6880341880342,19.6581196581197
