"","nvar","r","d","het","iter","alpha","strategy","p1","p2","p3","p4","p5"
"1",156,0.7,0.2,0,1000,0.05,1,58.2109479305741,13.7516688918558,13.0841121495327,7.87716955941255,6.94259012016021
"2",156,0.7,0.2,0,1000,0.05,2,58.2109479305741,13.7516688918558,13.0841121495327,7.87716955941255,6.94259012016021
"3",156,0.7,0.2,0,1000,0.05,3,18.6915887850467,15.3538050734312,20.694259012016,22.4299065420561,22.8304405874499
