"","nvar","r","d","het","iter","alpha","strategy","p1","p2","p3","p4","p5"
"1",88,0.2,0.1,0,1000,0.05,1,63.3401221995927,18.7372708757637,10.3869653767821,4.88798370672098,2.64765784114053
"2",88,0.2,0.1,0,1000,0.05,2,63.3401221995927,18.7372708757637,10.3869653767821,4.88798370672098,2.64765784114053
"3",88,0.2,0.1,0,1000,0.05,3,21.3849287169043,18.8391038696538,20.162932790224,19.4501018329939,20.162932790224
