"","nvar","r","d","het","iter","alpha","strategy","p1","p2","p3","p4","p5"
"1",22,0.3,0.2,0,1000,0.05,1,51.6129032258064,19.3548387096774,12.5161290322581,10.4516129032258,5.93548387096774
"2",22,0.3,0.2,0,1000,0.05,2,51.6129032258064,19.3548387096774,12.5161290322581,10.4516129032258,5.93548387096774
"3",22,0.3,0.2,0,1000,0.05,3,25.2903225806452,19.2258064516129,19.0967741935484,20.258064516129,16.1290322580645
