"","nvar","r","d","het","iter","alpha","strategy","p1","p2","p3","p4","p5"
"1",56,0.7,0.3,0,1000,0.05,1,66.3945578231292,12.9251700680272,9.1156462585034,5.17006802721088,5.4421768707483
"2",56,0.7,0.3,0,1000,0.05,2,66.3945578231292,12.9251700680272,9.1156462585034,5.17006802721088,5.4421768707483
"3",56,0.7,0.3,0,1000,0.05,3,27.7551020408163,18.6394557823129,20.4081632653061,15.2380952380952,17.5510204081633
