"","nvar","r","d","het","iter","alpha","strategy","p1","p2","p3","p4","p5"
"1",92,0.3,0.3,0,1000,0.05,1,83.2310838445808,9.20245398773006,4.08997955010225,1.53374233128834,1.12474437627812
"2",92,0.3,0.3,0,1000,0.05,2,83.2310838445808,9.20245398773006,4.08997955010225,1.53374233128834,1.12474437627812
"3",92,0.3,0.3,0,1000,0.05,3,35.2760736196319,16.7689161554192,14.9284253578732,19.4274028629857,13.4969325153374
