"","nvar","r","d","het","iter","alpha","strategy","p1","p2","p3","p4","p5"
"1",62,0.6,0.1,0,1000,0.05,1,42.7215189873418,20.4113924050633,15.1898734177215,11.7088607594937,9.96835443037975
"2",62,0.6,0.1,0,1000,0.05,2,42.7215189873418,20.4113924050633,15.1898734177215,11.7088607594937,9.96835443037975
"3",62,0.6,0.1,0,1000,0.05,3,14.2405063291139,18.6708860759494,18.6708860759494,23.5759493670886,24.8417721518987
