"","nvar","r","d","het","iter","alpha","strategy","p1","p2","p3","p4","p5"
"1",90,0.4,0.1,0,1000,0.05,1,52.8491620111732,18.5474860335196,12.7374301675978,9.27374301675978,6.59217877094972
"2",90,0.4,0.1,0,1000,0.05,2,52.8491620111732,18.5474860335196,12.7374301675978,9.27374301675978,6.59217877094972
"3",90,0.4,0.1,0,1000,0.05,3,17.5418994413408,19.8882681564246,19.2178770949721,20.1117318435754,23.2402234636872
