"","nvar","r","d","het","iter","alpha","strategy","p1","p2","p3","p4","p5"
"1",110,0.8,0.2,0,1000,0.05,1,52.0353982300885,16.6371681415929,13.4513274336283,10.0884955752212,7.61061946902655
"2",110,0.8,0.2,0,1000,0.05,2,52.0353982300885,16.6371681415929,13.4513274336283,10.0884955752212,7.61061946902655
"3",110,0.8,0.2,0,1000,0.05,3,15.929203539823,14.3362831858407,18.7610619469027,23.1858407079646,27.787610619469
