"","nvar","r","d","het","iter","alpha","strategy","p1","p2","p3","p4","p5"
"1",98,0.9,0.2,0,1000,0.05,1,51.7401392111369,13.9211136890951,14.8491879350348,9.51276102088167,9.97679814385151
"2",98,0.9,0.2,0,1000,0.05,2,51.7401392111369,13.9211136890951,14.8491879350348,9.51276102088167,9.97679814385151
"3",98,0.9,0.2,0,1000,0.05,3,19.0255220417633,12.5290023201856,15.3132250580046,20.8816705336427,32.2505800464037
