"","nvar","r","d","het","iter","alpha","strategy","p1","p2","p3","p4","p5"
"1",54,0.1,0.3,0,1000,0.05,1,84.0201005025126,9.44723618090452,3.71859296482412,0.904522613065327,0.804020100502513
"2",54,0.1,0.3,0,1000,0.05,2,84.0201005025126,9.44723618090452,3.71859296482412,0.904522613065327,0.804020100502513
"3",54,0.1,0.3,0,1000,0.05,3,39.0954773869347,18.6934673366834,16.2814070351759,13.9698492462312,11.8592964824121
