"","nvar","r","d","het","iter","alpha","strategy","p1","p2","p3","p4","p5"
"1",82,0.8,0.2,0,1000,0.05,1,53.4709193245779,20.8255159474672,9.9437148217636,7.87992495309568,7.87992495309568
"2",82,0.8,0.2,0,1000,0.05,2,53.4709193245779,20.8255159474672,9.9437148217636,7.87992495309568,7.87992495309568
"3",82,0.8,0.2,0,1000,0.05,3,20.8255159474672,14.6341463414634,15.9474671669794,22.5140712945591,26.078799249531
