"","nvar","r","d","het","iter","alpha","strategy","p1","p2","p3","p4","p5"
"1",94,0.1,0.1,0,1000,0.05,1,72.635814889336,18.41046277666,6.2374245472837,1.91146881287726,0.804828973843058
"2",94,0.1,0.1,0,1000,0.05,2,72.635814889336,18.41046277666,6.2374245472837,1.91146881287726,0.804828973843058
"3",94,0.1,0.1,0,1000,0.05,3,23.8430583501006,21.0261569416499,18.2092555331992,20.4225352112676,16.4989939637827
