"","nvar","r","d","het","iter","alpha","strategy","p1","p2","p3","p4","p5"
"1",180,0.4,0.1,0,1000,0.05,1,63.4397528321318,20.2883625128733,7.20906282183316,5.870236869207,3.19258496395469
"2",180,0.4,0.1,0,1000,0.05,2,63.4397528321318,20.2883625128733,7.20906282183316,5.870236869207,3.19258496395469
"3",180,0.4,0.1,0,1000,0.05,3,16.9927909371782,19.6704428424305,19.3614830072091,22.4510813594233,21.524201853759
