"","nvar","r","d","het","iter","alpha","strategy","p1","p2","p3","p4","p5"
"1",162,0.9,0.2,0,1000,0.05,1,50.4444444444444,17.5555555555556,17.1111111111111,7.33333333333333,7.55555555555556
"2",162,0.9,0.2,0,1000,0.05,2,50.4444444444444,17.5555555555556,17.1111111111111,7.33333333333333,7.55555555555556
"3",162,0.9,0.2,0,1000,0.05,3,18.8888888888889,9.33333333333333,17.3333333333333,21.1111111111111,33.3333333333333
