"","nvar","r","d","het","iter","alpha","strategy","p1","p2","p3","p4","p5"
"1",10,0.6,0.1,0,1000,0.05,1,31.25,19.6428571428571,15.7738095238095,17.8571428571429,15.4761904761905
"2",10,0.6,0.1,0,1000,0.05,2,31.25,19.6428571428571,15.7738095238095,17.8571428571429,15.4761904761905
"3",10,0.6,0.1,0,1000,0.05,3,13.9880952380952,21.4285714285714,19.047619047619,21.7261904761905,23.8095238095238
