"","nvar","r","d","het","iter","alpha","strategy","p1","p2","p3","p4","p5"
"1",86,0.1,0.2,0,1000,0.05,1,82.8657314629259,12.0240480961924,3.40681362725451,1.10220440881764,0.601202404809619
"2",86,0.1,0.2,0,1000,0.05,2,82.8657314629259,12.0240480961924,3.40681362725451,1.10220440881764,0.601202404809619
"3",86,0.1,0.2,0,1000,0.05,3,28.9579158316633,21.0420841683367,17.5350701402806,17.2344689378758,15.2304609218437
