"","nvar","r","d","het","iter","alpha","strategy","p1","p2","p3","p4","p5"
"1",50,0.1,0.3,0,1000,0.05,1,84.7782258064516,8.66935483870968,3.42741935483871,1.71370967741935,0.604838709677419
"2",50,0.1,0.3,0,1000,0.05,2,84.7782258064516,8.66935483870968,3.42741935483871,1.71370967741935,0.604838709677419
"3",50,0.1,0.3,0,1000,0.05,3,38.7096774193548,18.6491935483871,16.2298387096774,13.8104838709677,12.5
