"","nvar","r","d","het","iter","alpha","strategy","p1","p2","p3","p4","p5"
"1",92,0.4,0.3,0,1000,0.05,1,76.673640167364,11.6108786610879,5.3347280334728,3.03347280334728,2.82426778242678
"2",92,0.4,0.3,0,1000,0.05,2,76.673640167364,11.6108786610879,5.3347280334728,3.03347280334728,2.82426778242678
"3",92,0.4,0.3,0,1000,0.05,3,33.8912133891213,20.1882845188285,16.2133891213389,13.0753138075314,16.5271966527197
