"","nvar","r","d","het","iter","alpha","strategy","p1","p2","p3","p4","p5"
"1",88,0.6,0.3,0,1000,0.05,1,71.3615023474178,11.9718309859155,6.92488262910798,5.86854460093897,3.16901408450704
"2",88,0.6,0.3,0,1000,0.05,2,71.3615023474178,11.9718309859155,6.92488262910798,5.86854460093897,3.16901408450704
"3",88,0.6,0.3,0,1000,0.05,3,28.9906103286385,15.8450704225352,18.3098591549296,18.4272300469484,18.075117370892
