"","nvar","r","d","het","iter","alpha","strategy","p1","p2","p3","p4","p5"
"1",190,0.3,0.1,0,1000,0.05,1,72.3446893787575,17.0340681362725,6.81362725450902,3.1062124248497,0.701402805611222
"2",190,0.3,0.1,0,1000,0.05,2,72.3446893787575,17.0340681362725,6.81362725450902,3.1062124248497,0.701402805611222
"3",190,0.3,0.1,0,1000,0.05,3,19.939879759519,19.438877755511,20.5410821643287,19.8396793587174,20.2404809619238
