"","nvar","r","d","het","iter","alpha","strategy","p1","p2","p3","p4","p5"
"1",70,0.9,0.1,0,1000,0.05,1,43.3212996389892,16.9675090252708,14.0794223826715,16.2454873646209,9.38628158844765
"2",70,0.9,0.1,0,1000,0.05,2,43.3212996389892,16.9675090252708,14.0794223826715,16.2454873646209,9.38628158844765
"3",70,0.9,0.1,0,1000,0.05,3,10.8303249097473,12.9963898916967,16.6064981949458,22.0216606498195,37.5451263537906
