"","nvar","r","d","het","iter","alpha","strategy","p1","p2","p3","p4","p5"
"1",64,0.3,0.3,0,1000,0.05,1,78.2249742002064,11.3519091847265,5.26315789473684,2.2703818369453,1.75438596491228
"2",64,0.3,0.3,0,1000,0.05,2,78.2249742002064,11.3519091847265,5.26315789473684,2.2703818369453,1.75438596491228
"3",64,0.3,0.3,0,1000,0.05,3,31.7853457172343,18.1630546955624,19.5046439628483,15.0670794633643,14.9638802889577
