"","nvar","r","d","het","iter","alpha","strategy","p1","p2","p3","p4","p5"
"1",138,0.6,0.3,0,1000,0.05,1,72.6966292134831,11.7977528089888,6.96629213483146,4.60674157303371,3.25842696629213
"2",138,0.6,0.3,0,1000,0.05,2,72.6966292134831,11.7977528089888,6.96629213483146,4.60674157303371,3.25842696629213
"3",138,0.6,0.3,0,1000,0.05,3,28.4269662921348,15.5056179775281,16.6292134831461,19.6629213483146,19.438202247191
