"","nvar","r","d","het","iter","alpha","strategy","p1","p2","p3","p4","p5"
"1",116,0.5,0.2,0,1000,0.05,1,64.1509433962264,14.0954495005549,10.4328523862375,6.54827968923419,4.77247502774695
"2",116,0.5,0.2,0,1000,0.05,2,64.1509433962264,14.0954495005549,10.4328523862375,6.54827968923419,4.77247502774695
"3",116,0.5,0.2,0,1000,0.05,3,22.7524972253052,18.4239733629301,18.645948945616,21.3096559378468,18.8679245283019
