"","nvar","r","d","het","iter","alpha","strategy","p1","p2","p3","p4","p5"
"1",188,0.8,0.2,0,1000,0.05,1,53.9432176656151,17.192429022082,12.1451104100946,10.5678233438486,6.15141955835962
"2",188,0.8,0.2,0,1000,0.05,2,53.9432176656151,17.192429022082,12.1451104100946,10.5678233438486,6.15141955835962
"3",188,0.8,0.2,0,1000,0.05,3,14.6687697160883,12.1451104100946,23.186119873817,22.0820189274448,27.9179810725552
