"","nvar","r","d","het","iter","alpha","strategy","p1","p2","p3","p4","p5"
"1",184,0.7,0.1,0,1000,0.05,1,48.1751824817518,16.0583941605839,14.014598540146,11.970802919708,9.78102189781022
"2",184,0.7,0.1,0,1000,0.05,2,48.1751824817518,16.0583941605839,14.014598540146,11.970802919708,9.78102189781022
"3",184,0.7,0.1,0,1000,0.05,3,11.0948905109489,12.8467153284672,20.8759124087591,24.5255474452555,30.6569343065693
