"","nvar","r","d","het","iter","alpha","strategy","p1","p2","p3","p4","p5"
"1",188,0.7,0.1,0,1000,0.05,1,45.3149001536098,17.9723502304147,14.900153609831,10.752688172043,11.0599078341014
"2",188,0.7,0.1,0,1000,0.05,2,45.3149001536098,17.9723502304147,14.900153609831,10.752688172043,11.0599078341014
"3",188,0.7,0.1,0,1000,0.05,3,11.2135176651306,16.4362519201229,19.5084485407066,23.3486943164363,29.4930875576037
