"","nvar","r","d","het","iter","alpha","strategy","p1","p2","p3","p4","p5"
"1",90,0.9,0.1,0,1000,0.05,1,40.531561461794,16.6112956810631,16.2790697674419,15.2823920265781,11.2956810631229
"2",90,0.9,0.1,0,1000,0.05,2,40.531561461794,16.6112956810631,16.2790697674419,15.2823920265781,11.2956810631229
"3",90,0.9,0.1,0,1000,0.05,3,10.6312292358804,10.9634551495017,15.9468438538206,30.5647840531561,31.8936877076412
