"","nvar","r","d","het","iter","alpha","strategy","p1","p2","p3","p4","p5"
"1",82,0.7,0.2,0,1000,0.05,1,58.6510263929619,14.3695014662757,11.8768328445748,7.77126099706745,7.18475073313783
"2",82,0.7,0.2,0,1000,0.05,2,58.6510263929619,14.3695014662757,11.8768328445748,7.77126099706745,7.18475073313783
"3",82,0.7,0.2,0,1000,0.05,3,23.6070381231672,15.3958944281525,20.0879765395894,16.4222873900293,24.4868035190616
