"","nvar","r","d","het","iter","alpha","strategy","p1","p2","p3","p4","p5"
"1",130,0.4,0.2,0,1000,0.05,1,69.7601668404588,16.266944734098,6.56934306569343,4.90093847758081,2.39833159541189
"2",130,0.4,0.2,0,1000,0.05,2,69.7601668404588,16.266944734098,6.56934306569343,4.90093847758081,2.39833159541189
"3",130,0.4,0.2,0,1000,0.05,3,23.3576642335766,21.0636079249218,17.1011470281543,18.3524504692388,20.1251303441084
