"","nvar","r","d","het","iter","alpha","strategy","p1","p2","p3","p4","p5"
"1",20,0.9,0.2,0,1000,0.05,1,47.7777777777778,18.3333333333333,11.9444444444444,11.6666666666667,10.2777777777778
"2",20,0.9,0.2,0,1000,0.05,2,47.7777777777778,18.3333333333333,11.9444444444444,11.6666666666667,10.2777777777778
"3",20,0.9,0.2,0,1000,0.05,3,25,12.5,19.4444444444444,20.5555555555556,22.5
