"","nvar","r","d","het","iter","alpha","strategy","p1","p2","p3","p4","p5"
"1",16,0.5,0.3,0,1000,0.05,1,63.1578947368421,13.1578947368421,9.00277008310249,7.75623268698061,5.6786703601108
"2",16,0.5,0.3,0,1000,0.05,2,63.1578947368421,13.1578947368421,9.00277008310249,7.75623268698061,5.6786703601108
"3",16,0.5,0.3,0,1000,0.05,3,33.3795013850416,17.590027700831,18.005540166205,15.6509695290859,14.5429362880886
