"","nvar","r","d","het","iter","alpha","strategy","p1","p2","p3","p4","p5"
"1",62,0.4,0.1,0,1000,0.05,1,46.3385354141657,20.4081632653061,14.1656662665066,9.60384153661465,9.48379351740696
"2",62,0.4,0.1,0,1000,0.05,2,46.3385354141657,20.4081632653061,14.1656662665066,9.60384153661465,9.48379351740696
"3",62,0.4,0.1,0,1000,0.05,3,16.3265306122449,18.0072028811525,19.5678271308523,20.6482593037215,25.4501800720288
