"","nvar","r","d","het","iter","alpha","strategy","p1","p2","p3","p4","p5"
"1",10,0,0.2,0,1000,0.05,1,55.2278820375335,18.0965147453083,11.6621983914209,8.04289544235925,6.97050938337802
"2",10,0,0.2,0,1000,0.05,2,55.2278820375335,18.0965147453083,11.6621983914209,8.04289544235925,6.97050938337802
"3",10,0,0.2,0,1000,0.05,3,36.1930294906166,19.8391420911528,16.2198391420912,14.343163538874,13.4048257372654
