"","nvar","r","d","het","iter","alpha","strategy","p1","p2","p3","p4","p5"
"1",46,0.5,0.1,0,1000,0.05,1,45.3125,18.6079545454545,15.3409090909091,9.80113636363636,10.9375
"2",46,0.5,0.1,0,1000,0.05,2,45.3125,18.6079545454545,15.3409090909091,9.80113636363636,10.9375
"3",46,0.5,0.1,0,1000,0.05,3,14.6306818181818,18.1818181818182,21.1647727272727,20.4545454545455,25.5681818181818
