"","nvar","r","d","het","iter","alpha","strategy","p1","p2","p3","p4","p5"
"1",48,0.7,0.1,0,1000,0.05,1,42.1370967741936,21.1693548387097,12.0967741935484,11.2903225806452,13.3064516129032
"2",48,0.7,0.1,0,1000,0.05,2,42.1370967741936,21.1693548387097,12.0967741935484,11.2903225806452,13.3064516129032
"3",48,0.7,0.1,0,1000,0.05,3,10.8870967741935,16.9354838709677,18.3467741935484,24.7983870967742,29.0322580645161
