"","nvar","r","d","het","iter","alpha","strategy","p1","p2","p3","p4","p5"
"1",100,0.8,0.2,0,1000,0.05,1,53.6283185840708,16.1061946902655,12.5663716814159,10.9734513274336,6.72566371681416
"2",100,0.8,0.2,0,1000,0.05,2,53.6283185840708,16.1061946902655,12.5663716814159,10.9734513274336,6.72566371681416
"3",100,0.8,0.2,0,1000,0.05,3,17.8761061946903,15.7522123893805,18.4070796460177,25.4867256637168,22.4778761061947
