"","nvar","r","d","het","iter","alpha","strategy","p1","p2","p3","p4","p5"
"1",182,0.5,0.1,0,1000,0.05,1,56.8157033805889,19.5201744820065,11.6684841875682,6.87022900763359,5.12540894220284
"2",182,0.5,0.1,0,1000,0.05,2,56.8157033805889,19.5201744820065,11.6684841875682,6.87022900763359,5.12540894220284
"3",182,0.5,0.1,0,1000,0.05,3,14.8309705561614,16.4667393675027,20.6106870229008,22.0283533260633,26.0632497273719
