"","nvar","r","d","het","iter","alpha","strategy","p1","p2","p3","p4","p5"
"1",170,0.9,0.2,0,1000,0.05,1,51.5981735159817,16.4383561643836,10.958904109589,10.5022831050228,10.5022831050228
"2",170,0.9,0.2,0,1000,0.05,2,51.5981735159817,16.4383561643836,10.958904109589,10.5022831050228,10.5022831050228
"3",170,0.9,0.2,0,1000,0.05,3,17.8082191780822,11.6438356164384,15.0684931506849,22.1461187214612,33.3333333333333
