"","nvar","r","d","het","iter","alpha","strategy","p1","p2","p3","p4","p5"
"1",36,0.3,0.2,0,1000,0.05,1,63.8173302107728,14.9882903981265,9.13348946135831,7.25995316159251,4.56674473067916
"2",36,0.3,0.2,0,1000,0.05,2,63.8173302107728,14.9882903981265,9.13348946135831,7.25995316159251,4.56674473067916
"3",36,0.3,0.2,0,1000,0.05,3,28.3372365339578,21.5456674473068,16.8618266978923,16.2763466042155,16.9789227166276
