"","nvar","r","d","het","iter","alpha","strategy","p1","p2","p3","p4","p5"
"1",138,0.6,0.1,0,1000,0.05,1,49.5424836601307,17.1241830065359,15.2941176470588,11.6339869281046,6.40522875816993
"2",138,0.6,0.1,0,1000,0.05,2,49.5424836601307,17.1241830065359,15.2941176470588,11.6339869281046,6.40522875816993
"3",138,0.6,0.1,0,1000,0.05,3,11.8954248366013,13.8562091503268,24.1830065359477,24.8366013071895,25.2287581699346
