"","nvar","r","d","het","iter","alpha","strategy","p1","p2","p3","p4","p5"
"1",70,0.7,0.2,0,1000,0.05,1,53.6741214057508,16.4536741214058,13.8977635782748,9.26517571884984,6.70926517571885
"2",70,0.7,0.2,0,1000,0.05,2,53.6741214057508,16.4536741214058,13.8977635782748,9.26517571884984,6.70926517571885
"3",70,0.7,0.2,0,1000,0.05,3,19.9680511182109,18.6900958466454,20.4472843450479,18.2108626198083,22.6837060702875
