"","nvar","r","d","het","iter","alpha","strategy","p1","p2","p3","p4","p5"
"1",198,0.3,0.1,0,1000,0.05,1,75.5020080321285,16.7670682730924,5.32128514056225,1.90763052208835,0.502008032128514
"2",198,0.3,0.1,0,1000,0.05,2,75.5020080321285,16.7670682730924,5.32128514056225,1.90763052208835,0.502008032128514
"3",198,0.3,0.1,0,1000,0.05,3,20.0803212851406,17.7710843373494,21.5863453815261,19.2771084337349,21.285140562249
