"","nvar","r","d","het","iter","alpha","strategy","p1","p2","p3","p4","p5"
"1",36,0.1,0.3,0,1000,0.05,1,80.3901437371663,10.4722792607803,4.0041067761807,2.36139630390144,1.12936344969199
"2",36,0.1,0.3,0,1000,0.05,2,80.3901437371663,10.4722792607803,4.0041067761807,2.36139630390144,1.12936344969199
"3",36,0.1,0.3,0,1000,0.05,3,39.0143737166324,19.8151950718686,15.1950718685832,12.5256673511294,13.2443531827515
