"","nvar","r","d","het","iter","alpha","strategy","p1","p2","p3","p4","p5"
"1",138,0.3,0.2,0,1000,0.05,1,79.3731041456016,12.4368048533873,5.05561172901921,1.82002022244692,1.314459049545
"2",138,0.3,0.2,0,1000,0.05,2,79.3731041456016,12.4368048533873,5.05561172901921,1.82002022244692,1.314459049545
"3",138,0.3,0.2,0,1000,0.05,3,25.3791708796764,20.1213346814965,19.1102123356926,17.1890798786653,18.2002022244692
