"","nvar","r","d","het","iter","alpha","strategy","p1","p2","p3","p4","p5"
"1",108,0.1,0.1,0,1000,0.05,1,75.3753753753754,15.9159159159159,5.60560560560561,2.3023023023023,0.800800800800801
"2",108,0.1,0.1,0,1000,0.05,2,75.3753753753754,15.9159159159159,5.60560560560561,2.3023023023023,0.800800800800801
"3",108,0.1,0.1,0,1000,0.05,3,22.4224224224224,20.1201201201201,21.7217217217217,17.7177177177177,18.018018018018
