"","nvar","r","d","het","iter","alpha","strategy","p1","p2","p3","p4","p5"
"1",16,0.7,0.1,0,1000,0.05,1,38.2513661202186,21.8579234972678,12.568306010929,15.0273224043716,12.2950819672131
"2",16,0.7,0.1,0,1000,0.05,2,38.2513661202186,21.8579234972678,12.568306010929,15.0273224043716,12.2950819672131
"3",16,0.7,0.1,0,1000,0.05,3,20.7650273224044,17.2131147540984,18.3060109289618,22.1311475409836,21.5846994535519
