"","nvar","r","d","het","iter","alpha","strategy","p1","p2","p3","p4","p5"
"1",86,0.7,0.3,0,1000,0.05,1,66.1167512690355,11.9289340101523,7.99492385786802,8.50253807106599,5.0761421319797
"2",86,0.7,0.3,0,1000,0.05,2,66.1167512690355,11.9289340101523,7.99492385786802,8.50253807106599,5.0761421319797
"3",86,0.7,0.3,0,1000,0.05,3,24.746192893401,15.6091370558376,18.6548223350254,21.8274111675127,19.0355329949239
