"","nvar","r","d","het","iter","alpha","strategy","p1","p2","p3","p4","p5"
"1",138,0.5,0.3,0,1000,0.05,1,75.5037115588547,11.1346765641569,6.04453870625663,3.81760339342524,2.22693531283139
"2",138,0.5,0.3,0,1000,0.05,2,75.5037115588547,11.1346765641569,6.04453870625663,3.81760339342524,2.22693531283139
"3",138,0.5,0.3,0,1000,0.05,3,30.3287380699894,17.4973488865323,17.2852598091198,16.8610816542948,17.8154825026511
