"","nvar","r","d","het","iter","alpha","strategy","p1","p2","p3","p4","p5"
"1",68,0.8,0.1,0,1000,0.05,1,42.4164524421594,16.1953727506427,14.9100257069409,13.6246786632391,12.853470437018
"2",68,0.8,0.1,0,1000,0.05,2,42.4164524421594,16.1953727506427,14.9100257069409,13.6246786632391,12.853470437018
"3",68,0.8,0.1,0,1000,0.05,3,11.8251928020566,12.5964010282776,20.0514138817481,21.5938303341902,33.9331619537275
