"","nvar","r","d","het","iter","alpha","strategy","p1","p2","p3","p4","p5"
"1",90,0.5,0.2,0,1000,0.05,1,61.1683848797251,17.4112256586483,10.1947308132875,6.18556701030928,5.04009163802978
"2",90,0.5,0.2,0,1000,0.05,2,61.1683848797251,17.4112256586483,10.1947308132875,6.18556701030928,5.04009163802978
"3",90,0.5,0.2,0,1000,0.05,3,22.3367697594502,18.098510882016,19.3585337915235,20.0458190148912,20.1603665521191
