"","nvar","r","d","het","iter","alpha","strategy","p1","p2","p3","p4","p5"
"1",10,0.2,0.1,0,1000,0.05,1,35.0409836065574,21.1065573770492,17.827868852459,13.3196721311475,12.7049180327869
"2",10,0.2,0.1,0,1000,0.05,2,35.0409836065574,21.1065573770492,17.827868852459,13.3196721311475,12.7049180327869
"3",10,0.2,0.1,0,1000,0.05,3,22.7459016393443,20.2868852459016,21.3114754098361,18.6475409836066,17.0081967213115
