"","nvar","r","d","het","iter","alpha","strategy","p1","p2","p3","p4","p5"
"1",88,0.7,0.3,0,1000,0.05,1,65.8031088082902,13.3419689119171,8.03108808290155,6.34715025906736,5.05181347150259
"2",88,0.7,0.3,0,1000,0.05,2,65.8031088082902,13.3419689119171,8.03108808290155,6.34715025906736,5.05181347150259
"3",88,0.7,0.3,0,1000,0.05,3,28.3678756476684,16.4507772020725,15.6735751295337,18.5233160621762,20.5958549222798
