"","nvar","r","d","het","iter","alpha","strategy","p1","p2","p3","p4","p5"
"1",146,0.2,0.2,0,1000,0.05,1,86.7735470941884,8.41683366733467,4.10821643286573,0.400801603206413,0.100200400801603
"2",146,0.2,0.2,0,1000,0.05,2,86.7735470941884,8.41683366733467,4.10821643286573,0.400801603206413,0.100200400801603
"3",146,0.2,0.2,0,1000,0.05,3,28.8577154308617,21.5430861723447,18.0360721442886,15.5310621242485,16.0320641282565
