"","nvar","r","d","het","iter","alpha","strategy","p1","p2","p3","p4","p5"
"1",56,0.7,0.2,0,1000,0.05,1,54.950495049505,16.6666666666667,12.046204620462,8.41584158415842,7.92079207920792
"2",56,0.7,0.2,0,1000,0.05,2,54.950495049505,16.6666666666667,12.046204620462,8.41584158415842,7.92079207920792
"3",56,0.7,0.2,0,1000,0.05,3,21.4521452145215,18.3168316831683,19.6369636963696,20.1320132013201,20.4620462046205
