"","nvar","r","d","het","iter","alpha","strategy","p1","p2","p3","p4","p5"
"1",188,0.4,0.1,0,1000,0.05,1,61.4989733059548,19.7125256673511,10.0616016427105,5.54414784394251,3.18275154004107
"2",188,0.4,0.1,0,1000,0.05,2,61.4989733059548,19.7125256673511,10.0616016427105,5.54414784394251,3.18275154004107
"3",188,0.4,0.1,0,1000,0.05,3,15.2977412731006,19.917864476386,21.5605749486653,20.1232032854209,23.1006160164271
