"","nvar","r","d","het","iter","alpha","strategy","p1","p2","p3","p4","p5"
"1",96,0.4,0.3,0,1000,0.05,1,79.2746113989637,10.0518134715026,4.76683937823834,2.90155440414508,2.17616580310881
"2",96,0.4,0.3,0,1000,0.05,2,79.2746113989637,10.0518134715026,4.76683937823834,2.90155440414508,2.17616580310881
"3",96,0.4,0.3,0,1000,0.05,3,32.9533678756477,20.4145077720207,15.1295336787565,15.7512953367876,15.5440414507772
