"","nvar","r","d","het","iter","alpha","strategy","p1","p2","p3","p4","p5"
"1",98,0.8,0.1,0,1000,0.05,1,40.3755868544601,16.1971830985916,15.0234741784038,16.4319248826291,11.9718309859155
"2",98,0.8,0.1,0,1000,0.05,2,40.3755868544601,16.1971830985916,15.0234741784038,16.4319248826291,11.9718309859155
"3",98,0.8,0.1,0,1000,0.05,3,9.38967136150235,11.5023474178404,20.18779342723,25.5868544600939,33.3333333333333
