"","nvar","r","d","het","iter","alpha","strategy","p1","p2","p3","p4","p5"
"1",162,0.3,0.1,0,1000,0.05,1,69.331983805668,16.7004048582996,7.48987854251012,4.1497975708502,2.32793522267206
"2",162,0.3,0.1,0,1000,0.05,2,69.331983805668,16.7004048582996,7.48987854251012,4.1497975708502,2.32793522267206
"3",162,0.3,0.1,0,1000,0.05,3,20.4453441295547,18.3198380566802,18.6234817813765,20.6477732793522,21.9635627530364
