"","nvar","r","d","het","iter","alpha","strategy","p1","p2","p3","p4","p5"
"1",14,0.7,0.2,0,1000,0.05,1,48.7414187643021,18.7643020594966,12.8146453089245,9.38215102974828,10.2974828375286
"2",14,0.7,0.2,0,1000,0.05,2,48.7414187643021,18.7643020594966,12.8146453089245,9.38215102974828,10.2974828375286
"3",14,0.7,0.2,0,1000,0.05,3,21.7391304347826,19.2219679633867,18.9931350114416,18.5354691075515,21.5102974828375
