"","nvar","r","d","het","iter","alpha","strategy","p1","p2","p3","p4","p5"
"1",64,0,0.2,0,1000,0.05,1,86.4864864864865,9.20920920920921,2.8028028028028,1.4014014014014,0.1001001001001
"2",64,0,0.2,0,1000,0.05,2,86.4864864864865,9.20920920920921,2.8028028028028,1.4014014014014,0.1001001001001
"3",64,0,0.2,0,1000,0.05,3,32.3323323323323,20.02002002002,18.3183183183183,16.6166166166166,12.7127127127127
