"","nvar","r","d","het","iter","alpha","strategy","p1","p2","p3","p4","p5"
"1",148,0.1,0.2,0,1000,0.05,1,90.8908908908909,6.70670670670671,1.5015015015015,0.4004004004004,0.2002002002002
"2",148,0.1,0.2,0,1000,0.05,2,90.8908908908909,6.70670670670671,1.5015015015015,0.4004004004004,0.2002002002002
"3",148,0.1,0.2,0,1000,0.05,3,30.1301301301301,19.5195195195195,19.3193193193193,14.5145145145145,16.5165165165165
