"","nvar","r","d","het","iter","alpha","strategy","p1","p2","p3","p4","p5"
"1",162,0.8,0.2,0,1000,0.05,1,55.1020408163265,16.6666666666667,12.5850340136054,9.01360544217687,6.63265306122449
"2",162,0.8,0.2,0,1000,0.05,2,55.1020408163265,16.6666666666667,12.5850340136054,9.01360544217687,6.63265306122449
"3",162,0.8,0.2,0,1000,0.05,3,14.7959183673469,17.0068027210884,20.2380952380952,23.9795918367347,23.9795918367347
