"","nvar","r","d","het","iter","alpha","strategy","p1","p2","p3","p4","p5"
"1",74,0.7,0.3,0,1000,0.05,1,65.9973226238287,13.1191432396252,9.50468540829987,5.22088353413655,5.35475234270415
"2",74,0.7,0.3,0,1000,0.05,2,65.9973226238287,13.1191432396252,9.50468540829987,5.22088353413655,5.35475234270415
"3",74,0.7,0.3,0,1000,0.05,3,27.9785809906292,18.2061579651941,17.9384203480589,16.1981258366801,19.2771084337349
