"","nvar","r","d","het","iter","alpha","strategy","p1","p2","p3","p4","p5"
"1",172,0.8,0.2,0,1000,0.05,1,53.7653239929948,18.739054290718,11.7338003502627,8.75656742556918,7.00525394045534
"2",172,0.8,0.2,0,1000,0.05,2,53.7653239929948,18.739054290718,11.7338003502627,8.75656742556918,7.00525394045534
"3",172,0.8,0.2,0,1000,0.05,3,14.3607705779334,15.5866900175131,16.8126094570928,25.3940455341506,27.84588441331
