"","nvar","r","d","het","iter","alpha","strategy","p1","p2","p3","p4","p5"
"1",156,0.4,0.2,0,1000,0.05,1,73.2106339468303,13.4969325153374,6.33946830265849,4.19222903885481,2.45398773006135
"2",156,0.4,0.2,0,1000,0.05,2,73.2106339468303,13.4969325153374,6.33946830265849,4.19222903885481,2.45398773006135
"3",156,0.4,0.2,0,1000,0.05,3,21.881390593047,18.8139059304703,18.9161554192229,20.8588957055215,19.5296523517382
