"","nvar","r","d","het","iter","alpha","strategy","p1","p2","p3","p4","p5"
"1",80,0.4,0.3,0,1000,0.05,1,76.3485477178423,11.2033195020747,6.22406639004149,2.59336099585062,2.59336099585062
"2",80,0.4,0.3,0,1000,0.05,2,76.3485477178423,11.2033195020747,6.22406639004149,2.59336099585062,2.59336099585062
"3",80,0.4,0.3,0,1000,0.05,3,32.7800829875519,19.1908713692946,18.6721991701245,16.1825726141079,12.8630705394191
