"","nvar","r","d","het","iter","alpha","strategy","p1","p2","p3","p4","p5"
"1",38,0.6,0.2,0,1000,0.05,1,52.4663677130045,15.695067264574,12.8550074738416,9.86547085201794,9.11808669656203
"2",38,0.6,0.2,0,1000,0.05,2,52.4663677130045,15.695067264574,12.8550074738416,9.86547085201794,9.11808669656203
"3",38,0.6,0.2,0,1000,0.05,3,21.0762331838565,18.5351270553064,18.2361733931241,20.1793721973094,21.9730941704036
