"","nvar","r","d","het","iter","alpha","strategy","p1","p2","p3","p4","p5"
"1",8,0.8,0.2,0,1000,0.05,1,52.0504731861199,17.0347003154574,13.8801261829653,10.0946372239748,6.94006309148265
"2",8,0.8,0.2,0,1000,0.05,2,52.0504731861199,17.0347003154574,13.8801261829653,10.0946372239748,6.94006309148265
"3",8,0.8,0.2,0,1000,0.05,3,29.3375394321767,17.6656151419558,20.1892744479495,17.0347003154574,15.7728706624606
