"","nvar","r","d","het","iter","alpha","strategy","p1","p2","p3","p4","p5"
"1",180,0.2,0.1,0,1000,0.05,1,81.2437311935807,13.0391173520562,3.7111334002006,1.50451354062187,0.501504513540622
"2",180,0.2,0.1,0,1000,0.05,2,81.2437311935807,13.0391173520562,3.7111334002006,1.50451354062187,0.501504513540622
"3",180,0.2,0.1,0,1000,0.05,3,21.5646940822467,18.1544633901705,20.5616850551655,18.555667001003,21.1634904714142
