"","nvar","r","d","het","iter","alpha","strategy","p1","p2","p3","p4","p5"
"1",66,0.7,0.3,0,1000,0.05,1,64.7138964577657,13.8964577656676,10.0817438692098,6.53950953678474,4.35967302452316
"2",66,0.7,0.3,0,1000,0.05,2,64.7138964577657,13.8964577656676,10.0817438692098,6.53950953678474,4.35967302452316
"3",66,0.7,0.3,0,1000,0.05,3,28.0653950953678,16.2125340599455,18.3923705722071,17.8474114441417,19.3460490463215
