"","nvar","r","d","het","iter","alpha","strategy","p1","p2","p3","p4","p5"
"1",122,0.5,0.3,0,1000,0.05,1,75.1599147121535,10.9808102345416,5.43710021321962,4.47761194029851,2.77185501066098
"2",122,0.5,0.3,0,1000,0.05,2,75.1599147121535,10.9808102345416,5.43710021321962,4.47761194029851,2.77185501066098
"3",122,0.5,0.3,0,1000,0.05,3,30.1705756929638,18.3368869936034,17.0575692963753,18.5501066098081,15.6716417910448
