"","nvar","r","d","het","iter","alpha","strategy","p1","p2","p3","p4","p5"
"1",196,0.4,0.2,0,1000,0.05,1,74.8983739837398,13.0081300813008,6.50406504065041,3.65853658536585,1.82926829268293
"2",196,0.4,0.2,0,1000,0.05,2,74.8983739837398,13.0081300813008,6.50406504065041,3.65853658536585,1.82926829268293
"3",196,0.4,0.2,0,1000,0.05,3,21.7479674796748,19.6138211382114,19.1056910569106,20.2235772357724,19.3089430894309
