"","nvar","r","d","het","iter","alpha","strategy","p1","p2","p3","p4","p5"
"1",72,0.4,0.2,0,1000,0.05,1,62.4584717607973,16.0575858250277,10.6312292358804,7.0874861572536,3.76522702104097
"2",72,0.4,0.2,0,1000,0.05,2,62.4584717607973,16.0575858250277,10.6312292358804,7.0874861572536,3.76522702104097
"3",72,0.4,0.2,0,1000,0.05,3,23.1450719822813,19.2691029900332,19.047619047619,20.5980066445183,17.9401993355482
