"","nvar","r","d","het","iter","alpha","strategy","p1","p2","p3","p4","p5"
"1",16,0.5,0.1,0,1000,0.05,1,38.5775862068966,19.8275862068966,15.7327586206897,13.5775862068966,12.2844827586207
"2",16,0.5,0.1,0,1000,0.05,2,38.5775862068966,19.8275862068966,15.7327586206897,13.5775862068966,12.2844827586207
"3",16,0.5,0.1,0,1000,0.05,3,18.9655172413793,20.4741379310345,20.2586206896552,20.2586206896552,20.0431034482759
