"","nvar","r","d","het","iter","alpha","strategy","p1","p2","p3","p4","p5"
"1",190,0.2,0.1,0,1000,0.05,1,81.3813813813814,12.9129129129129,4.3043043043043,1.2012012012012,0.2002002002002
"2",190,0.2,0.1,0,1000,0.05,2,81.3813813813814,12.9129129129129,4.3043043043043,1.2012012012012,0.2002002002002
"3",190,0.2,0.1,0,1000,0.05,3,22.2222222222222,19.9199199199199,19.7197197197197,20.02002002002,18.1181181181181
