"","nvar","r","d","het","iter","alpha","strategy","p1","p2","p3","p4","p5"
"1",146,0.5,0.2,0,1000,0.05,1,65.5021834061135,14.3013100436681,9.06113537117904,6.76855895196507,4.36681222707424
"2",146,0.5,0.2,0,1000,0.05,2,65.5021834061135,14.3013100436681,9.06113537117904,6.76855895196507,4.36681222707424
"3",146,0.5,0.2,0,1000,0.05,3,24.235807860262,16.4847161572052,18.4497816593886,19.7598253275109,21.0698689956332
