"","nvar","r","d","het","iter","alpha","strategy","p1","p2","p3","p4","p5"
"1",66,0.3,0.3,0,1000,0.05,1,78.6458333333333,11.4583333333333,4.58333333333333,3.02083333333333,1.5625
"2",66,0.3,0.3,0,1000,0.05,2,78.6458333333333,11.4583333333333,4.58333333333333,3.02083333333333,1.5625
"3",66,0.3,0.3,0,1000,0.05,3,33.4375,20.1041666666667,16.9791666666667,14.0625,15.2083333333333
