"","nvar","r","d","het","iter","alpha","strategy","p1","p2","p3","p4","p5"
"1",168,0.2,0.3,0,1000,0.05,1,92.6926926926927,4.6046046046046,0.900900900900901,0.3003003003003,0.3003003003003
"2",168,0.2,0.3,0,1000,0.05,2,92.6926926926927,4.6046046046046,0.900900900900901,0.3003003003003,0.3003003003003
"3",168,0.2,0.3,0,1000,0.05,3,37.037037037037,17.2172172172172,14.6146146146146,18.018018018018,12.8128128128128
