"","nvar","r","d","het","iter","alpha","strategy","p1","p2","p3","p4","p5"
"1",20,0.6,0.1,0,1000,0.05,1,37.012987012987,19.6969696969697,14.7186147186147,15.8008658008658,12.7705627705628
"2",20,0.6,0.1,0,1000,0.05,2,37.012987012987,19.6969696969697,14.7186147186147,15.8008658008658,12.7705627705628
"3",20,0.6,0.1,0,1000,0.05,3,19.2640692640693,19.4805194805195,17.5324675324675,22.7272727272727,20.995670995671
