"","nvar","r","d","het","iter","alpha","strategy","p1","p2","p3","p4","p5"
"1",96,0.6,0.2,0,1000,0.05,1,61.2035851472471,14.3405889884763,9.60307298335467,6.78617157490397,8.06658130601793
"2",96,0.6,0.2,0,1000,0.05,2,61.2035851472471,14.3405889884763,9.60307298335467,6.78617157490397,8.06658130601793
"3",96,0.6,0.2,0,1000,0.05,3,19.7183098591549,17.5416133162612,19.5902688860435,18.9500640204866,24.1997439180538
