"","nvar","r","d","het","iter","alpha","strategy","p1","p2","p3","p4","p5"
"1",54,0.9,0.1,0,1000,0.05,1,37.7358490566038,21.1320754716981,16.6037735849057,14.3396226415094,10.188679245283
"2",54,0.9,0.1,0,1000,0.05,2,37.7358490566038,21.1320754716981,16.6037735849057,14.3396226415094,10.188679245283
"3",54,0.9,0.1,0,1000,0.05,3,13.5849056603774,14.7169811320755,12.8301886792453,25.2830188679245,33.5849056603774
