"","nvar","r","d","het","iter","alpha","strategy","p1","p2","p3","p4","p5"
"1",154,0.5,0.1,0,1000,0.05,1,53.8895152198422,19.391206313416,12.4013528748591,8.90642615558061,5.41149943630214
"2",154,0.5,0.1,0,1000,0.05,2,53.8895152198422,19.391206313416,12.4013528748591,8.90642615558061,5.41149943630214
"3",154,0.5,0.1,0,1000,0.05,3,14.7688838782413,17.587373167982,19.6166854565953,22.435174746336,25.5918827508455
