"","nvar","r","d","het","iter","alpha","strategy","p1","p2","p3","p4","p5"
"1",4,0,0.3,0,1000,0.05,1,59.567387687188,13.8103161397671,7.65391014975042,9.98336106489185,8.6522462562396
"2",4,0,0.3,0,1000,0.05,2,59.567387687188,13.8103161397671,7.65391014975042,9.98336106489185,8.6522462562396
"3",4,0,0.3,0,1000,0.05,3,47.9201331114809,15.973377703827,11.3144758735441,11.9800332778702,12.8119800332779
