"","nvar","r","d","het","iter","alpha","strategy","p1","p2","p3","p4","p5"
"1",62,0.2,0.2,0,1000,0.05,1,71.8879668049793,14.4190871369295,8.09128630705394,3.52697095435685,1.97095435684647
"2",62,0.2,0.2,0,1000,0.05,2,71.8879668049793,14.4190871369295,8.09128630705394,3.52697095435685,1.97095435684647
"3",62,0.2,0.2,0,1000,0.05,3,28.4232365145228,18.4647302904564,18.4647302904564,18.6721991701245,15.9751037344398
