"","nvar","r","d","het","iter","alpha","strategy","p1","p2","p3","p4","p5"
"1",100,0.3,0.3,0,1000,0.05,1,81.6801619433198,9.81781376518219,4.04858299595142,2.22672064777328,1.31578947368421
"2",100,0.3,0.3,0,1000,0.05,2,81.6801619433198,9.81781376518219,4.04858299595142,2.22672064777328,1.31578947368421
"3",100,0.3,0.3,0,1000,0.05,3,33.502024291498,17.6113360323887,16.497975708502,15.7894736842105,16.497975708502
