"","nvar","r","d","het","iter","alpha","strategy","p1","p2","p3","p4","p5"
"1",196,0.3,0.1,0,1000,0.05,1,74.3460764587525,15.9959758551308,6.33802816901408,2.41448692152917,0.905432595573441
"2",196,0.3,0.1,0,1000,0.05,2,74.3460764587525,15.9959758551308,6.33802816901408,2.41448692152917,0.905432595573441
"3",196,0.3,0.1,0,1000,0.05,3,19.1146881287726,18.1086519114688,20.523138832998,19.7183098591549,22.5352112676056
