"","nvar","r","d","het","iter","alpha","strategy","p1","p2","p3","p4","p5"
"1",4,0.5,0.3,0,1000,0.05,1,56.6990291262136,16.8932038834951,10.6796116504854,8.15533980582524,6.79611650485437
"2",4,0.5,0.3,0,1000,0.05,2,56.6990291262136,16.8932038834951,10.6796116504854,8.15533980582524,6.79611650485437
"3",4,0.5,0.3,0,1000,0.05,3,40.7766990291262,19.4174757281553,14.7572815533981,12.0388349514563,12.4271844660194
