"","nvar","r","d","het","iter","alpha","strategy","p1","p2","p3","p4","p5"
"1",36,0,0.3,0,1000,0.05,1,83.1653225806452,9.07258064516129,3.83064516129032,2.01612903225806,1.61290322580645
"2",36,0,0.3,0,1000,0.05,2,83.1653225806452,9.07258064516129,3.83064516129032,2.01612903225806,1.61290322580645
"3",36,0,0.3,0,1000,0.05,3,38.1048387096774,19.5564516129032,14.1129032258065,14.9193548387097,13.2056451612903
