"","nvar","r","d","het","iter","alpha","strategy","p1","p2","p3","p4","p5"
"1",38,0.7,0.1,0,1000,0.05,1,38.5462555066079,21.3656387665198,14.7577092511013,12.3348017621145,12.9955947136564
"2",38,0.7,0.1,0,1000,0.05,2,38.5462555066079,21.3656387665198,14.7577092511013,12.3348017621145,12.9955947136564
"3",38,0.7,0.1,0,1000,0.05,3,12.3348017621145,20.9251101321586,18.5022026431718,22.4669603524229,25.7709251101322
