"","nvar","r","d","het","iter","alpha","strategy","p1","p2","p3","p4","p5"
"1",156,0.8,0.1,0,1000,0.05,1,39.6761133603239,19.6356275303644,13.5627530364372,15.7894736842105,11.336032388664
"2",156,0.8,0.1,0,1000,0.05,2,39.6761133603239,19.6356275303644,13.5627530364372,15.7894736842105,11.336032388664
"3",156,0.8,0.1,0,1000,0.05,3,7.48987854251012,12.9554655870445,18.2186234817814,29.1497975708502,32.1862348178138
