"","nvar","r","d","het","iter","alpha","strategy","p1","p2","p3","p4","p5"
"1",22,0.7,0.3,0,1000,0.05,1,63.4222919937206,14.1287284144427,10.3610675039246,7.06436420722135,4.08163265306122
"2",22,0.7,0.3,0,1000,0.05,2,63.4222919937206,14.1287284144427,10.3610675039246,7.06436420722135,4.08163265306122
"3",22,0.7,0.3,0,1000,0.05,3,32.967032967033,15.541601255887,17.425431711146,18.3673469387755,15.2276295133438
