"","nvar","r","d","het","iter","alpha","strategy","p1","p2","p3","p4","p5"
"1",8,0.6,0.3,0,1000,0.05,1,55.7404326123128,16.6389351081531,10.8153078202995,8.98502495840266,6.82196339434276
"2",8,0.6,0.3,0,1000,0.05,2,55.7404326123128,16.6389351081531,10.8153078202995,8.98502495840266,6.82196339434276
"3",8,0.6,0.3,0,1000,0.05,3,37.603993344426,16.4725457570715,17.3044925124792,14.4758735440932,13.477537437604
