"","nvar","r","d","het","iter","alpha","strategy","p1","p2","p3","p4","p5"
"1",18,0.3,0.3,0,1000,0.05,1,68.3393070489845,14.5758661887694,7.40740740740741,5.73476702508961,3.3452807646356
"2",18,0.3,0.3,0,1000,0.05,2,68.3393070489845,14.5758661887694,7.40740740740741,5.73476702508961,3.3452807646356
"3",18,0.3,0.3,0,1000,0.05,3,37.037037037037,21.7443249701314,15.2927120669056,13.8590203106332,11.94743130227
