"","nvar","r","d","het","iter","alpha","strategy","p1","p2","p3","p4","p5"
"1",24,0.2,0.2,0,1000,0.05,1,57.4618096357227,18.331374853114,11.1633372502938,7.16803760282021,5.87544065804935
"2",24,0.2,0.2,0,1000,0.05,2,57.4618096357227,18.331374853114,11.1633372502938,7.16803760282021,5.87544065804935
"3",24,0.2,0.2,0,1000,0.05,3,28.0846063454759,20.7990599294947,18.331374853114,15.6286721504113,17.1562867215041
