"","nvar","r","d","het","iter","alpha","strategy","p1","p2","p3","p4","p5"
"1",114,0.6,0.1,0,1000,0.05,1,48.9100817438692,18.5286103542234,11.9891008174387,12.3978201634877,8.17438692098093
"2",114,0.6,0.1,0,1000,0.05,2,48.9100817438692,18.5286103542234,11.9891008174387,12.3978201634877,8.17438692098093
"3",114,0.6,0.1,0,1000,0.05,3,13.4877384196185,15.3950953678474,19.0735694822888,26.4305177111717,25.6130790190736
