"","nvar","r","d","het","iter","alpha","strategy","p1","p2","p3","p4","p5"
"1",130,0,0.1,0,1000,0.05,1,86.5865865865866,11.2112112112112,1.5015015015015,0.500500500500501,0.2002002002002
"2",130,0,0.1,0,1000,0.05,2,86.5865865865866,11.2112112112112,1.5015015015015,0.500500500500501,0.2002002002002
"3",130,0,0.1,0,1000,0.05,3,24.3243243243243,21.4214214214214,18.8188188188188,17.9179179179179,17.5175175175175
