"","nvar","r","d","het","iter","alpha","strategy","p1","p2","p3","p4","p5"
"1",140,0.8,0.1,0,1000,0.05,1,40.2625820568928,22.9759299781182,15.3172866520788,12.253829321663,9.19037199124726
"2",140,0.8,0.1,0,1000,0.05,2,40.2625820568928,22.9759299781182,15.3172866520788,12.253829321663,9.19037199124726
"3",140,0.8,0.1,0,1000,0.05,3,7.4398249452954,15.9737417943107,19.4748358862144,28.6652078774617,28.4463894967177
