"","nvar","r","d","het","iter","alpha","strategy","p1","p2","p3","p4","p5"
"1",76,0.7,0.3,0,1000,0.05,1,66.2371134020619,12.7577319587629,9.27835051546392,6.8298969072165,3.8659793814433
"2",76,0.7,0.3,0,1000,0.05,2,66.2371134020619,12.7577319587629,9.27835051546392,6.8298969072165,3.8659793814433
"3",76,0.7,0.3,0,1000,0.05,3,26.2886597938144,15.3350515463918,18.5567010309278,21.1340206185567,18.2989690721649
