"","nvar","r","d","het","iter","alpha","strategy","p1","p2","p3","p4","p5"
"1",68,0.6,0.3,0,1000,0.05,1,69.5284159613059,12.3337363966143,8.46432889963724,4.83675937122128,3.62756952841596
"2",68,0.6,0.3,0,1000,0.05,2,69.5284159613059,12.3337363966143,8.46432889963724,4.83675937122128,3.62756952841596
"3",68,0.6,0.3,0,1000,0.05,3,29.2623941958888,19.4679564691657,16.5659008464329,18.1378476420798,15.9613059250302
