"","nvar","r","d","het","iter","alpha","strategy","p1","p2","p3","p4","p5"
"1",120,0.3,0.2,0,1000,0.05,1,77.1717171717172,11.5151515151515,6.76767676767677,3.03030303030303,1.51515151515152
"2",120,0.3,0.2,0,1000,0.05,2,77.1717171717172,11.5151515151515,6.76767676767677,3.03030303030303,1.51515151515152
"3",120,0.3,0.2,0,1000,0.05,3,27.5757575757576,19.2929292929293,19.1919191919192,17.4747474747475,16.4646464646465
