"","nvar","r","d","het","iter","alpha","strategy","p1","p2","p3","p4","p5"
"1",50,0.4,0.3,0,1000,0.05,1,71.9822812846069,13.5105204872647,6.97674418604651,3.76522702104097,3.10077519379845
"2",50,0.4,0.3,0,1000,0.05,2,71.9822812846069,13.5105204872647,6.97674418604651,3.76522702104097,3.10077519379845
"3",50,0.4,0.3,0,1000,0.05,3,33.3333333333333,16.8327796234773,16.500553709856,17.3864894795127,15.7253599114064
