"","nvar","r","d","het","iter","alpha","strategy","p1","p2","p3","p4","p5"
"1",186,0.5,0.1,0,1000,0.05,1,55.3168635875403,20.515574650913,10.6337271750806,8.05585392051558,5.47798066595059
"2",186,0.5,0.1,0,1000,0.05,2,55.3168635875403,20.515574650913,10.6337271750806,8.05585392051558,5.47798066595059
"3",186,0.5,0.1,0,1000,0.05,3,12.4597207303974,19.3340494092374,20.9452201933405,21.2674543501611,25.9935553168636
