"","nvar","r","d","het","iter","alpha","strategy","p1","p2","p3","p4","p5"
"1",180,0.7,0.1,0,1000,0.05,1,42.3017107309487,24.7278382581649,12.597200622084,9.64230171073095,10.7309486780715
"2",180,0.7,0.1,0,1000,0.05,2,42.3017107309487,24.7278382581649,12.597200622084,9.64230171073095,10.7309486780715
"3",180,0.7,0.1,0,1000,0.05,3,8.08709175738725,17.1073094867807,18.1959564541213,25.194401244168,31.4152410575428
