"","nvar","r","d","het","iter","alpha","strategy","p1","p2","p3","p4","p5"
"1",96,0.2,0.3,0,1000,0.05,1,87.374749498998,7.11422845691383,3.0060120240481,1.00200400801603,0.701402805611222
"2",96,0.2,0.3,0,1000,0.05,2,87.374749498998,7.11422845691383,3.0060120240481,1.00200400801603,0.701402805611222
"3",96,0.2,0.3,0,1000,0.05,3,36.9739478957916,17.7354709418838,15.6312625250501,14.7294589178357,14.8296593186373
