"","nvar","r","d","het","iter","alpha","strategy","p1","p2","p3","p4","p5"
"1",110,0.4,0.3,0,1000,0.05,1,77.2307692307692,9.74358974358974,6.56410256410256,3.58974358974359,1.84615384615385
"2",110,0.4,0.3,0,1000,0.05,2,77.2307692307692,9.74358974358974,6.56410256410256,3.58974358974359,1.84615384615385
"3",110,0.4,0.3,0,1000,0.05,3,31.1794871794872,16.9230769230769,18.2564102564103,18.5641025641026,14.974358974359
