"","nvar","r","d","het","iter","alpha","strategy","p1","p2","p3","p4","p5"
"1",80,0.1,0.2,0,1000,0.05,1,82.4649298597194,10.0200400801603,5.11022044088176,1.90380761523046,0.400801603206413
"2",80,0.1,0.2,0,1000,0.05,2,82.4649298597194,10.0200400801603,5.11022044088176,1.90380761523046,0.400801603206413
"3",80,0.1,0.2,0,1000,0.05,3,31.1623246492986,18.937875751503,20.9418837675351,13.3266533066132,15.6312625250501
