"","nvar","r","d","het","iter","alpha","strategy","p1","p2","p3","p4","p5"
"1",8,0.5,0.2,0,1000,0.05,1,52.3404255319149,16.1702127659574,11.9148936170213,8.93617021276596,10.6382978723404
"2",8,0.5,0.2,0,1000,0.05,2,52.3404255319149,16.1702127659574,11.9148936170213,8.93617021276596,10.6382978723404
"3",8,0.5,0.2,0,1000,0.05,3,33.4042553191489,18.0851063829787,17.0212765957447,14.468085106383,17.0212765957447
