"","nvar","r","d","het","iter","alpha","strategy","p1","p2","p3","p4","p5"
"1",118,0.5,0.2,0,1000,0.05,1,65.103598691385,14.1766630316249,9.26935659760087,7.63358778625954,3.70774263904035
"2",118,0.5,0.2,0,1000,0.05,2,65.103598691385,14.1766630316249,9.26935659760087,7.63358778625954,3.70774263904035
"3",118,0.5,0.2,0,1000,0.05,3,23.3369683751363,19.5201744820065,17.4482006543075,20.0654307524537,19.629225736096
