"","nvar","r","d","het","iter","alpha","strategy","p1","p2","p3","p4","p5"
"1",156,0.4,0.3,0,1000,0.05,1,81.947261663286,8.82352941176471,5.47667342799189,2.33265720081136,0.709939148073022
"2",156,0.4,0.3,0,1000,0.05,2,81.947261663286,8.82352941176471,5.47667342799189,2.33265720081136,0.709939148073022
"3",156,0.4,0.3,0,1000,0.05,3,33.9756592292089,16.3286004056795,17.4442190669371,17.6470588235294,14.604462474645
