"","nvar","r","d","het","iter","alpha","strategy","p1","p2","p3","p4","p5"
"1",106,0.5,0.3,0,1000,0.05,1,73.6275565123789,12.0559741657696,6.35091496232508,5.16684607104413,2.26049515608181
"2",106,0.5,0.3,0,1000,0.05,2,73.6275565123789,12.0559741657696,6.35091496232508,5.16684607104413,2.26049515608181
"3",106,0.5,0.3,0,1000,0.05,3,29.1711517761033,17.6533907427341,17.438105489774,17.438105489774,18.1916038751346
