"","nvar","r","d","het","iter","alpha","strategy","p1","p2","p3","p4","p5"
"1",54,0.6,0.2,0,1000,0.05,1,56.6619915848527,16.2692847124825,11.2201963534362,9.25666199158485,6.59186535764376
"2",54,0.6,0.2,0,1000,0.05,2,56.6619915848527,16.2692847124825,11.2201963534362,9.25666199158485,6.59186535764376
"3",54,0.6,0.2,0,1000,0.05,3,24.1234221598878,16.2692847124825,22.8611500701262,19.2145862552595,17.531556802244
