"","nvar","r","d","het","iter","alpha","strategy","p1","p2","p3","p4","p5"
"1",72,0.3,0.2,0,1000,0.05,1,69.4648478488982,15.7397691500525,6.50577124868835,4.72193074501574,3.46274921301154
"2",72,0.3,0.2,0,1000,0.05,2,69.4648478488982,15.7397691500525,6.50577124868835,4.72193074501574,3.46274921301154
"3",72,0.3,0.2,0,1000,0.05,3,27.1773347324239,20.7764952780693,16.6841552990556,17.7334732423924,17.6285414480588
