"","nvar","r","d","het","iter","alpha","strategy","p1","p2","p3","p4","p5"
"1",38,0,0.3,0,1000,0.05,1,86.7336683417086,8.64321608040201,2.01005025125628,1.60804020100503,0.603015075376884
"2",38,0,0.3,0,1000,0.05,2,86.7336683417086,8.64321608040201,2.01005025125628,1.60804020100503,0.603015075376884
"3",38,0,0.3,0,1000,0.05,3,43.7185929648241,17.9899497487437,14.4723618090452,12.2613065326633,11.4572864321608
