"","nvar","r","d","het","iter","alpha","strategy","p1","p2","p3","p4","p5"
"1",106,0.2,0.2,0,1000,0.05,1,80.4238143289606,12.7144298688194,4.1372351160444,2.21997981836529,0.403632694248234
"2",106,0.2,0.2,0,1000,0.05,2,80.4238143289606,12.7144298688194,4.1372351160444,2.21997981836529,0.403632694248234
"3",106,0.2,0.2,0,1000,0.05,3,28.6579212916246,18.2643794147326,18.970736629667,18.5671039354188,15.539858728557
