"","nvar","r","d","het","iter","alpha","strategy","p1","p2","p3","p4","p5"
"1",144,0.3,0.1,0,1000,0.05,1,68.1541582150101,18.2555780933063,7.80933062880325,2.94117647058824,2.83975659229209
"2",144,0.3,0.1,0,1000,0.05,2,68.1541582150101,18.2555780933063,7.80933062880325,2.94117647058824,2.83975659229209
"3",144,0.3,0.1,0,1000,0.05,3,18.762677484787,20.5882352941176,19.2697768762677,20.2839756592292,21.0953346855984
