"","nvar","r","d","het","iter","alpha","strategy","p1","p2","p3","p4","p5"
"1",54,0.8,0.1,0,1000,0.05,1,42.4390243902439,20.2439024390244,11.219512195122,16.5853658536585,9.51219512195122
"2",54,0.8,0.1,0,1000,0.05,2,42.4390243902439,20.2439024390244,11.219512195122,16.5853658536585,9.51219512195122
"3",54,0.8,0.1,0,1000,0.05,3,11.7073170731707,16.5853658536585,18.780487804878,23.6585365853659,29.2682926829268
