"","nvar","r","d","het","iter","alpha","strategy","p1","p2","p3","p4","p5"
"1",162,0.4,0.1,0,1000,0.05,1,60.0207684319834,19.730010384216,10.9034267912773,6.12668743509865,3.21910695742471
"2",162,0.4,0.1,0,1000,0.05,2,60.0207684319834,19.730010384216,10.9034267912773,6.12668743509865,3.21910695742471
"3",162,0.4,0.1,0,1000,0.05,3,16.8224299065421,22.3260643821391,19.5223260643821,19.3146417445483,22.0145379023884
