"","nvar","r","d","het","iter","alpha","strategy","p1","p2","p3","p4","p5"
"1",50,0.5,0.2,0,1000,0.05,1,56.8553459119497,17.2327044025157,10.5660377358491,7.67295597484277,7.54716981132075
"2",50,0.5,0.2,0,1000,0.05,2,56.8553459119497,17.2327044025157,10.5660377358491,7.67295597484277,7.54716981132075
"3",50,0.5,0.2,0,1000,0.05,3,20.503144654088,19.622641509434,17.6100628930818,20.7547169811321,21.5094339622642
