"","nvar","r","d","het","iter","alpha","strategy","p1","p2","p3","p4","p5"
"1",46,0.1,0.3,0,1000,0.05,1,83.1472081218274,8.83248730964467,3.85786802030457,1.6243654822335,1.21827411167513
"2",46,0.1,0.3,0,1000,0.05,2,83.1472081218274,8.83248730964467,3.85786802030457,1.6243654822335,1.21827411167513
"3",46,0.1,0.3,0,1000,0.05,3,39.0862944162437,21.2182741116751,13.0964467005076,13.7055837563452,12.5888324873096
