"","nvar","r","d","het","iter","alpha","strategy","p1","p2","p3","p4","p5"
"1",28,0,0.2,0,1000,0.05,1,67.1563483735572,14.900314795383,9.54879328436516,4.61699895068206,3.77754459601259
"2",28,0,0.2,0,1000,0.05,2,67.1563483735572,14.900314795383,9.54879328436516,4.61699895068206,3.77754459601259
"3",28,0,0.2,0,1000,0.05,3,32.7387198321091,20.0419727177335,17.6285414480588,15.0052465897167,14.585519412382
