"","nvar","r","d","het","iter","alpha","strategy","p1","p2","p3","p4","p5"
"1",108,0,0.1,0,1000,0.05,1,82.1821821821822,14.4144144144144,2.4024024024024,0.800800800800801,0.2002002002002
"2",108,0,0.1,0,1000,0.05,2,82.1821821821822,14.4144144144144,2.4024024024024,0.800800800800801,0.2002002002002
"3",108,0,0.1,0,1000,0.05,3,24.8248248248248,20.9209209209209,18.6186186186186,18.6186186186186,17.017017017017
