"","nvar","r","d","het","iter","alpha","strategy","p1","p2","p3","p4","p5"
"1",136,0.2,0.2,0,1000,0.05,1,84.5381526104418,11.3453815261044,3.01204819277108,0.803212851405622,0.200803212851406
"2",136,0.2,0.2,0,1000,0.05,2,84.5381526104418,11.3453815261044,3.01204819277108,0.803212851405622,0.200803212851406
"3",136,0.2,0.2,0,1000,0.05,3,27.4096385542169,20.5823293172691,18.9759036144578,17.8714859437751,15.1606425702811
