"","nvar","r","d","het","iter","alpha","strategy","p1","p2","p3","p4","p5"
"1",42,0.7,0.2,0,1000,0.05,1,53.7005163511188,16.1790017211704,11.0154905335628,9.63855421686747,9.29432013769363
"2",42,0.7,0.2,0,1000,0.05,2,53.7005163511188,16.1790017211704,11.0154905335628,9.63855421686747,9.29432013769363
"3",42,0.7,0.2,0,1000,0.05,3,23.2358003442341,13.9414802065404,19.7934595524957,18.2444061962134,24.7848537005164
