"","nvar","r","d","het","iter","alpha","strategy","p1","p2","p3","p4","p5"
"1",66,0.4,0.1,0,1000,0.05,1,50.9478672985782,20.3791469194313,12.4407582938389,8.29383886255924,7.93838862559242
"2",66,0.4,0.1,0,1000,0.05,2,50.9478672985782,20.3791469194313,12.4407582938389,8.29383886255924,7.93838862559242
"3",66,0.4,0.1,0,1000,0.05,3,19.5497630331754,19.9052132701422,20.4976303317536,18.1279620853081,21.9194312796209
