"","nvar","r","d","het","iter","alpha","strategy","p1","p2","p3","p4","p5"
"1",132,0.5,0.2,0,1000,0.05,1,67.4291938997821,13.9433551198257,8.49673202614379,5.99128540305011,4.03050108932462
"2",132,0.5,0.2,0,1000,0.05,2,67.4291938997821,13.9433551198257,8.49673202614379,5.99128540305011,4.03050108932462
"3",132,0.5,0.2,0,1000,0.05,3,22.6579520697168,17.755991285403,20.0435729847495,18.082788671024,21.4596949891068
