"","nvar","r","d","het","iter","alpha","strategy","p1","p2","p3","p4","p5"
"1",146,0.4,0.3,0,1000,0.05,1,82.3108384458078,8.48670756646217,4.49897750511247,2.35173824130879,1.32924335378323
"2",146,0.4,0.3,0,1000,0.05,2,82.3108384458078,8.48670756646217,4.49897750511247,2.35173824130879,1.32924335378323
"3",146,0.4,0.3,0,1000,0.05,3,34.9693251533742,17.280163599182,15.8486707566462,15.0306748466258,16.4621676891616
