"","nvar","r","d","het","iter","alpha","strategy","p1","p2","p3","p4","p5"
"1",60,0.6,0.2,0,1000,0.05,1,56.4032697547684,16.6212534059946,10.4904632152589,9.26430517711172,6.94822888283379
"2",60,0.6,0.2,0,1000,0.05,2,56.4032697547684,16.6212534059946,10.4904632152589,9.26430517711172,6.94822888283379
"3",60,0.6,0.2,0,1000,0.05,3,21.3896457765668,18.1198910081744,19.3460490463215,18.6648501362398,22.3433242506812
