"","nvar","r","d","het","iter","alpha","strategy","p1","p2","p3","p4","p5"
"1",198,0.5,0.2,0,1000,0.05,1,70.4329461457233,13.9387539598733,7.07497360084477,4.96304118268215,3.59028511087645
"2",198,0.5,0.2,0,1000,0.05,2,70.4329461457233,13.9387539598733,7.07497360084477,4.96304118268215,3.59028511087645
"3",198,0.5,0.2,0,1000,0.05,3,20.3801478352693,20.0633579725449,18.0570221752904,19.8521647307286,21.6473072861668
