"","nvar","r","d","het","iter","alpha","strategy","p1","p2","p3","p4","p5"
"1",46,0,0.2,0,1000,0.05,1,78.2828282828283,13.3333333333333,5.65656565656566,1.91919191919192,0.707070707070707
"2",46,0,0.2,0,1000,0.05,2,78.2828282828283,13.3333333333333,5.65656565656566,1.91919191919192,0.707070707070707
"3",46,0,0.2,0,1000,0.05,3,35.7575757575758,19.7979797979798,15.6565656565657,15.959595959596,12.8282828282828
