"","nvar","r","d","het","iter","alpha","strategy","p1","p2","p3","p4","p5"
"1",50,0,0.3,0,1000,0.05,1,88.2882882882883,7.70770770770771,2.1021021021021,0.900900900900901,0.1001001001001
"2",50,0,0.3,0,1000,0.05,2,88.2882882882883,7.70770770770771,2.1021021021021,0.900900900900901,0.1001001001001
"3",50,0,0.3,0,1000,0.05,3,39.2392392392392,19.7197197197197,15.9159159159159,12.6126126126126,12.1121121121121
