"","nvar","r","d","het","iter","alpha","strategy","p1","p2","p3","p4","p5"
"1",94,0.3,0.3,0,1000,0.05,1,81.1608961303462,10.8961303462322,4.17515274949083,2.03665987780041,1.22199592668024
"2",94,0.3,0.3,0,1000,0.05,2,81.1608961303462,10.8961303462322,4.17515274949083,2.03665987780041,1.22199592668024
"3",94,0.3,0.3,0,1000,0.05,3,33.9103869653768,19.1446028513238,18.0244399185336,17.1079429735234,11.4052953156823
