"","nvar","r","d","het","iter","alpha","strategy","p1","p2","p3","p4","p5"
"1",4,0.4,0.1,0,1000,0.05,1,43.6440677966102,17.7966101694915,13.5593220338983,10.1694915254237,14.8305084745763
"2",4,0.4,0.1,0,1000,0.05,2,43.6440677966102,17.7966101694915,13.5593220338983,10.1694915254237,14.8305084745763
"3",4,0.4,0.1,0,1000,0.05,3,30.9322033898305,21.1864406779661,14.8305084745763,13.5593220338983,19.4915254237288
