"","nvar","r","d","het","iter","alpha","strategy","p1","p2","p3","p4","p5"
"1",14,0.6,0.1,0,1000,0.05,1,34.1772151898734,27.5949367088608,14.6835443037975,13.4177215189873,10.126582278481
"2",14,0.6,0.1,0,1000,0.05,2,34.1772151898734,27.5949367088608,14.6835443037975,13.4177215189873,10.126582278481
"3",14,0.6,0.1,0,1000,0.05,3,17.7215189873418,20.5063291139241,21.0126582278481,19.493670886076,21.2658227848101
