"","nvar","r","d","het","iter","alpha","strategy","p1","p2","p3","p4","p5"
"1",44,0.4,0.3,0,1000,0.05,1,70.4954954954955,13.0630630630631,7.0945945945946,5.06756756756757,3.6036036036036
"2",44,0.4,0.3,0,1000,0.05,2,70.4954954954955,13.0630630630631,7.0945945945946,5.06756756756757,3.6036036036036
"3",44,0.4,0.3,0,1000,0.05,3,32.6576576576577,18.6936936936937,17.0045045045045,16.4414414414414,14.8648648648649
