"","nvar","r","d","het","iter","alpha","strategy","p1","p2","p3","p4","p5"
"1",26,0.7,0.3,0,1000,0.05,1,62.6628075253256,14.1823444283647,9.26193921852388,6.36758321273517,6.36758321273517
"2",26,0.7,0.3,0,1000,0.05,2,62.6628075253256,14.1823444283647,9.26193921852388,6.36758321273517,6.36758321273517
"3",26,0.7,0.3,0,1000,0.05,3,29.6671490593343,15.1953690303907,17.5108538350217,16.931982633864,20.1157742402315
