"","nvar","r","d","het","iter","alpha","strategy","p1","p2","p3","p4","p5"
"1",142,0.7,0.2,0,1000,0.05,1,58.1005586592179,18.0167597765363,11.1731843575419,6.98324022346369,5.72625698324022
"2",142,0.7,0.2,0,1000,0.05,2,58.1005586592179,18.0167597765363,11.1731843575419,6.98324022346369,5.72625698324022
"3",142,0.7,0.2,0,1000,0.05,3,17.4581005586592,17.3184357541899,21.7877094972067,18.1564245810056,25.2793296089385
