"","nvar","r","d","het","iter","alpha","strategy","p1","p2","p3","p4","p5"
"1",168,0.3,0.1,0,1000,0.05,1,68.7122736418511,18.3098591549296,8.5513078470825,2.91750503018109,1.50905432595573
"2",168,0.3,0.1,0,1000,0.05,2,68.7122736418511,18.3098591549296,8.5513078470825,2.91750503018109,1.50905432595573
"3",168,0.3,0.1,0,1000,0.05,3,18.6116700201207,20.1207243460765,20.0201207243461,19.7183098591549,21.5291750503018
