"","nvar","r","d","het","iter","alpha","strategy","p1","p2","p3","p4","p5"
"1",152,0.4,0.2,0,1000,0.05,1,72.8952772073922,13.8603696098563,8.2135523613963,3.38809034907598,1.54004106776181
"2",152,0.4,0.2,0,1000,0.05,2,72.8952772073922,13.8603696098563,8.2135523613963,3.38809034907598,1.54004106776181
"3",152,0.4,0.2,0,1000,0.05,3,22.8952772073922,19.5071868583162,16.9404517453799,18.788501026694,21.8685831622177
