"","nvar","r","d","het","iter","alpha","strategy","p1","p2","p3","p4","p5"
"1",74,0.4,0.1,0,1000,0.05,1,49.5348837209302,22.5581395348837,14.1860465116279,7.55813953488372,6.16279069767442
"2",74,0.4,0.1,0,1000,0.05,2,49.5348837209302,22.5581395348837,14.1860465116279,7.55813953488372,6.16279069767442
"3",74,0.4,0.1,0,1000,0.05,3,16.1627906976744,18.7209302325581,20.3488372093023,22.6744186046512,22.093023255814
