"","nvar","r","d","het","iter","alpha","strategy","p1","p2","p3","p4","p5"
"1",114,0.4,0.2,0,1000,0.05,1,68.9005235602094,14.6596858638743,8.58638743455497,5.6544502617801,2.09424083769634
"2",114,0.4,0.2,0,1000,0.05,2,68.9005235602094,14.6596858638743,8.58638743455497,5.6544502617801,2.09424083769634
"3",114,0.4,0.2,0,1000,0.05,3,23.0366492146597,18.3246073298429,20.2094240837696,18.6387434554974,19.7905759162304
