"","nvar","r","d","het","iter","alpha","strategy","p1","p2","p3","p4","p5"
"1",136,0.4,0.3,0,1000,0.05,1,80.5300713557594,10.2956167176351,4.38328236493374,2.44648318042813,1.93679918450561
"2",136,0.4,0.3,0,1000,0.05,2,80.5300713557594,10.2956167176351,4.38328236493374,2.44648318042813,1.93679918450561
"3",136,0.4,0.3,0,1000,0.05,3,30.4791029561672,18.144750254842,17.4311926605505,16.8195718654434,16.9215086646279
