"","nvar","r","d","het","iter","alpha","strategy","p1","p2","p3","p4","p5"
"1",42,0.4,0.3,0,1000,0.05,1,71.0312862108922,14.0208574739282,6.25724217844728,5.09849362688297,3.12862108922364
"2",42,0.4,0.3,0,1000,0.05,2,71.0312862108922,14.0208574739282,6.25724217844728,5.09849362688297,3.12862108922364
"3",42,0.4,0.3,0,1000,0.05,3,32.0973348783314,20.5098493626883,14.6002317497103,16.2224797219003,16.4542294322132
