"","nvar","r","d","het","iter","alpha","strategy","p1","p2","p3","p4","p5"
"1",24,0.3,0.2,0,1000,0.05,1,57.8811369509044,17.7002583979328,11.6279069767442,6.71834625322997,6.07235142118863
"2",24,0.3,0.2,0,1000,0.05,2,57.8811369509044,17.7002583979328,11.6279069767442,6.71834625322997,6.07235142118863
"3",24,0.3,0.2,0,1000,0.05,3,31.266149870801,21.8346253229974,15.7622739018088,13.1782945736434,17.9586563307494
