"","nvar","r","d","het","iter","alpha","strategy","p1","p2","p3","p4","p5"
"1",32,0,0.3,0,1000,0.05,1,82.5734549138805,9.32117527862209,4.05268490374873,1.92502532928065,1.21580547112462
"2",32,0,0.3,0,1000,0.05,2,82.5734549138805,9.32117527862209,4.05268490374873,1.92502532928065,1.21580547112462
"3",32,0,0.3,0,1000,0.05,3,42.2492401215805,18.9463019250253,14.387031408308,12.6646403242148,11.6514690982776
