"","nvar","r","d","het","iter","alpha","strategy","p1","p2","p3","p4","p5"
"1",124,0.6,0.2,0,1000,0.05,1,62.7427184466019,12.8640776699029,12.9854368932039,6.55339805825243,4.85436893203883
"2",124,0.6,0.2,0,1000,0.05,2,62.7427184466019,12.8640776699029,12.9854368932039,6.55339805825243,4.85436893203883
"3",124,0.6,0.2,0,1000,0.05,3,19.6601941747573,18.4466019417476,20.995145631068,19.1747572815534,21.7233009708738
