"","nvar","r","d","het","iter","alpha","strategy","p1","p2","p3","p4","p5"
"1",10,0.5,0.3,0,1000,0.05,1,61.8320610687023,12.3664122137405,11.1450381679389,7.17557251908397,6.7175572519084
"2",10,0.5,0.3,0,1000,0.05,2,61.8320610687023,12.3664122137405,11.1450381679389,7.17557251908397,6.7175572519084
"3",10,0.5,0.3,0,1000,0.05,3,38.6259541984733,15.2671755725191,16.9465648854962,12.6717557251908,16.3358778625954
