"","nvar","r","d","het","iter","alpha","strategy","p1","p2","p3","p4","p5"
"1",166,0.8,0.1,0,1000,0.05,1,42.8857715430862,19.6392785571142,15.6312625250501,11.0220440881764,10.8216432865731
"2",166,0.8,0.1,0,1000,0.05,2,42.8857715430862,19.6392785571142,15.6312625250501,11.0220440881764,10.8216432865731
"3",166,0.8,0.1,0,1000,0.05,3,9.4188376753507,15.0300601202405,23.0460921843687,21.2424849699399,31.2625250501002
