"","nvar","r","d","het","iter","alpha","strategy","p1","p2","p3","p4","p5"
"1",166,0.5,0.3,0,1000,0.05,1,74.4769874476987,10.4602510460251,7.94979079497908,3.45188284518828,2.51046025104602
"2",166,0.5,0.3,0,1000,0.05,2,74.4769874476987,10.4602510460251,7.94979079497908,3.45188284518828,2.51046025104602
"3",166,0.5,0.3,0,1000,0.05,3,27.1966527196653,18.6192468619247,18.2008368200837,16.7364016736402,18.9330543933054
