"","nvar","r","d","het","iter","alpha","strategy","p1","p2","p3","p4","p5"
"1",94,0.1,0.3,0,1000,0.05,1,93.0930930930931,5.1051051051051,0.800800800800801,0.3003003003003,0.3003003003003
"2",94,0.1,0.3,0,1000,0.05,2,93.0930930930931,5.1051051051051,0.800800800800801,0.3003003003003,0.3003003003003
"3",94,0.1,0.3,0,1000,0.05,3,39.4394394394394,18.9189189189189,15.8158158158158,13.6136136136136,12.2122122122122
