"","nvar","r","d","het","iter","alpha","strategy","p1","p2","p3","p4","p5"
"1",92,0.8,0.1,0,1000,0.05,1,43.4090909090909,24.3181818181818,13.1818181818182,10.9090909090909,8.18181818181818
"2",92,0.8,0.1,0,1000,0.05,2,43.4090909090909,24.3181818181818,13.1818181818182,10.9090909090909,8.18181818181818
"3",92,0.8,0.1,0,1000,0.05,3,10.6818181818182,15,17.0454545454545,25.6818181818182,31.5909090909091
