"","nvar","r","d","het","iter","alpha","strategy","p1","p2","p3","p4","p5"
"1",60,0.7,0.3,0,1000,0.05,1,67.8272980501393,13.7883008356546,7.10306406685237,6.12813370473538,3.76044568245125
"2",60,0.7,0.3,0,1000,0.05,2,67.8272980501393,13.7883008356546,7.10306406685237,6.12813370473538,3.76044568245125
"3",60,0.7,0.3,0,1000,0.05,3,27.2980501392758,17.8272980501393,16.7130919220056,19.7771587743733,17.966573816156
