"","nvar","r","d","het","iter","alpha","strategy","p1","p2","p3","p4","p5"
"1",192,0.7,0.1,0,1000,0.05,1,46.8217054263566,17.6744186046512,14.5736434108527,12.2480620155039,8.68217054263566
"2",192,0.7,0.1,0,1000,0.05,2,46.8217054263566,17.6744186046512,14.5736434108527,12.2480620155039,8.68217054263566
"3",192,0.7,0.1,0,1000,0.05,3,10.8527131782946,17.0542635658915,20,25.4263565891473,26.6666666666667
