"","nvar","r","d","het","iter","alpha","strategy","p1","p2","p3","p4","p5"
"1",158,0.8,0.2,0,1000,0.05,1,50.6451612903226,16.1290322580645,14.3548387096774,10.9677419354839,7.90322580645161
"2",158,0.8,0.2,0,1000,0.05,2,50.6451612903226,16.1290322580645,14.3548387096774,10.9677419354839,7.90322580645161
"3",158,0.8,0.2,0,1000,0.05,3,16.6129032258065,14.1935483870968,19.3548387096774,21.9354838709677,27.9032258064516
