"","nvar","r","d","het","iter","alpha","strategy","p1","p2","p3","p4","p5"
"1",134,0.2,0.2,0,1000,0.05,1,83.4669338677355,11.0220440881764,3.1062124248497,1.40280561122244,0.801603206412826
"2",134,0.2,0.2,0,1000,0.05,2,83.4669338677355,11.0220440881764,3.1062124248497,1.40280561122244,0.801603206412826
"3",134,0.2,0.2,0,1000,0.05,3,26.7535070140281,21.8436873747495,16.9338677354709,16.6332665330661,17.8356713426854
