"","nvar","r","d","het","iter","alpha","strategy","p1","p2","p3","p4","p5"
"1",84,0.9,0.2,0,1000,0.05,1,45.0704225352113,18.3098591549296,14.0845070422535,12.6760563380282,9.85915492957746
"2",84,0.9,0.2,0,1000,0.05,2,45.0704225352113,18.3098591549296,14.0845070422535,12.6760563380282,9.85915492957746
"3",84,0.9,0.2,0,1000,0.05,3,17.3708920187793,11.0328638497653,16.6666666666667,23.7089201877934,31.2206572769953
