"","nvar","r","d","het","iter","alpha","strategy","p1","p2","p3","p4","p5"
"1",18,0,0.1,0,1000,0.05,1,41.5730337078652,21.6292134831461,17.2752808988764,11.5168539325843,8.00561797752809
"2",18,0,0.1,0,1000,0.05,2,41.5730337078652,21.6292134831461,17.2752808988764,11.5168539325843,8.00561797752809
"3",18,0,0.1,0,1000,0.05,3,26.4044943820225,21.7696629213483,20.9269662921348,16.2921348314607,14.6067415730337
