"","nvar","r","d","het","iter","alpha","strategy","p1","p2","p3","p4","p5"
"1",94,0.1,0.2,0,1000,0.05,1,85.5711422845691,10.3206412825651,2.70541082164329,1.10220440881764,0.30060120240481
"2",94,0.1,0.2,0,1000,0.05,2,85.5711422845691,10.3206412825651,2.70541082164329,1.10220440881764,0.30060120240481
"3",94,0.1,0.2,0,1000,0.05,3,28.5571142284569,20.4408817635271,16.6332665330661,16.9338677354709,17.434869739479
