"","nvar","r","d","het","iter","alpha","strategy","p1","p2","p3","p4","p5"
"1",124,0.6,0.3,0,1000,0.05,1,70.5749718151071,11.8376550169109,9.47012401352875,4.05862457722661,3.38218714768884
"2",124,0.6,0.3,0,1000,0.05,2,70.5749718151071,11.8376550169109,9.47012401352875,4.05862457722661,3.38218714768884
"3",124,0.6,0.3,0,1000,0.05,3,25.8173618940248,17.3618940248027,20.0676437429538,16.2344983089064,20.1803833145434
