"","nvar","r","d","het","iter","alpha","strategy","p1","p2","p3","p4","p5"
"1",166,0.4,0.2,0,1000,0.05,1,73.4358974358974,15.1794871794872,5.64102564102564,4.30769230769231,1.43589743589744
"2",166,0.4,0.2,0,1000,0.05,2,73.4358974358974,15.1794871794872,5.64102564102564,4.30769230769231,1.43589743589744
"3",166,0.4,0.2,0,1000,0.05,3,23.4871794871795,19.5897435897436,18.2564102564103,20,18.6666666666667
