"","nvar","r","d","het","iter","alpha","strategy","p1","p2","p3","p4","p5"
"1",122,0.9,0.1,0,1000,0.05,1,43.0817610062893,19.811320754717,15.4088050314465,11.3207547169811,10.377358490566
"2",122,0.9,0.1,0,1000,0.05,2,43.0817610062893,19.811320754717,15.4088050314465,11.3207547169811,10.377358490566
"3",122,0.9,0.1,0,1000,0.05,3,9.11949685534591,12.5786163522013,18.2389937106918,24.5283018867925,35.5345911949685
