"","nvar","r","d","het","iter","alpha","strategy","p1","p2","p3","p4","p5"
"1",46,0.8,0.2,0,1000,0.05,1,51.2922465208747,17.4950298210736,12.3260437375746,7.55467196819085,11.3320079522863
"2",46,0.8,0.2,0,1000,0.05,2,51.2922465208747,17.4950298210736,12.3260437375746,7.55467196819085,11.3320079522863
"3",46,0.8,0.2,0,1000,0.05,3,17.6938369781312,16.10337972167,19.4831013916501,21.4711729622266,25.2485089463221
