"","nvar","r","d","het","iter","alpha","strategy","p1","p2","p3","p4","p5"
"1",64,0.9,0.2,0,1000,0.05,1,50.8045977011494,14.9425287356322,15.8620689655172,10.1149425287356,8.27586206896552
"2",64,0.9,0.2,0,1000,0.05,2,50.8045977011494,14.9425287356322,15.8620689655172,10.1149425287356,8.27586206896552
"3",64,0.9,0.2,0,1000,0.05,3,20,10.8045977011494,17.0114942528736,25.0574712643678,27.1264367816092
