"","nvar","r","d","het","iter","alpha","strategy","p1","p2","p3","p4","p5"
"1",156,0.5,0.1,0,1000,0.05,1,51.4380530973451,18.4734513274336,14.2699115044248,8.6283185840708,7.19026548672566
"2",156,0.5,0.1,0,1000,0.05,2,51.4380530973451,18.4734513274336,14.2699115044248,8.6283185840708,7.19026548672566
"3",156,0.5,0.1,0,1000,0.05,3,15.4867256637168,16.9247787610619,18.141592920354,22.4557522123894,26.9911504424779
