"","nvar","r","d","het","iter","alpha","strategy","p1","p2","p3","p4","p5"
"1",32,0.5,0.2,0,1000,0.05,1,56.1079545454545,17.4715909090909,11.0795454545455,7.38636363636364,7.95454545454545
"2",32,0.5,0.2,0,1000,0.05,2,56.1079545454545,17.4715909090909,11.0795454545455,7.38636363636364,7.95454545454545
"3",32,0.5,0.2,0,1000,0.05,3,24.2897727272727,19.4602272727273,18.6079545454545,18.1818181818182,19.4602272727273
