"","nvar","r","d","het","iter","alpha","strategy","p1","p2","p3","p4","p5"
"1",96,0.1,0.1,0,1000,0.05,1,72.4448897795591,17.7354709418838,6.312625250501,2.80561122244489,0.701402805611222
"2",96,0.1,0.1,0,1000,0.05,2,72.4448897795591,17.7354709418838,6.312625250501,2.80561122244489,0.701402805611222
"3",96,0.1,0.1,0,1000,0.05,3,24.9498997995992,20.3406813627255,17.935871743487,20.6412825651303,16.1322645290581
