"","nvar","r","d","het","iter","alpha","strategy","p1","p2","p3","p4","p5"
"1",92,0.1,0.1,0,1000,0.05,1,71.9919110212336,18.4024266936299,5.35894843276036,3.33670374115268,0.910010111223458
"2",92,0.1,0.1,0,1000,0.05,2,71.9919110212336,18.4024266936299,5.35894843276036,3.33670374115268,0.910010111223458
"3",92,0.1,0.1,0,1000,0.05,3,21.0313447927199,23.2558139534884,19.4135490394338,17.4924165824065,18.8068756319515
