"","nvar","r","d","het","iter","alpha","strategy","p1","p2","p3","p4","p5"
"1",88,0.4,0.1,0,1000,0.05,1,54.524627720504,17.8694158075601,14.3184421534937,8.01832760595647,5.26918671248568
"2",88,0.4,0.1,0,1000,0.05,2,54.524627720504,17.8694158075601,14.3184421534937,8.01832760595647,5.26918671248568
"3",88,0.4,0.1,0,1000,0.05,3,18.213058419244,18.213058419244,21.5349369988545,21.3058419243986,20.7331042382589
