"","nvar","r","d","het","iter","alpha","strategy","p1","p2","p3","p4","p5"
"1",74,0.1,0.3,0,1000,0.05,1,87.1743486973948,7.31462925851703,2.80561122244489,1.00200400801603,0.200400801603206
"2",74,0.1,0.3,0,1000,0.05,2,87.1743486973948,7.31462925851703,2.80561122244489,1.00200400801603,0.200400801603206
"3",74,0.1,0.3,0,1000,0.05,3,37.7755511022044,19.939879759519,15.7314629258517,14.2284569138277,12.0240480961924
