"","nvar","r","d","het","iter","alpha","strategy","p1","p2","p3","p4","p5"
"1",14,0.3,0.2,0,1000,0.05,1,52.7047913446677,18.3925811437403,12.8284389489954,8.34621329211746,7.72797527047913
"2",14,0.3,0.2,0,1000,0.05,2,52.7047913446677,18.3925811437403,12.8284389489954,8.34621329211746,7.72797527047913
"3",14,0.3,0.2,0,1000,0.05,3,31.3755795981453,19.4744976816074,17.1561051004637,14.3740340030912,17.6197836166924
