"","nvar","r","d","het","iter","alpha","strategy","p1","p2","p3","p4","p5"
"1",120,0.3,0.1,0,1000,0.05,1,62.3336745138178,19.2425793244626,10.0307062436029,6.14124872057318,2.2517911975435
"2",120,0.3,0.1,0,1000,0.05,2,62.3336745138178,19.2425793244626,10.0307062436029,6.14124872057318,2.2517911975435
"3",120,0.3,0.1,0,1000,0.05,3,19.6519959058342,20.4708290685773,18.1166837256909,20.5731832139202,21.1873080859775
