"","nvar","r","d","het","iter","alpha","strategy","p1","p2","p3","p4","p5"
"1",198,0.6,0.1,0,1000,0.05,1,49.3811881188119,18.4405940594059,13.3663366336634,11.7574257425743,7.05445544554455
"2",198,0.6,0.1,0,1000,0.05,2,49.3811881188119,18.4405940594059,13.3663366336634,11.7574257425743,7.05445544554455
"3",198,0.6,0.1,0,1000,0.05,3,11.509900990099,17.3267326732673,18.8118811881188,26.3613861386139,25.990099009901
