"","nvar","r","d","het","iter","alpha","strategy","p1","p2","p3","p4","p5"
"1",134,0.5,0.1,0,1000,0.05,1,53.8372093023256,17.3255813953488,12.4418604651163,9.88372093023256,6.51162790697674
"2",134,0.5,0.1,0,1000,0.05,2,53.8372093023256,17.3255813953488,12.4418604651163,9.88372093023256,6.51162790697674
"3",134,0.5,0.1,0,1000,0.05,3,16.3953488372093,18.7209302325581,20,21.2790697674419,23.6046511627907
