"","nvar","r","d","het","iter","alpha","strategy","p1","p2","p3","p4","p5"
"1",64,0.2,0.2,0,1000,0.05,1,73.160621761658,12.5388601036269,7.04663212435233,3.93782383419689,3.21243523316062
"2",64,0.2,0.2,0,1000,0.05,2,73.160621761658,12.5388601036269,7.04663212435233,3.93782383419689,3.21243523316062
"3",64,0.2,0.2,0,1000,0.05,3,29.0155440414508,18.5492227979275,17.720207253886,17.0984455958549,17.6165803108808
