"","nvar","r","d","het","iter","alpha","strategy","p1","p2","p3","p4","p5"
"1",156,0.5,0.3,0,1000,0.05,1,73.2142857142857,11.9747899159664,6.09243697478992,4.72689075630252,3.2563025210084
"2",156,0.5,0.3,0,1000,0.05,2,73.2142857142857,11.9747899159664,6.09243697478992,4.72689075630252,3.2563025210084
"3",156,0.5,0.3,0,1000,0.05,3,29.0966386554622,16.4915966386555,16.3865546218487,18.172268907563,19.7478991596639
