"","nvar","r","d","het","iter","alpha","strategy","p1","p2","p3","p4","p5"
"1",56,0.9,0.1,0,1000,0.05,1,35.632183908046,18.7739463601533,18.7739463601533,15.7088122605364,11.1111111111111
"2",56,0.9,0.1,0,1000,0.05,2,35.632183908046,18.7739463601533,18.7739463601533,15.7088122605364,11.1111111111111
"3",56,0.9,0.1,0,1000,0.05,3,13.7931034482759,13.7931034482759,14.176245210728,24.904214559387,33.3333333333333
