"","nvar","r","d","het","iter","alpha","strategy","p1","p2","p3","p4","p5"
"1",36,0.6,0.2,0,1000,0.05,1,53.3112582781457,16.3907284768212,11.7549668874172,7.94701986754967,10.5960264900662
"2",36,0.6,0.2,0,1000,0.05,2,53.3112582781457,16.3907284768212,11.7549668874172,7.94701986754967,10.5960264900662
"3",36,0.6,0.2,0,1000,0.05,3,21.523178807947,17.3841059602649,18.7086092715232,18.7086092715232,23.6754966887417
