"","nvar","r","d","het","iter","alpha","strategy","p1","p2","p3","p4","p5"
"1",96,0.4,0.1,0,1000,0.05,1,54.4247787610619,20.353982300885,13.4955752212389,7.30088495575221,4.42477876106195
"2",96,0.4,0.1,0,1000,0.05,2,54.4247787610619,20.353982300885,13.4955752212389,7.30088495575221,4.42477876106195
"3",96,0.4,0.1,0,1000,0.05,3,17.2566371681416,17.8097345132743,21.6814159292035,22.0132743362832,21.2389380530973
