"","nvar","r","d","het","iter","alpha","strategy","p1","p2","p3","p4","p5"
"1",58,0.2,0.3,0,1000,0.05,1,82.2335025380711,8.02030456852792,4.77157360406091,2.63959390862944,1.31979695431472
"2",58,0.2,0.3,0,1000,0.05,2,82.2335025380711,8.02030456852792,4.77157360406091,2.63959390862944,1.31979695431472
"3",58,0.2,0.3,0,1000,0.05,3,35.7360406091371,18.6802030456853,16.3451776649746,14.2131979695431,14.8223350253807
