"","nvar","r","d","het","iter","alpha","strategy","p1","p2","p3","p4","p5"
"1",102,0.8,0.2,0,1000,0.05,1,52.9090909090909,18.7272727272727,11.2727272727273,9.27272727272727,7.81818181818182
"2",102,0.8,0.2,0,1000,0.05,2,52.9090909090909,18.7272727272727,11.2727272727273,9.27272727272727,7.81818181818182
"3",102,0.8,0.2,0,1000,0.05,3,14.9090909090909,14.9090909090909,20,21.8181818181818,28.3636363636364
