"","nvar","r","d","het","iter","alpha","strategy","p1","p2","p3","p4","p5"
"1",100,0.9,0.2,0,1000,0.05,1,50.7936507936508,16.7800453514739,10.2040816326531,12.0181405895692,9.75056689342404
"2",100,0.9,0.2,0,1000,0.05,2,50.7936507936508,16.7800453514739,10.2040816326531,12.0181405895692,9.75056689342404
"3",100,0.9,0.2,0,1000,0.05,3,21.5419501133787,12.4716553287982,14.7392290249433,19.9546485260771,31.2925170068027
