"","nvar","r","d","het","iter","alpha","strategy","p1","p2","p3","p4","p5"
"1",64,0.7,0.2,0,1000,0.05,1,56.9354838709677,15.3225806451613,11.4516129032258,8.70967741935484,7.58064516129032
"2",64,0.7,0.2,0,1000,0.05,2,56.9354838709677,15.3225806451613,11.4516129032258,8.70967741935484,7.58064516129032
"3",64,0.7,0.2,0,1000,0.05,3,21.4516129032258,18.2258064516129,17.741935483871,20.1612903225806,22.4193548387097
