"","nvar","r","d","het","iter","alpha","strategy","p1","p2","p3","p4","p5"
"1",140,0.5,0.2,0,1000,0.05,1,65.8036677454153,15.5339805825243,7.44336569579288,7.11974110032362,3.99137001078749
"2",140,0.5,0.2,0,1000,0.05,2,65.8036677454153,15.5339805825243,7.44336569579288,7.11974110032362,3.99137001078749
"3",140,0.5,0.2,0,1000,0.05,3,22.7615965480043,17.3678532901834,18.6623516720604,20.4962243797195,20.7119741100324
