"","nvar","r","d","het","iter","alpha","strategy","p1","p2","p3","p4","p5"
"1",90,0.5,0.3,0,1000,0.05,1,70.2524698133919,13.172338090011,6.69593852908891,5.15916575192097,4.06147091108672
"2",90,0.5,0.3,0,1000,0.05,2,70.2524698133919,13.172338090011,6.69593852908891,5.15916575192097,4.06147091108672
"3",90,0.5,0.3,0,1000,0.05,3,28.3205268935236,19.2096597145993,17.1240395170143,17.7826564215148,17.1240395170143
