"","nvar","r","d","het","iter","alpha","strategy","p1","p2","p3","p4","p5"
"1",58,0.3,0.2,0,1000,0.05,1,64.1569459172853,17.0731707317073,8.58960763520679,6.3626723223754,3.71155885471898
"2",58,0.3,0.2,0,1000,0.05,2,64.1569459172853,17.0731707317073,8.58960763520679,6.3626723223754,3.71155885471898
"3",58,0.3,0.2,0,1000,0.05,3,26.2990455991516,20.5726405090138,17.4973488865323,18.7698833510074,16.8610816542948
