"","nvar","r","d","het","iter","alpha","strategy","p1","p2","p3","p4","p5"
"1",22,0,0.3,0,1000,0.05,1,76.2396694214876,12.396694214876,5.99173553719008,3.40909090909091,1.5495867768595
"2",22,0,0.3,0,1000,0.05,2,76.2396694214876,12.396694214876,5.99173553719008,3.40909090909091,1.5495867768595
"3",22,0,0.3,0,1000,0.05,3,38.5330578512397,17.4586776859504,17.4586776859504,14.5661157024793,11.6735537190083
