"","nvar","r","d","het","iter","alpha","strategy","p1","p2","p3","p4","p5"
"1",118,0.9,0.1,0,1000,0.05,1,36.9281045751634,22.5490196078431,17.9738562091503,11.437908496732,11.1111111111111
"2",118,0.9,0.1,0,1000,0.05,2,36.9281045751634,22.5490196078431,17.9738562091503,11.437908496732,11.1111111111111
"3",118,0.9,0.1,0,1000,0.05,3,8.82352941176471,8.16993464052288,20.9150326797386,28.4313725490196,33.6601307189542
