"","nvar","r","d","het","iter","alpha","strategy","p1","p2","p3","p4","p5"
"1",4,0.7,0.3,0,1000,0.05,1,54.0415704387991,15.473441108545,12.0092378752887,10.3926096997691,6.46651270207852
"2",4,0.7,0.3,0,1000,0.05,2,54.0415704387991,15.473441108545,12.0092378752887,10.3926096997691,6.46651270207852
"3",4,0.7,0.3,0,1000,0.05,3,42.2632794457275,15.7043879907621,14.3187066974596,14.0877598152425,12.70207852194
