"","nvar","r","d","het","iter","alpha","strategy","p1","p2","p3","p4","p5"
"1",72,0.4,0.1,0,1000,0.05,1,48.6325802615933,21.640903686088,12.6040428061831,10.2259215219976,6.89655172413793
"2",72,0.4,0.1,0,1000,0.05,2,48.6325802615933,21.640903686088,12.6040428061831,10.2259215219976,6.89655172413793
"3",72,0.4,0.1,0,1000,0.05,3,18.3115338882283,19.7384066587396,18.3115338882283,20.4518430439952,23.1866825208086
