"","nvar","r","d","het","iter","alpha","strategy","p1","p2","p3","p4","p5"
"1",172,0.2,0.1,0,1000,0.05,1,80.6806806806807,12.8128128128128,5.005005005005,1.5015015015015,0
"2",172,0.2,0.1,0,1000,0.05,2,80.6806806806807,12.8128128128128,5.005005005005,1.5015015015015,0
"3",172,0.2,0.1,0,1000,0.05,3,23.3233233233233,19.9199199199199,16.6166166166166,20.3203203203203,19.8198198198198
