"","nvar","r","d","het","iter","alpha","strategy","p1","p2","p3","p4","p5"
"1",56,0.9,0.2,0,1000,0.05,1,49.8687664041995,16.010498687664,16.2729658792651,9.18635170603675,8.66141732283465
"2",56,0.9,0.2,0,1000,0.05,2,49.8687664041995,16.010498687664,16.2729658792651,9.18635170603675,8.66141732283465
"3",56,0.9,0.2,0,1000,0.05,3,19.9475065616798,10.761154855643,16.010498687664,24.1469816272966,29.1338582677165
