"","nvar","r","d","het","iter","alpha","strategy","p1","p2","p3","p4","p5"
"1",40,0.3,0.3,0,1000,0.05,1,77.5862068965517,10.5603448275862,5.2801724137931,3.77155172413793,2.1551724137931
"2",40,0.3,0.3,0,1000,0.05,2,77.5862068965517,10.5603448275862,5.2801724137931,3.77155172413793,2.1551724137931
"3",40,0.3,0.3,0,1000,0.05,3,34.5905172413793,18.6422413793103,17.1336206896552,14.9784482758621,14.3318965517241
