"","nvar","r","d","het","iter","alpha","strategy","p1","p2","p3","p4","p5"
"1",186,0.9,0.1,0,1000,0.05,1,40.7975460122699,22.3926380368098,14.4171779141104,12.5766871165644,9.8159509202454
"2",186,0.9,0.1,0,1000,0.05,2,40.7975460122699,22.3926380368098,14.4171779141104,12.5766871165644,9.8159509202454
"3",186,0.9,0.1,0,1000,0.05,3,10.7361963190184,12.8834355828221,17.7914110429448,23.6196319018405,34.9693251533742
