"","nvar","r","d","het","iter","alpha","strategy","p1","p2","p3","p4","p5"
"1",12,0.1,0.3,0,1000,0.05,1,65.3937947494033,15.1551312649165,8.83054892601432,5.72792362768496,4.05727923627685
"2",12,0.1,0.3,0,1000,0.05,2,65.3937947494033,15.1551312649165,8.83054892601432,5.72792362768496,4.05727923627685
"3",12,0.1,0.3,0,1000,0.05,3,40.4534606205251,19.3317422434368,16.5871121718377,13.126491646778,10.2625298329356
