"","nvar","r","d","het","iter","alpha","strategy","p1","p2","p3","p4","p5"
"1",166,0.3,0.1,0,1000,0.05,1,70.1010101010101,17.4747474747475,7.37373737373737,3.33333333333333,1.71717171717172
"2",166,0.3,0.1,0,1000,0.05,2,70.1010101010101,17.4747474747475,7.37373737373737,3.33333333333333,1.71717171717172
"3",166,0.3,0.1,0,1000,0.05,3,19.3939393939394,17.5757575757576,20.7070707070707,20,22.3232323232323
