"","nvar","r","d","het","iter","alpha","strategy","p1","p2","p3","p4","p5"
"1",30,0,0.3,0,1000,0.05,1,80.1411290322581,11.2903225806452,4.53629032258065,2.31854838709677,0.604838709677419
"2",30,0,0.3,0,1000,0.05,2,80.1411290322581,11.2903225806452,4.53629032258065,2.31854838709677,0.604838709677419
"3",30,0,0.3,0,1000,0.05,3,38.6088709677419,20.6653225806452,16.9354838709677,11.5927419354839,11.6935483870968
