"","nvar","r","d","het","iter","alpha","strategy","p1","p2","p3","p4","p5"
"1",34,0.4,0.1,0,1000,0.05,1,43.0362116991643,19.6378830083565,13.2311977715877,13.9275766016713,10.1671309192201
"2",34,0.4,0.1,0,1000,0.05,2,43.0362116991643,19.6378830083565,13.2311977715877,13.9275766016713,10.1671309192201
"3",34,0.4,0.1,0,1000,0.05,3,20.1949860724234,18.1058495821727,20.3342618384401,21.5877437325905,19.7771587743733
