"","nvar","r","d","het","iter","alpha","strategy","p1","p2","p3","p4","p5"
"1",92,0.4,0.2,0,1000,0.05,1,65.948275862069,15.5172413793103,9.375,5.81896551724138,3.23275862068966
"2",92,0.4,0.2,0,1000,0.05,2,65.948275862069,15.5172413793103,9.375,5.81896551724138,3.23275862068966
"3",92,0.4,0.2,0,1000,0.05,3,24.0301724137931,18.75,18.3189655172414,18.8577586206897,20.0431034482759
