"","nvar","r","d","het","iter","alpha","strategy","p1","p2","p3","p4","p5"
"1",178,0.5,0.3,0,1000,0.05,1,77.4560496380558,11.0651499482937,5.48086866597725,3.51602895553257,1.96483971044467
"2",178,0.5,0.3,0,1000,0.05,2,77.4560496380558,11.0651499482937,5.48086866597725,3.51602895553257,1.96483971044467
"3",178,0.5,0.3,0,1000,0.05,3,26.8872802481903,19.1313340227508,17.6835573940021,17.7869700103413,18.5108583247156
