"","nvar","r","d","het","iter","alpha","strategy","p1","p2","p3","p4","p5"
"1",68,0.7,0.2,0,1000,0.05,1,55.7077625570776,17.0471841704718,11.7199391171994,8.82800608828006,6.69710806697108
"2",68,0.7,0.2,0,1000,0.05,2,55.7077625570776,17.0471841704718,11.7199391171994,8.82800608828006,6.69710806697108
"3",68,0.7,0.2,0,1000,0.05,3,19.634703196347,14.6118721461187,19.3302891933029,21.9178082191781,24.5053272450533
