"","nvar","r","d","het","iter","alpha","strategy","p1","p2","p3","p4","p5"
"1",60,0.2,0.3,0,1000,0.05,1,80.0204918032787,10.2459016393443,5.22540983606557,2.1516393442623,1.74180327868852
"2",60,0.2,0.3,0,1000,0.05,2,80.0204918032787,10.2459016393443,5.22540983606557,2.1516393442623,1.74180327868852
"3",60,0.2,0.3,0,1000,0.05,3,35.0409836065574,18.0327868852459,16.5983606557377,16.7008196721311,13.422131147541
