"","nvar","r","d","het","iter","alpha","strategy","p1","p2","p3","p4","p5"
"1",132,0.1,0.1,0,1000,0.05,1,79.9599198396794,14.1282565130261,4.30861723446894,1.40280561122244,0.200400801603206
"2",132,0.1,0.1,0,1000,0.05,2,79.9599198396794,14.1282565130261,4.30861723446894,1.40280561122244,0.200400801603206
"3",132,0.1,0.1,0,1000,0.05,3,21.9438877755511,21.3426853707415,20.5410821643287,16.5330661322645,19.6392785571142
