"","nvar","r","d","het","iter","alpha","strategy","p1","p2","p3","p4","p5"
"1",102,0.8,0.1,0,1000,0.05,1,41.3223140495868,19.0082644628099,16.3223140495868,14.0495867768595,9.29752066115702
"2",102,0.8,0.1,0,1000,0.05,2,41.3223140495868,19.0082644628099,16.3223140495868,14.0495867768595,9.29752066115702
"3",102,0.8,0.1,0,1000,0.05,3,8.05785123966942,14.2561983471074,19.6280991735537,29.5454545454545,28.5123966942149
