"","nvar","r","d","het","iter","alpha","strategy","p1","p2","p3","p4","p5"
"1",86,0.9,0.2,0,1000,0.05,1,50.126582278481,16.9620253164557,13.1645569620253,9.36708860759494,10.379746835443
"2",86,0.9,0.2,0,1000,0.05,2,50.126582278481,16.9620253164557,13.1645569620253,9.36708860759494,10.379746835443
"3",86,0.9,0.2,0,1000,0.05,3,21.7721518987342,9.87341772151899,16.4556962025316,22.7848101265823,29.1139240506329
