"","nvar","r","d","het","iter","alpha","strategy","p1","p2","p3","p4","p5"
"1",62,0.1,0.3,0,1000,0.05,1,87.2210953346856,8.11359026369168,2.94117647058824,1.01419878296146,0.202839756592292
"2",62,0.1,0.3,0,1000,0.05,2,87.2210953346856,8.11359026369168,2.94117647058824,1.01419878296146,0.202839756592292
"3",62,0.1,0.3,0,1000,0.05,3,36.105476673428,21.2981744421907,15.9229208924949,14.604462474645,11.9675456389452
