"","nvar","r","d","het","iter","alpha","strategy","p1","p2","p3","p4","p5"
"1",72,0,0.1,0,1000,0.05,1,70.7955689828802,17.8247734138973,7.95568982880161,2.41691842900302,1.00704934541793
"2",72,0,0.1,0,1000,0.05,2,70.7955689828802,17.8247734138973,7.95568982880161,2.41691842900302,1.00704934541793
"3",72,0,0.1,0,1000,0.05,3,24.9748237663646,21.6515609264854,18.932527693857,17.0191339375629,17.4219536757301
