"","nvar","r","d","het","iter","alpha","strategy","p1","p2","p3","p4","p5"
"1",168,0.8,0.1,0,1000,0.05,1,41.5094339622642,21.3836477987421,14.8846960167715,11.5303983228512,10.6918238993711
"2",168,0.8,0.1,0,1000,0.05,2,41.5094339622642,21.3836477987421,14.8846960167715,11.5303983228512,10.6918238993711
"3",168,0.8,0.1,0,1000,0.05,3,9.0146750524109,14.4654088050314,22.4318658280922,22.6415094339623,31.4465408805031
