"","nvar","r","d","het","iter","alpha","strategy","p1","p2","p3","p4","p5"
"1",128,0.8,0.2,0,1000,0.05,1,56.3258232235702,15.7712305025997,10.2253032928943,9.8786828422877,7.79896013864818
"2",128,0.8,0.2,0,1000,0.05,2,56.3258232235702,15.7712305025997,10.2253032928943,9.8786828422877,7.79896013864818
"3",128,0.8,0.2,0,1000,0.05,3,17.3310225303293,15.7712305025997,16.4644714038128,24.4367417677643,25.9965337954939
