"","nvar","r","d","het","iter","alpha","strategy","p1","p2","p3","p4","p5"
"1",142,0.5,0.1,0,1000,0.05,1,48.9241223103058,23.1030577576444,15.0622876557191,8.49377123442809,4.4167610419026
"2",142,0.5,0.1,0,1000,0.05,2,48.9241223103058,23.1030577576444,15.0622876557191,8.49377123442809,4.4167610419026
"3",142,0.5,0.1,0,1000,0.05,3,13.9297848244621,18.3465458663647,21.9705549263873,21.7440543601359,24.0090600226501
