"","nvar","r","d","het","iter","alpha","strategy","p1","p2","p3","p4","p5"
"1",44,0.8,0.1,0,1000,0.05,1,42.0612813370474,22.2841225626741,12.2562674094708,15.041782729805,8.35654596100279
"2",44,0.8,0.1,0,1000,0.05,2,42.0612813370474,22.2841225626741,12.2562674094708,15.041782729805,8.35654596100279
"3",44,0.8,0.1,0,1000,0.05,3,13.6490250696379,15.5988857938719,21.4484679665738,24.2339832869081,25.0696378830084
