"","nvar","r","d","het","iter","alpha","strategy","p1","p2","p3","p4","p5"
"1",82,0.2,0.2,0,1000,0.05,1,76.3265306122449,13.8775510204082,5.81632653061224,2.55102040816327,1.3265306122449
"2",82,0.2,0.2,0,1000,0.05,2,76.3265306122449,13.8775510204082,5.81632653061224,2.55102040816327,1.3265306122449
"3",82,0.2,0.2,0,1000,0.05,3,31.4285714285714,20.6122448979592,15.8163265306122,16.4285714285714,15.7142857142857
