"","nvar","r","d","het","iter","alpha","strategy","p1","p2","p3","p4","p5"
"1",178,0.4,0.3,0,1000,0.05,1,82.8282828282828,8.98989898989899,4.74747474747475,1.11111111111111,1.31313131313131
"2",178,0.4,0.3,0,1000,0.05,2,82.8282828282828,8.98989898989899,4.74747474747475,1.11111111111111,1.31313131313131
"3",178,0.4,0.3,0,1000,0.05,3,31.3131313131313,19.5959595959596,17.6767676767677,15.1515151515152,16.1616161616162
