"","nvar","r","d","het","iter","alpha","strategy","p1","p2","p3","p4","p5"
"1",54,0.6,0.1,0,1000,0.05,1,47.6351351351351,19.4256756756757,13.3445945945946,9.12162162162162,10.472972972973
"2",54,0.6,0.1,0,1000,0.05,2,47.6351351351351,19.4256756756757,13.3445945945946,9.12162162162162,10.472972972973
"3",54,0.6,0.1,0,1000,0.05,3,17.0608108108108,18.4121621621622,18.75,19.7635135135135,26.0135135135135
