"","nvar","r","d","het","iter","alpha","strategy","p1","p2","p3","p4","p5"
"1",140,0.3,0.3,0,1000,0.05,1,86.2449799196787,8.33333333333333,2.51004016064257,1.60642570281124,0.401606425702811
"2",140,0.3,0.3,0,1000,0.05,2,86.2449799196787,8.33333333333333,2.51004016064257,1.60642570281124,0.401606425702811
"3",140,0.3,0.3,0,1000,0.05,3,31.8273092369478,16.8674698795181,17.8714859437751,17.9718875502008,15.2610441767068
