"","nvar","r","d","het","iter","alpha","strategy","p1","p2","p3","p4","p5"
"1",162,0.6,0.2,0,1000,0.05,1,61.0843373493976,16.6265060240964,11.0843373493976,6.74698795180723,4.4578313253012
"2",162,0.6,0.2,0,1000,0.05,2,61.0843373493976,16.6265060240964,11.0843373493976,6.74698795180723,4.4578313253012
"3",162,0.6,0.2,0,1000,0.05,3,19.2771084337349,17.710843373494,20.3614457831325,20.2409638554217,22.4096385542169
