"","nvar","r","d","het","iter","alpha","strategy","p1","p2","p3","p4","p5"
"1",36,0.9,0.1,0,1000,0.05,1,38.0952380952381,18.6147186147186,16.4502164502165,16.017316017316,10.8225108225108
"2",36,0.9,0.1,0,1000,0.05,2,38.0952380952381,18.6147186147186,16.4502164502165,16.017316017316,10.8225108225108
"3",36,0.9,0.1,0,1000,0.05,3,10.3896103896104,14.2857142857143,22.9437229437229,22.0779220779221,30.3030303030303
