"","nvar","r","d","het","iter","alpha","strategy","p1","p2","p3","p4","p5"
"1",76,0.2,0.2,0,1000,0.05,1,74.2362525458248,13.7474541751527,6.5173116089613,3.56415478615071,1.73116089613035
"2",76,0.2,0.2,0,1000,0.05,2,74.2362525458248,13.7474541751527,6.5173116089613,3.56415478615071,1.73116089613035
"3",76,0.2,0.2,0,1000,0.05,3,27.4949083503055,19.959266802444,17.5152749490835,18.5336048879837,16.4969450101833
