"","nvar","r","d","het","iter","alpha","strategy","p1","p2","p3","p4","p5"
"1",156,0.3,0.3,0,1000,0.05,1,88.2647943831495,6.92076228686058,2.40722166499498,0.702106318956871,0.200601805416249
"2",156,0.3,0.3,0,1000,0.05,2,88.2647943831495,6.92076228686058,2.40722166499498,0.702106318956871,0.200601805416249
"3",156,0.3,0.3,0,1000,0.05,3,36.5095285857573,18.3550651955868,15.0451354062187,16.148445336008,13.6409227683049
