"","nvar","r","d","het","iter","alpha","strategy","p1","p2","p3","p4","p5"
"1",86,0.4,0.3,0,1000,0.05,1,75.8333333333333,9.6875,5.72916666666667,3.54166666666667,3.75
"2",86,0.4,0.3,0,1000,0.05,2,75.8333333333333,9.6875,5.72916666666667,3.54166666666667,3.75
"3",86,0.4,0.3,0,1000,0.05,3,32.6041666666667,17.2916666666667,17.9166666666667,14.0625,17.3958333333333
