"","nvar","r","d","het","iter","alpha","strategy","p1","p2","p3","p4","p5"
"1",106,0.6,0.1,0,1000,0.05,1,47.3980309423347,16.8776371308017,12.7988748241913,12.2362869198312,10.6891701828411
"2",106,0.6,0.1,0,1000,0.05,2,47.3980309423347,16.8776371308017,12.7988748241913,12.2362869198312,10.6891701828411
"3",106,0.6,0.1,0,1000,0.05,3,13.6427566807314,13.9240506329114,18.5654008438819,28.8326300984529,25.0351617440225
