"","nvar","r","d","het","iter","alpha","strategy","p1","p2","p3","p4","p5"
"1",74,0.4,0.3,0,1000,0.05,1,75.7928118393235,9.83086680761099,6.44820295983087,4.0169133192389,3.276955602537
"2",74,0.4,0.3,0,1000,0.05,2,75.7928118393235,9.83086680761099,6.44820295983087,4.0169133192389,3.276955602537
"3",74,0.4,0.3,0,1000,0.05,3,33.5095137420719,18.3932346723044,15.9619450317125,15.4334038054968,16.384778012685
