"","nvar","r","d","het","iter","alpha","strategy","p1","p2","p3","p4","p5"
"1",34,0,0.3,0,1000,0.05,1,83.7373737373737,8.48484848484849,3.93939393939394,1.51515151515152,1.21212121212121
"2",34,0,0.3,0,1000,0.05,2,83.7373737373737,8.48484848484849,3.93939393939394,1.51515151515152,1.21212121212121
"3",34,0,0.3,0,1000,0.05,3,41.2121212121212,17.5757575757576,14.7474747474747,13.3333333333333,12.9292929292929
