"","nvar","r","d","het","iter","alpha","strategy","p1","p2","p3","p4","p5"
"1",158,0.7,0.1,0,1000,0.05,1,44.392523364486,19.9376947040498,13.2398753894081,10.7476635514019,11.6822429906542
"2",158,0.7,0.1,0,1000,0.05,2,44.392523364486,19.9376947040498,13.2398753894081,10.7476635514019,11.6822429906542
"3",158,0.7,0.1,0,1000,0.05,3,10.5919003115265,15.1090342679128,20.2492211838006,22.4299065420561,31.619937694704
