"","nvar","r","d","het","iter","alpha","strategy","p1","p2","p3","p4","p5"
"1",58,0.7,0.1,0,1000,0.05,1,41.9103313840156,18.5185185185185,15.7894736842105,12.0857699805068,11.6959064327485
"2",58,0.7,0.1,0,1000,0.05,2,41.9103313840156,18.5185185185185,15.7894736842105,12.0857699805068,11.6959064327485
"3",58,0.7,0.1,0,1000,0.05,3,10.3313840155945,15.5945419103314,22.2222222222222,24.9512670565302,26.9005847953216
