"","nvar","r","d","het","iter","alpha","strategy","p1","p2","p3","p4","p5"
"1",10,0,0.3,0,1000,0.05,1,65.952380952381,15.2380952380952,8.33333333333333,5.47619047619048,3.92857142857143
"2",10,0,0.3,0,1000,0.05,2,65.952380952381,15.2380952380952,8.33333333333333,5.47619047619048,3.92857142857143
"3",10,0,0.3,0,1000,0.05,3,44.047619047619,18.9285714285714,14.8809523809524,11.4285714285714,10.3571428571429
