"","nvar","r","d","het","iter","alpha","strategy","p1","p2","p3","p4","p5"
"1",156,0.7,0.1,0,1000,0.05,1,44.3076923076923,18.6153846153846,14.3076923076923,11.5384615384615,11.2307692307692
"2",156,0.7,0.1,0,1000,0.05,2,44.3076923076923,18.6153846153846,14.3076923076923,11.5384615384615,11.2307692307692
"3",156,0.7,0.1,0,1000,0.05,3,12.6153846153846,14.4615384615385,20.4615384615385,20,32.4615384615385
