"","nvar","r","d","het","iter","alpha","strategy","p1","p2","p3","p4","p5"
"1",200,0.5,0.1,0,1000,0.05,1,54.4671689989236,19.4833153928956,11.4101184068891,9.04198062432723,5.59741657696448
"2",200,0.5,0.1,0,1000,0.05,2,54.4671689989236,19.4833153928956,11.4101184068891,9.04198062432723,5.59741657696448
"3",200,0.5,0.1,0,1000,0.05,3,14.962325080732,17.2228202368138,19.6986006458558,23.6813778256189,24.4348762109795
