"","nvar","r","d","het","iter","alpha","strategy","p1","p2","p3","p4","p5"
"1",132,0.2,0.1,0,1000,0.05,1,73.1388329979879,17.0020120724346,6.13682092555332,2.8169014084507,0.905432595573441
"2",132,0.2,0.1,0,1000,0.05,2,73.1388329979879,17.0020120724346,6.13682092555332,2.8169014084507,0.905432595573441
"3",132,0.2,0.1,0,1000,0.05,3,21.2273641851107,19.1146881287726,21.0261569416499,20.6237424547284,18.0080482897384
