"","nvar","r","d","het","iter","alpha","strategy","p1","p2","p3","p4","p5"
"1",18,0.2,0.2,0,1000,0.05,1,56.3157894736842,16.0526315789474,12.2368421052632,8.68421052631579,6.71052631578947
"2",18,0.2,0.2,0,1000,0.05,2,56.3157894736842,16.0526315789474,12.2368421052632,8.68421052631579,6.71052631578947
"3",18,0.2,0.2,0,1000,0.05,3,29.7368421052632,19.2105263157895,18.5526315789474,15.7894736842105,16.7105263157895
