"","nvar","r","d","het","iter","alpha","strategy","p1","p2","p3","p4","p5"
"1",14,0.1,0.1,0,1000,0.05,1,38.2911392405063,23.1012658227848,16.4556962025316,12.3417721518987,9.81012658227848
"2",14,0.1,0.1,0,1000,0.05,2,38.2911392405063,23.1012658227848,16.4556962025316,12.3417721518987,9.81012658227848
"3",14,0.1,0.1,0,1000,0.05,3,24.8417721518987,21.5189873417722,18.8291139240506,18.0379746835443,16.7721518987342
