"","nvar","r","d","het","iter","alpha","strategy","p1","p2","p3","p4","p5"
"1",130,0.7,0.2,0,1000,0.05,1,56.1354019746121,17.9125528913963,11.2834978843441,8.60366713681241,6.06488011283498
"2",130,0.7,0.2,0,1000,0.05,2,56.1354019746121,17.9125528913963,11.2834978843441,8.60366713681241,6.06488011283498
"3",130,0.7,0.2,0,1000,0.05,3,18.0535966149506,15.5148095909732,19.8871650211566,23.2722143864598,23.2722143864598
