"","nvar","r","d","het","iter","alpha","strategy","p1","p2","p3","p4","p5"
"1",146,0.7,0.1,0,1000,0.05,1,47.411003236246,17.4757281553398,14.7249190938511,10.3559870550162,10.0323624595469
"2",146,0.7,0.1,0,1000,0.05,2,47.411003236246,17.4757281553398,14.7249190938511,10.3559870550162,10.0323624595469
"3",146,0.7,0.1,0,1000,0.05,3,11.0032362459547,16.0194174757282,20.5501618122977,24.2718446601942,28.1553398058252
