"","nvar","r","d","het","iter","alpha","strategy","p1","p2","p3","p4","p5"
"1",136,0.7,0.1,0,1000,0.05,1,46.6248037676609,21.0361067503925,13.0298273155416,10.989010989011,8.32025117739403
"2",136,0.7,0.1,0,1000,0.05,2,46.6248037676609,21.0361067503925,13.0298273155416,10.989010989011,8.32025117739403
"3",136,0.7,0.1,0,1000,0.05,3,11.1459968602826,15.541601255887,21.6640502354788,25.74568288854,25.9026687598116
