"","nvar","r","d","het","iter","alpha","strategy","p1","p2","p3","p4","p5"
"1",162,0.7,0.2,0,1000,0.05,1,58.0310880829015,15.6735751295337,10.4922279792746,8.29015544041451,7.51295336787565
"2",162,0.7,0.2,0,1000,0.05,2,58.0310880829015,15.6735751295337,10.4922279792746,8.29015544041451,7.51295336787565
"3",162,0.7,0.2,0,1000,0.05,3,16.580310880829,17.0984455958549,17.0984455958549,22.7979274611399,26.4248704663212
