"","nvar","r","d","het","iter","alpha","strategy","p1","p2","p3","p4","p5"
"1",98,0.1,0.3,0,1000,0.05,1,91.8918918918919,4.9049049049049,1.7017017017017,0.3003003003003,0
"2",98,0.1,0.3,0,1000,0.05,2,91.8918918918919,4.9049049049049,1.7017017017017,0.3003003003003,0
"3",98,0.1,0.3,0,1000,0.05,3,39.8398398398398,18.6186186186186,16.4164164164164,14.1141141141141,10.8108108108108
