"","nvar","r","d","het","iter","alpha","strategy","p1","p2","p3","p4","p5"
"1",42,0,0.1,0,1000,0.05,1,57.0083682008368,19.8744769874477,12.0292887029289,6.58995815899582,4.4979079497908
"2",42,0,0.1,0,1000,0.05,2,57.0083682008368,19.8744769874477,12.0292887029289,6.58995815899582,4.4979079497908
"3",42,0,0.1,0,1000,0.05,3,26.255230125523,18.6192468619247,17.5732217573222,19.3514644351464,18.2008368200837
