"","nvar","r","d","het","iter","alpha","strategy","p1","p2","p3","p4","p5"
"1",164,0.5,0.3,0,1000,0.05,1,78.8541666666667,10.1041666666667,5.625,3.22916666666667,1.5625
"2",164,0.5,0.3,0,1000,0.05,2,78.8541666666667,10.1041666666667,5.625,3.22916666666667,1.5625
"3",164,0.5,0.3,0,1000,0.05,3,29.8958333333333,18.4375,17.8125,18.2291666666667,15.5208333333333
