"","nvar","r","d","het","iter","alpha","strategy","p1","p2","p3","p4","p5"
"1",120,0.4,0.3,0,1000,0.05,1,77.6519052523172,10.6076210092688,6.38516992790937,3.08959835221421,1.33882595262616
"2",120,0.4,0.3,0,1000,0.05,2,77.6519052523172,10.6076210092688,6.38516992790937,3.08959835221421,1.33882595262616
"3",120,0.4,0.3,0,1000,0.05,3,29.2481977342945,20.7003089598352,17.5077239958805,17.1987641606591,15.2420185375901
