"","nvar","r","d","het","iter","alpha","strategy","p1","p2","p3","p4","p5"
"1",148,0.1,0.1,0,1000,0.05,1,84.1524573721163,11.2337011033099,3.20962888665998,1.30391173520562,0.100300902708124
"2",148,0.1,0.1,0,1000,0.05,2,84.1524573721163,11.2337011033099,3.20962888665998,1.30391173520562,0.100300902708124
"3",148,0.1,0.1,0,1000,0.05,3,22.3671013039117,20.2607823470411,19.4583751253761,19.358074222668,18.555667001003
