"","nvar","r","d","het","iter","alpha","strategy","p1","p2","p3","p4","p5"
"1",88,0.6,0.2,0,1000,0.05,1,60.6211180124224,13.167701863354,11.8012422360248,8.57142857142857,5.71428571428571
"2",88,0.6,0.2,0,1000,0.05,2,60.6211180124224,13.167701863354,11.8012422360248,8.57142857142857,5.71428571428571
"3",88,0.6,0.2,0,1000,0.05,3,23.2298136645963,14.4099378881988,21.8633540372671,21.6149068322981,18.8819875776398
