"","nvar","r","d","het","iter","alpha","strategy","p1","p2","p3","p4","p5"
"1",82,0.6,0.3,0,1000,0.05,1,67.3733804475854,13.7809187279152,8.12720848056537,5.41813898704358,4.71142520612485
"2",82,0.6,0.3,0,1000,0.05,2,67.3733804475854,13.7809187279152,8.12720848056537,5.41813898704358,4.71142520612485
"3",82,0.6,0.3,0,1000,0.05,3,29.9175500588928,16.2544169611307,16.6077738515901,18.8457008244994,18.2567726737338
