"","nvar","r","d","het","iter","alpha","strategy","p1","p2","p3","p4","p5"
"1",66,0.5,0.2,0,1000,0.05,1,62.5450180072029,15.6062424969988,9.00360144057623,7.56302521008403,5.28211284513806
"2",66,0.5,0.2,0,1000,0.05,2,62.5450180072029,15.6062424969988,9.00360144057623,7.56302521008403,5.28211284513806
"3",66,0.5,0.2,0,1000,0.05,3,22.2088835534214,20.7683073229292,16.8067226890756,21.0084033613445,19.2076830732293
