"","nvar","r","d","het","iter","alpha","strategy","p1","p2","p3","p4","p5"
"1",112,0.5,0.2,0,1000,0.05,1,66.2958843159066,13.6818687430478,9.12124582869856,6.22914349276974,4.67185761957731
"2",112,0.5,0.2,0,1000,0.05,2,66.2958843159066,13.6818687430478,9.12124582869856,6.22914349276974,4.67185761957731
"3",112,0.5,0.2,0,1000,0.05,3,25.139043381535,18.4649610678532,18.2424916573971,18.6874304783092,19.4660734149054
