"","nvar","r","d","het","iter","alpha","strategy","p1","p2","p3","p4","p5"
"1",60,0,0.1,0,1000,0.05,1,66.530612244898,20,7.55102040816327,3.57142857142857,2.3469387755102
"2",60,0,0.1,0,1000,0.05,2,66.530612244898,20,7.55102040816327,3.57142857142857,2.3469387755102
"3",60,0,0.1,0,1000,0.05,3,25.7142857142857,20.6122448979592,17.5510204081633,16.4285714285714,19.6938775510204
