"","nvar","r","d","het","iter","alpha","strategy","p1","p2","p3","p4","p5"
"1",18,0.6,0.1,0,1000,0.05,1,41.505376344086,18.7096774193548,15.9139784946237,12.9032258064516,10.9677419354839
"2",18,0.6,0.1,0,1000,0.05,2,41.505376344086,18.7096774193548,15.9139784946237,12.9032258064516,10.9677419354839
"3",18,0.6,0.1,0,1000,0.05,3,16.3440860215054,21.505376344086,20.2150537634409,21.7204301075269,20.2150537634409
