"","nvar","r","d","het","iter","alpha","strategy","p1","p2","p3","p4","p5"
"1",44,0.6,0.1,0,1000,0.05,1,39.7163120567376,22.5177304964539,15.0709219858156,11.7021276595745,10.9929078014184
"2",44,0.6,0.1,0,1000,0.05,2,39.7163120567376,22.5177304964539,15.0709219858156,11.7021276595745,10.9929078014184
"3",44,0.6,0.1,0,1000,0.05,3,14.8936170212766,18.0851063829787,17.1985815602837,23.758865248227,26.063829787234
