"","nvar","r","d","het","iter","alpha","strategy","p1","p2","p3","p4","p5"
"1",8,0.6,0.2,0,1000,0.05,1,49.5744680851064,18.5106382978723,13.1914893617021,10.2127659574468,8.51063829787234
"2",8,0.6,0.2,0,1000,0.05,2,49.5744680851064,18.5106382978723,13.1914893617021,10.2127659574468,8.51063829787234
"3",8,0.6,0.2,0,1000,0.05,3,30.8510638297872,19.5744680851064,17.8723404255319,15.531914893617,16.1702127659574
