"","nvar","r","d","het","iter","alpha","strategy","p1","p2","p3","p4","p5"
"1",98,0.4,0.1,0,1000,0.05,1,52.4752475247525,19.031903190319,14.4114411441144,7.81078107810781,6.27062706270627
"2",98,0.4,0.1,0,1000,0.05,2,52.4752475247525,19.031903190319,14.4114411441144,7.81078107810781,6.27062706270627
"3",98,0.4,0.1,0,1000,0.05,3,15.6215621562156,17.6017601760176,22.4422442244224,21.1221122112211,23.2123212321232
