"","nvar","r","d","het","iter","alpha","strategy","p1","p2","p3","p4","p5"
"1",184,0.3,0.3,0,1000,0.05,1,89.0781563126252,5.81162324649299,3.30661322645291,0.701402805611222,0.200400801603206
"2",184,0.3,0.3,0,1000,0.05,2,89.0781563126252,5.81162324649299,3.30661322645291,0.701402805611222,0.200400801603206
"3",184,0.3,0.3,0,1000,0.05,3,33.3667334669339,19.6392785571142,14.8296593186373,17.0340681362725,14.7294589178357
