"","nvar","r","d","het","iter","alpha","strategy","p1","p2","p3","p4","p5"
"1",12,0,0.2,0,1000,0.05,1,52.5380710659898,19.2893401015228,10.6598984771574,10.4060913705584,7.10659898477157
"2",12,0,0.2,0,1000,0.05,2,52.5380710659898,19.2893401015228,10.6598984771574,10.4060913705584,7.10659898477157
"3",12,0,0.2,0,1000,0.05,3,34.5177664974619,20.5583756345178,14.9746192893401,16.497461928934,13.4517766497462
