"","nvar","r","d","het","iter","alpha","strategy","p1","p2","p3","p4","p5"
"1",132,0.3,0.1,0,1000,0.05,1,65.3019447287615,20.1637666325486,8.49539406345957,4.09416581371546,1.94472876151484
"2",132,0.3,0.1,0,1000,0.05,2,65.3019447287615,20.1637666325486,8.49539406345957,4.09416581371546,1.94472876151484
"3",132,0.3,0.1,0,1000,0.05,3,20.4708290685773,20.1637666325486,18.4237461617195,19.6519959058342,21.2896622313204
