"","nvar","r","d","het","iter","alpha","strategy","p1","p2","p3","p4","p5"
"1",46,0.3,0.1,0,1000,0.05,1,49.1879350348028,20.5336426914153,11.9489559164733,10.5568445475638,7.77262180974478
"2",46,0.3,0.1,0,1000,0.05,2,49.1879350348028,20.5336426914153,11.9489559164733,10.5568445475638,7.77262180974478
"3",46,0.3,0.1,0,1000,0.05,3,19.8375870069606,20.8816705336427,20.5336426914153,18.7935034802784,19.953596287703
