"","nvar","r","d","het","iter","alpha","strategy","p1","p2","p3","p4","p5"
"1",80,0.3,0.2,0,1000,0.05,1,72.0739219712526,14.8870636550308,7.59753593429158,3.49075975359343,1.95071868583162
"2",80,0.3,0.2,0,1000,0.05,2,72.0739219712526,14.8870636550308,7.59753593429158,3.49075975359343,1.95071868583162
"3",80,0.3,0.2,0,1000,0.05,3,25.4620123203285,20.0205338809035,19.0965092402464,16.9404517453799,18.4804928131417
