"","nvar","r","d","het","iter","alpha","strategy","p1","p2","p3","p4","p5"
"1",2,0.5,0.1,0,1000,0.05,1,31.3725490196078,18.3006535947712,15.6862745098039,18.3006535947712,16.3398692810458
"2",2,0.5,0.1,0,1000,0.05,2,31.3725490196078,18.3006535947712,15.6862745098039,18.3006535947712,16.3398692810458
"3",2,0.5,0.1,0,1000,0.05,3,28.1045751633987,16.9934640522876,14.3790849673203,20.2614379084967,20.2614379084967
