"","nvar","r","d","het","iter","alpha","strategy","p1","p2","p3","p4","p5"
"1",50,0.8,0.1,0,1000,0.05,1,40.2203856749311,20.1101928374656,14.6005509641873,14.3250688705234,10.7438016528926
"2",50,0.8,0.1,0,1000,0.05,2,40.2203856749311,20.1101928374656,14.6005509641873,14.3250688705234,10.7438016528926
"3",50,0.8,0.1,0,1000,0.05,3,9.91735537190083,21.2121212121212,20.6611570247934,23.1404958677686,25.068870523416
