"","nvar","r","d","het","iter","alpha","strategy","p1","p2","p3","p4","p5"
"1",12,0.5,0.2,0,1000,0.05,1,52.972027972028,14.8601398601399,12.4125874125874,11.1888111888112,8.56643356643357
"2",12,0.5,0.2,0,1000,0.05,2,52.972027972028,14.8601398601399,12.4125874125874,11.1888111888112,8.56643356643357
"3",12,0.5,0.2,0,1000,0.05,3,30.4195804195804,17.8321678321678,15.3846153846154,19.4055944055944,16.958041958042
