"","nvar","r","d","het","iter","alpha","strategy","p1","p2","p3","p4","p5"
"1",184,0.9,0.1,0,1000,0.05,1,38.5579937304075,21.6300940438871,16.3009404388715,14.4200626959248,9.09090909090909
"2",184,0.9,0.1,0,1000,0.05,2,38.5579937304075,21.6300940438871,16.3009404388715,14.4200626959248,9.09090909090909
"3",184,0.9,0.1,0,1000,0.05,3,7.21003134796238,8.46394984326019,18.8087774294671,31.0344827586207,34.4827586206897
