"","nvar","r","d","het","iter","alpha","strategy","p1","p2","p3","p4","p5"
"1",142,0.8,0.2,0,1000,0.05,1,53.516295025729,16.8096054888508,11.8353344768439,9.7770154373928,8.06174957118353
"2",142,0.8,0.2,0,1000,0.05,2,53.516295025729,16.8096054888508,11.8353344768439,9.7770154373928,8.06174957118353
"3",142,0.8,0.2,0,1000,0.05,3,18.696397941681,14.4082332761578,18.3533447684391,23.156089193825,25.3859348198971
