nvar,r,d,prop_Hacker,prop_H1,het,iter,alpha,strategy,p1,p2,p3,p4,p5
1,0,0,0,0,0,10000,0.05,1,23.4833659491194,19.3737769080235,19.3737769080235,19.5694716242661,18.1996086105675
1,0,0,0,0,0,10000,0.05,2,23.4833659491194,19.3737769080235,19.3737769080235,19.5694716242661,18.1996086105675
1,0,0,0,0,0,10000,0.05,3,23.4833659491194,19.3737769080235,19.3737769080235,19.5694716242661,18.1996086105675
