nvar,r,d,prop_Hacker,prop_H1,het,iter,alpha,strategy,p1,p2,p3,p4,p5
1,0,0,0,0,0,10000,0.05,1,0.211214953271028,0.209345794392523,0.183177570093458,0.216822429906542,0.179439252336449
1,0,0,0,0,0,10000,0.05,2,0.211214953271028,0.209345794392523,0.183177570093458,0.216822429906542,0.179439252336449
1,0,0,0,0,0,10000,0.05,3,0.211214953271028,0.209345794392523,0.183177570093458,0.216822429906542,0.179439252336449
